date,username,ticker,series,action,side,shares,price,fee,pnl,executed_at,fill_cap_applied
2026-09-19,favorite-cash,CONTROLH-2026-D,CONTROLH,enter,YES,12152.23,0.9,76.5591,,yes_ask,yes
2026-09-19,favorite-cash,GOVPARTYAL-26-R,GOVPARTYAL,enter,YES,2.09,0.928,0.0098,,yes_ask,yes
2026-09-19,favorite-cash,GOVPARTYAR-26-R,GOVPARTYAR,enter,YES,0.12,0.989,0.0001,,yes_ask,yes
2026-09-19,favorite-cash,GOVPARTYAZ-26-D,GOVPARTYAZ,enter,YES,19.74,0.88,0.146,,yes_ask,yes
2026-09-19,favorite-cash,GOVPARTYCA-26-D,GOVPARTYCA,enter,YES,35.6,0.967,0.0796,,yes_ask,yes
2026-09-19,favorite-cash,GOVPARTYCO-26-D,GOVPARTYCO,enter,YES,0.76,0.976,0.0013,,yes_ask,yes
2026-09-19,favorite-cash,GOVPARTYCT-26-D,GOVPARTYCT,enter,YES,0.04,0.976,0.0001,,yes_ask,yes
2026-09-19,favorite-cash,GOVPARTYFL-26-R,GOVPARTYFL,enter,YES,242.44,0.8,2.7154,,yes_ask,yes
2026-09-19,favorite-cash,GOVPARTYHI-26-D,GOVPARTYHI,enter,YES,0.01,0.98,0.0001,,yes_ask,yes
2026-09-19,favorite-cash,GOVPARTYIA-26-D,GOVPARTYIA,enter,YES,127.05,0.78,1.5262,,yes_ask,yes
2026-09-19,favorite-cash,GOVPARTYID-26-R,GOVPARTYID,enter,YES,0.39,0.992,0.0003,,yes_ask,yes
2026-09-19,favorite-cash,GOVPARTYIL-26-D,GOVPARTYIL,enter,YES,1.31,0.955,0.004,,yes_ask,yes
2026-09-19,favorite-cash,GOVPARTYMA-26-D,GOVPARTYMA,enter,YES,4.47,0.959,0.0124,,yes_ask,yes
2026-09-19,favorite-cash,GOVPARTYME-26-D,GOVPARTYME,enter,YES,0.2,0.953,0.0007,,yes_ask,yes
2026-09-19,favorite-cash,GOVPARTYMI-26-D,GOVPARTYMI,enter,YES,12.93,0.927,0.0613,,yes_ask,yes
2026-09-19,favorite-cash,GOVPARTYMN-26-D,GOVPARTYMN,enter,YES,80.35,0.955,0.2418,,yes_ask,yes
2026-09-19,favorite-cash,GOVPARTYNE-26-R,GOVPARTYNE,enter,YES,0.08,0.94,0.0004,,yes_ask,yes
2026-09-19,favorite-cash,GOVPARTYNY-26-D,GOVPARTYNY,enter,YES,334.3,0.93,1.5235,,yes_ask,yes
2026-09-19,favorite-cash,GOVPARTYOR-26-D,GOVPARTYOR,enter,YES,34.3,0.85,0.3062,,yes_ask,yes
2026-09-19,favorite-cash,GOVPARTYSC-26-R,GOVPARTYSC,enter,YES,0.04,0.949,0.0002,,yes_ask,yes
2026-09-19,favorite-cash,GOVPARTYSD-26-R,GOVPARTYSD,enter,YES,2.44,0.995,0.0009,,yes_ask,yes
2026-09-19,favorite-cash,GOVPARTYTN-26-R,GOVPARTYTN,enter,YES,4.16,0.971,0.0082,,yes_ask,yes
2026-09-19,favorite-cash,GOVPARTYTX-26-R,GOVPARTYTX,enter,YES,201.47,0.79,2.3397,,yes_ask,yes
2026-09-19,favorite-cash,GOVPARTYWI-26-D,GOVPARTYWI,enter,YES,40.36,0.81,0.4348,,yes_ask,yes
2026-09-19,favorite-cash,GOVPARTYWY-26-R,GOVPARTYWY,enter,YES,3.63,0.977,0.0058,,yes_ask,yes
2026-09-19,favorite-cash,HOUSEAKAL-26-R,HOUSEAKAL,enter,YES,42.91,0.9,0.2704,,yes_ask,yes
2026-09-19,favorite-cash,HOUSEAZ1-26-D,HOUSEAZ1,enter,YES,0.05,0.73,0.0007,,yes_ask,yes
2026-09-19,favorite-cash,HOUSECA13-26-D,HOUSECA13,enter,YES,0.26,0.945,0.001,,yes_ask,yes
2026-09-19,favorite-cash,HOUSECA22-26-D,HOUSECA22,enter,YES,0.06,0.924,0.0003,,yes_ask,yes
2026-09-19,favorite-cash,HOUSECA3-26-D,HOUSECA3,enter,YES,0.45,0.954,0.0014,,yes_ask,yes
2026-09-19,favorite-cash,HOUSECA45-26-D,HOUSECA45,enter,YES,24.06,0.958,0.0678,,yes_ask,yes
2026-09-19,favorite-cash,HOUSECA47-26-D,HOUSECA47,enter,YES,0.45,0.96,0.0013,,yes_ask,yes
2026-09-19,favorite-cash,HOUSECO8-26-D,HOUSECO8,enter,YES,4.72,0.81,0.0509,,yes_ask,yes
2026-09-19,favorite-cash,HOUSEFL13-26-R,HOUSEFL13,enter,YES,123.51,0.73,1.7041,,yes_ask,yes
2026-09-19,favorite-cash,HOUSEIA1-26-D,HOUSEIA1,enter,YES,4.59,0.77,0.057,,yes_ask,yes
2026-09-19,favorite-cash,HOUSEIA3-26-D,HOUSEIA3,enter,YES,4.4,0.75,0.0578,,yes_ask,yes
2026-09-19,favorite-cash,HOUSEMN2-26-D,HOUSEMN2,enter,YES,57.76,0.949,0.1957,,yes_ask,yes
2026-09-19,favorite-cash,HOUSEMT1-26-R,HOUSEMT1,enter,YES,57.58,0.71,0.83,,yes_ask,yes
2026-09-19,favorite-cash,HOUSENE2-26-D,HOUSENE2,enter,YES,1.01,0.934,0.0044,,yes_ask,yes
2026-09-19,favorite-cash,HOUSENH1-26-D,HOUSENH1,enter,YES,0.24,0.944,0.0009,,yes_ask,yes
2026-09-19,favorite-cash,HOUSENJ5-26-D,HOUSENJ5,enter,YES,2.31,0.96,0.0063,,yes_ask,yes
2026-09-19,favorite-cash,HOUSENJ7-26-D,HOUSENJ7,enter,YES,17.49,0.83,0.1728,,yes_ask,yes
2026-09-19,favorite-cash,HOUSENJ9-26-D,HOUSENJ9,enter,YES,4.02,0.961,0.0106,,yes_ask,yes
2026-09-19,favorite-cash,HOUSENM2-26-D,HOUSENM2,enter,YES,47.81,0.918,0.252,,yes_ask,yes
2026-09-19,favorite-cash,HOUSENV1-26-D,HOUSENV1,enter,YES,0.14,0.941,0.0006,,yes_ask,yes
2026-09-19,favorite-cash,HOUSENY19-26-D,HOUSENY19,enter,YES,6.59,0.983,0.0078,,yes_ask,yes
2026-09-19,favorite-cash,HOUSENY22-26-D,HOUSENY22,enter,YES,0.04,0.954,0.0002,,yes_ask,yes
2026-09-19,favorite-cash,HOUSENY4-26-D,HOUSENY4,enter,YES,265.63,0.928,1.2424,,yes_ask,yes
2026-09-19,favorite-cash,HOUSEOH13-26-D,HOUSEOH13,enter,YES,0.83,0.95,0.0028,,yes_ask,yes
2026-09-19,favorite-cash,HOUSEOH9-26-D,HOUSEOH9,enter,YES,50.31,0.73,0.6942,,yes_ask,yes
2026-09-19,favorite-cash,HOUSEPA17-26-D,HOUSEPA17,enter,YES,2.18,0.983,0.0026,,yes_ask,yes
2026-09-19,favorite-cash,HOUSEPA7-26-D,HOUSEPA7,enter,YES,10.53,0.8,0.118,,yes_ask,yes
2026-09-19,favorite-cash,HOUSETX15-26-D,HOUSETX15,enter,YES,13.91,0.66,0.2185,,yes_ask,yes
2026-09-19,favorite-cash,HOUSETX28-26-D,HOUSETX28,enter,YES,51.14,0.85,0.4565,,yes_ask,yes
2026-09-19,favorite-cash,HOUSETX34-26-D,HOUSETX34,enter,YES,55.79,0.77,0.6917,,yes_ask,yes
2026-09-19,favorite-cash,HOUSEWI3-26-D,HOUSEWI3,enter,YES,11.87,0.72,0.1676,,yes_ask,yes
2026-09-19,favorite-cash,KXAKSENATE-26NOV03-MPEL,KXAKSENATE,enter,YES,48.11,0.7,0.7073,,yes_ask,yes
2026-09-19,favorite-cash,KXATTYGENAZ-26-D,KXATTYGENAZ,enter,YES,0.04,0.86,0.0004,,yes_ask,yes
2026-09-19,favorite-cash,KXATTYGENMN-26-D,KXATTYGENMN,enter,YES,3.22,0.72,0.0455,,yes_ask,yes
2026-09-19,favorite-cash,KXBLUEWAVECOMBO-27FEB,KXBLUEWAVECOMBO,enter,YES,341.69,0.84,3.2147,,yes_ask,yes
2026-09-19,favorite-cash,KXCA11PERSON-26-SWIE,KXCA11PERSON,enter,YES,7.1,0.69,0.1064,,yes_ask,yes
2026-09-19,favorite-cash,KXCABALLOTMEASURES-26NOV03-PR05,KXCABALLOTMEASURES,enter,YES,11.27,0.84,0.1061,,yes_ask,yes
2026-09-19,favorite-cash,KXCABILLIONAIRETAX-26NOV03,KXCABILLIONAIRETAX,enter,YES,0.03,0.959,0.0001,,yes_ask,yes
2026-09-19,favorite-cash,KXCAELECTION-2604-MTHO,KXCAELECTION,enter,YES,0.65,0.71,0.0094,,yes_ask,yes
2026-09-19,favorite-cash,KXCAELECTION-2607-DMAT,KXCAELECTION,enter,YES,1.26,0.88,0.0094,,yes_ask,yes
2026-09-19,favorite-cash,KXCAHOUSEDEM-26NOV03-E48,KXCAHOUSEDEM,enter,YES,21.87,0.71,0.3153,,yes_ask,yes
2026-09-19,favorite-cash,KXCROCKETTCAMPAIGN-26-26NOV03,KXCROCKETTCAMPAIGN,enter,YES,1.46,0.75,0.0192,,yes_ask,yes
2026-09-19,favorite-cash,KXDHOUSESEATSDIR-27-A223,KXDHOUSESEATSDIR,enter,YES,0.02,0.9,0.0002,,yes_ask,yes
2026-09-19,favorite-cash,KXDHOUSESEATSDIR-27-A229,KXDHOUSESEATSDIR,enter,YES,17.52,0.78,0.2105,,yes_ask,yes
2026-09-19,favorite-cash,KXDSENATESEATSH-27-B53,KXDSENATESEATSH,enter,YES,487.94,0.7,7.1728,,yes_ask,yes
2026-09-19,favorite-cash,KXEXITPOLL-YOUMEN-DEM,KXEXITPOLL,enter,YES,1.39,0.88,0.0103,,yes_ask,yes
2026-09-19,favorite-cash,KXGA1ROUND-26NOV03-GOV,KXGA1ROUND,enter,YES,0.03,0.924,0.0002,,yes_ask,yes
2026-09-19,favorite-cash,KXGA1ROUND-26NOV03-SEN,KXGA1ROUND,enter,YES,0.03,0.96,0.0001,,yes_ask,yes
2026-09-19,favorite-cash,KXGENERALCOUNTY-GOVPARTYCA-26-FRES,KXGENERALCOUNTY,enter,YES,28.98,0.72,0.409,,yes_ask,yes
2026-09-19,favorite-cash,KXGENERALCOUNTY-GOVPARTYNV-26-CLAR,KXGENERALCOUNTY,enter,YES,126.78,0.86,1.0686,,yes_ask,yes
2026-09-19,favorite-cash,KXGENERALCOUNTY-SENATEFLS-26-BRO,KXGENERALCOUNTY,enter,YES,6.64,0.95,0.0221,,yes_ask,yes
2026-09-19,favorite-cash,KXGENERALCOUNTY-SENATEFLS-26-DUV,KXGENERALCOUNTY,enter,YES,24.35,0.79,0.2828,,yes_ask,yes
2026-09-19,favorite-cash,KXGENERALCOUNTY-SENATEMI-26-OAK,KXGENERALCOUNTY,enter,YES,1.86,0.94,0.0074,,yes_ask,yes
2026-09-19,favorite-cash,KXGOPBLACKVOTE-26NOV06-A8,KXGOPBLACKVOTE,enter,YES,71.16,0.85,0.6352,,yes_ask,yes
2026-09-19,favorite-cash,KXGOVAK-26-JKRE,KXGOVAK,enter,YES,173.8,0.78,2.0877,,yes_ask,yes
2026-09-19,favorite-cash,KXGOVCA-26-XBEC,KXGOVCA,enter,YES,1875.39,0.957,5.4022,,yes_ask,yes
2026-09-19,favorite-cash,KXGOVPARTYAK-26-D,KXGOVPARTYAK,enter,YES,22.95,0.8,0.2571,,yes_ask,yes
2026-09-19,favorite-cash,KXHARRISCOUNTYJUDGE-26-LPLU,KXHARRISCOUNTYJUDGE,enter,YES,13.21,0.97,0.027,,yes_ask,yes
2026-09-19,favorite-cash,KXHOUSEPOPVOTEMARGIND-26NOV03-AL2,KXHOUSEPOPVOTEMARGIND,enter,YES,50.31,0.93,0.2293,,yes_ask,yes
2026-09-19,favorite-cash,KXHOUSEPOPVOTEMARGIND-26NOV03-AL4,KXHOUSEPOPVOTEMARGIND,enter,YES,76.73,0.93,0.3497,,yes_ask,yes
2026-09-19,favorite-cash,KXHOUSEPOPVOTEMARGIND-26NOV03-AL6,KXHOUSEPOPVOTEMARGIND,enter,YES,102.85,0.89,0.7049,,yes_ask,yes
2026-09-19,favorite-cash,KXHOUSEPOPVOTEMARGIND-26NOV03-AL8,KXHOUSEPOPVOTEMARGIND,enter,YES,80.93,0.73,1.1166,,yes_ask,yes
2026-09-19,favorite-cash,KXHOUSERACE-AL02-26-R,KXHOUSERACE,enter,YES,4.37,0.7,0.0643,,yes_ask,yes
2026-09-19,favorite-cash,KXHOUSERACE-AL07-26-D,KXHOUSERACE,enter,YES,4.37,0.996,0.0013,,yes_ask,yes
2026-09-19,favorite-cash,KXHOUSERACE-AR02-26-R,KXHOUSERACE,enter,YES,2.2,0.86,0.0186,,yes_ask,yes
2026-09-19,favorite-cash,KXHOUSERACE-CA26-26-D,KXHOUSERACE,enter,YES,0.04,0.986,0.0001,,yes_ask,yes
2026-09-19,favorite-cash,KXHOUSERACE-CA36-26-D,KXHOUSERACE,enter,YES,0.21,0.988,0.0002,,yes_ask,yes
2026-09-19,favorite-cash,KXHOUSERACE-CA48-26-D,KXHOUSERACE,enter,YES,482.04,0.88,3.5633,,yes_ask,yes
2026-09-19,favorite-cash,KXHOUSERACE-CO04-26-R,KXHOUSERACE,enter,YES,4.59,0.73,0.0634,,yes_ask,yes
2026-09-19,favorite-cash,KXHOUSERACE-FL02-26-R,KXHOUSERACE,enter,YES,1.7,0.925,0.0083,,yes_ask,yes
2026-09-19,favorite-cash,KXHOUSERACE-FL04-26-R,KXHOUSERACE,enter,YES,4.37,0.89,0.03,,yes_ask,yes
2026-09-19,favorite-cash,KXHOUSERACE-FL06-26-R,KXHOUSERACE,enter,YES,15.29,0.96,0.0411,,yes_ask,yes
2026-09-19,favorite-cash,KXHOUSERACE-FL09-26-R,KXHOUSERACE,enter,YES,39.56,0.68,0.6026,,yes_ask,yes
2026-09-19,favorite-cash,KXHOUSERACE-FL11-26-R,KXHOUSERACE,enter,YES,4.37,0.87,0.0346,,yes_ask,yes
2026-09-19,favorite-cash,KXHOUSERACE-FL12-26-R,KXHOUSERACE,enter,YES,70.19,0.89,0.4811,,yes_ask,yes
2026-09-19,favorite-cash,KXHOUSERACE-FL15-26-R,KXHOUSERACE,enter,YES,4.41,0.92,0.0228,,yes_ask,yes
2026-09-19,favorite-cash,KXHOUSERACE-FL16-26-R,KXHOUSERACE,enter,YES,31.67,0.86,0.267,,yes_ask,yes
2026-09-19,favorite-cash,KXHOUSERACE-FL18-26-R,KXHOUSERACE,enter,YES,23.75,0.947,0.0835,,yes_ask,yes
2026-09-19,favorite-cash,KXHOUSERACE-FL19-26-R,KXHOUSERACE,enter,YES,0.17,0.96,0.0005,,yes_ask,yes
2026-09-19,favorite-cash,KXHOUSERACE-FL25-26-D,KXHOUSERACE,enter,YES,11.12,0.72,0.157,,yes_ask,yes
2026-09-19,favorite-cash,KXHOUSERACE-FL27-26-R,KXHOUSERACE,enter,YES,8.44,0.78,0.1014,,yes_ask,yes
2026-09-19,favorite-cash,KXHOUSERACE-GA12-26-R,KXHOUSERACE,enter,YES,0.26,0.924,0.0013,,yes_ask,yes
2026-09-19,favorite-cash,KXHOUSERACE-HI02-26-D,KXHOUSERACE,enter,YES,2.18,0.97,0.0045,,yes_ask,yes
2026-09-19,favorite-cash,KXHOUSERACE-KY06-26-R,KXHOUSERACE,enter,YES,8.74,0.78,0.105,,yes_ask,yes
2026-09-19,favorite-cash,KXHOUSERACE-MD06-26-D,KXHOUSERACE,enter,YES,0.04,0.95,0.0002,,yes_ask,yes
2026-09-19,favorite-cash,KXHOUSERACE-MI01-26-R,KXHOUSERACE,enter,YES,8.7,0.949,0.0295,,yes_ask,yes
2026-09-19,favorite-cash,KXHOUSERACE-MN01-26-R,KXHOUSERACE,enter,YES,23.1,0.8,0.2588,,yes_ask,yes
2026-09-19,favorite-cash,KXHOUSERACE-MN05-26-D,KXHOUSERACE,enter,YES,18.46,0.958,0.052,,yes_ask,yes
2026-09-19,favorite-cash,KXHOUSERACE-MN08-26-R,KXHOUSERACE,enter,YES,0.04,0.9,0.0003,,yes_ask,yes
2026-09-19,favorite-cash,KXHOUSERACE-NC09-26-R,KXHOUSERACE,enter,YES,28.11,0.77,0.3485,,yes_ask,yes
2026-09-19,favorite-cash,KXHOUSERACE-NDAL-26-R,KXHOUSERACE,enter,YES,3.23,0.972,0.0062,,yes_ask,yes
2026-09-19,favorite-cash,KXHOUSERACE-NJ11-26-D,KXHOUSERACE,enter,YES,6.43,0.979,0.0093,,yes_ask,yes
2026-09-19,favorite-cash,KXHOUSERACE-NJ12-26-D,KXHOUSERACE,enter,YES,1.31,0.961,0.0035,,yes_ask,yes
2026-09-19,favorite-cash,KXHOUSERACE-NV02-26-R,KXHOUSERACE,enter,YES,0.04,0.77,0.0005,,yes_ask,yes
2026-09-19,favorite-cash,KXHOUSERACE-NY02-26-R,KXHOUSERACE,enter,YES,24.06,0.88,0.1779,,yes_ask,yes
2026-09-19,favorite-cash,KXHOUSERACE-NY21-26-R,KXHOUSERACE,enter,YES,10.95,0.8,0.1227,,yes_ask,yes
2026-09-19,favorite-cash,KXHOUSERACE-OH07-26-D,KXHOUSERACE,enter,YES,0.27,0.78,0.0033,,yes_ask,yes
2026-09-19,favorite-cash,KXHOUSERACE-OH10-26-R,KXHOUSERACE,enter,YES,2.44,0.86,0.0206,,yes_ask,yes
2026-09-19,favorite-cash,KXHOUSERACE-OK05-26-R,KXHOUSERACE,enter,YES,21.61,0.918,0.1139,,yes_ask,yes
2026-09-19,favorite-cash,KXHOUSERACE-OR02-26-R,KXHOUSERACE,enter,YES,0.43,0.959,0.0012,,yes_ask,yes
2026-09-19,favorite-cash,KXHOUSERACE-OR04-26-D,KXHOUSERACE,enter,YES,0.43,0.959,0.0012,,yes_ask,yes
2026-09-19,favorite-cash,KXHOUSERACE-PA06-26-D,KXHOUSERACE,enter,YES,11.37,0.997,0.0024,,yes_ask,yes
2026-09-19,favorite-cash,KXHOUSERACE-RI02-26-D,KXHOUSERACE,enter,YES,3.33,0.992,0.0019,,yes_ask,yes
2026-09-19,favorite-cash,KXHOUSERACE-TN09-26-R,KXHOUSERACE,enter,YES,0.83,0.901,0.0052,,yes_ask,yes
2026-09-19,favorite-cash,KXHOUSERACE-TX10-26-R,KXHOUSERACE,enter,YES,23.97,0.903,0.147,,yes_ask,yes
2026-09-19,favorite-cash,KXHOUSERACE-TX23-26-R,KXHOUSERACE,enter,YES,109.16,0.68,1.6628,,yes_ask,yes
2026-09-19,favorite-cash,KXHOUSERACE-TX36-26-R,KXHOUSERACE,enter,YES,2.09,0.966,0.0049,,yes_ask,yes
2026-09-19,favorite-cash,KXHOUSERACE-VA05-26-R,KXHOUSERACE,enter,YES,48.12,0.86,0.4056,,yes_ask,yes
2026-09-19,favorite-cash,KXHOUSERACE-WA05-26-R,KXHOUSERACE,enter,YES,0.21,0.85,0.0019,,yes_ask,yes
2026-09-19,favorite-cash,KXHOUSERACE-WI08-26-R,KXHOUSERACE,enter,YES,6.56,0.919,0.0342,,yes_ask,yes
2026-09-19,favorite-cash,KXHOUSEVA10-26-D,KXHOUSEVA10,enter,YES,9.05,0.979,0.0131,,yes_ask,yes
2026-09-19,favorite-cash,KXIDGROUNDWATER-26AUG17-A500,KXIDGROUNDWATER,enter,YES,73.01,0.9,0.46,,yes_ask,yes
2026-09-19,favorite-cash,KXIDGROUNDWATER-26AUG17-A600,KXIDGROUNDWATER,enter,YES,6.73,0.84,0.0634,,yes_ask,yes
2026-09-19,favorite-cash,KXIDGROUNDWATER-26AUG17-A700,KXIDGROUNDWATER,enter,YES,15.93,0.8,0.1785,,yes_ask,yes
2026-09-19,favorite-cash,KXKSSENGOVCOMBO-26NOV-REPREP,KXKSSENGOVCOMBO,enter,YES,17.39,0.73,0.24,,yes_ask,yes
2026-09-19,favorite-cash,KXLTGOVTX-26-GOP,KXLTGOVTX,enter,YES,5.25,0.78,0.0631,,yes_ask,yes
2026-09-19,favorite-cash,KXMESENATEPERSON-26-TJAC,KXMESENATEPERSON,enter,YES,12.88,0.67,0.1994,,yes_ask,yes
2026-09-19,favorite-cash,KXMESENOUTCOME-27JAN-GPD,KXMESENOUTCOME,enter,YES,0.04,0.68,0.0007,,yes_ask,yes
2026-09-19,favorite-cash,KXMIDTERMHAPPEN-2026-T50,KXMIDTERMHAPPEN,enter,YES,42.81,0.86,0.3609,,yes_ask,yes
2026-09-19,favorite-cash,KXMIDTERMMOV-AZGOVD-P5,KXMIDTERMMOV,enter,YES,1.16,0.9,0.0074,,yes_ask,yes
2026-09-19,favorite-cash,KXMIDTERMMOV-FL10D-P21,KXMIDTERMMOV,enter,YES,1.31,0.988,0.0011,,yes_ask,yes
2026-09-19,favorite-cash,KXMIDTERMMOV-FL10D-P27,KXMIDTERMMOV,enter,YES,0.21,0.957,0.0007,,yes_ask,yes
2026-09-19,favorite-cash,KXMIDTERMMOV-ILGOVD-P6,KXMIDTERMMOV,enter,YES,8.74,0.99,0.0061,,yes_ask,yes
2026-09-19,favorite-cash,KXMIDTERMMOV-MAGOVD-P20,KXMIDTERMMOV,enter,YES,1.78,0.88,0.0132,,yes_ask,yes
2026-09-19,favorite-cash,KXMIDTERMMOV-MNGOVD-P5,KXMIDTERMMOV,enter,YES,0.17,0.85,0.0016,,yes_ask,yes
2026-09-19,favorite-cash,KXMIDTERMMOV-MNGOVD-P8,KXMIDTERMMOV,enter,YES,2.53,0.84,0.0239,,yes_ask,yes
2026-09-19,favorite-cash,KXMIDTERMMOV-MNSEND-P3,KXMIDTERMMOV,enter,YES,33.82,0.92,0.1743,,yes_ask,yes
2026-09-19,favorite-cash,KXMIDTERMMOV-MNSEND-P5,KXMIDTERMMOV,enter,YES,15.23,0.8,0.1706,,yes_ask,yes
2026-09-19,favorite-cash,KXMIDTERMMOV-MSSENR-P3,KXMIDTERMMOV,enter,YES,2.18,0.912,0.0123,,yes_ask,yes
2026-09-19,favorite-cash,KXMIDTERMMOV-NCSEND-P3,KXMIDTERMMOV,enter,YES,0.04,0.87,0.0004,,yes_ask,yes
2026-09-19,favorite-cash,KXMIDTERMMOV-NCSEND-P5,KXMIDTERMMOV,enter,YES,0.87,0.74,0.0118,,yes_ask,yes
2026-09-19,favorite-cash,KXMIDTERMMOV-NESENR-P3,KXMIDTERMMOV,enter,YES,1.79,0.989,0.0014,,yes_ask,yes
2026-09-19,favorite-cash,KXMIDTERMMOV-NHSEND-P2,KXMIDTERMMOV,enter,YES,0.21,0.77,0.0027,,yes_ask,yes
2026-09-19,favorite-cash,KXMIDTERMMOV-NHSEND-P4,KXMIDTERMMOV,enter,YES,10.98,0.75,0.1442,,yes_ask,yes
2026-09-19,favorite-cash,KXMIDTERMMOV-NJ07D-P2,KXMIDTERMMOV,enter,YES,17.49,0.78,0.2101,,yes_ask,yes
2026-09-19,favorite-cash,KXMIDTERMMOV-NYGOVD-P13,KXMIDTERMMOV,enter,YES,8.74,0.82,0.0904,,yes_ask,yes
2026-09-19,favorite-cash,KXMIDTERMMOV-VA10D-P10,KXMIDTERMMOV,enter,YES,2.71,0.81,0.0292,,yes_ask,yes
2026-09-19,favorite-cash,KXMIDTERMVOTETURN-CAGOV-12000000,KXMIDTERMVOTETURN,enter,YES,5.95,0.78,0.0715,,yes_ask,yes
2026-09-19,favorite-cash,KXMIDTERMVOTETURN-IASEN-1280000,KXMIDTERMVOTETURN,enter,YES,3.01,0.89,0.0207,,yes_ask,yes
2026-09-19,favorite-cash,KXMNSENGOVCOMBO-26NOV-DEMDEM,KXMNSENGOVCOMBO,enter,YES,0.22,0.91,0.0013,,yes_ask,yes
2026-09-19,favorite-cash,KXMNSTATEAUDITOR-26NOV03-ZFIL,KXMNSTATEAUDITOR,enter,YES,13.34,0.71,0.1923,,yes_ask,yes
2026-09-19,favorite-cash,KXNYCSAVINGS-27MAY01-A600000000,KXNYCSAVINGS,enter,YES,0.13,0.98,0.0002,,yes_ask,yes
2026-09-19,favorite-cash,KXOAKLANDMAYOR-26-BLEE,KXOAKLANDMAYOR,enter,YES,1.88,0.94,0.0075,,yes_ask,yes
2026-09-19,favorite-cash,KXOBAMAENDORSE-26NOV03-MPEL,KXOBAMAENDORSE,enter,YES,0.34,0.94,0.0014,,yes_ask,yes
2026-09-19,favorite-cash,KXPRESSSECANNOUNCE-26AUG-JAN01,KXPRESSSECANNOUNCE,enter,YES,0.04,0.9,0.0003,,yes_ask,yes
2026-09-19,favorite-cash,KXPROVIDENCEMAYOR-26-DMOR,KXPROVIDENCEMAYOR,enter,YES,4.37,0.99,0.0031,,yes_ask,yes
2026-09-19,favorite-cash,KXREDISTRICTING-26-CA,KXREDISTRICTING,enter,YES,0.03,0.984,0.0001,,yes_ask,yes
2026-09-19,favorite-cash,KXSECSTATEMI-26-D,KXSECSTATEMI,enter,YES,2.8,0.9,0.0177,,yes_ask,yes
2026-09-19,favorite-cash,KXSTATEBALLOTMEASURE-AR-SJR11,KXSTATEBALLOTMEASURE,enter,YES,0.08,0.98,0.0002,,yes_ask,yes
2026-09-19,favorite-cash,KXSTPETERSBURGMAYOR-26-CCRI,KXSTPETERSBURGMAYOR,enter,YES,3.06,0.88,0.0227,,yes_ask,yes
2026-09-19,favorite-cash,KXTRUMPDEMDISTRICTS-26NOV03-AL16,KXTRUMPDEMDISTRICTS,enter,YES,8.74,0.98,0.012,,yes_ask,yes
2026-09-19,favorite-cash,KXVOTECOUNTY-GOVPARTYNY26NEWYORKKHOC-78,KXVOTECOUNTY,enter,YES,13.12,0.87,0.1039,,yes_ask,yes
2026-09-19,favorite-cash,KXVOTECOUNTY-SENATENC26WAKERCOO-62,KXVOTECOUNTY,enter,YES,59.82,0.95,0.199,,yes_ask,yes
2026-09-19,favorite-cash,KXVOTEGENERAL-HOUSEAZ6-26JMEN-50,KXVOTEGENERAL,enter,YES,0.11,0.74,0.0015,,yes_ask,yes
2026-09-19,favorite-cash,KXVOTEGENERAL-HOUSETX15-26BPUL-46,KXVOTEGENERAL,enter,YES,8.74,0.84,0.0823,,yes_ask,yes
2026-09-19,favorite-cash,KXVOTEGENERAL-HOUSETX15-26BPUL-48,KXVOTEGENERAL,enter,YES,4.37,0.74,0.0589,,yes_ask,yes
2026-09-19,favorite-cash,KXVOTEGENERAL-KXHOUSEMO5-26ECLE-52,KXVOTEGENERAL,enter,YES,4.37,0.95,0.0146,,yes_ask,yes
2026-09-19,favorite-cash,KXVOTEGENERAL-KXHOUSERACE-IN02-26RYAK-56,KXVOTEGENERAL,enter,YES,2.18,0.82,0.0226,,yes_ask,yes
2026-09-19,favorite-cash,KXVOTEGENERAL-KXHOUSERACE-IN05-26VSPA-48,KXVOTEGENERAL,enter,YES,8.96,0.98,0.0123,,yes_ask,yes
2026-09-19,favorite-cash,KXVOTEGENERAL-KXHOUSERACE-MN07-26EOSB-30,KXVOTEGENERAL,enter,YES,1.18,0.95,0.004,,yes_ask,yes
2026-09-19,favorite-cash,KXVOTEGENERAL-KXHOUSERACE-MN07-26EOSB-32,KXVOTEGENERAL,enter,YES,0.61,0.88,0.0046,,yes_ask,yes
2026-09-19,favorite-cash,KXVOTEGENERAL-KXHOUSERACE-NDAL-26JFED-56,KXVOTEGENERAL,enter,YES,3.42,0.97,0.007,,yes_ask,yes
2026-09-19,favorite-cash,KXVOTEGENERAL-KXHOUSERACE-NY21-26BGEN-38,KXVOTEGENERAL,enter,YES,0.87,0.98,0.0012,,yes_ask,yes
2026-09-19,favorite-cash,KXVOTEGENERAL-KXHOUSERACE-TN06-26JGAR-56,KXVOTEGENERAL,enter,YES,0.02,0.94,0.0001,,yes_ask,yes
2026-09-19,favorite-cash,KXVOTEGENERAL-KXHOUSERACE-TX23-26KSTO-42,KXVOTEGENERAL,enter,YES,8.74,0.96,0.0235,,yes_ask,yes
2026-09-19,favorite-cash,KXVOTEGENERAL-KXHOUSERACE-TX27-26MCLO-52,KXVOTEGENERAL,enter,YES,8.74,0.91,0.0502,,yes_ask,yes
2026-09-19,favorite-cash,KXVOTEGENERAL-KXHOUSERACE-TX27-26MCLO-54,KXVOTEGENERAL,enter,YES,8.74,0.81,0.0942,,yes_ask,yes
2026-09-19,favorite-cash,KXVOTEGENERAL-KXHOUSERACE-TX30-26EJAC-18,KXVOTEGENERAL,enter,YES,5.55,0.87,0.044,,yes_ask,yes
2026-09-19,favorite-cash,KXVOTEGENERAL-KXHOUSERACE-TX30-26FHAY-70,KXVOTEGENERAL,enter,YES,13.29,0.96,0.0358,,yes_ask,yes
2026-09-19,favorite-cash,KXVOTEGENERAL-KXHOUSERACE-TX30-26FHAY-72,KXVOTEGENERAL,enter,YES,4.37,0.89,0.03,,yes_ask,yes
2026-09-19,favorite-cash,KXVOTEGENERAL-KXHOUSERACE-TX30-26FHAY-74,KXVOTEGENERAL,enter,YES,4.37,0.79,0.0508,,yes_ask,yes
2026-09-19,favorite-cash,KXVOTEGENERAL-KXHOUSERACE-TX30-26FHAY-76,KXVOTEGENERAL,enter,YES,8.74,0.79,0.1015,,yes_ask,yes
2026-09-19,favorite-cash,KXVOTEGENERAL-KXHOUSERACE-UT04-26SBUR-1,KXVOTEGENERAL,enter,YES,8.74,0.98,0.012,,yes_ask,yes
2026-09-19,favorite-cash,KXVOTEGENERAL-KXHOUSERACE-VA04-26JMCC-68,KXVOTEGENERAL,enter,YES,8.74,0.84,0.0823,,yes_ask,yes
2026-09-19,favorite-cash,KXVOTEGENERAL-KXHOUSERACE-VA04-26RMUR-22,KXVOTEGENERAL,enter,YES,8.74,0.78,0.105,,yes_ask,yes
2026-09-19,favorite-cash,KXVOTEGENERAL-SENATEFLS-26AMOO-50,KXVOTEGENERAL,enter,YES,0.21,0.9,0.0014,,yes_ask,yes
2026-09-19,favorite-cash,KXVOTEGENERAL-SENATEFLS-26AMOO-52,KXVOTEGENERAL,enter,YES,0.21,0.73,0.0029,,yes_ask,yes
2026-09-19,favorite-cash,KXVOTEGENERAL-SENATENH-26JSUN-44,KXVOTEGENERAL,enter,YES,0.02,0.77,0.0003,,yes_ask,yes
2026-09-19,favorite-cash,SENATEAK-26-D,SENATEAK,enter,YES,19.48,0.7,0.2864,,yes_ask,yes
2026-09-19,favorite-cash,SENATEAR-26-R,SENATEAR,enter,YES,0.43,0.935,0.0019,,yes_ask,yes
2026-09-19,favorite-cash,SENATEDE-26-D,SENATEDE,enter,YES,87.49,0.99,0.0607,,yes_ask,yes
2026-09-19,favorite-cash,SENATEFLS-26-R,SENATEFLS,enter,YES,788.01,0.9,4.9645,,yes_ask,yes
2026-09-19,favorite-cash,SENATEGA-26-D,SENATEGA,enter,YES,214.99,0.94,0.8488,,yes_ask,yes
2026-09-19,favorite-cash,SENATEID-26-R,SENATEID,enter,YES,77.86,0.95,0.2589,,yes_ask,yes
2026-09-19,favorite-cash,SENATEIL-26-D,SENATEIL,enter,YES,2.57,0.989,0.002,,yes_ask,yes
2026-09-19,favorite-cash,SENATEKS-26-R,SENATEKS,enter,YES,1374.88,0.74,18.5169,,yes_ask,yes
2026-09-19,favorite-cash,SENATELA-26-R,SENATELA,enter,YES,2.34,0.947,0.0083,,yes_ask,yes
2026-09-19,favorite-cash,SENATEMA-26-D,SENATEMA,enter,YES,0.8,0.98,0.0011,,yes_ask,yes
2026-09-19,favorite-cash,SENATEME-26-D,SENATEME,enter,YES,101.04,0.68,1.5391,,yes_ask,yes
2026-09-19,favorite-cash,SENATEMN-26-D,SENATEMN,enter,YES,240.23,0.904,1.4594,,yes_ask,yes
2026-09-19,favorite-cash,SENATEMT-26-R,SENATEMT,enter,YES,4.64,0.921,0.0237,,yes_ask,yes
2026-09-19,favorite-cash,SENATENC-26-D,SENATENC,enter,YES,15.25,0.927,0.0723,,yes_ask,yes
2026-09-19,favorite-cash,SENATENE-26-R,SENATENE,enter,YES,86.7,0.69,1.2982,,yes_ask,yes
2026-09-19,favorite-cash,SENATENH-26-D,SENATENH,enter,YES,91.17,0.84,0.8578,,yes_ask,yes
2026-09-19,favorite-cash,SENATERI-26-D,SENATERI,enter,YES,106.32,0.984,0.1172,,yes_ask,yes
2026-09-19,favorite-cash,SENATESC-26-R,SENATESC,enter,YES,168.25,0.87,1.3321,,yes_ask,yes
2026-09-19,favorite-cash,SENATESD-26-R,SENATESD,enter,YES,2.87,0.925,0.014,,yes_ask,yes
2026-09-19,favorite-cash,SENATETN-26-R,SENATETN,enter,YES,0.25,0.978,0.0004,,yes_ask,yes
2026-09-20,favorite-cash,GOVPARTYNM-26-D,GOVPARTYNM,enter,YES,6.55,0.937,0.0271,,yes_ask,yes
2026-09-20,favorite-cash,GOVPARTYOK-26-R,GOVPARTYOK,enter,YES,13.71,0.913,0.0763,,yes_ask,yes
2026-09-20,favorite-cash,GOVPARTYPA-26-D,GOVPARTYPA,enter,YES,1.09,0.973,0.0021,,yes_ask,yes
2026-09-20,favorite-cash,GOVPARTYRI-26-D,GOVPARTYRI,enter,YES,0.5,0.979,0.0008,,yes_ask,yes
2026-09-20,favorite-cash,GOVPARTYVT-26-R,GOVPARTYVT,enter,YES,2.21,0.943,0.0084,,yes_ask,yes
2026-09-20,favorite-cash,HOUSEAZ6-26-D,HOUSEAZ6,enter,YES,6.08,0.82,0.0629,,yes_ask,yes
2026-09-20,favorite-cash,HOUSEIL17-26-D,HOUSEIL17,enter,YES,1,0.949,0.0034,,yes_ask,yes
2026-09-20,favorite-cash,HOUSEMI10-26-D,HOUSEMI10,enter,YES,24.47,0.66,0.3844,,yes_ask,yes
2026-09-20,favorite-cash,HOUSEMI3-26-D,HOUSEMI3,enter,YES,1.5,0.944,0.0056,,yes_ask,yes
2026-09-20,favorite-cash,HOUSENV3-26-D,HOUSENV3,enter,YES,0.05,0.944,0.0002,,yes_ask,yes
2026-09-20,favorite-cash,HOUSENY3-26-D,HOUSENY3,enter,YES,1.05,0.91,0.0061,,yes_ask,yes
2026-09-20,favorite-cash,HOUSEOH1-26-D,HOUSEOH1,enter,YES,1123,0.86,9.4647,,yes_ask,yes
2026-09-20,favorite-cash,HOUSEPA10-26-D,HOUSEPA10,enter,YES,105.06,0.8,1.1767,,yes_ask,yes
2026-09-20,favorite-cash,HOUSEVA2-26-D,HOUSEVA2,enter,YES,30.06,0.8,0.3367,,yes_ask,yes
2026-09-20,favorite-cash,HOUSEWA3-26-D,HOUSEWA3,enter,YES,13.2,0.905,0.0795,,yes_ask,yes
2026-09-20,favorite-cash,KXAKSENGOVCOMBO-26NOV-DEMDEM,KXAKSENGOVCOMBO,enter,YES,108.3,0.71,1.561,,yes_ask,yes
2026-09-20,favorite-cash,KXALASKAHOUSE-26-NBEG,KXALASKAHOUSE,enter,YES,0.09,0.85,0.0009,,yes_ask,yes
2026-09-20,favorite-cash,KXATTYGENNY-26-D,KXATTYGENNY,enter,YES,0.13,0.97,0.0003,,yes_ask,yes
2026-09-20,favorite-cash,KXCALIFORNIALEAVE-27-PTHI,KXCALIFORNIALEAVE,enter,YES,0.02,0.84,0.0002,,yes_ask,yes
2026-09-20,favorite-cash,KXDHOUSESEATSDIR-27-A220,KXDHOUSESEATSDIR,enter,YES,23.83,0.84,0.2242,,yes_ask,yes
2026-09-20,favorite-cash,KXEXITPOLL-IND-DEM,KXEXITPOLL,enter,YES,0.2,0.95,0.0007,,yes_ask,yes
2026-09-20,favorite-cash,KXEXITPOLL-LATMEN-DEM,KXEXITPOLL,enter,YES,0.1,0.98,0.0002,,yes_ask,yes
2026-09-20,favorite-cash,KXEXITPOLL-WCOLMEN-DEM,KXEXITPOLL,enter,YES,0.1,0.73,0.0014,,yes_ask,yes
2026-09-20,favorite-cash,KXEXITPOLL-WHIWOM-DEM,KXEXITPOLL,enter,YES,0.2,0.98,0.0003,,yes_ask,yes
2026-09-20,favorite-cash,KXEXITPOLL-WSUBWOM-DEM,KXEXITPOLL,enter,YES,0.1,0.69,0.0015,,yes_ask,yes
2026-09-20,favorite-cash,KXGENERALCOUNTY-GOVPARTYAZ-26-MARI,KXGENERALCOUNTY,enter,YES,10,0.98,0.0138,,yes_ask,yes
2026-09-20,favorite-cash,KXGENERALCOUNTY-SENATEMI-26-KEN,KXGENERALCOUNTY,enter,YES,2.1,0.87,0.0167,,yes_ask,yes
2026-09-20,favorite-cash,KXGENERALCOUNTY-SENATETX-26-COLL,KXGENERALCOUNTY,enter,YES,17.6,0.76,0.2248,,yes_ask,yes
2026-09-20,favorite-cash,KXGENERALCOUNTY-SENATETX-26-TARR,KXGENERALCOUNTY,enter,YES,1.1,0.96,0.003,,yes_ask,yes
2026-09-20,favorite-cash,KXHOUSEMO5-26-D,KXHOUSEMO5,enter,YES,46.2,0.938,0.1881,,yes_ask,yes
2026-09-20,favorite-cash,KXHOUSERACE-AZ08-26-R,KXHOUSERACE,enter,YES,0.5,0.86,0.0043,,yes_ask,yes
2026-09-20,favorite-cash,KXHOUSERACE-FL05-26-R,KXHOUSERACE,enter,YES,0.2,0.92,0.0011,,yes_ask,yes
2026-09-20,favorite-cash,KXHOUSERACE-FL21-26-R,KXHOUSERACE,enter,YES,6,0.919,0.0313,,yes_ask,yes
2026-09-20,favorite-cash,KXHOUSERACE-GA02-26-D,KXHOUSERACE,enter,YES,2.59,0.946,0.0093,,yes_ask,yes
2026-09-20,favorite-cash,KXHOUSERACE-ID01-26-R,KXHOUSERACE,enter,YES,10.24,0.965,0.0243,,yes_ask,yes
2026-09-20,favorite-cash,KXHOUSERACE-IL06-26-D,KXHOUSERACE,enter,YES,1,0.995,0.0004,,yes_ask,yes
2026-09-20,favorite-cash,KXHOUSERACE-IL08-26-D,KXHOUSERACE,enter,YES,4,0.945,0.0146,,yes_ask,yes
2026-09-20,favorite-cash,KXHOUSERACE-KS02-26-R,KXHOUSERACE,enter,YES,5,0.915,0.0273,,yes_ask,yes
2026-09-20,favorite-cash,KXHOUSERACE-KS03-26-D,KXHOUSERACE,enter,YES,1,0.965,0.0024,,yes_ask,yes
2026-09-20,favorite-cash,KXHOUSERACE-KY04-26-R,KXHOUSERACE,enter,YES,8.2,0.945,0.0299,,yes_ask,yes
2026-09-20,favorite-cash,KXHOUSERACE-MD01-26-R,KXHOUSERACE,enter,YES,1,0.92,0.0052,,yes_ask,yes
2026-09-20,favorite-cash,KXHOUSERACE-MO02-26-R,KXHOUSERACE,enter,YES,47.39,0.72,0.6688,,yes_ask,yes
2026-09-20,favorite-cash,KXHOUSERACE-MS04-26-R,KXHOUSERACE,enter,YES,1.4,0.992,0.0008,,yes_ask,yes
2026-09-20,favorite-cash,KXHOUSERACE-NC03-26-R,KXHOUSERACE,enter,YES,2,0.88,0.0148,,yes_ask,yes
2026-09-20,favorite-cash,KXHOUSERACE-NJ02-26-R,KXHOUSERACE,enter,YES,8.6,0.86,0.0725,,yes_ask,yes
2026-09-20,favorite-cash,KXHOUSERACE-NJ03-26-D,KXHOUSERACE,enter,YES,5.1,0.965,0.0121,,yes_ask,yes
2026-09-20,favorite-cash,KXHOUSERACE-NJ06-26-D,KXHOUSERACE,enter,YES,5,0.967,0.0112,,yes_ask,yes
2026-09-20,favorite-cash,KXHOUSERACE-NM03-26-D,KXHOUSERACE,enter,YES,1,0.945,0.0037,,yes_ask,yes
2026-09-20,favorite-cash,KXHOUSERACE-NY01-26-R,KXHOUSERACE,enter,YES,0.5,0.78,0.0061,,yes_ask,yes
2026-09-20,favorite-cash,KXHOUSERACE-OR06-26-D,KXHOUSERACE,enter,YES,3,0.982,0.0038,,yes_ask,yes
2026-09-20,favorite-cash,KXHOUSERACE-PA04-26-D,KXHOUSERACE,enter,YES,5.2,0.953,0.0164,,yes_ask,yes
2026-09-20,favorite-cash,KXHOUSERACE-PA11-26-R,KXHOUSERACE,enter,YES,9.29,0.966,0.0214,,yes_ask,yes
2026-09-20,favorite-cash,KXHOUSERACE-SC01-26-R,KXHOUSERACE,enter,YES,14.49,0.71,0.2089,,yes_ask,yes
2026-09-20,favorite-cash,KXHOUSERACE-SDAL-26-R,KXHOUSERACE,enter,YES,1,0.969,0.0022,,yes_ask,yes
2026-09-20,favorite-cash,KXHOUSERACE-TN07-26-R,KXHOUSERACE,enter,YES,3.1,0.949,0.0106,,yes_ask,yes
2026-09-20,favorite-cash,KXHOUSERACE-TX03-26-R,KXHOUSERACE,enter,YES,4.3,0.94,0.017,,yes_ask,yes
2026-09-20,favorite-cash,KXHOUSERACE-TX24-26-R,KXHOUSERACE,enter,YES,7.6,0.902,0.0471,,yes_ask,yes
2026-09-20,favorite-cash,KXHOUSETX32-26-R,KXHOUSETX32,enter,YES,0.7,0.86,0.0059,,yes_ask,yes
2026-09-20,favorite-cash,KXHOUSETX9-26-R,KXHOUSETX9,enter,YES,16.14,0.88,0.1194,,yes_ask,yes
2026-09-20,favorite-cash,KXLOCALLAW-ILPOWER-27MAY01,KXLOCALLAW,enter,YES,0.05,0.71,0.0008,,yes_ask,yes
2026-09-20,favorite-cash,KXLTGOVVT-26-D,KXLTGOVVT,enter,YES,2,0.82,0.0207,,yes_ask,yes
2026-09-20,favorite-cash,KXMAGAINCSPEND-26DEC31-A100000000,KXMAGAINCSPEND,enter,YES,20,0.84,0.1882,,yes_ask,yes
2026-09-20,favorite-cash,KXMESENGOVCOMBO-26NOV-DEMDEM,KXMESENGOVCOMBO,enter,YES,1.41,0.69,0.0212,,yes_ask,yes
2026-09-20,favorite-cash,KXMIDTERMMOV-AZ01D-P2,KXMIDTERMMOV,enter,YES,13.02,0.901,0.0813,,yes_ask,yes
2026-09-20,favorite-cash,KXMIDTERMMOV-DESEND-P28,KXMIDTERMMOV,enter,YES,20,0.7,0.294,,yes_ask,yes
2026-09-20,favorite-cash,KXMIDTERMMOV-FL02R-P1,KXMIDTERMMOV,enter,YES,3.5,0.85,0.0313,,yes_ask,yes
2026-09-20,favorite-cash,KXMIDTERMMOV-FL10D-P24,KXMIDTERMMOV,enter,YES,7.5,0.998,0.0011,,yes_ask,yes
2026-09-20,favorite-cash,KXMIDTERMMOV-FLSENR-P4,KXMIDTERMMOV,enter,YES,15.88,0.73,0.2191,,yes_ask,yes
2026-09-20,favorite-cash,KXMIDTERMMOV-GASEND-P2,KXMIDTERMMOV,enter,YES,37.84,0.93,0.1725,,yes_ask,yes
2026-09-20,favorite-cash,KXMIDTERMMOV-GASEND-P6,KXMIDTERMMOV,enter,YES,0.01,0.7,0.0002,,yes_ask,yes
2026-09-20,favorite-cash,KXMIDTERMMOV-HI01D-P30,KXMIDTERMMOV,enter,YES,2,0.92,0.0104,,yes_ask,yes
2026-09-20,favorite-cash,KXMIDTERMMOV-HIGOVD-P32,KXMIDTERMMOV,enter,YES,39.99,0.8,0.4479,,yes_ask,yes
2026-09-20,favorite-cash,KXMIDTERMMOV-IL05D-P31,KXMIDTERMMOV,enter,YES,33,0.89,0.2262,,yes_ask,yes
2026-09-20,favorite-cash,KXMIDTERMMOV-IL06D-P5,KXMIDTERMMOV,enter,YES,1,0.981,0.0014,,yes_ask,yes
2026-09-20,favorite-cash,KXMIDTERMMOV-IL14D-P5,KXMIDTERMMOV,enter,YES,14,0.913,0.0779,,yes_ask,yes
2026-09-20,favorite-cash,KXMIDTERMMOV-IN01D-P6,KXMIDTERMMOV,enter,YES,2,0.83,0.0198,,yes_ask,yes
2026-09-20,favorite-cash,KXMIDTERMMOV-IN05R-P1,KXMIDTERMMOV,enter,YES,1,0.84,0.0095,,yes_ask,yes
2026-09-20,favorite-cash,KXMIDTERMMOV-LA01R-P23,KXMIDTERMMOV,enter,YES,14.79,0.68,0.2253,,yes_ask,yes
2026-09-20,favorite-cash,KXMIDTERMMOV-MA03D-P16,KXMIDTERMMOV,enter,YES,9,0.96,0.0242,,yes_ask,yes
2026-09-20,favorite-cash,KXMIDTERMMOV-MA03D-P25,KXMIDTERMMOV,enter,YES,9,0.68,0.1371,,yes_ask,yes
2026-09-20,favorite-cash,KXMIDTERMMOV-MA06D-P16,KXMIDTERMMOV,enter,YES,38,0.87,0.3009,,yes_ask,yes
2026-09-20,favorite-cash,KXMIDTERMMOV-MA06D-P25,KXMIDTERMMOV,enter,YES,38,0.69,0.569,,yes_ask,yes
2026-09-20,favorite-cash,KXMIDTERMMOV-MA08D-P31,KXMIDTERMMOV,enter,YES,1,0.9,0.0063,,yes_ask,yes
2026-09-20,favorite-cash,KXMIDTERMMOV-MA09D-P14,KXMIDTERMMOV,enter,YES,1,0.79,0.0117,,yes_ask,yes
2026-09-20,favorite-cash,KXMIDTERMMOV-MD07D-P51,KXMIDTERMMOV,enter,YES,3,0.99,0.0021,,yes_ask,yes
2026-09-20,favorite-cash,KXMIDTERMMOV-MD07D-P60,KXMIDTERMMOV,enter,YES,12,0.69,0.1797,,yes_ask,yes
2026-09-20,favorite-cash,KXMIDTERMMOV-MI08D-P11,KXMIDTERMMOV,enter,YES,2,0.82,0.0207,,yes_ask,yes
2026-09-20,favorite-cash,KXMIDTERMMOV-MN03D-P16,KXMIDTERMMOV,enter,YES,14,0.942,0.0536,,yes_ask,yes
2026-09-20,favorite-cash,KXMIDTERMMOV-MO05D-P3,KXMIDTERMMOV,enter,YES,46,0.95,0.153,,yes_ask,yes
2026-09-20,favorite-cash,KXMIDTERMMOV-NCSEND-P1,KXMIDTERMMOV,enter,YES,112.1,0.98,0.1539,,yes_ask,yes
2026-09-20,favorite-cash,KXMIDTERMMOV-NJ10D-P54,KXMIDTERMMOV,enter,YES,2,0.83,0.0198,,yes_ask,yes
2026-09-20,favorite-cash,KXMIDTERMMOV-NYGOVD-P10,KXMIDTERMMOV,enter,YES,1.5,0.78,0.0181,,yes_ask,yes
2026-09-20,favorite-cash,KXMIDTERMMOV-NYGOVD-P4,KXMIDTERMMOV,enter,YES,20,0.91,0.1147,,yes_ask,yes
2026-09-20,favorite-cash,KXMIDTERMMOV-OKSENR-P17,KXMIDTERMMOV,enter,YES,1.1,0.98,0.0016,,yes_ask,yes
2026-09-20,favorite-cash,KXMIDTERMMOV-OR04D-P6,KXMIDTERMMOV,enter,YES,3.5,0.94,0.0139,,yes_ask,yes
2026-09-20,favorite-cash,KXMIDTERMMOV-ORGOVD-P2,KXMIDTERMMOV,enter,YES,1.23,0.98,0.0017,,yes_ask,yes
2026-09-20,favorite-cash,KXMIDTERMMOV-TN03R-P22,KXMIDTERMMOV,enter,YES,13.8,0.72,0.1948,,yes_ask,yes
2026-09-20,favorite-cash,KXMIDTERMMOV-TX31R-P8,KXMIDTERMMOV,enter,YES,20,0.78,0.2403,,yes_ask,yes
2026-09-20,favorite-cash,KXMIDTERMVOTETURN-CAGOV-10900000,KXMIDTERMVOTETURN,enter,YES,0.7,0.78,0.0085,,yes_ask,yes
2026-09-20,favorite-cash,KXMIDTERMVOTETURN-CAGOV-11500000,KXMIDTERMVOTETURN,enter,YES,0.35,0.78,0.0043,,yes_ask,yes
2026-09-20,favorite-cash,KXMIDTERMVOTETURN-TXSEN-8800000,KXMIDTERMVOTETURN,enter,YES,3.96,0.9,0.025,,yes_ask,yes
2026-09-20,favorite-cash,KXMIDTERMVOTETURN-TXSEN-9400000,KXMIDTERMVOTETURN,enter,YES,0.73,0.78,0.0088,,yes_ask,yes
2026-09-20,favorite-cash,KXPRESSSECANNOUNCE-26AUG-DEC01,KXPRESSSECANNOUNCE,enter,YES,34.54,0.91,0.1981,,yes_ask,yes
2026-09-20,favorite-cash,KXREDISTRICTING-26-TX,KXREDISTRICTING,enter,YES,22.46,0.98,0.0309,,yes_ask,yes
2026-09-20,favorite-cash,KXREPRODUCTIVEMEASURES-26-VA,KXREPRODUCTIVEMEASURES,enter,YES,0.1,0.99,0.0001,,yes_ask,yes
2026-09-20,favorite-cash,KXRGOVCOUNT-26JUL08-AL22,KXRGOVCOUNT,enter,YES,0.1,0.81,0.0011,,yes_ask,yes
2026-09-20,favorite-cash,KXRGOVCOUNT-26JUL08-AL23,KXRGOVCOUNT,enter,YES,0.1,0.7,0.0015,,yes_ask,yes
2026-09-20,favorite-cash,KXSENATELA-26NOV-R,KXSENATELA,enter,YES,2.1,0.942,0.0081,,yes_ask,yes
2026-09-20,favorite-cash,KXUSVIGOV-26-SPLA,KXUSVIGOV,enter,YES,0.2,0.87,0.0016,,yes_ask,yes
2026-09-20,favorite-cash,KXVOTECOUNTY-GOVCA26LOSANGELESXBEC-66,KXVOTECOUNTY,enter,YES,178.46,0.74,2.4035,,yes_ask,yes
2026-09-20,favorite-cash,KXVOTECOUNTY-GOVPARTYAZ26MARICOPAKHOB-48,KXVOTECOUNTY,enter,YES,52.85,0.97,0.1077,,yes_ask,yes
2026-09-20,favorite-cash,KXVOTECOUNTY-GOVPARTYAZ26MARICOPAKHOB-50,KXVOTECOUNTY,enter,YES,112,0.92,0.5771,,yes_ask,yes
2026-09-20,favorite-cash,KXVOTECOUNTY-GOVPARTYAZ26MARICOPAKHOB-52,KXVOTECOUNTY,enter,YES,24.6,0.81,0.2651,,yes_ask,yes
2026-09-20,favorite-cash,KXVOTECOUNTY-GOVPARTYAZ26PIMAKHOB-58,KXVOTECOUNTY,enter,YES,28.57,0.96,0.0768,,yes_ask,yes
2026-09-20,favorite-cash,KXVOTECOUNTY-GOVPARTYFL26BROWARDDJOL-56,KXVOTECOUNTY,enter,YES,50,0.98,0.0686,,yes_ask,yes
2026-09-20,favorite-cash,KXVOTECOUNTY-GOVPARTYFL26BROWARDDJOL-58,KXVOTECOUNTY,enter,YES,119,0.87,0.9422,,yes_ask,yes
2026-09-20,favorite-cash,KXVOTECOUNTY-GOVPARTYFL26HILLSBOROUGHDJOL-48,KXVOTECOUNTY,enter,YES,94.61,0.88,0.6994,,yes_ask,yes
2026-09-20,favorite-cash,KXVOTECOUNTY-GOVPARTYFL26PALMBEACHDJOL-48,KXVOTECOUNTY,enter,YES,137,0.96,0.3683,,yes_ask,yes
2026-09-20,favorite-cash,KXVOTECOUNTY-GOVPARTYFL26PALMBEACHDJOL-50,KXVOTECOUNTY,enter,YES,40,0.9,0.252,,yes_ask,yes
2026-09-20,favorite-cash,KXVOTECOUNTY-GOVPARTYFL26PALMBEACHDJOL-52,KXVOTECOUNTY,enter,YES,64.86,0.74,0.8736,,yes_ask,yes
2026-09-20,favorite-cash,KXVOTECOUNTY-GOVPARTYIL26COOKJPRI-72,KXVOTECOUNTY,enter,YES,180.29,0.92,0.9289,,yes_ask,yes
2026-09-20,favorite-cash,KXVOTECOUNTY-GOVPARTYNV26CLARKAFOR-46,KXVOTECOUNTY,enter,YES,20,0.92,0.1031,,yes_ask,yes
2026-09-20,favorite-cash,KXVOTECOUNTY-GOVPARTYNV26CLARKAFOR-48,KXVOTECOUNTY,enter,YES,47.5,0.8,0.532,,yes_ask,yes
2026-09-20,favorite-cash,KXVOTECOUNTY-GOVPARTYNY26NEWYORKKHOC-80,KXVOTECOUNTY,enter,YES,20,0.94,0.079,,yes_ask,yes
2026-09-20,favorite-cash,KXVOTECOUNTY-GOVPARTYNY26NEWYORKKHOC-82,KXVOTECOUNTY,enter,YES,60.5,0.74,0.8149,,yes_ask,yes
2026-09-20,favorite-cash,KXVOTECOUNTY-GOVPARTYWI26DANEDCRO-74,KXVOTECOUNTY,enter,YES,40,0.95,0.133,,yes_ask,yes
2026-09-20,favorite-cash,KXVOTECOUNTY-GOVPARTYWI26DANEDCRO-76,KXVOTECOUNTY,enter,YES,241.52,0.84,2.2723,,yes_ask,yes
2026-09-20,favorite-cash,KXVOTECOUNTY-GOVPARTYWI26MILWAUKEEDCRO-66,KXVOTECOUNTY,enter,YES,40,0.98,0.0549,,yes_ask,yes
2026-09-20,favorite-cash,KXVOTECOUNTY-GOVPARTYWI26MILWAUKEEDCRO-68,KXVOTECOUNTY,enter,YES,184.57,0.94,0.7287,,yes_ask,yes
2026-09-20,favorite-cash,KXVOTECOUNTY-SENATEGA26COBBJOSS-56,KXVOTECOUNTY,enter,YES,130.4,0.97,0.2657,,yes_ask,yes
2026-09-20,favorite-cash,KXVOTECOUNTY-SENATEGA26COBBJOSS-58,KXVOTECOUNTY,enter,YES,40,0.96,0.1076,,yes_ask,yes
2026-09-20,favorite-cash,KXVOTECOUNTY-SENATEGA26FULTONJOSS-72,KXVOTECOUNTY,enter,YES,45,0.98,0.0618,,yes_ask,yes
2026-09-20,favorite-cash,KXVOTECOUNTY-SENATEGA26GWINNETTJOSS-58,KXVOTECOUNTY,enter,YES,116.36,0.97,0.2371,,yes_ask,yes
2026-09-20,favorite-cash,KXVOTECOUNTY-SENATEGA26GWINNETTJOSS-60,KXVOTECOUNTY,enter,YES,40,0.91,0.2294,,yes_ask,yes
2026-09-20,favorite-cash,KXVOTECOUNTY-SENATEIA26JOHNSONJTUR-68,KXVOTECOUNTY,enter,YES,40.76,0.98,0.056,,yes_ask,yes
2026-09-20,favorite-cash,KXVOTECOUNTY-SENATEIA26JOHNSONJTUR-70,KXVOTECOUNTY,enter,YES,329.28,0.86,2.7752,,yes_ask,yes
2026-09-20,favorite-cash,KXVOTECOUNTY-SENATEIA26LINNJTUR-52,KXVOTECOUNTY,enter,YES,94.92,0.98,0.1303,,yes_ask,yes
2026-09-20,favorite-cash,KXVOTECOUNTY-SENATEIA26LINNJTUR-56,KXVOTECOUNTY,enter,YES,40,0.86,0.3372,,yes_ask,yes
2026-09-20,favorite-cash,KXVOTECOUNTY-SENATEIA26POLKJTUR-56,KXVOTECOUNTY,enter,YES,58.09,0.92,0.2993,,yes_ask,yes
2026-09-20,favorite-cash,KXVOTECOUNTY-SENATEIA26POLKJTUR-58,KXVOTECOUNTY,enter,YES,40,0.76,0.5108,,yes_ask,yes
2026-09-20,favorite-cash,KXVOTECOUNTY-SENATEIA26SCOTTJTUR-48,KXVOTECOUNTY,enter,YES,116.34,0.95,0.3869,,yes_ask,yes
2026-09-20,favorite-cash,KXVOTECOUNTY-SENATEIA26SCOTTJTUR-50,KXVOTECOUNTY,enter,YES,194,0.84,1.8252,,yes_ask,yes
2026-09-20,favorite-cash,KXVOTECOUNTY-SENATEMI26KENTAELS-48,KXVOTECOUNTY,enter,YES,110.58,0.94,0.4366,,yes_ask,yes
2026-09-20,favorite-cash,KXVOTECOUNTY-SENATEMI26KENTAELS-50,KXVOTECOUNTY,enter,YES,40,0.83,0.3951,,yes_ask,yes
2026-09-20,favorite-cash,KXVOTECOUNTY-SENATEMI26MACOMBMROG-48,KXVOTECOUNTY,enter,YES,145.11,0.91,0.832,,yes_ask,yes
2026-09-20,favorite-cash,KXVOTECOUNTY-SENATEMI26MACOMBMROG-50,KXVOTECOUNTY,enter,YES,40,0.8,0.448,,yes_ask,yes
2026-09-20,favorite-cash,KXVOTECOUNTY-SENATEMI26OAKLANDAELS-52,KXVOTECOUNTY,enter,YES,40,0.91,0.2294,,yes_ask,yes
2026-09-20,favorite-cash,KXVOTECOUNTY-SENATEMI26WASHTENAWAELS-68,KXVOTECOUNTY,enter,YES,119.82,0.87,0.9487,,yes_ask,yes
2026-09-20,favorite-cash,KXVOTECOUNTY-SENATEMI26WASHTENAWAELS-70,KXVOTECOUNTY,enter,YES,29.04,0.86,0.2448,,yes_ask,yes
2026-09-20,favorite-cash,KXVOTECOUNTY-SENATENC26MECKLENBURGRCOO-66,KXVOTECOUNTY,enter,YES,51.25,0.97,0.1044,,yes_ask,yes
2026-09-20,favorite-cash,KXVOTECOUNTY-SENATENC26WAKERCOO-64,KXVOTECOUNTY,enter,YES,47.2,0.89,0.3235,,yes_ask,yes
2026-09-20,favorite-cash,KXVOTECOUNTY-SENATEOHS26CUYAHOGASBRO-68,KXVOTECOUNTY,enter,YES,77.47,0.74,1.0434,,yes_ask,yes
2026-09-20,favorite-cash,KXVOTECOUNTY-SENATEOHS26WASHINGTONJHUS-58,KXVOTECOUNTY,enter,YES,20,0.95,0.0665,,yes_ask,yes
2026-09-20,favorite-cash,KXVOTECOUNTY-SENATEOHS26WASHINGTONJHUS-60,KXVOTECOUNTY,enter,YES,99.16,0.78,1.1912,,yes_ask,yes
2026-09-20,favorite-cash,KXVOTECOUNTY-SENATETX26BEXARJTAL-58,KXVOTECOUNTY,enter,YES,107.82,0.91,0.6182,,yes_ask,yes
2026-09-20,favorite-cash,KXVOTECOUNTY-SENATETX26BEXARJTAL-60,KXVOTECOUNTY,enter,YES,20,0.79,0.2323,,yes_ask,yes
2026-09-20,favorite-cash,KXVOTECOUNTY-SENATETX26HIDALGOJTAL-54,KXVOTECOUNTY,enter,YES,146.7,0.88,1.0845,,yes_ask,yes
2026-09-20,favorite-cash,KXVOTECOUNTY-SENATETX26STARRJTAL-50,KXVOTECOUNTY,enter,YES,353,0.76,4.5072,,yes_ask,yes
2026-09-20,favorite-cash,KXVOTECOUNTY-SENATETX26TARRANTJTAL-50,KXVOTECOUNTY,enter,YES,85.59,0.93,0.3901,,yes_ask,yes
2026-09-20,favorite-cash,KXVOTECOUNTY-SENATETX26TRAVISJTAL-72,KXVOTECOUNTY,enter,YES,47.5,0.97,0.0968,,yes_ask,yes
2026-09-20,favorite-cash,KXVOTECOUNTY-SENATETX26TRAVISJTAL-74,KXVOTECOUNTY,enter,YES,21,0.88,0.1553,,yes_ask,yes
2026-09-20,favorite-cash,KXVOTECOUNTY-SENATETX26WEBBJTAL-56,KXVOTECOUNTY,enter,YES,70,0.81,0.7542,,yes_ask,yes
2026-09-20,favorite-cash,KXVOTEGENERAL-GOVPARTYCT-26NLAM-54,KXVOTEGENERAL,enter,YES,1,0.84,0.0095,,yes_ask,yes
2026-09-20,favorite-cash,KXVOTEGENERAL-GOVPARTYCT-26RFAZ-38,KXVOTEGENERAL,enter,YES,2,0.76,0.0256,,yes_ask,yes
2026-09-20,favorite-cash,KXVOTEGENERAL-GOVPARTYKS-27CHOL-42,KXVOTEGENERAL,enter,YES,1,0.82,0.0104,,yes_ask,yes
2026-09-20,favorite-cash,KXVOTEGENERAL-GOVPARTYMA-26MHEA-58,KXVOTEGENERAL,enter,YES,5,0.79,0.0581,,yes_ask,yes
2026-09-20,favorite-cash,KXVOTEGENERAL-GOVPARTYNY-26BBLA-36,KXVOTEGENERAL,enter,YES,20,0.84,0.1882,,yes_ask,yes
2026-09-20,favorite-cash,KXVOTEGENERAL-GOVPARTYSC-26AWIL-52,KXVOTEGENERAL,enter,YES,20.5,0.85,0.183,,yes_ask,yes
2026-09-20,favorite-cash,KXVOTEGENERAL-KXHOUSERACE-FL25-26JMOS-48,KXVOTEGENERAL,enter,YES,20,0.88,0.1479,,yes_ask,yes
2026-09-20,favorite-cash,KXVOTEGENERAL-KXHOUSERACE-IL16-26DLAH-52,KXVOTEGENERAL,enter,YES,20,0.97,0.0408,,yes_ask,yes
2026-09-20,favorite-cash,KXVOTEGENERAL-KXHOUSERACE-IL16-26DLAH-54,KXVOTEGENERAL,enter,YES,20,0.91,0.1147,,yes_ask,yes
2026-09-20,favorite-cash,KXVOTEGENERAL-KXHOUSERACE-IL16-26DLAH-56,KXVOTEGENERAL,enter,YES,20,0.78,0.2403,,yes_ask,yes
2026-09-20,favorite-cash,KXVOTEGENERAL-KXHOUSERACE-MN05-26JNAG-14,KXVOTEGENERAL,enter,YES,20,0.97,0.0408,,yes_ask,yes
2026-09-20,favorite-cash,KXVOTEGENERAL-KXHOUSERACE-MN05-26JNAG-16,KXVOTEGENERAL,enter,YES,20,0.91,0.1147,,yes_ask,yes
2026-09-20,favorite-cash,KXVOTEGENERAL-KXHOUSERACE-MN05-26JNAG-18,KXVOTEGENERAL,enter,YES,20,0.79,0.2323,,yes_ask,yes
2026-09-20,favorite-cash,KXVOTEGENERAL-KXHOUSERACE-NE03-26BSTI-18,KXVOTEGENERAL,enter,YES,20,0.85,0.1785,,yes_ask,yes
2026-09-20,favorite-cash,KXVOTEGENERAL-KXHOUSERACE-NE03-26BSTI-20,KXVOTEGENERAL,enter,YES,20,0.74,0.2694,,yes_ask,yes
2026-09-20,favorite-cash,KXVOTEGENERAL-KXHOUSERACE-OH07-26MMIL-44,KXVOTEGENERAL,enter,YES,5,0.86,0.0422,,yes_ask,yes
2026-09-20,favorite-cash,KXVOTEGENERAL-KXHOUSERACE-OH07-26MMIL-46,KXVOTEGENERAL,enter,YES,2.5,0.74,0.0337,,yes_ask,yes
2026-09-20,favorite-cash,KXVOTEGENERAL-KXHOUSERACE-TX23-26BHER-50,KXVOTEGENERAL,enter,YES,1.41,0.7,0.0208,,yes_ask,yes
2026-09-20,favorite-cash,KXVOTEGENERAL-SENATEAK-26DSUL-42,KXVOTEGENERAL,enter,YES,20,0.7,0.294,,yes_ask,yes
2026-09-20,favorite-cash,KXVOTEGENERAL-SENATEGA-26JOSS-52,KXVOTEGENERAL,enter,YES,2.91,0.85,0.026,,yes_ask,yes
2026-09-20,favorite-cash,KXVOTEGENERAL-SENATEKS-26AHAM-44,KXVOTEGENERAL,enter,YES,1,0.83,0.0099,,yes_ask,yes
2026-09-20,favorite-cash,KXVOTEGENERAL-SENATEKS-26RMAR-48,KXVOTEGENERAL,enter,YES,1,0.78,0.0121,,yes_ask,yes
2026-09-20,favorite-cash,KXVOTEGENERAL-SENATEMT26SBOD-25,KXVOTEGENERAL,enter,YES,20,0.97,0.0408,,yes_ask,yes
2026-09-20,favorite-cash,KXVOTEGENERAL-SENATEMT26SBOD-30,KXVOTEGENERAL,enter,YES,40,0.73,0.5519,,yes_ask,yes
2026-09-20,favorite-cash,SENATEAL-26-R,SENATEAL,enter,YES,8.8,0.964,0.0214,,yes_ask,yes
2026-09-20,favorite-cash,SENATEMI-26-D,SENATEMI,enter,YES,1138.42,0.66,17.8824,,yes_ask,yes
2026-09-20,favorite-cash,SENATEMS-26-R,SENATEMS,enter,YES,20,0.92,0.1031,,yes_ask,yes
2026-09-20,favorite-cash,SENATENJ-26-D,SENATENJ,enter,YES,17.2,0.98,0.0236,,yes_ask,yes
2026-09-20,favorite-cash,SENATEOK-26-R,SENATEOK,enter,YES,29,0.971,0.0572,,yes_ask,yes
2026-09-20,favorite-cash,SENATEVA-26-D,SENATEVA,enter,YES,1,0.98,0.0014,,yes_ask,yes
2026-09-20,favorite-cash,SENATEWV-26-R,SENATEWV,enter,YES,2.5,0.984,0.0028,,yes_ask,yes
2026-09-21,favorite-cash,HOUSEAZ2-26-R,HOUSEAZ2,enter,YES,87.5,0.68,1.3328,,yes_ask,yes
2026-09-21,favorite-cash,HOUSEIN1-26-D,HOUSEIN1,enter,YES,1,0.969,0.0022,,yes_ask,yes
2026-09-21,favorite-cash,HOUSEVA7-26-D,HOUSEVA7,enter,YES,715.5,0.934,3.0875,,yes_ask,yes
2026-09-21,favorite-cash,KXCA17PERSON-26-RKHA,KXCA17PERSON,enter,YES,1.87,0.999,0.0002,,yes_ask,yes
2026-09-21,favorite-cash,KXCAATTORNEYGENERAL-26-RBON,KXCAATTORNEYGENERAL,enter,YES,0.01,0.97,0.0001,,yes_ask,yes
2026-09-21,favorite-cash,KXCAELECTION-2614-AWAH,KXCAELECTION,enter,YES,6.23,0.78,0.0749,,yes_ask,yes
2026-09-21,favorite-cash,KXDATACENTERMORATORIUM-27JAN012,KXDATACENTERMORATORIUM,enter,YES,5.81,0.77,0.0721,,yes_ask,yes
2026-09-21,favorite-cash,KXDSAMEMBERSHIP-26DEC31-A130000,KXDSAMEMBERSHIP,enter,YES,60.5,0.75,0.7941,,yes_ask,yes
2026-09-21,favorite-cash,KXFLINTMAYOR-26-SNEE,KXFLINTMAYOR,enter,YES,0.21,0.91,0.0013,,yes_ask,yes
2026-09-21,favorite-cash,KXGOVWINS-27JAN01-R-50,KXGOVWINS,enter,YES,274.15,0.68,4.1759,,yes_ask,yes
2026-09-21,favorite-cash,KXHOUSERACE-AR03-26-R,KXHOUSERACE,enter,YES,13.96,0.959,0.0385,,yes_ask,yes
2026-09-21,favorite-cash,KXHOUSERACE-AZ05-26-R,KXHOUSERACE,enter,YES,9.59,0.941,0.0373,,yes_ask,yes
2026-09-21,favorite-cash,KXHOUSERACE-CA52-26-D,KXHOUSERACE,enter,YES,15.45,0.979,0.0223,,yes_ask,yes
2026-09-21,favorite-cash,KXHOUSERACE-CO05-26-R,KXHOUSERACE,enter,YES,7.99,0.71,0.1152,,yes_ask,yes
2026-09-21,favorite-cash,KXHOUSERACE-FL08-26-R,KXHOUSERACE,enter,YES,7.99,0.956,0.0236,,yes_ask,yes
2026-09-21,favorite-cash,KXHOUSERACE-GA08-26-R,KXHOUSERACE,enter,YES,10.5,0.96,0.0283,,yes_ask,yes
2026-09-21,favorite-cash,KXHOUSERACE-IA04-26-R,KXHOUSERACE,enter,YES,0.51,0.959,0.0015,,yes_ask,yes
2026-09-21,favorite-cash,KXHOUSERACE-IL14-26-D,KXHOUSERACE,enter,YES,3.3,0.977,0.0052,,yes_ask,yes
2026-09-21,favorite-cash,KXHOUSERACE-IN08-26-R,KXHOUSERACE,enter,YES,10,0.962,0.0256,,yes_ask,yes
2026-09-21,favorite-cash,KXHOUSERACE-IN09-26-R,KXHOUSERACE,enter,YES,10.28,0.975,0.0176,,yes_ask,yes
2026-09-21,favorite-cash,KXHOUSERACE-MA01-26-D,KXHOUSERACE,enter,YES,48.3,0.926,0.2317,,yes_ask,yes
2026-09-21,favorite-cash,KXHOUSERACE-MN06-26-R,KXHOUSERACE,enter,YES,7.4,0.933,0.0324,,yes_ask,yes
2026-09-21,favorite-cash,KXHOUSERACE-NC07-26-R,KXHOUSERACE,enter,YES,9.43,0.87,0.0747,,yes_ask,yes
2026-09-21,favorite-cash,KXHOUSERACE-NE01-26-R,KXHOUSERACE,enter,YES,0.5,0.83,0.005,,yes_ask,yes
2026-09-21,favorite-cash,KXHOUSERACE-OH02-26-R,KXHOUSERACE,enter,YES,10.7,0.97,0.0218,,yes_ask,yes
2026-09-21,favorite-cash,KXHOUSERACE-PA12-26-D,KXHOUSERACE,enter,YES,5,0.989,0.0039,,yes_ask,yes
2026-09-21,favorite-cash,KXHOUSERACE-TX21-26-R,KXHOUSERACE,enter,YES,0.2,0.93,0.001,,yes_ask,yes
2026-09-21,favorite-cash,KXHOUSERACE-TX26-26-R,KXHOUSERACE,enter,YES,16.01,0.979,0.0231,,yes_ask,yes
2026-09-21,favorite-cash,KXHOUSERACE-TX31-26-R,KXHOUSERACE,enter,YES,14.95,0.947,0.0526,,yes_ask,yes
2026-09-21,favorite-cash,KXKAMALARUN-28-27OCT01,KXKAMALARUN,enter,YES,50.79,0.68,0.7737,,yes_ask,yes
2026-09-21,favorite-cash,KXMIDTERMMOV-ARSEN-P4,KXMIDTERMMOV,enter,YES,12,0.87,0.0951,,yes_ask,yes
2026-09-21,favorite-cash,KXMIDTERMMOV-AZ05R-P5,KXMIDTERMMOV,enter,YES,0.5,0.72,0.0071,,yes_ask,yes
2026-09-21,favorite-cash,KXMIDTERMMOV-FL06R-P15,KXMIDTERMMOV,enter,YES,2,0.71,0.0289,,yes_ask,yes
2026-09-21,favorite-cash,KXMIDTERMMOV-FLGOVR-P3,KXMIDTERMMOV,enter,YES,46.25,0.66,0.7265,,yes_ask,yes
2026-09-21,favorite-cash,KXMIDTERMMOV-GA01R-P6,KXMIDTERMMOV,enter,YES,2,0.69,0.03,,yes_ask,yes
2026-09-21,favorite-cash,KXMIDTERMMOV-IL09D-P31,KXMIDTERMMOV,enter,YES,4,0.98,0.0055,,yes_ask,yes
2026-09-21,favorite-cash,KXMIDTERMMOV-IL09D-P40,KXMIDTERMMOV,enter,YES,5,0.69,0.0749,,yes_ask,yes
2026-09-21,favorite-cash,KXMIDTERMMOV-KS01R-P19,KXMIDTERMMOV,enter,YES,0.5,0.81,0.0054,,yes_ask,yes
2026-09-21,favorite-cash,KXMIDTERMMOV-KYSENR-P12,KXMIDTERMMOV,enter,YES,3.32,0.79,0.0386,,yes_ask,yes
2026-09-21,favorite-cash,KXMIDTERMMOV-MI11D-P20,KXMIDTERMMOV,enter,YES,2,0.67,0.031,,yes_ask,yes
2026-09-21,favorite-cash,KXMIDTERMMOV-MNGOVD-P2,KXMIDTERMMOV,enter,YES,0.3,0.923,0.0015,,yes_ask,yes
2026-09-21,favorite-cash,KXMIDTERMMOV-MO04R-P20,KXMIDTERMMOV,enter,YES,4.73,0.81,0.051,,yes_ask,yes
2026-09-21,favorite-cash,KXMIDTERMMOV-MO04R-P26,KXMIDTERMMOV,enter,YES,4.22,0.74,0.0569,,yes_ask,yes
2026-09-21,favorite-cash,KXMIDTERMMOV-MSSENR-P7,KXMIDTERMMOV,enter,YES,30.77,0.7,0.4524,,yes_ask,yes
2026-09-21,favorite-cash,KXMIDTERMMOV-NC02D-P31,KXMIDTERMMOV,enter,YES,7.3,0.88,0.054,,yes_ask,yes
2026-09-21,favorite-cash,KXMIDTERMMOV-NC03R-P3,KXMIDTERMMOV,enter,YES,17.5,0.74,0.2357,,yes_ask,yes
2026-09-21,favorite-cash,KXMIDTERMMOV-NC08R-P5,KXMIDTERMMOV,enter,YES,0.5,0.76,0.0064,,yes_ask,yes
2026-09-21,favorite-cash,KXMIDTERMMOV-NJSEND-P17,KXMIDTERMMOV,enter,YES,0.5,0.76,0.0064,,yes_ask,yes
2026-09-21,favorite-cash,KXMIDTERMMOV-NY03D-P2,KXMIDTERMMOV,enter,YES,0.5,0.8,0.0056,,yes_ask,yes
2026-09-21,favorite-cash,KXMIDTERMMOV-NY14D-P40,KXMIDTERMMOV,enter,YES,11,0.8,0.1232,,yes_ask,yes
2026-09-21,favorite-cash,KXMIDTERMMOV-PA14R-P20,KXMIDTERMMOV,enter,YES,0.5,0.82,0.0052,,yes_ask,yes
2026-09-21,favorite-cash,KXMIDTERMMOV-PAGOVD-P19,KXMIDTERMMOV,enter,YES,0.15,0.79,0.0018,,yes_ask,yes
2026-09-21,favorite-cash,KXMIDTERMMOV-SC07R-P15,KXMIDTERMMOV,enter,YES,2,0.69,0.03,,yes_ask,yes
2026-09-21,favorite-cash,KXMIDTERMMOV-TX12R-P10,KXMIDTERMMOV,enter,YES,5,0.73,0.069,,yes_ask,yes
2026-09-21,favorite-cash,KXMIDTERMMOV-WIGOVD-P1,KXMIDTERMMOV,enter,YES,0.11,0.83,0.0011,,yes_ask,yes
2026-09-21,favorite-cash,KXMIDTERMMOV-WYSENR-P30,KXMIDTERMMOV,enter,YES,5,0.87,0.0396,,yes_ask,yes
2026-09-21,favorite-cash,KXMIDTERMVOTETURN-ALGOV-1420000,KXMIDTERMVOTETURN,enter,YES,1.72,0.82,0.0178,,yes_ask,yes
2026-09-21,favorite-cash,KXMISENATE-26-AELS,KXMISENATE,enter,YES,328.86,0.66,5.1658,,yes_ask,yes
2026-09-21,favorite-cash,KXMORATORIUMCOUNT-26DEC31-AL3,KXMORATORIUMCOUNT,enter,YES,5.61,0.83,0.0555,,yes_ask,yes
2026-09-21,favorite-cash,KXNEWSOMRUN-28-27JUL01,KXNEWSOMRUN,enter,YES,1.06,0.69,0.0159,,yes_ask,yes
2026-09-21,favorite-cash,KXNHSENGOVCOMBO-26NOV-REPDEM,KXNHSENGOVCOMBO,enter,YES,6.44,0.75,0.0846,,yes_ask,yes
2026-09-21,favorite-cash,KXREDISTRICTING-26-FL,KXREDISTRICTING,enter,YES,0.11,0.982,0.0002,,yes_ask,yes
2026-09-21,favorite-cash,KXREDISTRICTING-26-LA,KXREDISTRICTING,enter,YES,3.5,0.98,0.0049,,yes_ask,yes
2026-09-21,favorite-cash,KXSECSTATEMA-26NOV03-WGAL,KXSECSTATEMA,enter,YES,0.5,0.96,0.0014,,yes_ask,yes
2026-09-21,favorite-cash,KXSECSTATEMN-26NOV03-SSIM,KXSECSTATEMN,enter,YES,20,0.85,0.1785,,yes_ask,yes
2026-09-21,favorite-cash,KXSTATEBALLOTMEASURE-ID-HJR4,KXSTATEBALLOTMEASURE,enter,YES,1.35,0.73,0.0187,,yes_ask,yes
2026-09-21,favorite-cash,KXSTATEBALLOTMEASURE-MA-Q9,KXSTATEBALLOTMEASURE,enter,YES,6.12,0.9,0.0386,,yes_ask,yes
2026-09-21,favorite-cash,KXSTATEBALLOTMEASURE-NE26-FFG,KXSTATEBALLOTMEASURE,enter,YES,15.5,0.81,0.167,,yes_ask,yes
2026-09-21,favorite-cash,KXSTATELEG-MESEN26-D,KXSTATELEG,enter,YES,13.52,0.92,0.0697,,yes_ask,yes
2026-09-21,favorite-cash,KXSTATELEG-MNSEN26-D,KXSTATELEG,enter,YES,0.5,0.88,0.0037,,yes_ask,yes
2026-09-21,favorite-cash,KXSTATELEG-NCSEN26-R,KXSTATELEG,enter,YES,1,0.97,0.0021,,yes_ask,yes
2026-09-21,favorite-cash,KXTAIPEIMAYOR-26NOV28-CWAN,KXTAIPEIMAYOR,enter,YES,235,0.84,2.2109,,yes_ask,yes
2026-09-21,favorite-cash,KXVOTECOUNTY-GOVPARTYFL26MIAMIDADEBDON-48,KXVOTECOUNTY,enter,YES,20,0.83,0.1976,,yes_ask,yes
2026-09-21,favorite-cash,KXVOTEGENERAL-GOVPARTYAL-26DJON-42,KXVOTEGENERAL,enter,YES,8.66,0.85,0.0773,,yes_ask,yes
2026-09-21,favorite-cash,KXVOTEGENERAL-KXHOUSERACE-OH03-26CDUL-20,KXVOTEGENERAL,enter,YES,0.07,0.94,0.0003,,yes_ask,yes
2026-09-21,favorite-cash,KXVOTEGENERAL-KXHOUSERACE-TN01-26DHAR-68,KXVOTEGENERAL,enter,YES,0.05,0.91,0.0003,,yes_ask,yes
2026-09-21,favorite-cash,KXVOTEGENERAL-KXHOUSERACE-TN08-26DKUS-54,KXVOTEGENERAL,enter,YES,0.08,0.73,0.0012,,yes_ask,yes
2026-09-21,favorite-cash,SENATEOR-26-D,SENATEOR,enter,YES,0.51,0.978,0.0008,,yes_ask,yes
2026-09-21,favorite-cash,SENATEWY-26-R,SENATEWY,enter,YES,18.7,0.982,0.0232,,yes_ask,yes
2026-09-22,favorite-cash,HOUSECO3-26-R,HOUSECO3,enter,YES,123.38,0.66,1.9381,,yes_ask,yes
2026-09-22,favorite-cash,HOUSEMI8-26-D,HOUSEMI8,enter,YES,5.1,0.966,0.0118,,yes_ask,yes
2026-09-22,favorite-cash,HOUSENY18-26-D,HOUSENY18,enter,YES,0.1,0.967,0.0003,,yes_ask,yes
2026-09-22,favorite-cash,HOUSEOR5-26-D,HOUSEOR5,enter,YES,0.1,0.976,0.0002,,yes_ask,yes
2026-09-22,favorite-cash,HOUSEWI1-26-R,HOUSEWI1,enter,YES,25,0.68,0.3808,,yes_ask,yes
2026-09-22,favorite-cash,KXATTYGENFL-26-R,KXATTYGENFL,enter,YES,1,0.88,0.0074,,yes_ask,yes
2026-09-22,favorite-cash,KXATTYGENNM-26-D,KXATTYGENNM,enter,YES,0.5,0.929,0.0024,,yes_ask,yes
2026-09-22,favorite-cash,KXATTYGENWI-26-D,KXATTYGENWI,enter,YES,2,0.84,0.0189,,yes_ask,yes
2026-09-22,favorite-cash,KXCABALLOTMEASURES-26NOV03-PR37,KXCABALLOTMEASURES,enter,YES,48.09,0.72,0.6787,,yes_ask,yes
2026-09-22,favorite-cash,KXCAELECTION-2634-AGON,KXCAELECTION,enter,YES,29.4,0.78,0.3532,,yes_ask,yes
2026-09-22,favorite-cash,KXCALIEUTENANTGOV-26NOV03-FMA,KXCALIEUTENANTGOV,enter,YES,29,0.981,0.0379,,yes_ask,yes
2026-09-22,favorite-cash,KXDEMCOREFOURSENATESWEEP-26NOV03,KXDEMCOREFOURSENATESWEEP,enter,YES,500.18,0.66,7.8569,,yes_ask,yes
2026-09-22,favorite-cash,KXDHOUSESEATSDIR-27-A214,KXDHOUSESEATSDIR,enter,YES,20.7,0.95,0.0689,,yes_ask,yes
2026-09-22,favorite-cash,KXDHOUSESEATSDIR-27-A226,KXDHOUSESEATSDIR,enter,YES,1.24,0.84,0.0117,,yes_ask,yes
2026-09-22,favorite-cash,KXDSAMEMBERSHIP-26DEC31-A140000,KXDSAMEMBERSHIP,enter,YES,5,0.7,0.0735,,yes_ask,yes
2026-09-22,favorite-cash,KXDSAMEMBERSHIP-26DEC31-A150000,KXDSAMEMBERSHIP,enter,YES,4.5,0.79,0.0523,,yes_ask,yes
2026-09-22,favorite-cash,KXDSENATEWON-26NOV03-AL10,KXDSENATEWON,enter,YES,1.54,0.96,0.0042,,yes_ask,yes
2026-09-22,favorite-cash,KXDSENATEWON-26NOV03-AL11,KXDSENATEWON,enter,YES,95,0.96,0.2554,,yes_ask,yes
2026-09-22,favorite-cash,KXDSENATEWON-26NOV03-AL12,KXDSENATEWON,enter,YES,478.71,0.95,1.5918,,yes_ask,yes
2026-09-22,favorite-cash,KXDSENATEWON-26NOV03-AL13,KXDSENATEWON,enter,YES,136.4,0.91,0.782,,yes_ask,yes
2026-09-22,favorite-cash,KXDSENATEWON-26NOV03-AL14,KXDSENATEWON,enter,YES,42.4,0.88,0.3135,,yes_ask,yes
2026-09-22,favorite-cash,KXDSENATEWON-26NOV03-AL15,KXDSENATEWON,enter,YES,261.2,0.84,2.4574,,yes_ask,yes
2026-09-22,favorite-cash,KXDSENATEWON-26NOV03-AL16,KXDSENATEWON,enter,YES,84,0.74,1.1314,,yes_ask,yes
2026-09-22,favorite-cash,KXDSENATEWON-26NOV03-AL17,KXDSENATEWON,enter,YES,184.77,0.69,2.7666,,yes_ask,yes
2026-09-22,favorite-cash,KXEXITPOLL-OLDWOM-DEM,KXEXITPOLL,enter,YES,7.9,0.95,0.0263,,yes_ask,yes
2026-09-22,favorite-cash,KXGENERALCOUNTY-SENATEMI-26-EAT,KXGENERALCOUNTY,enter,YES,41,0.72,0.5786,,yes_ask,yes
2026-09-22,favorite-cash,KXGENERALCOUNTY-SENATEMI-26-GRA,KXGENERALCOUNTY,enter,YES,22.1,0.72,0.3119,,yes_ask,yes
2026-09-22,favorite-cash,KXGENERALCOUNTY-SENATEMI-26-MUS,KXGENERALCOUNTY,enter,YES,30.5,0.71,0.4396,,yes_ask,yes
2026-09-22,favorite-cash,KXHOUSERACE-CA20-26-R,KXHOUSERACE,enter,YES,55.3,0.975,0.0944,,yes_ask,yes
2026-09-22,favorite-cash,KXHOUSERACE-CA33-26-D,KXHOUSERACE,enter,YES,1.5,0.979,0.0022,,yes_ask,yes
2026-09-22,favorite-cash,KXHOUSERACE-DEAL-26-D,KXHOUSERACE,enter,YES,7.6,0.985,0.0079,,yes_ask,yes
2026-09-22,favorite-cash,KXHOUSERACE-FL07-26-R,KXHOUSERACE,enter,YES,0.02,0.69,0.0003,,yes_ask,yes
2026-09-22,favorite-cash,KXHOUSERACE-FL14-26-D,KXHOUSERACE,enter,YES,6606.04,0.67,102.2417,,yes_ask,yes
2026-09-22,favorite-cash,KXHOUSERACE-GA01-26-R,KXHOUSERACE,enter,YES,1,0.929,0.0047,,yes_ask,yes
2026-09-22,favorite-cash,KXHOUSERACE-KS01-26-R,KXHOUSERACE,enter,YES,0.1,0.959,0.0003,,yes_ask,yes
2026-09-22,favorite-cash,KXHOUSERACE-MI05-26-R,KXHOUSERACE,enter,YES,50,0.93,0.2279,,yes_ask,yes
2026-09-22,favorite-cash,KXHOUSERACE-MS02-26-D,KXHOUSERACE,enter,YES,150,0.986,0.145,,yes_ask,yes
2026-09-22,favorite-cash,KXHOUSERACE-NM01-26-D,KXHOUSERACE,enter,YES,1.8,0.95,0.006,,yes_ask,yes
2026-09-22,favorite-cash,KXHOUSERACE-OH15-26-R,KXHOUSERACE,enter,YES,12.5,0.78,0.1502,,yes_ask,yes
2026-09-22,favorite-cash,KXHOUSERACE-TX07-26-D,KXHOUSERACE,enter,YES,0.5,0.956,0.0015,,yes_ask,yes
2026-09-22,favorite-cash,KXHOUSERACE-VA06-26-R,KXHOUSERACE,enter,YES,61.69,0.958,0.1738,,yes_ask,yes
2026-09-22,favorite-cash,KXHOUSERACE-VTAL-26-D,KXHOUSERACE,enter,YES,5,0.978,0.0076,,yes_ask,yes
2026-09-22,favorite-cash,KXHOUSERACE-WYAL-26-R,KXHOUSERACE,enter,YES,0.1,0.997,0.0001,,yes_ask,yes
2026-09-22,favorite-cash,KXHOUSETX35-26-D,KXHOUSETX35,enter,YES,594.41,0.67,9.1997,,yes_ask,yes
2026-09-22,favorite-cash,KXHOUSEWINSTATE-ALD-E1,KXHOUSEWINSTATE,enter,YES,0.5,0.74,0.0068,,yes_ask,yes
2026-09-22,favorite-cash,KXJUSTICEGOV-28-26NOV01,KXJUSTICEGOV,enter,YES,0.5,0.69,0.0075,,yes_ask,yes
2026-09-22,favorite-cash,KXLASHERIFF-26-RLUN,KXLASHERIFF,enter,YES,27.99,0.95,0.0931,,yes_ask,yes
2026-09-22,favorite-cash,KXLOSEREELECTIONDSEN-2026-0,KXLOSEREELECTIONDSEN,enter,YES,0.1,0.923,0.0005,,yes_ask,yes
2026-09-22,favorite-cash,KXMIDTERMMOV-COSEND-P20,KXMIDTERMMOV,enter,YES,1.5,0.68,0.0229,,yes_ask,yes
2026-09-22,favorite-cash,KXMIDTERMMOV-FL02R-P4,KXMIDTERMMOV,enter,YES,2,0.79,0.0233,,yes_ask,yes
2026-09-22,favorite-cash,KXMIDTERMMOV-GA06D-P50,KXMIDTERMMOV,enter,YES,12.5,0.72,0.1764,,yes_ask,yes
2026-09-22,favorite-cash,KXMIDTERMMOV-GA10R-P10,KXMIDTERMMOV,enter,YES,11.2,0.77,0.1389,,yes_ask,yes
2026-09-22,favorite-cash,KXMIDTERMMOV-IAGOVD-P3,KXMIDTERMMOV,enter,YES,58.7,0.69,0.879,,yes_ask,yes
2026-09-22,favorite-cash,KXMIDTERMMOV-IL01D-P26,KXMIDTERMMOV,enter,YES,5,0.973,0.0092,,yes_ask,yes
2026-09-22,favorite-cash,KXMIDTERMMOV-LASENR-P11,KXMIDTERMMOV,enter,YES,20,0.81,0.2155,,yes_ask,yes
2026-09-22,favorite-cash,KXMIDTERMMOV-MA02D-P44,KXMIDTERMMOV,enter,YES,20.5,0.904,0.1246,,yes_ask,yes
2026-09-22,favorite-cash,KXMIDTERMMOV-MA05D-P42,KXMIDTERMMOV,enter,YES,0.5,0.998,0.0001,,yes_ask,yes
2026-09-22,favorite-cash,KXMIDTERMMOV-MA05D-P45,KXMIDTERMMOV,enter,YES,6.5,0.979,0.0094,,yes_ask,yes
2026-09-22,favorite-cash,KXMIDTERMMOV-MA05D-P48,KXMIDTERMMOV,enter,YES,28.5,0.979,0.0411,,yes_ask,yes
2026-09-22,favorite-cash,KXMIDTERMMOV-MA05D-P51,KXMIDTERMMOV,enter,YES,94.25,0.969,0.1982,,yes_ask,yes
2026-09-22,favorite-cash,KXMIDTERMMOV-MA05D-P54,KXMIDTERMMOV,enter,YES,136.7,0.967,0.3054,,yes_ask,yes
2026-09-22,favorite-cash,KXMIDTERMMOV-MA05D-P57,KXMIDTERMMOV,enter,YES,52.9,0.968,0.1148,,yes_ask,yes
2026-09-22,favorite-cash,KXMIDTERMMOV-MA05D-P60,KXMIDTERMMOV,enter,YES,104.6,0.968,0.2269,,yes_ask,yes
2026-09-22,favorite-cash,KXMIDTERMMOV-MA05D-P63,KXMIDTERMMOV,enter,YES,224.05,0.949,0.7591,,yes_ask,yes
2026-09-22,favorite-cash,KXMIDTERMMOV-MISEND-P1,KXMIDTERMMOV,enter,YES,31.86,0.67,0.4931,,yes_ask,yes
2026-09-22,favorite-cash,KXMIDTERMMOV-MO02R-P3,KXMIDTERMMOV,enter,YES,8.6,0.66,0.1351,,yes_ask,yes
2026-09-22,favorite-cash,KXMIDTERMMOV-MO06R-P27,KXMIDTERMMOV,enter,YES,2.5,0.72,0.0353,,yes_ask,yes
2026-09-22,favorite-cash,KXMIDTERMMOV-NY09D-P41,KXMIDTERMMOV,enter,YES,4.2,0.84,0.0396,,yes_ask,yes
2026-09-22,favorite-cash,KXMIDTERMMOV-NY11R-P9,KXMIDTERMMOV,enter,YES,4,0.75,0.0525,,yes_ask,yes
2026-09-22,favorite-cash,KXMIDTERMMOV-SCGOVR-P10,KXMIDTERMMOV,enter,YES,1.55,0.77,0.0193,,yes_ask,yes
2026-09-22,favorite-cash,KXMIDTERMMOV-SCGOVR-P7,KXMIDTERMMOV,enter,YES,2.73,0.85,0.0244,,yes_ask,yes
2026-09-22,favorite-cash,KXMIDTERMMOV-SDGOVR-P18,KXMIDTERMMOV,enter,YES,1.13,0.77,0.0141,,yes_ask,yes
2026-09-22,favorite-cash,KXMIDTERMMOV-WA05R-P5,KXMIDTERMMOV,enter,YES,0.3,0.72,0.0043,,yes_ask,yes
2026-09-22,favorite-cash,KXMIDTERMVOTETURN-CA08-164000,KXMIDTERMVOTETURN,enter,YES,87.3,0.94,0.3447,,yes_ask,yes
2026-09-22,favorite-cash,KXMIDTERMVOTETURN-CA18-129000,KXMIDTERMVOTETURN,enter,YES,80,0.78,0.961,,yes_ask,yes
2026-09-22,favorite-cash,KXMIDTERMVOTETURN-CA19-210000,KXMIDTERMVOTETURN,enter,YES,40,0.83,0.3951,,yes_ask,yes
2026-09-22,favorite-cash,KXMIDTERMVOTETURN-CA19-220000,KXMIDTERMVOTETURN,enter,YES,20,0.79,0.2323,,yes_ask,yes
2026-09-22,favorite-cash,KXMIDTERMVOTETURN-CA42-173000,KXMIDTERMVOTETURN,enter,YES,260,0.94,1.0265,,yes_ask,yes
2026-09-22,favorite-cash,KXMIDTERMVOTETURN-CA48-210000,KXMIDTERMVOTETURN,enter,YES,40,0.69,0.599,,yes_ask,yes
2026-09-22,favorite-cash,KXMIDTERMVOTETURN-ILSEN-3700000,KXMIDTERMVOTETURN,enter,YES,6.68,0.79,0.0776,,yes_ask,yes
2026-09-22,favorite-cash,KXMIDTERMVOTETURN-MNSEN-2200000,KXMIDTERMVOTETURN,enter,YES,20,0.87,0.1584,,yes_ask,yes
2026-09-22,favorite-cash,KXMIDTERMVOTETURN-MNSEN-2400000,KXMIDTERMVOTETURN,enter,YES,5,0.72,0.0706,,yes_ask,yes
2026-09-22,favorite-cash,KXMIDTERMVOTETURN-MO05-250000,KXMIDTERMVOTETURN,enter,YES,1.26,0.7,0.0186,,yes_ask,yes
2026-09-22,favorite-cash,KXMIDTERMVOTETURN-NYGOV-5800000,KXMIDTERMVOTETURN,enter,YES,24.5,0.88,0.1812,,yes_ask,yes
2026-09-22,favorite-cash,KXMIDTERMVOTETURN-WA03-330000,KXMIDTERMVOTETURN,enter,YES,3,0.72,0.0424,,yes_ask,yes
2026-09-22,favorite-cash,KXMISENGOVCOMBO-26NOV-DEMDEM,KXMISENGOVCOMBO,enter,YES,137.09,0.69,2.0527,,yes_ask,yes
2026-09-22,favorite-cash,KXREDISTRICTING-26-NC,KXREDISTRICTING,enter,YES,77.99,0.979,0.1123,,yes_ask,yes
2026-09-22,favorite-cash,KXRSENATEWON-26NOV03-AL15,KXRSENATEWON,enter,YES,55,0.89,0.377,,yes_ask,yes
2026-09-22,favorite-cash,KXRSENATEWON-26NOV03-AL16,KXRSENATEWON,enter,YES,55,0.71,0.7928,,yes_ask,yes
2026-09-22,favorite-cash,KXSECSTATEND-26NOV03-MHOW,KXSECSTATEND,enter,YES,0.1,0.95,0.0004,,yes_ask,yes
2026-09-22,favorite-cash,KXSECSTATEWI-26-D,KXSECSTATEWI,enter,YES,0.1,0.85,0.0009,,yes_ask,yes
2026-09-22,favorite-cash,KXSTATEBALLOTMEASURE-CO-I108,KXSTATEBALLOTMEASURE,enter,YES,16.57,0.73,0.2287,,yes_ask,yes
2026-09-22,favorite-cash,KXSTATELEG-WISEN26-D,KXSTATELEG,enter,YES,1,0.8,0.0112,,yes_ask,yes
2026-09-22,favorite-cash,KXTRUMPDEMDISTRICTS-26NOV03-AL19,KXTRUMPDEMDISTRICTS,enter,YES,20,0.92,0.1031,,yes_ask,yes
2026-09-22,favorite-cash,KXTRUMPDEMDISTRICTS-26NOV03-AL22,KXTRUMPDEMDISTRICTS,enter,YES,20,0.86,0.1686,,yes_ask,yes
2026-09-22,favorite-cash,KXVOTECOUNTY-GOVPARTYFL26MIAMIDADEBDON-46,KXVOTECOUNTY,enter,YES,20.5,0.88,0.1516,,yes_ask,yes
2026-09-22,favorite-cash,KXVOTEGENERAL-GOVPARTYAZ-26KHOB-50,KXVOTEGENERAL,enter,YES,10.6,0.89,0.0727,,yes_ask,yes
2026-09-22,favorite-cash,KXVOTEGENERAL-GOVPARTYFL-26BDON-48,KXVOTEGENERAL,enter,YES,20.5,0.87,0.1623,,yes_ask,yes
2026-09-22,favorite-cash,KXVOTEGENERAL-GOVPARTYMI-26JBEN-50,KXVOTEGENERAL,enter,YES,2.21,0.94,0.0088,,yes_ask,yes
2026-09-22,favorite-cash,KXVOTEGENERAL-GOVPARTYNH-28KAYO-52,KXVOTEGENERAL,enter,YES,0.5,0.73,0.0069,,yes_ask,yes
2026-09-22,favorite-cash,KXVOTEGENERAL-GOVPARTYSC-26JJOH-40,KXVOTEGENERAL,enter,YES,14.2,0.74,0.1913,,yes_ask,yes
2026-09-22,favorite-cash,KXVOTEGENERAL-GOVPARTYTN-26MBLA-56,KXVOTEGENERAL,enter,YES,0.5,0.8,0.0056,,yes_ask,yes
2026-09-22,favorite-cash,KXVOTEGENERAL-GOVPARTYTN-26MBLA-58,KXVOTEGENERAL,enter,YES,0.5,0.7,0.0074,,yes_ask,yes
2026-09-22,favorite-cash,KXVOTEGENERAL-KXHOUSEMO5-26ECLE-48,KXVOTEGENERAL,enter,YES,1,0.96,0.0027,,yes_ask,yes
2026-09-22,favorite-cash,KXVOTEGENERAL-KXHOUSEMO5-26ECLE-50,KXVOTEGENERAL,enter,YES,1,0.92,0.0052,,yes_ask,yes
2026-09-22,favorite-cash,KXVOTEGENERAL-KXHOUSEMO5-26ECLE-54,KXVOTEGENERAL,enter,YES,22,0.82,0.2274,,yes_ask,yes
2026-09-22,favorite-cash,KXVOTEGENERAL-KXHOUSEMO5-26ECLE-56,KXVOTEGENERAL,enter,YES,0.5,0.74,0.0068,,yes_ask,yes
2026-09-22,favorite-cash,KXVOTEGENERAL-KXHOUSERACE-GA05-26NWIL-86,KXVOTEGENERAL,enter,YES,1.7,0.79,0.0198,,yes_ask,yes
2026-09-22,favorite-cash,KXVOTEGENERAL-KXHOUSERACE-ID01-26RFUL-62,KXVOTEGENERAL,enter,YES,0.5,0.86,0.0043,,yes_ask,yes
2026-09-22,favorite-cash,KXVOTEGENERAL-KXHOUSERACE-LA05-26DMCK-14,KXVOTEGENERAL,enter,YES,20.5,0.75,0.2691,,yes_ask,yes
2026-09-22,favorite-cash,KXVOTEGENERAL-KXHOUSERACE-MO02-26FWEL-38,KXVOTEGENERAL,enter,YES,2,0.94,0.0079,,yes_ask,yes
2026-09-22,favorite-cash,KXVOTEGENERAL-KXHOUSERACE-MO02-26FWEL-40,KXVOTEGENERAL,enter,YES,2.5,0.93,0.0114,,yes_ask,yes
2026-09-22,favorite-cash,KXVOTEGENERAL-KXHOUSERACE-WV01-26CMIL-66,KXVOTEGENERAL,enter,YES,20.5,0.76,0.2618,,yes_ask,yes
2026-09-22,favorite-cash,KXVOTEGENERAL-KXHOUSEUT03-26CEAS-1,KXVOTEGENERAL,enter,YES,20,0.92,0.1031,,yes_ask,yes
2026-09-22,favorite-cash,KXVOTEGENERAL-KXHOUSEUT03-26CEAS-2,KXVOTEGENERAL,enter,YES,40,0.76,0.5108,,yes_ask,yes
2026-09-22,favorite-cash,KXVOTEGENERAL-SENATEAK-26DJSUL-2,KXVOTEGENERAL,enter,YES,0.2,0.9,0.0013,,yes_ask,yes
2026-09-22,favorite-cash,KXVOTEGENERAL-SENATEAK-26MPEL-48,KXVOTEGENERAL,enter,YES,41.5,0.7,0.6101,,yes_ask,yes
2026-09-22,favorite-cash,KXVOTEGENERAL-SENATELA-26ABAR-56,KXVOTEGENERAL,enter,YES,0.5,0.77,0.0062,,yes_ask,yes
2026-09-22,favorite-cash,KXVOTEGENERAL-SENATEMT26ABAN-10,KXVOTEGENERAL,enter,YES,1,0.95,0.0034,,yes_ask,yes
2026-09-22,favorite-cash,KXVOTEGENERAL-SENATEMT26SBOD-20,KXVOTEGENERAL,enter,YES,14,0.99,0.0098,,yes_ask,yes
2026-09-22,favorite-cash,KXVOTEGENERAL-SENATEMT26SBOD-35,KXVOTEGENERAL,enter,YES,10,0.75,0.1313,,yes_ask,yes
2026-09-22,favorite-cash,KXVOTEGENERAL-SENATEOHS-26SBRO-46,KXVOTEGENERAL,enter,YES,0.05,0.91,0.0003,,yes_ask,yes
2026-09-22,favorite-cash,KXVOTEGENERAL-SENATEOHS-26SBRO-48,KXVOTEGENERAL,enter,YES,4.5,0.76,0.0575,,yes_ask,yes
2026-09-22,favorite-cash,KXVOTEGENERAL-SENATETX-26JTAL-48,KXVOTEGENERAL,enter,YES,5.4,0.69,0.0809,,yes_ask,yes
2026-09-23,favorite-cash,GOVPARTYMD-26-D,GOVPARTYMD,enter,YES,0.1,0.979,0.0002,,yes_ask,yes
2026-09-23,favorite-cash,HOUSECA41-26-D,HOUSECA41,enter,YES,10.29,0.99,0.0072,,yes_ask,yes
2026-09-23,favorite-cash,HOUSEPA8-26-D,HOUSEPA8,enter,YES,15.4,0.66,0.242,,yes_ask,yes
2026-09-23,favorite-cash,KXAOCRUN-28-27OCT01,KXAOCRUN,enter,YES,0.7,0.71,0.0101,,yes_ask,yes
2026-09-23,favorite-cash,KXATTYGENCO-26-D,KXATTYGENCO,enter,YES,0.11,0.951,0.0004,,yes_ask,yes
2026-09-23,favorite-cash,KXATTYGENTX-26-R,KXATTYGENTX,enter,YES,0.1,0.81,0.0011,,yes_ask,yes
2026-09-23,favorite-cash,KXBLUETRICKLECOMBO-27FEB-215H48S,KXBLUETRICKLECOMBO,enter,YES,245,0.93,1.1165,,yes_ask,yes
2026-09-23,favorite-cash,KXCABALLOTMEASURES-26NOV03-PR03,KXCABALLOTMEASURES,enter,YES,40,0.76,0.5108,,yes_ask,yes
2026-09-23,favorite-cash,KXCABALLOTMEASURES-26NOV03-PR38,KXCABALLOTMEASURES,enter,YES,101.2,0.94,0.3996,,yes_ask,yes
2026-09-23,favorite-cash,KXCAELECTION-2612-LSIM,KXCAELECTION,enter,YES,5.24,0.95,0.0175,,yes_ask,yes
2026-09-23,favorite-cash,KXDHOUSEWON-26NOV03-AL218,KXDHOUSEWON,enter,YES,0.11,0.9,0.0007,,yes_ask,yes
2026-09-23,favorite-cash,KXDHOUSEWON-26NOV03-AL222,KXDHOUSEWON,enter,YES,1.81,0.86,0.0153,,yes_ask,yes
2026-09-23,favorite-cash,KXDHOUSEWON-26NOV03-AL226,KXDHOUSEWON,enter,YES,336.56,0.81,3.6258,,yes_ask,yes
2026-09-23,favorite-cash,KXDHOUSEWON-26NOV03-AL230,KXDHOUSEWON,enter,YES,90,0.68,1.3709,,yes_ask,yes
2026-09-23,favorite-cash,KXGENERALCOUNTY-GOVPARTYNY-26-DUTC,KXGENERALCOUNTY,enter,YES,0.5,0.9,0.0032,,yes_ask,yes
2026-09-23,favorite-cash,KXGENERALCOUNTY-SENATEFLS-26-HIL,KXGENERALCOUNTY,enter,YES,4.25,0.73,0.0587,,yes_ask,yes
2026-09-23,favorite-cash,KXGENERALCOUNTY-SENATEMI-26-GEN,KXGENERALCOUNTY,enter,YES,16.8,0.86,0.1416,,yes_ask,yes
2026-09-23,favorite-cash,KXGENERALCOUNTY-SENATETX-26-BAST,KXGENERALCOUNTY,enter,YES,3.1,0.9,0.0196,,yes_ask,yes
2026-09-23,favorite-cash,KXHOUSERACE-AL01-26-R,KXHOUSERACE,enter,YES,2.54,0.981,0.0034,,yes_ask,yes
2026-09-23,favorite-cash,KXHOUSERACE-GA11-26-R,KXHOUSERACE,enter,YES,7,0.972,0.0134,,yes_ask,yes
2026-09-23,favorite-cash,KXHOUSERACE-TN02-26-R,KXHOUSERACE,enter,YES,0.88,0.959,0.0025,,yes_ask,yes
2026-09-23,favorite-cash,KXHOUSERACE-TX17-26-R,KXHOUSERACE,enter,YES,1.02,0.957,0.003,,yes_ask,yes
2026-09-23,favorite-cash,KXHOUSEWINSTATE-SCD-E1,KXHOUSEWINSTATE,enter,YES,13.1,0.75,0.172,,yes_ask,yes
2026-09-23,favorite-cash,KXMIDTERMMOV-AZ03D-P48,KXMIDTERMMOV,enter,YES,5.5,0.979,0.008,,yes_ask,yes
2026-09-23,favorite-cash,KXMIDTERMMOV-AZ03D-P51,KXMIDTERMMOV,enter,YES,5.5,0.992,0.0031,,yes_ask,yes
2026-09-23,favorite-cash,KXMIDTERMMOV-AZ03D-P54,KXMIDTERMMOV,enter,YES,5.5,0.982,0.0069,,yes_ask,yes
2026-09-23,favorite-cash,KXMIDTERMMOV-AZ03D-P57,KXMIDTERMMOV,enter,YES,5.5,0.968,0.012,,yes_ask,yes
2026-09-23,favorite-cash,KXMIDTERMMOV-AZ03D-P60,KXMIDTERMMOV,enter,YES,45.5,0.92,0.2345,,yes_ask,yes
2026-09-23,favorite-cash,KXMIDTERMMOV-CAGOVD-P12,KXMIDTERMMOV,enter,YES,4.62,0.968,0.0101,,yes_ask,yes
2026-09-23,favorite-cash,KXMIDTERMMOV-CAGOVD-P15,KXMIDTERMMOV,enter,YES,2.74,0.903,0.0168,,yes_ask,yes
2026-09-23,favorite-cash,KXMIDTERMMOV-COGOVD-P12,KXMIDTERMMOV,enter,YES,1,0.88,0.0074,,yes_ask,yes
2026-09-23,favorite-cash,KXMIDTERMMOV-COGOVD-P15,KXMIDTERMMOV,enter,YES,0.82,0.83,0.0081,,yes_ask,yes
2026-09-23,favorite-cash,KXMIDTERMMOV-COGOVD-P18,KXMIDTERMMOV,enter,YES,0.5,0.74,0.0068,,yes_ask,yes
2026-09-23,favorite-cash,KXMIDTERMMOV-CTGOVD-P11,KXMIDTERMMOV,enter,YES,1,0.89,0.0069,,yes_ask,yes
2026-09-23,favorite-cash,KXMIDTERMMOV-CTGOVD-P17,KXMIDTERMMOV,enter,YES,40,0.84,0.3764,,yes_ask,yes
2026-09-23,favorite-cash,KXMIDTERMMOV-GASEND-P4,KXMIDTERMMOV,enter,YES,234,0.84,2.2015,,yes_ask,yes
2026-09-23,favorite-cash,KXMIDTERMMOV-MESEND-P1,KXMIDTERMMOV,enter,YES,10.61,0.7,0.156,,yes_ask,yes
2026-09-23,favorite-cash,KXMIDTERMMOV-NC14R-P1,KXMIDTERMMOV,enter,YES,5,0.86,0.0422,,yes_ask,yes
2026-09-23,favorite-cash,KXMIDTERMMOV-NYGOVD-P7,KXMIDTERMMOV,enter,YES,40,0.83,0.3951,,yes_ask,yes
2026-09-23,favorite-cash,KXMIDTERMMOV-PA03D-P79,KXMIDTERMMOV,enter,YES,20,0.919,0.1043,,yes_ask,yes
2026-09-23,favorite-cash,KXMIDTERMMOV-PA03D-P88,KXMIDTERMMOV,enter,YES,40,0.79,0.4646,,yes_ask,yes
2026-09-23,favorite-cash,KXMIDTERMMOV-SC07R-P9,KXMIDTERMMOV,enter,YES,20,0.86,0.1686,,yes_ask,yes
2026-09-23,favorite-cash,KXMIDTERMMOV-VA02D-P2,KXMIDTERMMOV,enter,YES,10,0.74,0.1347,,yes_ask,yes
2026-09-23,favorite-cash,KXMIDTERMVOTETURN-WA03-320000,KXMIDTERMVOTETURN,enter,YES,3,0.86,0.0253,,yes_ask,yes
2026-09-23,favorite-cash,KXRHOUSEWON-26NOV03-AL182,KXRHOUSEWON,enter,YES,145.8,0.9,0.9186,,yes_ask,yes
2026-09-23,favorite-cash,KXRHOUSEWON-26NOV03-AL186,KXRHOUSEWON,enter,YES,3.38,0.84,0.0318,,yes_ask,yes
2026-09-23,favorite-cash,KXRHOUSEWON-26NOV03-AL190,KXRHOUSEWON,enter,YES,209.92,0.84,1.975,,yes_ask,yes
2026-09-23,favorite-cash,KXRHOUSEWON-26NOV03-AL194,KXRHOUSEWON,enter,YES,224,0.72,3.1611,,yes_ask,yes
2026-09-23,favorite-cash,KXSTATEBALLOTMEASURE-OK-SQ845,KXSTATEBALLOTMEASURE,enter,YES,0.5,0.95,0.0017,,yes_ask,yes
2026-09-23,favorite-cash,KXSTATELEG-FLHOUS26-R,KXSTATELEG,enter,YES,0.43,0.97,0.0009,,yes_ask,yes
2026-09-23,favorite-cash,KXSTATELEG-TXSENA26-R,KXSTATELEG,enter,YES,0.46,0.97,0.001,,yes_ask,yes
2026-09-23,favorite-cash,KXVOTECOUNTY-SENATETX26COLLINJTAL-48,KXVOTECOUNTY,enter,YES,20,0.88,0.1479,,yes_ask,yes
2026-09-23,favorite-cash,KXVOTECOUNTY-SENATETX26TARRANTJTAL-52,KXVOTECOUNTY,enter,YES,20,0.76,0.2554,,yes_ask,yes
2026-09-23,favorite-cash,KXVOTEGENERAL-GOVPARTYGA-26KBOT-50,KXVOTEGENERAL,enter,YES,0.2,0.7,0.003,,yes_ask,yes
2026-09-23,favorite-cash,KXVOTEGENERAL-HOUSEMI10-26MBOU-46,KXVOTEGENERAL,enter,YES,1.38,0.7,0.0203,,yes_ask,yes
2026-09-23,favorite-cash,KXVOTEGENERAL-HOUSETX15-26MCRU-50,KXVOTEGENERAL,enter,YES,2.34,0.97,0.0048,,yes_ask,yes
2026-09-23,favorite-cash,KXVOTEGENERAL-HOUSEWA3-26JBRA-42,KXVOTEGENERAL,enter,YES,0.2,0.84,0.0019,,yes_ask,yes
2026-09-23,favorite-cash,KXVOTEGENERAL-KXHOUSERACE-MO02-26FWEL-42,KXVOTEGENERAL,enter,YES,0.5,0.86,0.0043,,yes_ask,yes
2026-09-23,favorite-cash,KXVOTEGENERAL-KXHOUSERACE-MO02-26FWEL-44,KXVOTEGENERAL,enter,YES,1.5,0.68,0.0229,,yes_ask,yes
2026-09-23,favorite-cash,KXVOTEGENERAL-KXHOUSERACE-VA06-26BCLI-54,KXVOTEGENERAL,enter,YES,1.1,0.9,0.007,,yes_ask,yes
2026-09-23,favorite-cash,SENATECO-26-D,SENATECO,enter,YES,83.4,0.989,0.0636,,yes_ask,yes
2026-09-24,favorite-cash,HOUSECT5-26-D,HOUSECT5,enter,YES,136.2,0.961,0.3574,,yes_ask,yes
2026-09-24,favorite-cash,HOUSENY17-26-D,HOUSENY17,enter,YES,860.44,0.67,13.3171,,yes_ask,yes
2026-09-24,favorite-cash,KXDFGOV-26OCT25-CLEA,KXDFGOV,enter,YES,16.9,0.87,0.1338,,yes_ask,yes
2026-09-24,favorite-cash,KXDHOUSESEATSDIR-27-A232,KXDHOUSESEATSDIR,enter,YES,20.56,0.75,0.2699,,yes_ask,yes
2026-09-24,favorite-cash,KXDHOUSEWON-26NOV03-AL210,KXDHOUSEWON,enter,YES,185.6,0.98,0.2547,,yes_ask,yes
2026-09-24,favorite-cash,KXDHOUSEWON-26NOV03-AL214,KXDHOUSEWON,enter,YES,174.43,0.97,0.3554,,yes_ask,yes
2026-09-24,favorite-cash,KXGENERALCOUNTY-GOVPARTYNY-26-SARA,KXGENERALCOUNTY,enter,YES,0.5,0.89,0.0035,,yes_ask,yes
2026-09-24,favorite-cash,KXHOUSERACE-AL05-26-R,KXHOUSERACE,enter,YES,1,0.952,0.0032,,yes_ask,yes
2026-09-24,favorite-cash,KXHOUSERACE-AZ09-26-R,KXHOUSERACE,enter,YES,0.61,0.967,0.0014,,yes_ask,yes
2026-09-24,favorite-cash,KXHOUSERACE-CA08-26-D,KXHOUSERACE,enter,YES,1,0.979,0.0015,,yes_ask,yes
2026-09-24,favorite-cash,KXHOUSERACE-CA15-26-D,KXHOUSERACE,enter,YES,1,0.977,0.0016,,yes_ask,yes
2026-09-24,favorite-cash,KXHOUSERACE-CA17-26-D,KXHOUSERACE,enter,YES,1,0.987,0.0009,,yes_ask,yes
2026-09-24,favorite-cash,KXHOUSERACE-CA23-26-R,KXHOUSERACE,enter,YES,0.7,0.951,0.0023,,yes_ask,yes
2026-09-24,favorite-cash,KXHOUSERACE-CA38-26-D,KXHOUSERACE,enter,YES,0.2,0.986,0.0002,,yes_ask,yes
2026-09-24,favorite-cash,KXHOUSERACE-CA46-26-D,KXHOUSERACE,enter,YES,0.1,0.969,0.0003,,yes_ask,yes
2026-09-24,favorite-cash,KXHOUSERACE-CA50-26-D,KXHOUSERACE,enter,YES,0.2,0.979,0.0003,,yes_ask,yes
2026-09-24,favorite-cash,KXHOUSERACE-FL10-26-D,KXHOUSERACE,enter,YES,5,0.997,0.0011,,yes_ask,yes
2026-09-24,favorite-cash,KXHOUSERACE-FL20-26-D,KXHOUSERACE,enter,YES,10,0.976,0.0164,,yes_ask,yes
2026-09-24,favorite-cash,KXHOUSERACE-FL26-26-R,KXHOUSERACE,enter,YES,0.7,0.909,0.0041,,yes_ask,yes
2026-09-24,favorite-cash,KXHOUSERACE-IN05-26-R,KXHOUSERACE,enter,YES,103.03,0.85,0.9196,,yes_ask,yes
2026-09-24,favorite-cash,KXHOUSERACE-KS04-26-R,KXHOUSERACE,enter,YES,0.5,0.946,0.0018,,yes_ask,yes
2026-09-24,favorite-cash,KXHOUSERACE-KY02-26-R,KXHOUSERACE,enter,YES,1,0.956,0.003,,yes_ask,yes
2026-09-24,favorite-cash,KXHOUSERACE-LA02-26-D,KXHOUSERACE,enter,YES,0.2,0.995,0.0001,,yes_ask,yes
2026-09-24,favorite-cash,KXHOUSERACE-MA02-26-D,KXHOUSERACE,enter,YES,0.5,0.978,0.0008,,yes_ask,yes
2026-09-24,favorite-cash,KXHOUSERACE-MD03-26-D,KXHOUSERACE,enter,YES,0.5,0.969,0.0011,,yes_ask,yes
2026-09-24,favorite-cash,KXHOUSERACE-MI09-26-R,KXHOUSERACE,enter,YES,6.86,0.968,0.0149,,yes_ask,yes
2026-09-24,favorite-cash,KXHOUSERACE-MN07-26-R,KXHOUSERACE,enter,YES,0.8,0.973,0.0015,,yes_ask,yes
2026-09-24,favorite-cash,KXHOUSERACE-NH02-26-D,KXHOUSERACE,enter,YES,41.9,0.91,0.2403,,yes_ask,yes
2026-09-24,favorite-cash,KXHOUSERACE-NY11-26-R,KXHOUSERACE,enter,YES,3.68,0.961,0.0097,,yes_ask,yes
2026-09-24,favorite-cash,KXHOUSERACE-NY24-26-R,KXHOUSERACE,enter,YES,0.5,0.949,0.0017,,yes_ask,yes
2026-09-24,favorite-cash,KXHOUSERACE-OH06-26-R,KXHOUSERACE,enter,YES,0.5,0.963,0.0013,,yes_ask,yes
2026-09-24,favorite-cash,KXHOUSERACE-OK01-26-R,KXHOUSERACE,enter,YES,0.5,0.933,0.0022,,yes_ask,yes
2026-09-24,favorite-cash,KXHOUSERACE-PA15-26-R,KXHOUSERACE,enter,YES,0.2,0.972,0.0004,,yes_ask,yes
2026-09-24,favorite-cash,KXHOUSERACE-SC04-26-R,KXHOUSERACE,enter,YES,0.5,0.953,0.0016,,yes_ask,yes
2026-09-24,favorite-cash,KXHOUSERACE-TN03-26-R,KXHOUSERACE,enter,YES,0.7,0.972,0.0014,,yes_ask,yes
2026-09-24,favorite-cash,KXHOUSERACE-TX12-26-R,KXHOUSERACE,enter,YES,0.4,0.96,0.0011,,yes_ask,yes
2026-09-24,favorite-cash,KXHOUSERACE-WA04-26-R,KXHOUSERACE,enter,YES,0.8,0.936,0.0034,,yes_ask,yes
2026-09-24,favorite-cash,KXHOUSEUT03-26-R,KXHOUSEUT03,enter,YES,15,0.94,0.0593,,yes_ask,yes
2026-09-24,favorite-cash,KXMIDTERMMOV-AL05R-P10,KXMIDTERMMOV,enter,YES,7.4,0.81,0.0798,,yes_ask,yes
2026-09-24,favorite-cash,KXMIDTERMMOV-AL05R-P13,KXMIDTERMMOV,enter,YES,0.5,0.74,0.0068,,yes_ask,yes
2026-09-24,favorite-cash,KXMIDTERMMOV-ARSEN-P10,KXMIDTERMMOV,enter,YES,0.84,0.76,0.0108,,yes_ask,yes
2026-09-24,favorite-cash,KXMIDTERMMOV-ARSEN-P12,KXMIDTERMMOV,enter,YES,1.22,0.7,0.018,,yes_ask,yes
2026-09-24,favorite-cash,KXMIDTERMMOV-ARSEN-P2,KXMIDTERMMOV,enter,YES,2.16,0.975,0.0037,,yes_ask,yes
2026-09-24,favorite-cash,KXMIDTERMMOV-ARSEN-P6,KXMIDTERMMOV,enter,YES,2.25,0.89,0.0155,,yes_ask,yes
2026-09-24,favorite-cash,KXMIDTERMMOV-ARSEN-P8,KXMIDTERMMOV,enter,YES,1.01,0.82,0.0105,,yes_ask,yes
2026-09-24,favorite-cash,KXMIDTERMMOV-AZGOVD-P2,KXMIDTERMMOV,enter,YES,10,0.9,0.063,,yes_ask,yes
2026-09-24,favorite-cash,KXMIDTERMMOV-CA03D-P14,KXMIDTERMMOV,enter,YES,1.5,0.91,0.0086,,yes_ask,yes
2026-09-24,favorite-cash,KXMIDTERMMOV-CA03D-P17,KXMIDTERMMOV,enter,YES,1.1,0.82,0.0114,,yes_ask,yes
2026-09-24,favorite-cash,KXMIDTERMMOV-COSEND-P18,KXMIDTERMMOV,enter,YES,30.5,0.8,0.3416,,yes_ask,yes
2026-09-24,favorite-cash,KXMIDTERMMOV-FL24D-P35,KXMIDTERMMOV,enter,YES,4.7,0.67,0.0728,,yes_ask,yes
2026-09-24,favorite-cash,KXMIDTERMMOV-FLSENR-P2,KXMIDTERMMOV,enter,YES,61.19,0.84,0.5757,,yes_ask,yes
2026-09-24,favorite-cash,KXMIDTERMMOV-GA06D-P47,KXMIDTERMMOV,enter,YES,2.2,0.78,0.0265,,yes_ask,yes
2026-09-24,favorite-cash,KXMIDTERMMOV-HI02D-P20,KXMIDTERMMOV,enter,YES,5,0.999,0.0004,,yes_ask,yes
2026-09-24,favorite-cash,KXMIDTERMMOV-HI02D-P23,KXMIDTERMMOV,enter,YES,5,0.967,0.0112,,yes_ask,yes
2026-09-24,favorite-cash,KXMIDTERMMOV-HI02D-P26,KXMIDTERMMOV,enter,YES,5,0.91,0.0287,,yes_ask,yes
2026-09-24,favorite-cash,KXMIDTERMMOV-HI02D-P29,KXMIDTERMMOV,enter,YES,5.5,0.84,0.0518,,yes_ask,yes
2026-09-24,favorite-cash,KXMIDTERMMOV-HI02D-P32,KXMIDTERMMOV,enter,YES,5.5,0.74,0.0741,,yes_ask,yes
2026-09-24,favorite-cash,KXMIDTERMMOV-IA01D-P3,KXMIDTERMMOV,enter,YES,20,0.8,0.224,,yes_ask,yes
2026-09-24,favorite-cash,KXMIDTERMMOV-LASENR-P13,KXMIDTERMMOV,enter,YES,20,0.74,0.2694,,yes_ask,yes
2026-09-24,favorite-cash,KXMIDTERMMOV-MD06D-P6,KXMIDTERMMOV,enter,YES,1.8,0.9,0.0114,,yes_ask,yes
2026-09-24,favorite-cash,KXMIDTERMMOV-MTSENR-P5,KXMIDTERMMOV,enter,YES,0.25,0.71,0.0037,,yes_ask,yes
2026-09-24,favorite-cash,KXMIDTERMMOV-NC04D-P43,KXMIDTERMMOV,enter,YES,2.9,0.84,0.0273,,yes_ask,yes
2026-09-24,favorite-cash,KXMIDTERMMOV-NV01D-P1,KXMIDTERMMOV,enter,YES,75,0.86,0.6321,,yes_ask,yes
2026-09-24,favorite-cash,KXMIDTERMMOV-NV04D-P1,KXMIDTERMMOV,enter,YES,110.5,0.987,0.0993,,yes_ask,yes
2026-09-24,favorite-cash,KXMIDTERMMOV-NY08D-P51,KXMIDTERMMOV,enter,YES,10.8,0.69,0.1618,,yes_ask,yes
2026-09-24,favorite-cash,KXMIDTERMMOV-NY09D-P47,KXMIDTERMMOV,enter,YES,9,0.71,0.1298,,yes_ask,yes
2026-09-24,favorite-cash,KXMIDTERMMOV-NY26D-P26,KXMIDTERMMOV,enter,YES,0.5,0.79,0.0059,,yes_ask,yes
2026-09-24,favorite-cash,KXMIDTERMMOV-RISEND-P25,KXMIDTERMMOV,enter,YES,4,0.73,0.0552,,yes_ask,yes
2026-09-24,favorite-cash,KXMIDTERMMOV-SCSENR-P3,KXMIDTERMMOV,enter,YES,20.33,0.81,0.2191,,yes_ask,yes
2026-09-24,favorite-cash,KXMIDTERMMOV-TX02R-P5,KXMIDTERMMOV,enter,YES,2.5,0.81,0.027,,yes_ask,yes
2026-09-24,favorite-cash,KXMIDTERMMOV-VA06R-P6,KXMIDTERMMOV,enter,YES,0.6,0.83,0.006,,yes_ask,yes
2026-09-24,favorite-cash,KXMIDTERMMOV-VA07D-P14,KXMIDTERMMOV,enter,YES,4.5,0.86,0.038,,yes_ask,yes
2026-09-24,favorite-cash,KXMIDTERMMOV-WV01R-P27,KXMIDTERMMOV,enter,YES,0.6,0.86,0.0051,,yes_ask,yes
2026-09-24,favorite-cash,KXMIDTERMVOTETURN-AKSEN-260000,KXMIDTERMVOTETURN,enter,YES,0.2,0.78,0.0025,,yes_ask,yes
2026-09-24,favorite-cash,KXMIDTERMVOTETURN-KSSEN-1060000,KXMIDTERMVOTETURN,enter,YES,20,0.95,0.0665,,yes_ask,yes
2026-09-24,favorite-cash,KXMIDTERMVOTETURN-NVGOV-970000,KXMIDTERMVOTETURN,enter,YES,5.2,0.88,0.0385,,yes_ask,yes
2026-09-24,favorite-cash,KXMIDTERMVOTETURN-WIGOV-2600000,KXMIDTERMVOTETURN,enter,YES,0.85,0.79,0.0099,,yes_ask,yes
2026-09-24,favorite-cash,KXOHTREASR-26NOV03-JEDW,KXOHTREASR,enter,YES,7.02,0.71,0.1012,,yes_ask,yes
2026-09-24,favorite-cash,KXRENOMAYOR-26-KMAR,KXRENOMAYOR,enter,YES,0.1,0.94,0.0004,,yes_ask,yes
2026-09-24,favorite-cash,KXRSENATEWON-26NOV03-AL14,KXRSENATEWON,enter,YES,469.02,0.94,1.8517,,yes_ask,yes
2026-09-24,favorite-cash,KXRSENATEWON-26NOV03-AL17,KXRSENATEWON,enter,YES,10,0.81,0.1078,,yes_ask,yes
2026-09-24,favorite-cash,KXSECSTATEAZ-26-D,KXSECSTATEAZ,enter,YES,0.4,0.87,0.0032,,yes_ask,yes
2026-09-24,favorite-cash,KXSECSTATENV-26-D,KXSECSTATENV,enter,YES,0.55,0.89,0.0038,,yes_ask,yes
2026-09-24,favorite-cash,KXSTATEBALLOTMEASURE-CO-I85,KXSTATEBALLOTMEASURE,enter,YES,0.22,0.79,0.0026,,yes_ask,yes
2026-09-24,favorite-cash,KXSTATEBALLOTMEASURE-GA-A2,KXSTATEBALLOTMEASURE,enter,YES,0.1,0.83,0.001,,yes_ask,yes
2026-09-24,favorite-cash,KXSTATEBALLOTMEASURE-ID-HJR6,KXSTATEBALLOTMEASURE,enter,YES,1.01,0.96,0.0028,,yes_ask,yes
2026-09-24,favorite-cash,KXVOTECOUNTY-GOVPARTYPA26PHILADELPHIAJSHA-86,KXVOTECOUNTY,enter,YES,21,0.86,0.177,,yes_ask,yes
2026-09-24,favorite-cash,KXVOTEGENERAL-GOVPARTYKS-27TMAS-50,KXVOTEGENERAL,enter,YES,30,0.72,0.4234,,yes_ask,yes
2026-09-24,favorite-cash,KXVOTEGENERAL-HOUSECA3-26ABER-58,KXVOTEGENERAL,enter,YES,0.4,0.82,0.0042,,yes_ask,yes
2026-09-24,favorite-cash,KXVOTEGENERAL-KXHOUSERACE-AL05-26DSTR-56,KXVOTEGENERAL,enter,YES,6.9,0.87,0.0547,,yes_ask,yes
2026-09-24,favorite-cash,KXVOTEGENERAL-KXHOUSERACE-AZ05-26MLAM-50,KXVOTEGENERAL,enter,YES,60,0.9,0.378,,yes_ask,yes
2026-09-24,favorite-cash,KXVOTEGENERAL-KXHOUSERACE-AZ05-26MLAM-52,KXVOTEGENERAL,enter,YES,20,0.67,0.3096,,yes_ask,yes
2026-09-24,favorite-cash,KXVOTEGENERAL-KXHOUSERACE-FL04-26LHOL-42,KXVOTEGENERAL,enter,YES,20,0.78,0.2403,,yes_ask,yes
2026-09-24,favorite-cash,KXVOTEGENERAL-KXHOUSERACE-FL24-26OGIL-68,KXVOTEGENERAL,enter,YES,4.7,0.8,0.0527,,yes_ask,yes
2026-09-24,favorite-cash,KXVOTEGENERAL-KXHOUSERACE-FL24-26OGIL-70,KXVOTEGENERAL,enter,YES,4,0.72,0.0565,,yes_ask,yes
2026-09-24,favorite-cash,KXVOTEGENERAL-KXHOUSERACE-GA06-26LMCB-74,KXVOTEGENERAL,enter,YES,2.2,0.88,0.0163,,yes_ask,yes
2026-09-24,favorite-cash,KXVOTEGENERAL-KXHOUSERACE-HI02-26JTOK-62,KXVOTEGENERAL,enter,YES,4.7,0.96,0.0127,,yes_ask,yes
2026-09-24,favorite-cash,KXVOTEGENERAL-KXHOUSERACE-HI02-26JTOK-64,KXVOTEGENERAL,enter,YES,4.9,0.88,0.0363,,yes_ask,yes
2026-09-24,favorite-cash,KXVOTEGENERAL-KXHOUSERACE-HI02-26JTOK-66,KXVOTEGENERAL,enter,YES,20,0.75,0.2625,,yes_ask,yes
2026-09-24,favorite-cash,KXVOTEGENERAL-KXHOUSERACE-MD02-26DWAL-34,KXVOTEGENERAL,enter,YES,20,0.79,0.2323,,yes_ask,yes
2026-09-24,favorite-cash,KXVOTEGENERAL-KXHOUSERACE-MN01-26JJOH-42,KXVOTEGENERAL,enter,YES,0.5,0.83,0.005,,yes_ask,yes
2026-09-24,favorite-cash,KXVOTEGENERAL-KXHOUSERACE-NC04-26VFOU-72,KXVOTEGENERAL,enter,YES,2.9,0.75,0.0381,,yes_ask,yes
2026-09-24,favorite-cash,KXVOTEGENERAL-KXHOUSERACE-NC12-26AADA-74,KXVOTEGENERAL,enter,YES,3.2,0.78,0.0385,,yes_ask,yes
2026-09-24,favorite-cash,KXVOTEGENERAL-KXHOUSERACE-NY08-26HJEF-76,KXVOTEGENERAL,enter,YES,10.8,0.79,0.1255,,yes_ask,yes
2026-09-24,favorite-cash,KXVOTEGENERAL-KXHOUSERACE-NY09-26YCLA-74,KXVOTEGENERAL,enter,YES,9,0.78,0.1082,,yes_ask,yes
2026-09-24,favorite-cash,KXVOTEGENERAL-KXHOUSERACE-NY26-26TKEN-64,KXVOTEGENERAL,enter,YES,0.5,0.86,0.0043,,yes_ask,yes
2026-09-24,favorite-cash,KXVOTEGENERAL-KXHOUSERACE-NY26-26TKEN-66,KXVOTEGENERAL,enter,YES,1.4,0.78,0.0169,,yes_ask,yes
2026-09-24,favorite-cash,KXVOTEGENERAL-KXHOUSERACE-TN03-26CFLE-60,KXVOTEGENERAL,enter,YES,20,0.76,0.2554,,yes_ask,yes
2026-09-24,favorite-cash,KXVOTEGENERAL-KXHOUSERACE-UT04-26TWRI-2,KXVOTEGENERAL,enter,YES,20,0.71,0.2883,,yes_ask,yes
2026-09-24,favorite-cash,KXVOTEGENERAL-KXHOUSERACE-WV01-26CMIL-64,KXVOTEGENERAL,enter,YES,0.6,0.76,0.0077,,yes_ask,yes
2026-09-24,favorite-cash,KXVOTEGENERAL-SENATEOR-26DSMI-34,KXVOTEGENERAL,enter,YES,10,0.82,0.1034,,yes_ask,yes
2026-09-24,favorite-cash,SENATENM-26-D,SENATENM,enter,YES,0.1,0.974,0.0002,,yes_ask,yes
2026-09-25,favorite-cash,HOUSECA21-26-D,HOUSECA21,enter,YES,0.1,0.957,0.0003,,yes_ask,yes
2026-09-25,favorite-cash,KXATTYGENNV-26-D,KXATTYGENNV,enter,YES,1.94,0.83,0.0192,,yes_ask,yes
2026-09-25,favorite-cash,KXCAELECTION-2629-LRIV,KXCAELECTION,enter,YES,3.4,0.91,0.0195,,yes_ask,yes
2026-09-25,favorite-cash,KXCAELECTION-2637-SKAM,KXCAELECTION,enter,YES,1.7,0.95,0.0057,,yes_ask,yes
2026-09-25,favorite-cash,KXCAWEALTHTAXMOVD-CAWEALTHTAX26NO-NO-P1,KXCAWEALTHTAXMOVD,enter,YES,180,0.74,2.4243,,yes_ask,yes
2026-09-25,favorite-cash,KXDHOUSESEATSDIR-27-A217,KXDHOUSESEATSDIR,enter,YES,0.07,0.92,0.0004,,yes_ask,yes
2026-09-25,favorite-cash,KXENDORSEAOC-26NOV03-CVAL,KXENDORSEAOC,enter,YES,0.1,0.68,0.0016,,yes_ask,yes
2026-09-25,favorite-cash,KXEXITPOLLISSUE-26NOV06-ECON,KXEXITPOLLISSUE,enter,YES,775.88,0.9,4.8881,,yes_ask,yes
2026-09-25,favorite-cash,KXFLEARLYVOTE-26NOV03-AL2200000,KXFLEARLYVOTE,enter,YES,90,0.94,0.3554,,yes_ask,yes
2026-09-25,favorite-cash,KXFLMAILVOTE-26NOV03-AL1400000,KXFLMAILVOTE,enter,YES,30,0.95,0.0998,,yes_ask,yes
2026-09-25,favorite-cash,KXFLSENGOVCOMBO-26NOV-REPREP,KXFLSENGOVCOMBO,enter,YES,50,0.73,0.6899,,yes_ask,yes
2026-09-25,favorite-cash,KXGENERALCOUNTY-SENATETX-26-FTBE,KXGENERALCOUNTY,enter,YES,2,0.94,0.0079,,yes_ask,yes
2026-09-25,favorite-cash,KXHOUSERACE-AL04-26-R,KXHOUSERACE,enter,YES,3.1,0.988,0.0026,,yes_ask,yes
2026-09-25,favorite-cash,KXHOUSERACE-AR04-26-R,KXHOUSERACE,enter,YES,0.2,0.988,0.0002,,yes_ask,yes
2026-09-25,favorite-cash,KXHOUSERACE-AZ07-26-D,KXHOUSERACE,enter,YES,5.6,0.982,0.007,,yes_ask,yes
2026-09-25,favorite-cash,KXHOUSERACE-CA02-26-D,KXHOUSERACE,enter,YES,0.41,0.997,0.0001,,yes_ask,yes
2026-09-25,favorite-cash,KXHOUSERACE-CA06-26-D,KXHOUSERACE,enter,YES,20.12,0.963,0.0502,,yes_ask,yes
2026-09-25,favorite-cash,KXHOUSERACE-CA16-26-D,KXHOUSERACE,enter,YES,0.2,0.996,0.0001,,yes_ask,yes
2026-09-25,favorite-cash,KXHOUSERACE-CA19-26-D,KXHOUSERACE,enter,YES,6.52,0.996,0.0019,,yes_ask,yes
2026-09-25,favorite-cash,KXHOUSERACE-CA24-26-D,KXHOUSERACE,enter,YES,1.12,0.988,0.001,,yes_ask,yes
2026-09-25,favorite-cash,KXHOUSERACE-CA28-26-D,KXHOUSERACE,enter,YES,3.2,0.95,0.0107,,yes_ask,yes
2026-09-25,favorite-cash,KXHOUSERACE-CA31-26-D,KXHOUSERACE,enter,YES,2.71,0.997,0.0006,,yes_ask,yes
2026-09-25,favorite-cash,KXHOUSERACE-CA32-26-D,KXHOUSERACE,enter,YES,0.6,0.985,0.0007,,yes_ask,yes
2026-09-25,favorite-cash,KXHOUSERACE-CA35-26-D,KXHOUSERACE,enter,YES,1,0.996,0.0003,,yes_ask,yes
2026-09-25,favorite-cash,KXHOUSERACE-CA39-26-D,KXHOUSERACE,enter,YES,0.6,0.963,0.0015,,yes_ask,yes
2026-09-25,favorite-cash,KXHOUSERACE-CA42-26-D,KXHOUSERACE,enter,YES,13.1,0.977,0.0207,,yes_ask,yes
2026-09-25,favorite-cash,KXHOUSERACE-CA51-26-D,KXHOUSERACE,enter,YES,7.7,0.997,0.0017,,yes_ask,yes
2026-09-25,favorite-cash,KXHOUSERACE-CO07-26-D,KXHOUSERACE,enter,YES,0.71,0.962,0.0019,,yes_ask,yes
2026-09-25,favorite-cash,KXHOUSERACE-CT03-26-D,KXHOUSERACE,enter,YES,0.14,0.989,0.0002,,yes_ask,yes
2026-09-25,favorite-cash,KXHOUSERACE-FL01-26-R,KXHOUSERACE,enter,YES,5.1,0.968,0.0111,,yes_ask,yes
2026-09-25,favorite-cash,KXHOUSERACE-FL17-26-R,KXHOUSERACE,enter,YES,0.1,0.967,0.0003,,yes_ask,yes
2026-09-25,favorite-cash,KXHOUSERACE-FL24-26-D,KXHOUSERACE,enter,YES,0.6,0.994,0.0003,,yes_ask,yes
2026-09-25,favorite-cash,KXHOUSERACE-FL28-26-R,KXHOUSERACE,enter,YES,1,0.943,0.0038,,yes_ask,yes
2026-09-25,favorite-cash,KXHOUSERACE-GA03-26-R,KXHOUSERACE,enter,YES,0.7,0.959,0.002,,yes_ask,yes
2026-09-25,favorite-cash,KXHOUSERACE-GA07-26-R,KXHOUSERACE,enter,YES,0.6,0.971,0.0012,,yes_ask,yes
2026-09-25,favorite-cash,KXHOUSERACE-HI01-26-D,KXHOUSERACE,enter,YES,0.6,0.997,0.0002,,yes_ask,yes
2026-09-25,favorite-cash,KXHOUSERACE-IL01-26-D,KXHOUSERACE,enter,YES,0.6,0.944,0.0023,,yes_ask,yes
2026-09-25,favorite-cash,KXHOUSERACE-IL02-26-D,KXHOUSERACE,enter,YES,3.7,0.994,0.0016,,yes_ask,yes
2026-09-25,favorite-cash,KXHOUSERACE-IL03-26-D,KXHOUSERACE,enter,YES,3.2,0.99,0.0023,,yes_ask,yes
2026-09-25,favorite-cash,KXHOUSERACE-IL05-26-D,KXHOUSERACE,enter,YES,1.72,0.995,0.0006,,yes_ask,yes
2026-09-25,favorite-cash,KXHOUSERACE-IL07-26-D,KXHOUSERACE,enter,YES,2.3,0.997,0.0005,,yes_ask,yes
2026-09-25,favorite-cash,KXHOUSERACE-IL09-26-D,KXHOUSERACE,enter,YES,5,0.98,0.0069,,yes_ask,yes
2026-09-25,favorite-cash,KXHOUSERACE-IL10-26-D,KXHOUSERACE,enter,YES,1.1,0.988,0.001,,yes_ask,yes
2026-09-25,favorite-cash,KXHOUSERACE-IL11-26-D,KXHOUSERACE,enter,YES,3,0.96,0.0081,,yes_ask,yes
2026-09-25,favorite-cash,KXHOUSERACE-IL12-26-R,KXHOUSERACE,enter,YES,0.8,0.96,0.0022,,yes_ask,yes
2026-09-25,favorite-cash,KXHOUSERACE-IL13-26-D,KXHOUSERACE,enter,YES,0.6,0.979,0.0009,,yes_ask,yes
2026-09-25,favorite-cash,KXHOUSERACE-IL15-26-R,KXHOUSERACE,enter,YES,1.51,0.964,0.0037,,yes_ask,yes
2026-09-25,favorite-cash,KXHOUSERACE-IL16-26-R,KXHOUSERACE,enter,YES,10.28,0.942,0.0394,,yes_ask,yes
2026-09-25,favorite-cash,KXHOUSERACE-IN04-26-R,KXHOUSERACE,enter,YES,0.14,0.951,0.0005,,yes_ask,yes
2026-09-25,favorite-cash,KXHOUSERACE-KY01-26-R,KXHOUSERACE,enter,YES,16.31,0.969,0.0343,,yes_ask,yes
2026-09-25,favorite-cash,KXHOUSERACE-KY03-26-D,KXHOUSERACE,enter,YES,17.03,0.965,0.0403,,yes_ask,yes
2026-09-25,favorite-cash,KXHOUSERACE-KY05-26-R,KXHOUSERACE,enter,YES,0.6,0.992,0.0004,,yes_ask,yes
2026-09-25,favorite-cash,KXHOUSERACE-LA04-26-R,KXHOUSERACE,enter,YES,0.7,0.956,0.0021,,yes_ask,yes
2026-09-25,favorite-cash,KXHOUSERACE-MA03-26-D,KXHOUSERACE,enter,YES,4.4,0.98,0.0061,,yes_ask,yes
2026-09-25,favorite-cash,KXHOUSERACE-MA04-26-D,KXHOUSERACE,enter,YES,0.1,0.988,0.0001,,yes_ask,yes
2026-09-25,favorite-cash,KXHOUSERACE-MA06-26-D,KXHOUSERACE,enter,YES,9.2,0.97,0.0188,,yes_ask,yes
2026-09-25,favorite-cash,KXHOUSERACE-MA08-26-D,KXHOUSERACE,enter,YES,7.74,0.993,0.0038,,yes_ask,yes
2026-09-25,favorite-cash,KXHOUSERACE-MA09-26-D,KXHOUSERACE,enter,YES,2.7,0.973,0.005,,yes_ask,yes
2026-09-25,favorite-cash,KXHOUSERACE-MD02-26-D,KXHOUSERACE,enter,YES,12.7,0.979,0.0183,,yes_ask,yes
2026-09-25,favorite-cash,KXHOUSERACE-MD04-26-D,KXHOUSERACE,enter,YES,0.43,0.989,0.0004,,yes_ask,yes
2026-09-25,favorite-cash,KXHOUSERACE-MD07-26-D,KXHOUSERACE,enter,YES,5.5,0.98,0.0076,,yes_ask,yes
2026-09-25,favorite-cash,KXHOUSERACE-ME01-26-D,KXHOUSERACE,enter,YES,2.5,0.98,0.0035,,yes_ask,yes
2026-09-25,favorite-cash,KXHOUSERACE-MI02-26-R,KXHOUSERACE,enter,YES,3.92,0.969,0.0083,,yes_ask,yes
2026-09-25,favorite-cash,KXHOUSERACE-MI06-26-D,KXHOUSERACE,enter,YES,1,0.987,0.0009,,yes_ask,yes
2026-09-25,favorite-cash,KXHOUSERACE-MI12-26-D,KXHOUSERACE,enter,YES,5,0.994,0.0021,,yes_ask,yes
2026-09-25,favorite-cash,KXHOUSERACE-MI13-26-D,KXHOUSERACE,enter,YES,5,0.996,0.0014,,yes_ask,yes
2026-09-25,favorite-cash,KXHOUSERACE-MN04-26-D,KXHOUSERACE,enter,YES,3.21,0.97,0.0066,,yes_ask,yes
2026-09-25,favorite-cash,KXHOUSERACE-MO03-26-R,KXHOUSERACE,enter,YES,0.1,0.966,0.0003,,yes_ask,yes
2026-09-25,favorite-cash,KXHOUSERACE-MO06-26-R,KXHOUSERACE,enter,YES,5.93,0.972,0.0113,,yes_ask,yes
2026-09-25,favorite-cash,KXHOUSERACE-MO07-26-R,KXHOUSERACE,enter,YES,1.1,0.969,0.0024,,yes_ask,yes
2026-09-25,favorite-cash,KXHOUSERACE-NC04-26-D,KXHOUSERACE,enter,YES,13,0.989,0.0099,,yes_ask,yes
2026-09-25,favorite-cash,KXHOUSERACE-NC05-26-R,KXHOUSERACE,enter,YES,20.5,0.929,0.0947,,yes_ask,yes
2026-09-25,favorite-cash,KXHOUSERACE-NC08-26-R,KXHOUSERACE,enter,YES,7.6,0.949,0.0258,,yes_ask,yes
2026-09-25,favorite-cash,KXHOUSERACE-NC10-26-R,KXHOUSERACE,enter,YES,0.9,0.965,0.0022,,yes_ask,yes
2026-09-25,favorite-cash,KXHOUSERACE-NC12-26-D,KXHOUSERACE,enter,YES,3.3,0.987,0.003,,yes_ask,yes
2026-09-25,favorite-cash,KXHOUSERACE-NC13-26-R,KXHOUSERACE,enter,YES,0.1,0.89,0.0007,,yes_ask,yes
2026-09-25,favorite-cash,KXHOUSERACE-NE03-26-R,KXHOUSERACE,enter,YES,1,0.987,0.0009,,yes_ask,yes
2026-09-25,favorite-cash,KXHOUSERACE-NJ01-26-D,KXHOUSERACE,enter,YES,13.1,0.968,0.0285,,yes_ask,yes
2026-09-25,favorite-cash,KXHOUSERACE-NJ04-26-R,KXHOUSERACE,enter,YES,1.5,0.979,0.0022,,yes_ask,yes
2026-09-25,favorite-cash,KXHOUSERACE-NJ10-26-D,KXHOUSERACE,enter,YES,0.2,0.994,0.0001,,yes_ask,yes
2026-09-25,favorite-cash,KXHOUSERACE-NY05-26-D,KXHOUSERACE,enter,YES,1.2,0.996,0.0004,,yes_ask,yes
2026-09-25,favorite-cash,KXHOUSERACE-NY08-26-D,KXHOUSERACE,enter,YES,13.2,0.997,0.0028,,yes_ask,yes
2026-09-25,favorite-cash,KXHOUSERACE-NY09-26-D,KXHOUSERACE,enter,YES,2.5,0.99,0.0018,,yes_ask,yes
2026-09-25,favorite-cash,KXHOUSERACE-NY10-26-D,KXHOUSERACE,enter,YES,10.19,0.993,0.005,,yes_ask,yes
2026-09-25,favorite-cash,KXHOUSERACE-NY12-26-D,KXHOUSERACE,enter,YES,0.4,0.997,0.0001,,yes_ask,yes
2026-09-25,favorite-cash,KXHOUSERACE-NY13-26-D,KXHOUSERACE,enter,YES,0.22,0.996,0.0001,,yes_ask,yes
2026-09-25,favorite-cash,KXHOUSERACE-NY14-26-D,KXHOUSERACE,enter,YES,11.9,0.984,0.0132,,yes_ask,yes
2026-09-25,favorite-cash,KXHOUSERACE-NY16-26-D,KXHOUSERACE,enter,YES,1.73,0.993,0.0009,,yes_ask,yes
2026-09-25,favorite-cash,KXHOUSERACE-NY20-26-D,KXHOUSERACE,enter,YES,17.37,0.95,0.0578,,yes_ask,yes
2026-09-25,favorite-cash,KXHOUSERACE-NY23-26-R,KXHOUSERACE,enter,YES,6.8,0.951,0.0222,,yes_ask,yes
2026-09-25,favorite-cash,KXHOUSERACE-NY25-26-D,KXHOUSERACE,enter,YES,12,0.99,0.0084,,yes_ask,yes
2026-09-25,favorite-cash,KXHOUSERACE-NY26-26-D,KXHOUSERACE,enter,YES,4.05,0.987,0.0037,,yes_ask,yes
2026-09-25,favorite-cash,KXHOUSERACE-OH05-26-R,KXHOUSERACE,enter,YES,0.5,0.965,0.0012,,yes_ask,yes
2026-09-25,favorite-cash,KXHOUSERACE-OH11-26-D,KXHOUSERACE,enter,YES,1.09,0.995,0.0004,,yes_ask,yes
2026-09-25,favorite-cash,KXHOUSERACE-OH14-26-R,KXHOUSERACE,enter,YES,0.1,0.966,0.0003,,yes_ask,yes
2026-09-25,favorite-cash,KXHOUSERACE-OK02-26-R,KXHOUSERACE,enter,YES,0.1,0.97,0.0003,,yes_ask,yes
2026-09-25,favorite-cash,KXHOUSERACE-OK03-26-R,KXHOUSERACE,enter,YES,0.4,0.984,0.0005,,yes_ask,yes
2026-09-25,favorite-cash,KXHOUSERACE-OK04-26-R,KXHOUSERACE,enter,YES,1,0.962,0.0026,,yes_ask,yes
2026-09-25,favorite-cash,KXHOUSERACE-OR01-26-D,KXHOUSERACE,enter,YES,2.55,0.991,0.0016,,yes_ask,yes
2026-09-25,favorite-cash,KXHOUSERACE-OR03-26-D,KXHOUSERACE,enter,YES,0.1,0.997,0.0001,,yes_ask,yes
2026-09-25,favorite-cash,KXHOUSERACE-PA03-26-D,KXHOUSERACE,enter,YES,1.1,0.997,0.0003,,yes_ask,yes
2026-09-25,favorite-cash,KXHOUSERACE-PA09-26-R,KXHOUSERACE,enter,YES,3.1,0.969,0.0066,,yes_ask,yes
2026-09-25,favorite-cash,KXHOUSERACE-PA13-26-R,KXHOUSERACE,enter,YES,0.2,0.983,0.0003,,yes_ask,yes
2026-09-25,favorite-cash,KXHOUSERACE-PA14-26-R,KXHOUSERACE,enter,YES,0.5,0.972,0.001,,yes_ask,yes
2026-09-25,favorite-cash,KXHOUSERACE-SC05-26-R,KXHOUSERACE,enter,YES,1,0.931,0.0045,,yes_ask,yes
2026-09-25,favorite-cash,KXHOUSERACE-SC06-26-D,KXHOUSERACE,enter,YES,5.9,0.98,0.0081,,yes_ask,yes
2026-09-25,favorite-cash,KXHOUSERACE-SC07-26-R,KXHOUSERACE,enter,YES,0.21,0.949,0.0008,,yes_ask,yes
2026-09-25,favorite-cash,KXHOUSERACE-TN01-26-R,KXHOUSERACE,enter,YES,0.4,0.987,0.0004,,yes_ask,yes
2026-09-25,favorite-cash,KXHOUSERACE-TN04-26-R,KXHOUSERACE,enter,YES,6,0.98,0.0083,,yes_ask,yes
2026-09-25,favorite-cash,KXHOUSERACE-TN06-26-R,KXHOUSERACE,enter,YES,0.4,0.957,0.0012,,yes_ask,yes
2026-09-25,favorite-cash,KXHOUSERACE-TN08-26-R,KXHOUSERACE,enter,YES,2,0.957,0.0058,,yes_ask,yes
2026-09-25,favorite-cash,KXHOUSERACE-TX01-26-R,KXHOUSERACE,enter,YES,4.8,0.986,0.0047,,yes_ask,yes
2026-09-25,favorite-cash,KXHOUSERACE-TX06-26-R,KXHOUSERACE,enter,YES,0.26,0.947,0.001,,yes_ask,yes
2026-09-25,favorite-cash,KXHOUSERACE-TX13-26-R,KXHOUSERACE,enter,YES,0.7,0.968,0.0016,,yes_ask,yes
2026-09-25,favorite-cash,KXHOUSERACE-TX14-26-R,KXHOUSERACE,enter,YES,0.1,0.979,0.0002,,yes_ask,yes
2026-09-25,favorite-cash,KXHOUSERACE-TX16-26-D,KXHOUSERACE,enter,YES,0.5,0.986,0.0005,,yes_ask,yes
2026-09-25,favorite-cash,KXHOUSERACE-TX18-26-D,KXHOUSERACE,enter,YES,0.79,0.988,0.0007,,yes_ask,yes
2026-09-25,favorite-cash,KXHOUSERACE-TX20-26-D,KXHOUSERACE,enter,YES,13.5,0.976,0.0222,,yes_ask,yes
2026-09-25,favorite-cash,KXHOUSERACE-TX25-26-R,KXHOUSERACE,enter,YES,0.1,0.971,0.0002,,yes_ask,yes
2026-09-25,favorite-cash,KXHOUSERACE-TX27-26-R,KXHOUSERACE,enter,YES,1.49,0.944,0.0056,,yes_ask,yes
2026-09-25,favorite-cash,KXHOUSERACE-TX29-26-D,KXHOUSERACE,enter,YES,1.1,0.949,0.0038,,yes_ask,yes
2026-09-25,favorite-cash,KXHOUSERACE-TX37-26-D,KXHOUSERACE,enter,YES,1.22,0.96,0.0033,,yes_ask,yes
2026-09-25,favorite-cash,KXHOUSERACE-UT04-26-R,KXHOUSERACE,enter,YES,12.26,0.958,0.0346,,yes_ask,yes
2026-09-25,favorite-cash,KXHOUSERACE-VA03-26-D,KXHOUSERACE,enter,YES,6.3,0.991,0.004,,yes_ask,yes
2026-09-25,favorite-cash,KXHOUSERACE-VA09-26-R,KXHOUSERACE,enter,YES,7.4,0.95,0.0247,,yes_ask,yes
2026-09-25,favorite-cash,KXHOUSERACE-WA01-26-D,KXHOUSERACE,enter,YES,3.5,0.978,0.0053,,yes_ask,yes
2026-09-25,favorite-cash,KXHOUSERACE-WA02-26-D,KXHOUSERACE,enter,YES,27.5,0.975,0.047,,yes_ask,yes
2026-09-25,favorite-cash,KXHOUSERACE-WA06-26-D,KXHOUSERACE,enter,YES,24.37,0.959,0.0671,,yes_ask,yes
2026-09-25,favorite-cash,KXHOUSERACE-WA09-26-D,KXHOUSERACE,enter,YES,0.9,0.96,0.0025,,yes_ask,yes
2026-09-25,favorite-cash,KXHOUSERACE-WA10-26-D,KXHOUSERACE,enter,YES,2.7,0.987,0.0025,,yes_ask,yes
2026-09-25,favorite-cash,KXHOUSERACE-WI02-26-D,KXHOUSERACE,enter,YES,5.1,0.994,0.0022,,yes_ask,yes
2026-09-25,favorite-cash,KXHOUSERACE-WI04-26-D,KXHOUSERACE,enter,YES,6,0.983,0.0071,,yes_ask,yes
2026-09-25,favorite-cash,KXHOUSERACE-WI05-26-R,KXHOUSERACE,enter,YES,0.42,0.973,0.0008,,yes_ask,yes
2026-09-25,favorite-cash,KXHOUSERACE-WI06-26-R,KXHOUSERACE,enter,YES,0.11,0.942,0.0005,,yes_ask,yes
2026-09-25,favorite-cash,KXHOUSERACE-WI07-26-R,KXHOUSERACE,enter,YES,1,0.959,0.0028,,yes_ask,yes
2026-09-25,favorite-cash,KXHOUSERACE-WV01-26-R,KXHOUSERACE,enter,YES,6.2,0.98,0.0086,,yes_ask,yes
2026-09-25,favorite-cash,KXHOUSERACE-WV02-26-R,KXHOUSERACE,enter,YES,0.8,0.988,0.0007,,yes_ask,yes
2026-09-25,favorite-cash,KXHOUSEUT02-26-R,KXHOUSEUT02,enter,YES,0.5,0.977,0.0008,,yes_ask,yes
2026-09-25,favorite-cash,KXHOUSEWA8-26-D,KXHOUSEWA8,enter,YES,1.1,0.997,0.0003,,yes_ask,yes
2026-09-25,favorite-cash,KXHOUSEWINSTATE-UTD-E1,KXHOUSEWINSTATE,enter,YES,0.5,0.97,0.0011,,yes_ask,yes
2026-09-25,favorite-cash,KXMIDTERMMOV-DEALD-P25,KXMIDTERMMOV,enter,YES,1,0.75,0.0132,,yes_ask,yes
2026-09-25,favorite-cash,KXMIDTERMMOV-DESEND-P20,KXMIDTERMMOV,enter,YES,0.8,0.999,0.0001,,yes_ask,yes
2026-09-25,favorite-cash,KXMIDTERMMOV-GA05D-P68,KXMIDTERMMOV,enter,YES,0.2,0.68,0.0031,,yes_ask,yes
2026-09-25,favorite-cash,KXMIDTERMMOV-ILGOVD-P12,KXMIDTERMMOV,enter,YES,0.5,0.909,0.0029,,yes_ask,yes
2026-09-25,favorite-cash,KXMIDTERMMOV-KY06R-P3,KXMIDTERMMOV,enter,YES,0.4,0.69,0.006,,yes_ask,yes
2026-09-25,favorite-cash,KXMIDTERMMOV-MASEND-P23,KXMIDTERMMOV,enter,YES,40,0.93,0.1823,,yes_ask,yes
2026-09-25,favorite-cash,KXMIDTERMMOV-MASEND-P29,KXMIDTERMMOV,enter,YES,20,0.76,0.2554,,yes_ask,yes
2026-09-25,favorite-cash,KXMIDTERMMOV-MI01R-P7,KXMIDTERMMOV,enter,YES,6.94,0.74,0.0935,,yes_ask,yes
2026-09-25,favorite-cash,KXMIDTERMMOV-MN02D-P7,KXMIDTERMMOV,enter,YES,0.68,0.81,0.0074,,yes_ask,yes
2026-09-25,favorite-cash,KXMIDTERMMOV-MN06R-P7,KXMIDTERMMOV,enter,YES,0.65,0.77,0.0081,,yes_ask,yes
2026-09-25,favorite-cash,KXMIDTERMMOV-MN07R-P24,KXMIDTERMMOV,enter,YES,69.34,0.72,0.9786,,yes_ask,yes
2026-09-25,favorite-cash,KXMIDTERMMOV-MO01D-P55,KXMIDTERMMOV,enter,YES,1.6,0.7,0.0236,,yes_ask,yes
2026-09-25,favorite-cash,KXMIDTERMMOV-MO03R-P5,KXMIDTERMMOV,enter,YES,0.1,0.917,0.0006,,yes_ask,yes
2026-09-25,favorite-cash,KXMIDTERMMOV-MO04R-P5,KXMIDTERMMOV,enter,YES,0.3,0.958,0.0009,,yes_ask,yes
2026-09-25,favorite-cash,KXMIDTERMMOV-MO06R-P15,KXMIDTERMMOV,enter,YES,1.05,0.92,0.0055,,yes_ask,yes
2026-09-25,favorite-cash,KXMIDTERMMOV-MO07R-P25,KXMIDTERMMOV,enter,YES,1.71,0.903,0.0105,,yes_ask,yes
2026-09-25,favorite-cash,KXMIDTERMMOV-MO08R-P35,KXMIDTERMMOV,enter,YES,1.52,0.81,0.0164,,yes_ask,yes
2026-09-25,favorite-cash,KXMIDTERMMOV-NC12D-P47,KXMIDTERMMOV,enter,YES,0.5,0.67,0.0078,,yes_ask,yes
2026-09-25,favorite-cash,KXMIDTERMMOV-NEGOVR-P10,KXMIDTERMMOV,enter,YES,0.71,0.73,0.0098,,yes_ask,yes
2026-09-25,favorite-cash,KXMIDTERMMOV-NHGOVR-P8,KXMIDTERMMOV,enter,YES,10,0.76,0.1277,,yes_ask,yes
2026-09-25,favorite-cash,KXMIDTERMMOV-PAGOVD-P22,KXMIDTERMMOV,enter,YES,0.14,0.71,0.0021,,yes_ask,yes
2026-09-25,favorite-cash,KXMIDTERMMOV-SCSENR-P1,KXMIDTERMMOV,enter,YES,0.5,0.89,0.0035,,yes_ask,yes
2026-09-25,favorite-cash,KXMIDTERMMOV-SCSENR-P5,KXMIDTERMMOV,enter,YES,233.78,0.66,3.6723,,yes_ask,yes
2026-09-25,favorite-cash,KXMIDTERMVOTETURN-AKSEN-270000,KXMIDTERMVOTETURN,enter,YES,1.5,0.79,0.0175,,yes_ask,yes
2026-09-25,favorite-cash,KXMIDTERMVOTETURN-ALSEN-1410000,KXMIDTERMVOTETURN,enter,YES,0.19,0.86,0.0017,,yes_ask,yes
2026-09-25,favorite-cash,KXMIDTERMVOTETURN-ALSEN-1480000,KXMIDTERMVOTETURN,enter,YES,0.19,0.79,0.0023,,yes_ask,yes
2026-09-25,favorite-cash,KXMIDTERMVOTETURN-ALSEN-1560000,KXMIDTERMVOTETURN,enter,YES,0.1,0.7,0.0015,,yes_ask,yes
2026-09-25,favorite-cash,KXMIDTERMVOTETURN-IASEN-1400000,KXMIDTERMVOTETURN,enter,YES,0.11,0.97,0.0003,,yes_ask,yes
2026-09-25,favorite-cash,KXMIDTERMVOTETURN-IDSEN-590000,KXMIDTERMVOTETURN,enter,YES,5.7,0.69,0.0854,,yes_ask,yes
2026-09-25,favorite-cash,KXMIDTERMVOTETURN-LASEN-1150000,KXMIDTERMVOTETURN,enter,YES,1,0.98,0.0014,,yes_ask,yes
2026-09-25,favorite-cash,KXMIDTERMVOTETURN-LASEN-1290000,KXMIDTERMVOTETURN,enter,YES,0.3,0.94,0.0012,,yes_ask,yes
2026-09-25,favorite-cash,KXMIDTERMVOTETURN-LASEN-1430000,KXMIDTERMVOTETURN,enter,YES,1.3,0.79,0.0151,,yes_ask,yes
2026-09-25,favorite-cash,KXMIDTERMVOTETURN-MISEN-4400000,KXMIDTERMVOTETURN,enter,YES,15.31,0.83,0.1513,,yes_ask,yes
2026-09-25,favorite-cash,KXMIDTERMVOTETURN-MNGOV-2500000,KXMIDTERMVOTETURN,enter,YES,3,0.98,0.0042,,yes_ask,yes
2026-09-25,favorite-cash,KXMIDTERMVOTETURN-OKSEN-1100000,KXMIDTERMVOTETURN,enter,YES,0.67,0.75,0.0088,,yes_ask,yes
2026-09-25,favorite-cash,KXMIDTERMVOTETURN-TX36-178000,KXMIDTERMVOTETURN,enter,YES,7.2,0.94,0.0285,,yes_ask,yes
2026-09-25,favorite-cash,KXMIDTERMVOTETURN-TX36-186000,KXMIDTERMVOTETURN,enter,YES,7.2,0.9,0.0454,,yes_ask,yes
2026-09-25,favorite-cash,KXMIDTERMVOTETURN-VTGOV-260000,KXMIDTERMVOTETURN,enter,YES,2.4,0.97,0.0049,,yes_ask,yes
2026-09-25,favorite-cash,KXMIDTERMVOTETURN-VTGOV-300000,KXMIDTERMVOTETURN,enter,YES,15.8,0.77,0.1959,,yes_ask,yes
2026-09-25,favorite-cash,KXMIDTERMVOTETURN-WYSEN-170000,KXMIDTERMVOTETURN,enter,YES,20.1,0.88,0.1486,,yes_ask,yes
2026-09-25,favorite-cash,KXMOSD8-26-JPAT,KXMOSD8,enter,YES,0.86,0.79,0.01,,yes_ask,yes
2026-09-25,favorite-cash,KXNCCOURT-26-AEAR,KXNCCOURT,enter,YES,4.7,0.8,0.0527,,yes_ask,yes
2026-09-25,favorite-cash,KXRGOVCOUNT-26JUL08-AL21,KXRGOVCOUNT,enter,YES,10,0.93,0.0456,,yes_ask,yes
2026-09-25,favorite-cash,KXSTATEBALLOTMEASURE-AZ-P317,KXSTATEBALLOTMEASURE,enter,YES,5,0.86,0.0422,,yes_ask,yes
2026-09-25,favorite-cash,KXSTATEBALLOTMEASURE-AZ-P319,KXSTATEBALLOTMEASURE,enter,YES,0.52,0.84,0.0049,,yes_ask,yes
2026-09-25,favorite-cash,KXSTATEBALLOTMEASURE-MD-Q3,KXSTATEBALLOTMEASURE,enter,YES,0.7,0.78,0.0085,,yes_ask,yes
2026-09-25,favorite-cash,KXSTATEBALLOTMEASURE-RI-Q4,KXSTATEBALLOTMEASURE,enter,YES,0.1,0.85,0.0009,,yes_ask,yes
2026-09-25,favorite-cash,KXTAICHUNGMAYOR-26NOV28-CCCH,KXTAICHUNGMAYOR,enter,YES,1.02,0.92,0.0053,,yes_ask,yes
2026-09-25,favorite-cash,KXVOTEGENERAL-GOVPARTYFL-26BDON-50,KXVOTEGENERAL,enter,YES,1,0.75,0.0132,,yes_ask,yes
2026-09-25,favorite-cash,KXVOTEGENERAL-KXHOUSERACE-MN01-26BFIN-50,KXVOTEGENERAL,enter,YES,60.98,0.81,0.657,,yes_ask,yes
2026-09-25,favorite-cash,KXVOTEGENERAL-KXHOUSERACE-NC12-26AADA-76,KXVOTEGENERAL,enter,YES,0.7,0.7,0.0103,,yes_ask,yes
2026-09-25,favorite-cash,KXVOTEGENERAL-SENATEID-26TACH-36,KXVOTEGENERAL,enter,YES,20,0.72,0.2823,,yes_ask,yes
2026-09-25,favorite-cash,KXVOTEGENERAL-SENATEMA-26EMAR-60,KXVOTEGENERAL,enter,YES,40,0.91,0.2294,,yes_ask,yes
2026-09-25,favorite-cash,KXVOTEGENERAL-SENATEMA-26EMAR-62,KXVOTEGENERAL,enter,YES,40,0.79,0.4646,,yes_ask,yes
2026-09-25,favorite-cash,KXVOTEGENERAL-SENATETX-26KPAX-46,KXVOTEGENERAL,enter,YES,0.52,0.79,0.0061,,yes_ask,yes
2026-09-26,favorite-cash,KXANYDEMWINTEXAS-26NOV03,KXANYDEMWINTEXAS,enter,YES,4.14,0.68,0.0631,,yes_ask,yes
2026-09-26,favorite-cash,KXATTYGENIA-26-R,KXATTYGENIA,enter,YES,14.8,0.68,0.2255,,yes_ask,yes
2026-09-26,favorite-cash,KXATTYGENRI-26-D,KXATTYGENRI,enter,YES,0.3,0.947,0.0011,,yes_ask,yes
2026-09-26,favorite-cash,KXCASEN26-26-SHER,KXCASEN26,enter,YES,0.4,0.88,0.003,,yes_ask,yes
2026-09-26,favorite-cash,KXGENERALCOUNTY-SENATETX-26-DENT,KXGENERALCOUNTY,enter,YES,7.29,0.69,0.1092,,yes_ask,yes
2026-09-26,favorite-cash,KXGUAMGOV-26-TTER,KXGUAMGOV,enter,YES,0.2,0.76,0.0026,,yes_ask,yes
2026-09-26,favorite-cash,KXHOUSERACE-AZ03-26-D,KXHOUSERACE,enter,YES,0.3,0.996,0.0001,,yes_ask,yes
2026-09-26,favorite-cash,KXHOUSERACE-CA44-26-D,KXHOUSERACE,enter,YES,24.69,0.995,0.0086,,yes_ask,yes
2026-09-26,favorite-cash,KXHOUSERACE-LA06-26-R,KXHOUSERACE,enter,YES,3.5,0.955,0.0106,,yes_ask,yes
2026-09-26,favorite-cash,KXHOUSERACE-MO01-26-D,KXHOUSERACE,enter,YES,0.3,0.995,0.0002,,yes_ask,yes
2026-09-26,favorite-cash,KXHOUSERACE-OH08-26-R,KXHOUSERACE,enter,YES,5.1,0.917,0.0272,,yes_ask,yes
2026-09-26,favorite-cash,KXHOUSERACE-PA02-26-D,KXHOUSERACE,enter,YES,2.4,0.99,0.0017,,yes_ask,yes
2026-09-26,favorite-cash,KXHOUSERACE-PA16-26-R,KXHOUSERACE,enter,YES,0.13,0.918,0.0007,,yes_ask,yes
2026-09-26,favorite-cash,KXHOUSERACE-SC03-26-R,KXHOUSERACE,enter,YES,14.3,0.977,0.0225,,yes_ask,yes
2026-09-26,favorite-cash,KXHOUSERACE-TX08-26-R,KXHOUSERACE,enter,YES,5.7,0.97,0.0117,,yes_ask,yes
2026-09-26,favorite-cash,KXLOUISVILLEMAYOR-26-CGRE,KXLOUISVILLEMAYOR,enter,YES,1.2,0.94,0.0048,,yes_ask,yes
2026-09-26,favorite-cash,KXMIDTERMMOV-FL13R-P1,KXMIDTERMMOV,enter,YES,10,0.71,0.1442,,yes_ask,yes
2026-09-26,favorite-cash,KXMIDTERMMOV-FL24D-P38,KXMIDTERMMOV,enter,YES,20.2,0.78,0.2427,,yes_ask,yes
2026-09-26,favorite-cash,KXMIDTERMMOV-MNGOVD-P11,KXMIDTERMMOV,enter,YES,1.3,0.66,0.0205,,yes_ask,yes
2026-09-26,favorite-cash,KXMIDTERMMOV-MO05D-P6,KXMIDTERMMOV,enter,YES,0.4,0.979,0.0006,,yes_ask,yes
2026-09-26,favorite-cash,KXMIDTERMMOV-NH01D-P4,KXMIDTERMMOV,enter,YES,0.9,0.909,0.0053,,yes_ask,yes
2026-09-26,favorite-cash,KXMIDTERMMOV-NH02D-P7,KXMIDTERMMOV,enter,YES,0.7,0.8,0.0079,,yes_ask,yes
2026-09-26,favorite-cash,KXMIDTERMMOV-NY26D-P29,KXMIDTERMMOV,enter,YES,2.3,0.69,0.0345,,yes_ask,yes
2026-09-26,favorite-cash,KXMIDTERMMOV-OH07D-P2,KXMIDTERMMOV,enter,YES,0.7,0.77,0.0087,,yes_ask,yes
2026-09-26,favorite-cash,KXMIDTERMMOV-TXGOVR-P3,KXMIDTERMMOV,enter,YES,461.88,0.69,6.9158,,yes_ask,yes
2026-09-26,favorite-cash,KXMIDTERMMOV-VA08D-P14,KXMIDTERMMOV,enter,YES,20,0.949,0.0678,,yes_ask,yes
2026-09-26,favorite-cash,KXMIDTERMVOTETURN-ARSEN-900000,KXMIDTERMVOTETURN,enter,YES,0.72,0.81,0.0078,,yes_ask,yes
2026-09-26,favorite-cash,KXMIDTERMVOTETURN-DESEN-320000,KXMIDTERMVOTETURN,enter,YES,1.3,0.71,0.0188,,yes_ask,yes
2026-09-26,favorite-cash,KXMIDTERMVOTETURN-ILSEN-3500000,KXMIDTERMVOTETURN,enter,YES,0.31,0.89,0.0022,,yes_ask,yes
2026-09-26,favorite-cash,KXMIDTERMVOTETURN-ILSEN-3900000,KXMIDTERMVOTETURN,enter,YES,2.1,0.7,0.0309,,yes_ask,yes
2026-09-26,favorite-cash,KXMIDTERMVOTETURN-KYSEN-1480000,KXMIDTERMVOTETURN,enter,YES,0.1,0.7,0.0015,,yes_ask,yes
2026-09-26,favorite-cash,KXMIDTERMVOTETURN-LA06-193000,KXMIDTERMVOTETURN,enter,YES,20,0.93,0.0912,,yes_ask,yes
2026-09-26,favorite-cash,KXMIDTERMVOTETURN-MESEN-700000,KXMIDTERMVOTETURN,enter,YES,1.19,0.74,0.0161,,yes_ask,yes
2026-09-26,favorite-cash,KXMIDTERMVOTETURN-MISEN-4100000,KXMIDTERMVOTETURN,enter,YES,1,0.92,0.0052,,yes_ask,yes
2026-09-26,favorite-cash,KXMIDTERMVOTETURN-NCSEN-3800000,KXMIDTERMVOTETURN,enter,YES,42,0.79,0.4878,,yes_ask,yes
2026-09-26,favorite-cash,KXMIDTERMVOTETURN-NCSEN-3900000,KXMIDTERMVOTETURN,enter,YES,0.1,0.69,0.0015,,yes_ask,yes
2026-09-26,favorite-cash,KXMIDTERMVOTETURN-NHSEN-590000,KXMIDTERMVOTETURN,enter,YES,14.1,0.83,0.1393,,yes_ask,yes
2026-09-26,favorite-cash,KXMIDTERMVOTETURN-OHSEN-4100000,KXMIDTERMVOTETURN,enter,YES,0.7,0.75,0.0092,,yes_ask,yes
2026-09-26,favorite-cash,KXMIDTERMVOTETURN-OKSEN-1000000,KXMIDTERMVOTETURN,enter,YES,0.52,0.9,0.0033,,yes_ask,yes
2026-09-26,favorite-cash,KXMIDTERMVOTETURN-VTGOV-270000,KXMIDTERMVOTETURN,enter,YES,0.3,0.93,0.0014,,yes_ask,yes
2026-09-26,favorite-cash,KXNUMREDISTRICTING-26NOV03-U8,KXNUMREDISTRICTING,enter,YES,11.4,0.84,0.1073,,yes_ask,yes
2026-09-26,favorite-cash,KXOHHAWKINS-26-DHAW,KXOHHAWKINS,enter,YES,1.23,0.79,0.0143,,yes_ask,yes
2026-09-26,favorite-cash,KXREDISTRICTING-26-OH,KXREDISTRICTING,enter,YES,0.03,0.985,0.0001,,yes_ask,yes
2026-09-26,favorite-cash,KXSTATEBALLOTMEASURE-AZ-P144,KXSTATEBALLOTMEASURE,enter,YES,30.5,0.81,0.3286,,yes_ask,yes
2026-09-26,favorite-cash,KXSTATEBALLOTMEASURE-KS-HCR5004,KXSTATEBALLOTMEASURE,enter,YES,30.8,0.99,0.0214,,yes_ask,yes
2026-09-26,favorite-cash,KXSTATEBALLOTMEASURE-MA-Q4,KXSTATEBALLOTMEASURE,enter,YES,39.4,0.92,0.203,,yes_ask,yes
2026-09-26,favorite-cash,KXTRUMPEXITAPPROVE-26NOV06-A34,KXTRUMPEXITAPPROVE,enter,YES,1,0.84,0.0095,,yes_ask,yes
2026-09-26,favorite-cash,KXTXHOUSE-26-R,KXTXHOUSE,enter,YES,1.43,0.77,0.0178,,yes_ask,yes
2026-09-26,favorite-cash,KXVADOMNEX-26AUG-27FEB01,KXVADOMNEX,enter,YES,0.09,0.74,0.0013,,yes_ask,yes
2026-09-26,favorite-cash,KXVOTECOUNTY-SENATEMI26GENESEEAELS-52,KXVOTECOUNTY,enter,YES,20,0.74,0.2694,,yes_ask,yes
2026-09-26,favorite-cash,KXVOTECOUNTY-SENATEMI26WASHTENAWAELS-72,KXVOTECOUNTY,enter,YES,25.19,0.79,0.2926,,yes_ask,yes
2026-09-26,favorite-cash,KXVOTECOUNTY-SENATETX26HIDALGOJTAL-58,KXVOTECOUNTY,enter,YES,40,0.98,0.0549,,yes_ask,yes
2026-09-26,favorite-cash,KXVOTECOUNTY-SENATETX26STARRJTAL-52,KXVOTECOUNTY,enter,YES,24.73,0.83,0.2443,,yes_ask,yes
2026-09-26,favorite-cash,KXVOTECOUNTY-SENATETX26WEBBJTAL-60,KXVOTECOUNTY,enter,YES,20,0.82,0.2067,,yes_ask,yes
2026-09-26,favorite-cash,KXVOTEGENERAL-GOVPARTYAL-26DJON-44,KXVOTEGENERAL,enter,YES,1.09,0.69,0.0164,,yes_ask,yes
2026-09-26,favorite-cash,KXVOTEGENERAL-GOVPARTYTX-26GHIN-44,KXVOTEGENERAL,enter,YES,0.2,0.8,0.0023,,yes_ask,yes
2026-09-26,favorite-cash,KXVOTEGENERAL-KXHOUSERACE-MO03-26BOND-50,KXVOTEGENERAL,enter,YES,0.1,0.97,0.0003,,yes_ask,yes
2026-09-26,favorite-cash,KXVOTEGENERAL-SENATEAK-26MPEL-46,KXVOTEGENERAL,enter,YES,20,0.86,0.1686,,yes_ask,yes
2026-09-26,favorite-cash,KXVOTEGENERAL-SENATEAK-26MPELFIN-46,KXVOTEGENERAL,enter,YES,30,0.89,0.2056,,yes_ask,yes
2026-09-26,favorite-cash,KXVOTEGENERAL-SENATEID-26NFLE-1,KXVOTEGENERAL,enter,YES,0.5,0.87,0.004,,yes_ask,yes
2026-09-26,favorite-cash,KXVOTEGENERAL-SENATEKS-26AHAM-46,KXVOTEGENERAL,enter,YES,47.87,0.71,0.69,,yes_ask,yes
2026-09-26,favorite-cash,KXVOTEGENERAL-SENATEMT26SBOD-15,KXVOTEGENERAL,enter,YES,0.1,0.99,0.0001,,yes_ask,yes
2026-09-27,favorite-cash,HOUSEME2-26-R,HOUSEME2,enter,YES,12.39,0.67,0.1918,,yes_ask,yes
2026-09-27,favorite-cash,KXATTYGENDE-26-D,KXATTYGENDE,enter,YES,2.82,0.949,0.0096,,yes_ask,yes
2026-09-27,favorite-cash,KXATTYGENOK-26-R,KXATTYGENOK,enter,YES,16.26,0.975,0.0278,,yes_ask,yes
2026-09-27,favorite-cash,KXCABALLOTMEASURES-26NOV03-PR01,KXCABALLOTMEASURES,enter,YES,1.5,0.85,0.0134,,yes_ask,yes
2026-09-27,favorite-cash,KXCABALLOTMEASURES-26NOV03-PR41,KXCABALLOTMEASURES,enter,YES,4,0.98,0.0055,,yes_ask,yes
2026-09-27,favorite-cash,KXDEMTRUMPVOTERS-26NOV06-A4,KXDEMTRUMPVOTERS,enter,YES,0.1,0.85,0.0009,,yes_ask,yes
2026-09-27,favorite-cash,KXEARLYVOTE-26NOV03-AL51000000,KXEARLYVOTE,enter,YES,0.1,0.78,0.0013,,yes_ask,yes
2026-09-27,favorite-cash,KXHOUSERACE-CA01-26-D,KXHOUSERACE,enter,YES,189.4,0.94,0.7478,,yes_ask,yes
2026-09-27,favorite-cash,KXHOUSERACE-CA05-26-R,KXHOUSERACE,enter,YES,0.02,0.951,0.0001,,yes_ask,yes
2026-09-27,favorite-cash,KXHOUSERACE-GA10-26-R,KXHOUSERACE,enter,YES,11.5,0.964,0.028,,yes_ask,yes
2026-09-27,favorite-cash,KXHOUSERACE-MS03-26-R,KXHOUSERACE,enter,YES,0.2,0.984,0.0003,,yes_ask,yes
2026-09-27,favorite-cash,KXIDGROUNDWATER-26AUG17-A800,KXIDGROUNDWATER,enter,YES,60,0.73,0.8279,,yes_ask,yes
2026-09-27,favorite-cash,KXMIDTERMMOV-CO02D-P40,KXMIDTERMMOV,enter,YES,25,0.84,0.2352,,yes_ask,yes
2026-09-27,favorite-cash,KXMIDTERMMOV-CO02D-P43,KXMIDTERMMOV,enter,YES,5,0.7,0.0735,,yes_ask,yes
2026-09-27,favorite-cash,KXMIDTERMMOV-CO06D-P21,KXMIDTERMMOV,enter,YES,5,0.84,0.0471,,yes_ask,yes
2026-09-27,favorite-cash,KXMIDTERMMOV-CO06D-P24,KXMIDTERMMOV,enter,YES,25,0.84,0.2352,,yes_ask,yes
2026-09-27,favorite-cash,KXMIDTERMMOV-CO06D-P27,KXMIDTERMMOV,enter,YES,5,0.977,0.0079,,yes_ask,yes
2026-09-27,favorite-cash,KXMIDTERMMOV-CT03D-P20,KXMIDTERMMOV,enter,YES,5,0.81,0.0539,,yes_ask,yes
2026-09-27,favorite-cash,KXMIDTERMMOV-GA02D-P11,KXMIDTERMMOV,enter,YES,25,0.77,0.31,,yes_ask,yes
2026-09-27,favorite-cash,KXMIDTERMMOV-IL11D-P14,KXMIDTERMMOV,enter,YES,5,0.82,0.0517,,yes_ask,yes
2026-09-27,favorite-cash,KXMIDTERMMOV-IL11D-P17,KXMIDTERMMOV,enter,YES,25,0.82,0.2583,,yes_ask,yes
2026-09-27,favorite-cash,KXMIDTERMMOV-ILGOVD-P9,KXMIDTERMMOV,enter,YES,20.2,0.958,0.0569,,yes_ask,yes
2026-09-27,favorite-cash,KXMIDTERMMOV-LA05R-P18,KXMIDTERMMOV,enter,YES,25.5,0.84,0.24,,yes_ask,yes
2026-09-27,favorite-cash,KXMIDTERMMOV-MA03D-P28,KXMIDTERMMOV,enter,YES,25,0.985,0.0259,,yes_ask,yes
2026-09-27,favorite-cash,KXMIDTERMMOV-MA08D-P34,KXMIDTERMMOV,enter,YES,5,0.85,0.0447,,yes_ask,yes
2026-09-27,favorite-cash,KXMIDTERMMOV-NJ01D-P24,KXMIDTERMMOV,enter,YES,20,0.73,0.276,,yes_ask,yes
2026-09-27,favorite-cash,KXMIDTERMMOV-NY07D-P41,KXMIDTERMMOV,enter,YES,3.3,0.983,0.0039,,yes_ask,yes
2026-09-27,favorite-cash,KXMIDTERMMOV-NY07D-P50,KXMIDTERMMOV,enter,YES,3.3,0.68,0.0503,,yes_ask,yes
2026-09-27,favorite-cash,KXMIDTERMMOV-NY19D-P3,KXMIDTERMMOV,enter,YES,2.5,0.88,0.0185,,yes_ask,yes
2026-09-27,favorite-cash,KXMIDTERMMOV-NY22D-P14,KXMIDTERMMOV,enter,YES,20,0.72,0.2823,,yes_ask,yes
2026-09-27,favorite-cash,KXMIDTERMMOV-OH03D-P34,KXMIDTERMMOV,enter,YES,17,0.958,0.0479,,yes_ask,yes
2026-09-27,favorite-cash,KXMIDTERMMOV-OH13D-P2,KXMIDTERMMOV,enter,YES,20.5,0.957,0.0591,,yes_ask,yes
2026-09-27,favorite-cash,KXMIDTERMMOV-OKGOVR-P10,KXMIDTERMMOV,enter,YES,2.87,0.77,0.0356,,yes_ask,yes
2026-09-27,favorite-cash,KXMIDTERMMOV-OR06D-P16,KXMIDTERMMOV,enter,YES,20,0.992,0.0112,,yes_ask,yes
2026-09-27,favorite-cash,KXMIDTERMMOV-OR06D-P19,KXMIDTERMMOV,enter,YES,20,0.989,0.0153,,yes_ask,yes
2026-09-27,favorite-cash,KXMIDTERMMOV-PA02D-P33,KXMIDTERMMOV,enter,YES,19,0.952,0.0608,,yes_ask,yes
2026-09-27,favorite-cash,KXMIDTERMMOV-TX30D-P40,KXMIDTERMMOV,enter,YES,6,0.989,0.0046,,yes_ask,yes
2026-09-27,favorite-cash,KXMIDTERMMOV-TX30D-P49,KXMIDTERMMOV,enter,YES,6,0.72,0.0847,,yes_ask,yes
2026-09-27,favorite-cash,KXMIDTERMMOV-TX33D-P30,KXMIDTERMMOV,enter,YES,5,0.977,0.0079,,yes_ask,yes
2026-09-27,favorite-cash,KXMIDTERMMOV-VA03D-P35,KXMIDTERMMOV,enter,YES,13.1,0.85,0.117,,yes_ask,yes
2026-09-27,favorite-cash,KXMIDTERMMOV-WA08D-P11,KXMIDTERMMOV,enter,YES,20.5,0.81,0.2209,,yes_ask,yes
2026-09-27,favorite-cash,KXMIDTERMVOTETURN-MNGOV-2600000,KXMIDTERMVOTETURN,enter,YES,20,0.95,0.0665,,yes_ask,yes
2026-09-27,favorite-cash,KXMIDTERMVOTETURN-TX15-171000,KXMIDTERMVOTETURN,enter,YES,5,0.7,0.0735,,yes_ask,yes
2026-09-27,favorite-cash,KXMIDTERMVOTETURN-TXSEN-10000000,KXMIDTERMVOTETURN,enter,YES,1.11,0.94,0.0044,,yes_ask,yes
2026-09-27,favorite-cash,KXMIDTERMVOTETURN-VTGOV-280000,KXMIDTERMVOTETURN,enter,YES,0.1,0.91,0.0006,,yes_ask,yes
2026-09-27,favorite-cash,KXPAPPASSUNUNUDEBATE-26,KXPAPPASSUNUNUDEBATE,enter,YES,119.7,0.99,0.083,,yes_ask,yes
2026-09-27,favorite-cash,KXREDISTRICTING-26-TN,KXREDISTRICTING,enter,YES,3.71,0.99,0.0026,,yes_ask,yes
2026-09-27,favorite-cash,KXSTATEBALLOTMEASURE-AR-SJR15,KXSTATEBALLOTMEASURE,enter,YES,0.14,0.75,0.0019,,yes_ask,yes
2026-09-27,favorite-cash,KXSTATEBALLOTMEASURE-RI-Q1,KXSTATEBALLOTMEASURE,enter,YES,0.3,0.92,0.0016,,yes_ask,yes
2026-09-27,favorite-cash,KXSTATELEG-TXHOUS26-R,KXSTATELEG,enter,YES,0.56,0.88,0.0042,,yes_ask,yes
2026-09-27,favorite-cash,KXVANCERUN-28-27JUL01,KXVANCERUN,enter,YES,1.75,0.72,0.0247,,yes_ask,yes
2026-09-27,favorite-cash,KXVOTECOUNTY-SENATEIA26JOHNSONJTUR-72,KXVOTECOUNTY,enter,YES,1.22,0.69,0.0183,,yes_ask,yes
2026-09-27,favorite-cash,KXVOTEGENERAL-GOVPARTYNE-26JPIL-52,KXVOTEGENERAL,enter,YES,20.5,0.68,0.3123,,yes_ask,yes
2026-09-27,favorite-cash,KXVOTEGENERAL-HOUSENY17-26CCON-48,KXVOTEGENERAL,enter,YES,20,0.9,0.126,,yes_ask,yes
2026-09-27,favorite-cash,KXVOTEGENERAL-HOUSEPA8-26RBRE-46,KXVOTEGENERAL,enter,YES,0.68,0.72,0.0096,,yes_ask,yes
2026-09-27,favorite-cash,KXVOTEGENERAL-SENATEDE-26CCOO-62,KXVOTEGENERAL,enter,YES,2.44,0.76,0.0312,,yes_ask,yes
2026-09-27,favorite-cash,KXVOTEGENERAL-SENATENC-26RCOO-52,KXVOTEGENERAL,enter,YES,20,0.74,0.2694,,yes_ask,yes
2026-09-27,favorite-cash,KXVOTEGENERAL-SENATEOHS-26JHUS-46,KXVOTEGENERAL,enter,YES,0.5,0.74,0.0068,,yes_ask,yes
2026-09-28,favorite-cash,HOUSEVA1-26-R,HOUSEVA1,enter,YES,74.9,0.67,1.1593,,yes_ask,yes
2026-09-28,favorite-cash,KXATTYGENID-26-R,KXATTYGENID,enter,YES,14.5,0.981,0.019,,yes_ask,yes
2026-09-28,favorite-cash,KXATTYGENMI-26-D,KXATTYGENMI,enter,YES,0.6,0.74,0.0081,,yes_ask,yes
2026-09-28,favorite-cash,KXATTYGENOH-26-R,KXATTYGENOH,enter,YES,1,0.85,0.009,,yes_ask,yes
2026-09-28,favorite-cash,KXCABALLOTMEASURES-26NOV03-PR42,KXCABALLOTMEASURES,enter,YES,40.94,0.95,0.1362,,yes_ask,yes
2026-09-28,favorite-cash,KXDSENATEWON-26NOV03-AL18,KXDSENATEWON,enter,YES,1.05,0.67,0.0163,,yes_ask,yes
2026-09-28,favorite-cash,KXHOUSERACE-AL03-26-R,KXHOUSERACE,enter,YES,5.5,0.986,0.0054,,yes_ask,yes
2026-09-28,favorite-cash,KXHOUSERACE-AR01-26-R,KXHOUSERACE,enter,YES,2.21,0.987,0.002,,yes_ask,yes
2026-09-28,favorite-cash,KXHOUSERACE-MO04-26-R,KXHOUSERACE,enter,YES,72.87,0.949,0.2469,,yes_ask,yes
2026-09-28,favorite-cash,KXHOUSERACE-NY15-26-D,KXHOUSERACE,enter,YES,5.5,0.99,0.0039,,yes_ask,yes
2026-09-28,favorite-cash,KXMIDTERMMOV-AZ08R-P3,KXMIDTERMMOV,enter,YES,10,0.75,0.1313,,yes_ask,yes
2026-09-28,favorite-cash,KXMIDTERMMOV-DESEND-P24,KXMIDTERMMOV,enter,YES,1.9,0.92,0.0098,,yes_ask,yes
2026-09-28,favorite-cash,KXMIDTERMMOV-DESEND-P26,KXMIDTERMMOV,enter,YES,0.7,0.85,0.0063,,yes_ask,yes
2026-09-28,favorite-cash,KXMIDTERMMOV-GA02D-P8,KXMIDTERMMOV,enter,YES,5,0.85,0.0447,,yes_ask,yes
2026-09-28,favorite-cash,KXMIDTERMMOV-IA03D-P2,KXMIDTERMMOV,enter,YES,1.34,0.71,0.0194,,yes_ask,yes
2026-09-28,favorite-cash,KXMIDTERMMOV-IL11D-P11,KXMIDTERMMOV,enter,YES,5,0.95,0.0167,,yes_ask,yes
2026-09-28,favorite-cash,KXMIDTERMMOV-IL11D-P23,KXMIDTERMMOV,enter,YES,5,0.7,0.0735,,yes_ask,yes
2026-09-28,favorite-cash,KXMIDTERMMOV-LA01R-P20,KXMIDTERMMOV,enter,YES,20,0.939,0.0802,,yes_ask,yes
2026-09-28,favorite-cash,KXMIDTERMMOV-LA02D-P38,KXMIDTERMMOV,enter,YES,20,0.88,0.1479,,yes_ask,yes
2026-09-28,favorite-cash,KXMIDTERMMOV-LA05R-P21,KXMIDTERMMOV,enter,YES,5,0.76,0.0639,,yes_ask,yes
2026-09-28,favorite-cash,KXMIDTERMMOV-LA05R-P24,KXMIDTERMMOV,enter,YES,5,0.69,0.0749,,yes_ask,yes
2026-09-28,favorite-cash,KXMIDTERMMOV-MA03D-P22,KXMIDTERMMOV,enter,YES,5,0.96,0.0135,,yes_ask,yes
2026-09-28,favorite-cash,KXMIDTERMMOV-MA09D-P23,KXMIDTERMMOV,enter,YES,5,0.75,0.0657,,yes_ask,yes
2026-09-28,favorite-cash,KXMIDTERMMOV-MN07R-P18,KXMIDTERMMOV,enter,YES,6.4,0.87,0.0507,,yes_ask,yes
2026-09-28,favorite-cash,KXMIDTERMMOV-MSSENR-P5,KXMIDTERMMOV,enter,YES,4,0.79,0.0465,,yes_ask,yes
2026-09-28,favorite-cash,KXMIDTERMMOV-NC04D-P37,KXMIDTERMMOV,enter,YES,9.5,0.976,0.0156,,yes_ask,yes
2026-09-28,favorite-cash,KXMIDTERMMOV-NHGOVR-P2,KXMIDTERMMOV,enter,YES,1.55,0.929,0.0072,,yes_ask,yes
2026-09-28,favorite-cash,KXMIDTERMMOV-NMSEND-P11,KXMIDTERMMOV,enter,YES,0.33,0.915,0.0018,,yes_ask,yes
2026-09-28,favorite-cash,KXMIDTERMMOV-NMSEND-P15,KXMIDTERMMOV,enter,YES,20,0.77,0.248,,yes_ask,yes
2026-09-28,favorite-cash,KXMIDTERMMOV-NMSEND-P17,KXMIDTERMMOV,enter,YES,20,0.68,0.3047,,yes_ask,yes
2026-09-28,favorite-cash,KXMIDTERMMOV-NMSEND-P9,KXMIDTERMMOV,enter,YES,0.33,0.959,0.001,,yes_ask,yes
2026-09-28,favorite-cash,KXMIDTERMMOV-OH12R-P12,KXMIDTERMMOV,enter,YES,0.6,0.914,0.0034,,yes_ask,yes
2026-09-28,favorite-cash,KXMIDTERMMOV-OR06D-P10,KXMIDTERMMOV,enter,YES,0.5,0.983,0.0006,,yes_ask,yes
2026-09-28,favorite-cash,KXMIDTERMMOV-OR06D-P13,KXMIDTERMMOV,enter,YES,1.5,0.96,0.0041,,yes_ask,yes
2026-09-28,favorite-cash,KXMIDTERMMOV-PAGOVD-P10,KXMIDTERMMOV,enter,YES,2.02,0.96,0.0055,,yes_ask,yes
2026-09-28,favorite-cash,KXMIDTERMMOV-PAGOVD-P16,KXMIDTERMMOV,enter,YES,0.1,0.87,0.0008,,yes_ask,yes
2026-09-28,favorite-cash,KXMIDTERMMOV-TX06R-P10,KXMIDTERMMOV,enter,YES,20,0.77,0.248,,yes_ask,yes
2026-09-28,favorite-cash,KXMIDTERMMOV-VA08D-P20,KXMIDTERMMOV,enter,YES,0.5,0.993,0.0003,,yes_ask,yes
2026-09-28,favorite-cash,KXMIDTERMMOV-VA08D-P23,KXMIDTERMMOV,enter,YES,0.5,0.996,0.0002,,yes_ask,yes
2026-09-28,favorite-cash,KXMIDTERMMOV-VA08D-P26,KXMIDTERMMOV,enter,YES,0.5,0.986,0.0005,,yes_ask,yes
2026-09-28,favorite-cash,KXMIDTERMMOV-VA08D-P29,KXMIDTERMMOV,enter,YES,2,0.975,0.0035,,yes_ask,yes
2026-09-28,favorite-cash,KXMIDTERMMOV-VA08D-P32,KXMIDTERMMOV,enter,YES,0.5,0.964,0.0013,,yes_ask,yes
2026-09-28,favorite-cash,KXMIDTERMMOV-VA08D-P35,KXMIDTERMMOV,enter,YES,0.5,0.953,0.0016,,yes_ask,yes
2026-09-28,favorite-cash,KXMIDTERMMOV-VA08D-P38,KXMIDTERMMOV,enter,YES,1.5,0.979,0.0022,,yes_ask,yes
2026-09-28,favorite-cash,KXMIDTERMMOV-VA10D-P16,KXMIDTERMMOV,enter,YES,8,0.83,0.0791,,yes_ask,yes
2026-09-28,favorite-cash,KXMIDTERMVOTETURN-IASEN-1220000,KXMIDTERMVOTETURN,enter,YES,2,0.8,0.0224,,yes_ask,yes
2026-09-28,favorite-cash,KXMIDTERMVOTETURN-LA05-190000,KXMIDTERMVOTETURN,enter,YES,20,0.94,0.079,,yes_ask,yes
2026-09-28,favorite-cash,KXMIDTERMVOTETURN-LASEN-1360000,KXMIDTERMVOTETURN,enter,YES,18,0.71,0.2595,,yes_ask,yes
2026-09-28,favorite-cash,KXMIDTERMVOTETURN-ME02-350000,KXMIDTERMVOTETURN,enter,YES,1.14,0.73,0.0158,,yes_ask,yes
2026-09-28,favorite-cash,KXMOSUPREMECOURT-26NOV03-WILSON,KXMOSUPREMECOURT,enter,YES,5.52,0.89,0.0379,,yes_ask,yes
2026-09-28,favorite-cash,KXVOTECOUNTY-SENATEMI26KENTAELS-52,KXVOTECOUNTY,enter,YES,0.03,0.75,0.0004,,yes_ask,yes
2026-09-28,favorite-cash,KXVOTEGENERAL-GOVPARTYAL-26DJON-40,KXVOTEGENERAL,enter,YES,1,0.78,0.0121,,yes_ask,yes
2026-09-28,favorite-cash,KXVOTEGENERAL-GOVPARTYAL-26TTUB-48,KXVOTEGENERAL,enter,YES,0.1,0.96,0.0003,,yes_ask,yes
2026-09-28,favorite-cash,KXVOTEGENERAL-GOVPARTYCA-26XBEC-56,KXVOTEGENERAL,enter,YES,1.04,0.95,0.0035,,yes_ask,yes
2026-09-28,favorite-cash,KXVOTEGENERAL-GOVPARTYID-26BLIT-52,KXVOTEGENERAL,enter,YES,20,0.99,0.0139,,yes_ask,yes
2026-09-28,favorite-cash,KXVOTEGENERAL-GOVPARTYID-26BLIT-54,KXVOTEGENERAL,enter,YES,10.34,0.99,0.0072,,yes_ask,yes
2026-09-28,favorite-cash,KXVOTEGENERAL-GOVPARTYID-26BLIT-58,KXVOTEGENERAL,enter,YES,10,0.97,0.0204,,yes_ask,yes
2026-09-28,favorite-cash,KXVOTEGENERAL-GOVPARTYID-26BLIT-60,KXVOTEGENERAL,enter,YES,10,0.87,0.0792,,yes_ask,yes
2026-09-28,favorite-cash,KXVOTEGENERAL-HOUSEAZ6-26JCIS-42,KXVOTEGENERAL,enter,YES,30,0.93,0.1368,,yes_ask,yes
2026-09-28,favorite-cash,KXVOTEGENERAL-HOUSEAZ6-26JMEN-48,KXVOTEGENERAL,enter,YES,20.5,0.88,0.1516,,yes_ask,yes
2026-09-28,favorite-cash,KXVOTEGENERAL-HOUSECO8-26MRUT-50,KXVOTEGENERAL,enter,YES,0.5,0.74,0.0068,,yes_ask,yes
2026-09-28,favorite-cash,KXVOTEGENERAL-HOUSEMT1-26SFOR-42,KXVOTEGENERAL,enter,YES,0.5,0.89,0.0035,,yes_ask,yes
2026-09-28,favorite-cash,KXVOTEGENERAL-HOUSEMT1-26SFOR-44,KXVOTEGENERAL,enter,YES,0.5,0.74,0.0068,,yes_ask,yes
2026-09-28,favorite-cash,KXVOTEGENERAL-HOUSENJ7-26TKEA-42,KXVOTEGENERAL,enter,YES,0.5,0.8,0.0056,,yes_ask,yes
2026-09-28,favorite-cash,KXVOTEGENERAL-HOUSETX15-26BPUL-50,KXVOTEGENERAL,enter,YES,2.72,0.74,0.0367,,yes_ask,yes
2026-09-28,favorite-cash,KXVOTEGENERAL-KXHOUSEMO5-26ECLE-60,KXVOTEGENERAL,enter,YES,20.5,0.7,0.3014,,yes_ask,yes
2026-09-28,favorite-cash,KXVOTEGENERAL-KXHOUSERACE-CA20-26VFON-56,KXVOTEGENERAL,enter,YES,20,0.99,0.0139,,yes_ask,yes
2026-09-28,favorite-cash,KXVOTEGENERAL-KXHOUSERACE-CA20-26VFON-58,KXVOTEGENERAL,enter,YES,20,0.92,0.1031,,yes_ask,yes
2026-09-28,favorite-cash,KXVOTEGENERAL-KXHOUSERACE-CO01-26CHUM-1,KXVOTEGENERAL,enter,YES,40.2,0.91,0.2305,,yes_ask,yes
2026-09-28,favorite-cash,KXVOTEGENERAL-KXHOUSERACE-IL11-26BFOS-56,KXVOTEGENERAL,enter,YES,3.3,0.95,0.011,,yes_ask,yes
2026-09-28,favorite-cash,KXVOTEGENERAL-KXHOUSERACE-LA01-26SSCA-58,KXVOTEGENERAL,enter,YES,0.7,0.88,0.0052,,yes_ask,yes
2026-09-28,favorite-cash,KXVOTEGENERAL-KXHOUSERACE-LA01-26SSCA-60,KXVOTEGENERAL,enter,YES,0.2,0.82,0.0021,,yes_ask,yes
2026-09-28,favorite-cash,KXVOTEGENERAL-KXHOUSERACE-LA02-26TCAR-70,KXVOTEGENERAL,enter,YES,20,0.92,0.1031,,yes_ask,yes
2026-09-28,favorite-cash,KXVOTEGENERAL-KXHOUSERACE-LA03-26CWAL-6,KXVOTEGENERAL,enter,YES,20.5,0.86,0.1728,,yes_ask,yes
2026-09-28,favorite-cash,KXVOTEGENERAL-KXHOUSERACE-LA03-26CWAL-8,KXVOTEGENERAL,enter,YES,40.5,0.7,0.5954,,yes_ask,yes
2026-09-28,favorite-cash,KXVOTEGENERAL-KXHOUSERACE-LA05-26DMCK-6,KXVOTEGENERAL,enter,YES,20.5,0.82,0.2119,,yes_ask,yes
2026-09-28,favorite-cash,KXVOTEGENERAL-KXHOUSERACE-MA03-26GGRO-28,KXVOTEGENERAL,enter,YES,0.5,0.85,0.0045,,yes_ask,yes
2026-09-28,favorite-cash,KXVOTEGENERAL-KXHOUSERACE-MA03-26GGRO-30,KXVOTEGENERAL,enter,YES,0.5,0.7,0.0074,,yes_ask,yes
2026-09-28,favorite-cash,KXVOTEGENERAL-KXHOUSERACE-MD04-26GMCD-6,KXVOTEGENERAL,enter,YES,20,0.86,0.1686,,yes_ask,yes
2026-09-28,favorite-cash,KXVOTEGENERAL-KXHOUSERACE-MD06-26MLAN-1,KXVOTEGENERAL,enter,YES,51,0.96,0.1371,,yes_ask,yes
2026-09-28,favorite-cash,KXVOTEGENERAL-KXHOUSERACE-MD06-26RFIC-34,KXVOTEGENERAL,enter,YES,1,0.98,0.0014,,yes_ask,yes
2026-09-28,favorite-cash,KXVOTEGENERAL-KXHOUSERACE-MD06-26RFIC-36,KXVOTEGENERAL,enter,YES,0.5,0.7,0.0074,,yes_ask,yes
2026-09-28,favorite-cash,KXVOTEGENERAL-KXHOUSERACE-MN06-26TEMM-50,KXVOTEGENERAL,enter,YES,2.8,0.98,0.0039,,yes_ask,yes
2026-09-28,favorite-cash,KXVOTEGENERAL-KXHOUSERACE-MN07-26MFIS-60,KXVOTEGENERAL,enter,YES,6.4,0.91,0.0367,,yes_ask,yes
2026-09-28,favorite-cash,KXVOTEGENERAL-KXHOUSERACE-MO04-26JHER-30,KXVOTEGENERAL,enter,YES,6.86,0.92,0.0354,,yes_ask,yes
2026-09-28,favorite-cash,KXVOTEGENERAL-KXHOUSERACE-MO04-26JHER-32,KXVOTEGENERAL,enter,YES,7.43,0.8,0.0833,,yes_ask,yes
2026-09-28,favorite-cash,KXVOTEGENERAL-KXHOUSERACE-NC04-26VFOU-70,KXVOTEGENERAL,enter,YES,9,0.97,0.0184,,yes_ask,yes
2026-09-28,favorite-cash,KXVOTEGENERAL-KXHOUSERACE-NC04-26VFOU-74,KXVOTEGENERAL,enter,YES,2,0.85,0.0179,,yes_ask,yes
2026-09-28,favorite-cash,KXVOTEGENERAL-KXHOUSERACE-OR06-26DRUS-34,KXVOTEGENERAL,enter,YES,0.5,0.71,0.0073,,yes_ask,yes
2026-09-28,favorite-cash,KXVOTEGENERAL-KXHOUSERACE-TN06-26JGAR-54,KXVOTEGENERAL,enter,YES,10.5,0.76,0.1341,,yes_ask,yes
2026-09-28,favorite-cash,KXVOTEGENERAL-KXHOUSERACE-VA05-26TPER-44,KXVOTEGENERAL,enter,YES,20,0.82,0.2067,,yes_ask,yes
2026-09-28,favorite-cash,KXVOTEGENERAL-KXHOUSERACE-VA06-26BMAC-38,KXVOTEGENERAL,enter,YES,0.2,0.95,0.0007,,yes_ask,yes
2026-09-28,favorite-cash,KXVOTEGENERAL-KXHOUSERACE-VA06-26BMAC-40,KXVOTEGENERAL,enter,YES,0.4,0.84,0.0038,,yes_ask,yes
2026-09-28,favorite-cash,KXVOTEGENERAL-KXHOUSERACE-VA08-26DBEY-70,KXVOTEGENERAL,enter,YES,0.5,0.97,0.0011,,yes_ask,yes
2026-09-28,favorite-cash,KXVOTEGENERAL-KXHOUSEUT01-26JWES-1,KXVOTEGENERAL,enter,YES,40.2,0.9,0.2533,,yes_ask,yes
2026-09-28,favorite-cash,KXVOTEGENERAL-KXHOUSEUT02-26DCOT-1,KXVOTEGENERAL,enter,YES,20,0.88,0.1479,,yes_ask,yes
2026-09-28,favorite-cash,KXVOTEGENERAL-KXHOUSEVA10-26DBEC-34,KXVOTEGENERAL,enter,YES,0.5,0.88,0.0037,,yes_ask,yes
2026-09-28,favorite-cash,KXVOTEGENERAL-KXHOUSEVA10-26DBEC-36,KXVOTEGENERAL,enter,YES,0.5,0.72,0.0071,,yes_ask,yes
2026-09-28,favorite-cash,KXVOTEGENERAL-SENATEMN-26PFLA-50,KXVOTEGENERAL,enter,YES,40.5,0.77,0.5021,,yes_ask,yes
2026-09-28,favorite-cash,KXVOTEGENERAL-SENATENM-26LMAR-34,KXVOTEGENERAL,enter,YES,1,0.89,0.0069,,yes_ask,yes
2026-09-28,favorite-cash,KXVOTEGENERAL-SENATENM-26LMAR-36,KXVOTEGENERAL,enter,YES,0.5,0.73,0.0069,,yes_ask,yes
2026-09-29,favorite-cash,KXATTYGENAR-26-R,KXATTYGENAR,enter,YES,388.2,0.977,0.6107,,yes_ask,yes
2026-09-29,favorite-cash,KXBEXARCOUNTYJUDGE-26-RNIR,KXBEXARCOUNTYJUDGE,enter,YES,36.8,0.89,0.2522,,yes_ask,yes
2026-09-29,favorite-cash,KXCAWEALTHTAXMOVD-CAWEALTHTAX26YES-YES-P1,KXCAWEALTHTAXMOVD,enter,YES,130,0.92,0.6698,,yes_ask,yes
2026-09-29,favorite-cash,KXDEMTRIFECTA-26NOV03-MN,KXDEMTRIFECTA,enter,YES,14.5,0.79,0.1684,,yes_ask,yes
2026-09-29,favorite-cash,KXELPASOCOUNTYJUDGE-26-RSAM,KXELPASOCOUNTYJUDGE,enter,YES,109.3,0.92,0.5632,,yes_ask,yes
2026-09-29,favorite-cash,KXFORTBENDCOUNTYJUDGE-26-DMCC,KXFORTBENDCOUNTYJUDGE,enter,YES,240.78,0.92,1.2405,,yes_ask,yes
2026-09-29,favorite-cash,KXHOUSERACE-GA14-26-R,KXHOUSERACE,enter,YES,12.2,0.981,0.016,,yes_ask,yes
2026-09-29,favorite-cash,KXHOUSERACE-ID02-26-R,KXHOUSERACE,enter,YES,0.4,0.979,0.0006,,yes_ask,yes
2026-09-29,favorite-cash,KXHOUSERACE-LA01-26-R,KXHOUSERACE,enter,YES,7.9,0.98,0.0109,,yes_ask,yes
2026-09-29,favorite-cash,KXHOUSEUT01-26-D,KXHOUSEUT01,enter,YES,12.5,0.979,0.018,,yes_ask,yes
2026-09-29,favorite-cash,KXMIDTERMMOV-ARGOVR-P10,KXMIDTERMMOV,enter,YES,10,0.88,0.074,,yes_ask,yes
2026-09-29,favorite-cash,KXMIDTERMMOV-CA12LSIM-P10,KXMIDTERMMOV,enter,YES,5,0.979,0.0072,,yes_ask,yes
2026-09-29,favorite-cash,KXMIDTERMMOV-CA12LSIM-P15,KXMIDTERMMOV,enter,YES,5,0.979,0.0072,,yes_ask,yes
2026-09-29,favorite-cash,KXMIDTERMMOV-CA12LSIM-P20,KXMIDTERMMOV,enter,YES,5,0.979,0.0072,,yes_ask,yes
2026-09-29,favorite-cash,KXMIDTERMMOV-CA12LSIM-P25,KXMIDTERMMOV,enter,YES,5,0.979,0.0072,,yes_ask,yes
2026-09-29,favorite-cash,KXMIDTERMMOV-CA12LSIM-P30,KXMIDTERMMOV,enter,YES,5,0.969,0.0106,,yes_ask,yes
2026-09-29,favorite-cash,KXMIDTERMMOV-CA12LSIM-P35,KXMIDTERMMOV,enter,YES,5,0.929,0.0231,,yes_ask,yes
2026-09-29,favorite-cash,KXMIDTERMMOV-CA12LSIM-P5,KXMIDTERMMOV,enter,YES,5,0.979,0.0072,,yes_ask,yes
2026-09-29,favorite-cash,KXMIDTERMMOV-CA42D-P20,KXMIDTERMMOV,enter,YES,0.5,0.916,0.0027,,yes_ask,yes
2026-09-29,favorite-cash,KXMIDTERMMOV-CA42D-P23,KXMIDTERMMOV,enter,YES,2,0.76,0.0256,,yes_ask,yes
2026-09-29,favorite-cash,KXMIDTERMMOV-CA42D-P26,KXMIDTERMMOV,enter,YES,0.5,0.71,0.0073,,yes_ask,yes
2026-09-29,favorite-cash,KXMIDTERMMOV-GA06D-P41,KXMIDTERMMOV,enter,YES,6.5,0.97,0.0133,,yes_ask,yes
2026-09-29,favorite-cash,KXMIDTERMMOV-GA09R-P16,KXMIDTERMMOV,enter,YES,5.5,0.95,0.0183,,yes_ask,yes
2026-09-29,favorite-cash,KXMIDTERMMOV-NH01D-P10,KXMIDTERMMOV,enter,YES,0.77,0.71,0.0111,,yes_ask,yes
2026-09-29,favorite-cash,KXMIDTERMMOV-NJ08D-P50,KXMIDTERMMOV,enter,YES,11.15,0.909,0.0646,,yes_ask,yes
2026-09-29,favorite-cash,KXMIDTERMMOV-NY25D-P16,KXMIDTERMMOV,enter,YES,7.5,0.98,0.0103,,yes_ask,yes
2026-09-29,favorite-cash,KXMIDTERMMOV-NY25D-P25,KXMIDTERMMOV,enter,YES,7.5,0.7,0.1103,,yes_ask,yes
2026-09-29,favorite-cash,KXMIDTERMMOV-OK01R-P9,KXMIDTERMMOV,enter,YES,14.59,0.7,0.2145,,yes_ask,yes
2026-09-29,favorite-cash,KXMIDTERMMOV-TX32R-P6,KXMIDTERMMOV,enter,YES,2.5,0.72,0.0353,,yes_ask,yes
2026-09-29,favorite-cash,KXMIDTERMMOV-UT01D-P23,KXMIDTERMMOV,enter,YES,0.5,0.87,0.004,,yes_ask,yes
2026-09-29,favorite-cash,KXMIDTERMMOV-UT01D-P26,KXMIDTERMMOV,enter,YES,20.5,0.75,0.2691,,yes_ask,yes
2026-09-29,favorite-cash,KXMIDTERMVOTETURN-AKGOV-270000,KXMIDTERMVOTETURN,enter,YES,20,0.72,0.2823,,yes_ask,yes
2026-09-29,favorite-cash,KXMIDTERMVOTETURN-CA04-180000,KXMIDTERMVOTETURN,enter,YES,20,0.75,0.2625,,yes_ask,yes
2026-09-29,favorite-cash,KXMIDTERMVOTETURN-CA08-180000,KXMIDTERMVOTETURN,enter,YES,1.15,0.74,0.0155,,yes_ask,yes
2026-09-29,favorite-cash,KXMIDTERMVOTETURN-CA11-190000,KXMIDTERMVOTETURN,enter,YES,20,0.84,0.1882,,yes_ask,yes
2026-09-29,favorite-cash,KXMIDTERMVOTETURN-CA11-200000,KXMIDTERMVOTETURN,enter,YES,20,0.76,0.2554,,yes_ask,yes
2026-09-29,favorite-cash,KXMIDTERMVOTETURN-LA06-230000,KXMIDTERMVOTETURN,enter,YES,20,0.71,0.2883,,yes_ask,yes
2026-09-29,favorite-cash,KXMIDTERMVOTETURN-SCSEN-1680000,KXMIDTERMVOTETURN,enter,YES,2.98,0.75,0.0392,,yes_ask,yes
2026-09-29,favorite-cash,KXMONTGOMERYCOUNTYJUDGE-26-MKEO,KXMONTGOMERYCOUNTYJUDGE,enter,YES,45.3,0.94,0.1789,,yes_ask,yes
2026-09-29,favorite-cash,KXSENATEWITHIN5-26NOV03-AK,KXSENATEWITHIN5,enter,YES,30,0.93,0.1368,,yes_ask,yes
2026-09-29,favorite-cash,KXSENATEWITHIN5-26NOV03-IA,KXSENATEWITHIN5,enter,YES,24.7,0.78,0.2967,,yes_ask,yes
2026-09-29,favorite-cash,KXSENATEWITHIN5-26NOV03-OH,KXSENATEWITHIN5,enter,YES,128.12,0.92,0.6601,,yes_ask,yes
2026-09-29,favorite-cash,KXSTATELEG-MNHOUSE26-D,KXSTATELEG,enter,YES,0.34,0.87,0.0027,,yes_ask,yes
2026-09-29,favorite-cash,KXTPSENATEMAX-26NOV03-AL4,KXTPSENATEMAX,enter,YES,6.51,0.85,0.0582,,yes_ask,yes
2026-09-29,favorite-cash,KXUNDERHARRIS-27JAN04-TJAC,KXUNDERHARRIS,enter,YES,69.51,0.81,0.7489,,yes_ask,yes
2026-09-29,favorite-cash,KXUNDERHARRIS-27JAN04-TKOT,KXUNDERHARRIS,enter,YES,44.5,0.98,0.0611,,yes_ask,yes
2026-09-29,favorite-cash,KXVOTEGENERAL-GOVPARTYNE-26JPIL-48,KXVOTEGENERAL,enter,YES,7.5,0.92,0.0387,,yes_ask,yes
2026-09-29,favorite-cash,KXVOTEGENERAL-KXCA11PERSON-26SWIE-44,KXVOTEGENERAL,enter,YES,20,0.96,0.0538,,yes_ask,yes
2026-09-29,favorite-cash,KXVOTEGENERAL-KXHOUSERACE-CA42-26RGAR-62,KXVOTEGENERAL,enter,YES,0.4,0.76,0.0052,,yes_ask,yes
2026-09-29,favorite-cash,KXVOTEGENERAL-KXHOUSERACE-FL12-26KOVE-38,KXVOTEGENERAL,enter,YES,20,0.95,0.0665,,yes_ask,yes
2026-09-29,favorite-cash,KXVOTEGENERAL-KXHOUSERACE-FL25-26JMOS-50,KXVOTEGENERAL,enter,YES,10,0.72,0.1412,,yes_ask,yes
2026-09-29,favorite-cash,KXVOTEGENERAL-KXHOUSERACE-ID01-26RFUL-64,KXVOTEGENERAL,enter,YES,10,0.74,0.1347,,yes_ask,yes
2026-09-29,favorite-cash,KXVOTEGENERAL-KXHOUSERACE-IL11-26JWAL-34,KXVOTEGENERAL,enter,YES,20,0.7,0.294,,yes_ask,yes
2026-09-29,favorite-cash,KXVOTEGENERAL-KXHOUSEUT01-26ROWE-28,KXVOTEGENERAL,enter,YES,0.5,0.86,0.0043,,yes_ask,yes
2026-09-29,favorite-cash,KXVOTEGENERAL-KXHOUSEUT01-26ROWE-30,KXVOTEGENERAL,enter,YES,0.5,0.7,0.0074,,yes_ask,yes
2026-09-29,favorite-cash,KXVOTEGENERAL-SENATEID-26JRIS-50,KXVOTEGENERAL,enter,YES,75.7,0.8,0.8479,,yes_ask,yes
2026-09-29,favorite-cash,KXVOTEGENERAL-SENATENC-26RCOO-50,KXVOTEGENERAL,enter,YES,20,0.88,0.1479,,yes_ask,yes
2026-09-29,favorite-cash,KXVOTEGENERAL-SENATETX-26TBRO-2,KXVOTEGENERAL,enter,YES,20,0.76,0.2554,,yes_ask,yes
2026-09-30,favorite-cash,HOUSEFL23-26-D,HOUSEFL23,enter,YES,9.4,0.98,0.0129,,yes_ask,yes
2026-09-30,favorite-cash,KXCABALLOTMEASURES-26NOV03-PR45,KXCABALLOTMEASURES,enter,YES,8,0.95,0.0266,,yes_ask,yes
2026-09-30,favorite-cash,KXCOLLINCOUNTYJUDGE-26-CHIL,KXCOLLINCOUNTYJUDGE,enter,YES,45.1,0.73,0.6223,,yes_ask,yes
2026-09-30,favorite-cash,KXDENTONCOUNTYJUDGE-26-AEAD,KXDENTONCOUNTYJUDGE,enter,YES,1.7,0.88,0.0126,,yes_ask,yes
2026-09-30,favorite-cash,KXFULTONCHAIR-26-MIVO,KXFULTONCHAIR,enter,YES,212.9,0.92,1.0969,,yes_ask,yes
2026-09-30,favorite-cash,KXHOUSERACE-CO02-26-D,KXHOUSERACE,enter,YES,2,0.994,0.0009,,yes_ask,yes
2026-09-30,favorite-cash,KXHOUSERACE-CT02-26-D,KXHOUSERACE,enter,YES,183.43,0.991,0.1146,,yes_ask,yes
2026-09-30,favorite-cash,KXHOUSERACE-TX30-26-D,KXHOUSERACE,enter,YES,0.9,0.993,0.0005,,yes_ask,yes
2026-09-30,favorite-cash,KXHOUSEWINSTATE-NJD-E10,KXHOUSEWINSTATE,enter,YES,427.84,0.66,6.7206,,yes_ask,yes
2026-09-30,favorite-cash,KXLEXMAYOR-26-LGOR,KXLEXMAYOR,enter,YES,122.6,0.81,1.3208,,yes_ask,yes
2026-09-30,favorite-cash,KXLOCALLAW-COSB26189-27FEB01,KXLOCALLAW,enter,YES,269.28,0.85,2.4034,,yes_ask,yes
2026-09-30,favorite-cash,KXMIDTERMMOV-AZ03D-P63,KXMIDTERMMOV,enter,YES,30.5,0.909,0.1767,,yes_ask,yes
2026-09-30,favorite-cash,KXMIDTERMMOV-CTGOVD-P8,KXMIDTERMMOV,enter,YES,11.03,0.89,0.0756,,yes_ask,yes
2026-09-30,favorite-cash,KXMIDTERMMOV-FL23D-P20,KXMIDTERMMOV,enter,YES,20.5,0.925,0.0996,,yes_ask,yes
2026-09-30,favorite-cash,KXMIDTERMMOV-FL23D-P23,KXMIDTERMMOV,enter,YES,20.5,0.85,0.183,,yes_ask,yes
2026-09-30,favorite-cash,KXMIDTERMMOV-HIGOVD-P26,KXMIDTERMMOV,enter,YES,5,0.97,0.0102,,yes_ask,yes
2026-09-30,favorite-cash,KXMIDTERMMOV-IDGOVR-P18,KXMIDTERMMOV,enter,YES,20,0.89,0.1371,,yes_ask,yes
2026-09-30,favorite-cash,KXMIDTERMMOV-MA07D-P79,KXMIDTERMMOV,enter,YES,25.5,0.933,0.1116,,yes_ask,yes
2026-09-30,favorite-cash,KXMIDTERMMOV-MD06D-P15,KXMIDTERMMOV,enter,YES,20.5,0.69,0.307,,yes_ask,yes
2026-09-30,favorite-cash,KXMIDTERMMOV-MNSEND-P1,KXMIDTERMMOV,enter,YES,0.11,0.88,0.0009,,yes_ask,yes
2026-09-30,favorite-cash,KXMIDTERMMOV-MO04R-P11,KXMIDTERMMOV,enter,YES,2.7,0.915,0.0147,,yes_ask,yes
2026-09-30,favorite-cash,KXMIDTERMMOV-MO04R-P14,KXMIDTERMMOV,enter,YES,5,0.915,0.0273,,yes_ask,yes
2026-09-30,favorite-cash,KXMIDTERMMOV-MO04R-P17,KXMIDTERMMOV,enter,YES,5.5,0.93,0.0251,,yes_ask,yes
2026-09-30,favorite-cash,KXMIDTERMMOV-MO04R-P8,KXMIDTERMMOV,enter,YES,5.5,0.959,0.0152,,yes_ask,yes
2026-09-30,favorite-cash,KXMIDTERMMOV-NEGOVR-P7,KXMIDTERMMOV,enter,YES,10,0.69,0.1498,,yes_ask,yes
2026-09-30,favorite-cash,KXMIDTERMMOV-NJ05D-P7,KXMIDTERMMOV,enter,YES,0.5,0.988,0.0005,,yes_ask,yes
2026-09-30,favorite-cash,KXMIDTERMMOV-UT01D-P29,KXMIDTERMMOV,enter,YES,0.65,0.75,0.0086,,yes_ask,yes
2026-09-30,favorite-cash,KXNEWSOMRUN-28-27OCT01,KXNEWSOMRUN,enter,YES,0.25,0.73,0.0035,,yes_ask,yes
2026-09-30,favorite-cash,KXSENATEWITHIN5-26NOV03-TX,KXSENATEWITHIN5,enter,YES,115.1,0.68,1.7533,,yes_ask,yes
2026-09-30,favorite-cash,KXSTATEBALLOTMEASURE-NE26-OSWR,KXSTATEBALLOTMEASURE,enter,YES,12.5,0.7,0.1838,,yes_ask,yes
2026-09-30,favorite-cash,KXSTATELEG-GASEN26-R,KXSTATELEG,enter,YES,0.1,0.91,0.0006,,yes_ask,yes
2026-09-30,favorite-cash,KXSTATELEG-OHHOUSE26-R,KXSTATELEG,enter,YES,0.1,0.95,0.0004,,yes_ask,yes
2026-09-30,favorite-cash,KXSTATELEG-OHSEN26-R,KXSTATELEG,enter,YES,0.1,0.94,0.0004,,yes_ask,yes
2026-09-30,favorite-cash,KXVOTECOUNTY-SENATEMI26OAKLANDAELS-50,KXVOTECOUNTY,enter,YES,1.55,0.99,0.0011,,yes_ask,yes
2026-09-30,favorite-cash,KXVOTECOUNTY-SENATEMI26OAKLANDAELS-54,KXVOTECOUNTY,enter,YES,1.14,0.84,0.0108,,yes_ask,yes
2026-09-30,favorite-cash,KXVOTEGENERAL-GOVAK-26BWIL-20,KXVOTEGENERAL,enter,YES,100,0.89,0.6853,,yes_ask,yes
2026-09-30,favorite-cash,KXVOTEGENERAL-GOVAK-26DBRO-14,KXVOTEGENERAL,enter,YES,50,0.88,0.3696,,yes_ask,yes
2026-09-30,favorite-cash,KXVOTEGENERAL-GOVAK-26DBRO-16,KXVOTEGENERAL,enter,YES,80,0.82,0.8266,,yes_ask,yes
2026-09-30,favorite-cash,KXVOTEGENERAL-GOVAK-26JKRE-38,KXVOTEGENERAL,enter,YES,100,0.98,0.1372,,yes_ask,yes
2026-09-30,favorite-cash,KXVOTEGENERAL-GOVPARTYVT-26AJAN-42,KXVOTEGENERAL,enter,YES,1.36,0.74,0.0184,,yes_ask,yes
2026-09-30,favorite-cash,KXVOTEGENERAL-HOUSECO3-26CBRO-1,KXVOTEGENERAL,enter,YES,20,0.72,0.2823,,yes_ask,yes
2026-09-30,favorite-cash,KXVOTEGENERAL-HOUSENJ5-26JGOT-54,KXVOTEGENERAL,enter,YES,0.5,0.97,0.0011,,yes_ask,yes
2026-09-30,favorite-cash,KXVOTEGENERAL-HOUSEVA1-26RWIT-48,KXVOTEGENERAL,enter,YES,10.5,0.72,0.1482,,yes_ask,yes
2026-09-30,favorite-cash,KXVOTEGENERAL-KXHOUSERACE-CO01-26SBLA-1,KXVOTEGENERAL,enter,YES,40.2,0.87,0.3183,,yes_ask,yes
2026-09-30,favorite-cash,KXVOTEGENERAL-KXHOUSERACE-FL25-26SSIN-46,KXVOTEGENERAL,enter,YES,13.1,0.79,0.1522,,yes_ask,yes
2026-09-30,favorite-cash,KXVOTEGENERAL-KXHOUSERACE-MO04-26MALF-56,KXVOTEGENERAL,enter,YES,2.7,0.98,0.0038,,yes_ask,yes
2026-09-30,favorite-cash,KXVOTEGENERAL-KXHOUSERACE-MO04-26MALF-58,KXVOTEGENERAL,enter,YES,1.3,0.93,0.006,,yes_ask,yes
2026-09-30,favorite-cash,KXVOTEGENERAL-KXHOUSERACE-TX03-26KSEL-54,KXVOTEGENERAL,enter,YES,0.5,0.7,0.0074,,yes_ask,yes
2026-09-30,favorite-cash,KXVOTEGENERAL-SENATECO-26RCHE-1,KXVOTEGENERAL,enter,YES,40,0.78,0.4805,,yes_ask,yes
2026-09-30,favorite-cash,KXVOTEGENERAL-SENATEGA-26MCOL-42,KXVOTEGENERAL,enter,YES,20,0.76,0.2554,,yes_ask,yes
2026-09-30,favorite-cash,KXVOTEGENERAL-SENATEID-26NFLE-2,KXVOTEGENERAL,enter,YES,80.7,0.7,1.1863,,yes_ask,yes
2026-09-30,favorite-cash,KXVOTEGENERAL-SENATEMN-26MTAF-40,KXVOTEGENERAL,enter,YES,20,0.93,0.0912,,yes_ask,yes
2026-09-30,favorite-cash,KXVOTEGENERAL-SENATEMN-26MTAF-44,KXVOTEGENERAL,enter,YES,19.5,0.71,0.2811,,yes_ask,yes
2026-09-30,favorite-cash,KXVOTEGENERAL-SENATEMS-26TPIN-1,KXVOTEGENERAL,enter,YES,40,0.89,0.2742,,yes_ask,yes
2026-09-30,favorite-cash,KXVOTEGENERAL-SENATESC-26AAND-44,KXVOTEGENERAL,enter,YES,23.14,0.68,0.3525,,yes_ask,yes
2026-09-30,favorite-cash,KXVOTEGENERAL-SENATESC-26DGRA-48,KXVOTEGENERAL,enter,YES,10,0.91,0.0574,,yes_ask,yes
2026-10-01,favorite-cash,KXATTYGENNE-26-R,KXATTYGENNE,enter,YES,0.3,0.923,0.0015,,yes_ask,yes
2026-10-01,favorite-cash,KXHONOLULUQ4-26NOV03,KXHONOLULUQ4,enter,YES,600,0.93,2.7342,,yes_ask,yes
2026-10-01,favorite-cash,KXHOUSENC11-26-DEM,KXHOUSENC11,enter,YES,937.86,0.67,14.5153,,yes_ask,yes
2026-10-01,favorite-cash,KXHOUSERACE-IN03-26-R,KXHOUSERACE,enter,YES,0.31,0.961,0.0009,,yes_ask,yes
2026-10-01,favorite-cash,KXHOUSERACE-IN06-26-R,KXHOUSERACE,enter,YES,3.36,0.969,0.0071,,yes_ask,yes
2026-10-01,favorite-cash,KXHOUSERACE-MT02-26-R,KXHOUSERACE,enter,YES,5.4,0.946,0.0194,,yes_ask,yes
2026-10-01,favorite-cash,KXHOUSERACE-NC14-26-R,KXHOUSERACE,enter,YES,18.8,0.89,0.1289,,yes_ask,yes
2026-10-01,favorite-cash,KXHOUSERACE-OH04-26-R,KXHOUSERACE,enter,YES,0.1,0.967,0.0003,,yes_ask,yes
2026-10-01,favorite-cash,KXHOUSERACE-OH12-26-R,KXHOUSERACE,enter,YES,0.1,0.964,0.0003,,yes_ask,yes
2026-10-01,favorite-cash,KXHOUSERACE-SC02-26-R,KXHOUSERACE,enter,YES,0.1,0.917,0.0006,,yes_ask,yes
2026-10-01,favorite-cash,KXHOUSERACE-TN05-26-R,KXHOUSERACE,enter,YES,5.43,0.914,0.0299,,yes_ask,yes
2026-10-01,favorite-cash,KXHOUSERACE-TX19-26-R,KXHOUSERACE,enter,YES,0.1,0.985,0.0002,,yes_ask,yes
2026-10-01,favorite-cash,KXHOUSERACE-TX22-26-R,KXHOUSERACE,enter,YES,0.8,0.926,0.0039,,yes_ask,yes
2026-10-01,favorite-cash,KXMIDTERMMOV-COGOVD-P21,KXMIDTERMMOV,enter,YES,2.2,0.939,0.0089,,yes_ask,yes
2026-10-01,favorite-cash,KXMIDTERMMOV-COGOVD-P24,KXMIDTERMMOV,enter,YES,0.5,0.88,0.0037,,yes_ask,yes
2026-10-01,favorite-cash,KXMIDTERMMOV-COGOVD-P27,KXMIDTERMMOV,enter,YES,1,0.76,0.0128,,yes_ask,yes
2026-10-01,favorite-cash,KXMIDTERMMOV-COGOVD-P9,KXMIDTERMMOV,enter,YES,2.5,0.94,0.0099,,yes_ask,yes
2026-10-01,favorite-cash,KXMIDTERMMOV-FL03R-P11,KXMIDTERMMOV,enter,YES,1,0.69,0.015,,yes_ask,yes
2026-10-01,favorite-cash,KXMIDTERMMOV-GA12R-P5,KXMIDTERMMOV,enter,YES,0.01,0.74,0.0002,,yes_ask,yes
2026-10-01,favorite-cash,KXMIDTERMMOV-HI01D-P36,KXMIDTERMMOV,enter,YES,20.1,0.87,0.1592,,yes_ask,yes
2026-10-01,favorite-cash,KXMIDTERMMOV-NH02D-P1,KXMIDTERMMOV,enter,YES,3.2,0.962,0.0082,,yes_ask,yes
2026-10-01,favorite-cash,KXMIDTERMMOV-NJ08D-P38,KXMIDTERMMOV,enter,YES,0.3,0.994,0.0002,,yes_ask,yes
2026-10-01,favorite-cash,KXMIDTERMMOV-NY16D-P35,KXMIDTERMMOV,enter,YES,3.3,0.9,0.0208,,yes_ask,yes
2026-10-01,favorite-cash,KXMIDTERMMOV-SDGOVR-P12,KXMIDTERMMOV,enter,YES,20,0.933,0.0876,,yes_ask,yes
2026-10-01,favorite-cash,KXMIDTERMMOV-SDGOVR-P15,KXMIDTERMMOV,enter,YES,20,0.81,0.2155,,yes_ask,yes
2026-10-01,favorite-cash,KXMIDTERMMOV-WYSENR-P26,KXMIDTERMMOV,enter,YES,2.5,0.971,0.005,,yes_ask,yes
2026-10-01,favorite-cash,KXMIDTERMVOTETURN-HIGOV-370000,KXMIDTERMVOTETURN,enter,YES,9.6,0.69,0.1438,,yes_ask,yes
2026-10-01,favorite-cash,KXMILEAD-26AUG17-A27500,KXMILEAD,enter,YES,0.12,0.79,0.0014,,yes_ask,yes
2026-10-01,favorite-cash,KXPRESSBRIEFINGCOUNT-26OCT-A1,KXPRESSBRIEFINGCOUNT,enter,YES,45.9,0.78,0.5514,,yes_ask,yes
2026-10-01,favorite-cash,KXSENATEWITHIN5-26NOV03-ME,KXSENATEWITHIN5,enter,YES,48.16,0.8,0.5394,,yes_ask,yes
2026-10-01,favorite-cash,KXSTATEBALLOTMEASURE-AR-HJR1018,KXSTATEBALLOTMEASURE,enter,YES,10.1,0.95,0.0336,,yes_ask,yes
2026-10-01,favorite-cash,KXSTATEBALLOTMEASURE-MA-Q1,KXSTATEBALLOTMEASURE,enter,YES,0.3,0.95,0.001,,yes_ask,yes
2026-10-01,favorite-cash,KXSTATEBALLOTMEASURE-MA-Q6,KXSTATEBALLOTMEASURE,enter,YES,1,0.88,0.0074,,yes_ask,yes
2026-10-01,favorite-cash,KXSTATEBALLOTMEASURE-MA-Q7,KXSTATEBALLOTMEASURE,enter,YES,1,0.85,0.009,,yes_ask,yes
2026-10-01,favorite-cash,KXSTATEBALLOTMEASURE-WV-A1,KXSTATEBALLOTMEASURE,enter,YES,15.1,0.97,0.0308,,yes_ask,yes
2026-10-01,favorite-cash,KXVOTEGENERAL-GOVAK-26DBRO-10,KXVOTEGENERAL,enter,YES,4,0.94,0.0158,,yes_ask,yes
2026-10-01,favorite-cash,KXVOTEGENERAL-GOVPARTYAL-26TTUB-52,KXVOTEGENERAL,enter,YES,30,0.77,0.372,,yes_ask,yes
2026-10-01,favorite-cash,KXVOTEGENERAL-GOVPARTYCO-26PWEI-58,KXVOTEGENERAL,enter,YES,0.3,0.98,0.0005,,yes_ask,yes
2026-10-01,favorite-cash,KXVOTEGENERAL-GOVPARTYCO-26VMAR-30,KXVOTEGENERAL,enter,YES,21.65,0.84,0.2037,,yes_ask,yes
2026-10-01,favorite-cash,KXVOTEGENERAL-GOVPARTYIL-26DBAI-34,KXVOTEGENERAL,enter,YES,0.87,0.79,0.0102,,yes_ask,yes
2026-10-01,favorite-cash,KXVOTEGENERAL-GOVPARTYMI-26JJAM-40,KXVOTEGENERAL,enter,YES,20,0.89,0.1371,,yes_ask,yes
2026-10-01,favorite-cash,KXVOTEGENERAL-HOUSEWA3-26MPER-48,KXVOTEGENERAL,enter,YES,20,0.95,0.0665,,yes_ask,yes
2026-10-01,favorite-cash,KXVOTEGENERAL-KXHOUSERACE-IL09-26DBIS-70,KXVOTEGENERAL,enter,YES,0.99,0.7,0.0146,,yes_ask,yes
2026-10-01,favorite-cash,KXVOTEGENERAL-KXHOUSERACE-MD01-26AHAR-52,KXVOTEGENERAL,enter,YES,2.5,0.82,0.0259,,yes_ask,yes
2026-10-01,favorite-cash,KXVOTEGENERAL-KXHOUSERACE-SDAL-26MJAC-58,KXVOTEGENERAL,enter,YES,20.5,0.75,0.2691,,yes_ask,yes
2026-10-01,favorite-cash,KXVOTEGENERAL-SENATEME-26SCOL-42,KXVOTEGENERAL,enter,YES,20.2,0.85,0.1803,,yes_ask,yes
2026-10-02,favorite-cash,KXATTYGENSD-26-R,KXATTYGENSD,enter,YES,921.6,0.982,1.1404,,yes_ask,yes
2026-10-02,favorite-cash,KXATTYGENVT-26-D,KXATTYGENVT,enter,YES,327.77,0.975,0.5593,,yes_ask,yes
2026-10-02,favorite-cash,KXCAINSCOMGEN-26-BALL,KXCAINSCOMGEN,enter,YES,11.21,0.85,0.1001,,yes_ask,yes
2026-10-02,favorite-cash,KXCLOSERMINHSEN-26NOV10-MISEN,KXCLOSERMINHSEN,enter,YES,294.6,0.7,4.3307,,yes_ask,yes
2026-10-02,favorite-cash,KXCLOSERMNMSSEN-26NOV10-MNSEN,KXCLOSERMNMSSEN,enter,YES,246.3,0.66,3.8689,,yes_ask,yes
2026-10-02,favorite-cash,KXFLMAILVOTE-26NOV03-AL1600000,KXFLMAILVOTE,enter,YES,20,0.95,0.0665,,yes_ask,yes
2026-10-02,favorite-cash,KXHOUSERACE-CA43-26-D,KXHOUSERACE,enter,YES,0.2,0.991,0.0002,,yes_ask,yes
2026-10-02,favorite-cash,KXHOUSERACE-CT01-26-D,KXHOUSERACE,enter,YES,125.01,0.985,0.1293,,yes_ask,yes
2026-10-02,favorite-cash,KXHOUSERACE-FL03-26-R,KXHOUSERACE,enter,YES,12.1,0.94,0.0478,,yes_ask,yes
2026-10-02,favorite-cash,KXHOUSERACE-IN02-26-R,KXHOUSERACE,enter,YES,0.8,0.979,0.0012,,yes_ask,yes
2026-10-02,favorite-cash,KXHOUSERACE-MA05-26-D,KXHOUSERACE,enter,YES,5.6,0.993,0.0028,,yes_ask,yes
2026-10-02,favorite-cash,KXHOUSERACE-TX04-26-R,KXHOUSERACE,enter,YES,3.7,0.959,0.0102,,yes_ask,yes
2026-10-02,favorite-cash,KXHOUSERACE-TX38-26-R,KXHOUSERACE,enter,YES,35.28,0.949,0.1196,,yes_ask,yes
2026-10-02,favorite-cash,KXHOUSEWINSTATE-NVD-E3,KXHOUSEWINSTATE,enter,YES,47.34,0.68,0.7211,,yes_ask,yes
2026-10-02,favorite-cash,KXLA13-26-HSOT,KXLA13,enter,YES,33.3,0.96,0.0896,,yes_ask,yes
2026-10-02,favorite-cash,KXLAHOUSE1R-26NOV03-LA02,KXLAHOUSE1R,enter,YES,30.3,0.97,0.0618,,yes_ask,yes
2026-10-02,favorite-cash,KXMIDTERMMOV-CO08D-P2,KXMIDTERMMOV,enter,YES,0.49,0.8,0.0055,,yes_ask,yes
2026-10-02,favorite-cash,KXMIDTERMMOV-COGOVD-P6,KXMIDTERMMOV,enter,YES,20.4,0.97,0.0416,,yes_ask,yes
2026-10-02,favorite-cash,KXMIDTERMMOV-ILGOVD-P18,KXMIDTERMMOV,enter,YES,0.1,0.79,0.0012,,yes_ask,yes
2026-10-02,favorite-cash,KXMIDTERMMOV-MA07D-P70,KXMIDTERMMOV,enter,YES,5,0.98,0.0069,,yes_ask,yes
2026-10-02,favorite-cash,KXMIDTERMMOV-MAGOVD-P14,KXMIDTERMMOV,enter,YES,105.95,0.83,1.0465,,yes_ask,yes
2026-10-02,favorite-cash,KXMIDTERMMOV-NV01D-P4,KXMIDTERMMOV,enter,YES,1,0.943,0.0038,,yes_ask,yes
2026-10-02,favorite-cash,KXMIDTERMMOV-NY11R-P6,KXMIDTERMMOV,enter,YES,0.82,0.85,0.0074,,yes_ask,yes
2026-10-02,favorite-cash,KXOHAUDITOR-26NOV03-FLAR,KXOHAUDITOR,enter,YES,2.43,0.79,0.0283,,yes_ask,yes
2026-10-02,favorite-cash,KXSAMEPARTYCONGRESS-27FEB01,KXSAMEPARTYCONGRESS,enter,YES,1.1,0.66,0.0173,,yes_ask,yes
2026-10-02,favorite-cash,KXSFD8-26-GMCC,KXSFD8,enter,YES,116.95,0.95,0.3889,,yes_ask,yes
2026-10-02,favorite-cash,KXSTATEBALLOTMEASURE-ID-P1,KXSTATEBALLOTMEASURE,enter,YES,0.53,0.96,0.0015,,yes_ask,yes
2026-10-02,favorite-cash,KXSTATEBALLOTMEASURE-VA-Q3,KXSTATEBALLOTMEASURE,enter,YES,49.5,0.97,0.1009,,yes_ask,yes
2026-10-02,favorite-cash,KXTXSUPREMECHIEF-26NOV03-JBLA,KXTXSUPREMECHIEF,enter,YES,20,0.72,0.2823,,yes_ask,yes
2026-10-02,favorite-cash,KXVOTEGENERAL-GOVPARTYCO-26PWEI-60,KXVOTEGENERAL,enter,YES,0.11,0.8,0.0013,,yes_ask,yes
2026-10-02,favorite-cash,KXVOTEGENERAL-GOVPARTYME-26HPIN-52,KXVOTEGENERAL,enter,YES,5,0.78,0.0601,,yes_ask,yes
2026-10-02,favorite-cash,KXVOTEGENERAL-GOVPARTYMI-26JBEN-52,KXVOTEGENERAL,enter,YES,10,0.71,0.1442,,yes_ask,yes
2026-10-02,favorite-cash,KXVOTEGENERAL-GOVPARTYNY-26KHOC-54,KXVOTEGENERAL,enter,YES,5,0.85,0.0447,,yes_ask,yes
2026-10-02,favorite-cash,KXVOTEGENERAL-GOVPARTYPA-26JSHA-56,KXVOTEGENERAL,enter,YES,0.21,0.94,0.0009,,yes_ask,yes
2026-10-02,favorite-cash,KXVOTEGENERAL-GOVPARTYTN-26JGRE-40,KXVOTEGENERAL,enter,YES,20,0.7,0.294,,yes_ask,yes
2026-10-02,favorite-cash,KXVOTEGENERAL-HOUSEVA7-26EVIN-54,KXVOTEGENERAL,enter,YES,20,0.77,0.248,,yes_ask,yes
2026-10-02,favorite-cash,KXVOTEGENERAL-KXHOUSERACE-CA24-26SCAR-60,KXVOTEGENERAL,enter,YES,20,0.76,0.2554,,yes_ask,yes
2026-10-02,favorite-cash,KXVOTEGENERAL-KXHOUSERACE-FL04-26ABEA-50,KXVOTEGENERAL,enter,YES,2,0.79,0.0233,,yes_ask,yes
2026-10-02,favorite-cash,KXVOTEGENERAL-KXHOUSERACE-FL08-26JJEN-40,KXVOTEGENERAL,enter,YES,20,0.77,0.248,,yes_ask,yes
2026-10-02,favorite-cash,KXVOTEGENERAL-KXHOUSERACE-NY21-26ACON-50,KXVOTEGENERAL,enter,YES,6.09,0.82,0.063,,yes_ask,yes
2026-10-02,favorite-cash,KXVOTEGENERAL-SENATEID-26MLOE-2,KXVOTEGENERAL,enter,YES,20,0.7,0.294,,yes_ask,yes
2026-10-02,favorite-cash,KXVOTEGENERAL-SENATEIL-26WHAR-1,KXVOTEGENERAL,enter,YES,20,0.9,0.126,,yes_ask,yes
2026-10-02,favorite-cash,KXVOTEGENERAL-SENATENE26DOSB-45,KXVOTEGENERAL,enter,YES,5,0.82,0.0517,,yes_ask,yes
2026-10-02,favorite-cash,KXVOTEGENERAL-SENATENE26PRIC-49,KXVOTEGENERAL,enter,YES,5,0.74,0.0674,,yes_ask,yes
2026-10-02,favorite-cash,KXVOTEGENERAL-SENATENH-26CPAP-50,KXVOTEGENERAL,enter,YES,1,0.81,0.0108,,yes_ask,yes
2026-10-03,favorite-cash,KXATTYGENMD-26-D,KXATTYGENMD,enter,YES,9.72,0.986,0.0094,,yes_ask,yes
2026-10-03,favorite-cash,KXATTYGENSC-26-R,KXATTYGENSC,enter,YES,2,0.918,0.0106,,yes_ask,yes
2026-10-03,favorite-cash,KXCLOSERMTNJSEN-26NOV10-MTSEN,KXCLOSERMTNJSEN,enter,YES,7.4,0.67,0.1146,,yes_ask,yes
2026-10-03,favorite-cash,KXDEMTRUMPVOTERS-26NOV06-A5,KXDEMTRUMPVOTERS,enter,YES,0.1,0.75,0.0014,,yes_ask,yes
2026-10-03,favorite-cash,KXFLMAILVOTE-26NOV03-AL1800000,KXFLMAILVOTE,enter,YES,20,0.84,0.1882,,yes_ask,yes
2026-10-03,favorite-cash,KXHOUSEWINSTATE-MND-E4,KXHOUSEWINSTATE,enter,YES,476.35,0.73,6.5723,,yes_ask,yes
2026-10-03,favorite-cash,KXMIDTERMMOV-CA48D-P9,KXMIDTERMMOV,enter,YES,1.6,0.69,0.024,,yes_ask,yes
2026-10-03,favorite-cash,KXMIDTERMMOV-DESEND-P22,KXMIDTERMMOV,enter,YES,20,0.89,0.1371,,yes_ask,yes
2026-10-03,favorite-cash,KXMIDTERMMOV-FL21R-P4,KXMIDTERMMOV,enter,YES,25.5,0.81,0.2748,,yes_ask,yes
2026-10-03,favorite-cash,KXMIDTERMMOV-FL23D-P5,KXMIDTERMMOV,enter,YES,19.92,0.99,0.0139,,yes_ask,yes
2026-10-03,favorite-cash,KXMIDTERMMOV-IL08D-P12,KXMIDTERMMOV,enter,YES,25.5,0.81,0.2748,,yes_ask,yes
2026-10-03,favorite-cash,KXMIDTERMMOV-IL08D-P15,KXMIDTERMMOV,enter,YES,5,0.7,0.0735,,yes_ask,yes
2026-10-03,favorite-cash,KXMIDTERMMOV-IL08D-P6,KXMIDTERMMOV,enter,YES,5,0.929,0.0231,,yes_ask,yes
2026-10-03,favorite-cash,KXMIDTERMMOV-MA04D-P23,KXMIDTERMMOV,enter,YES,0.4,0.957,0.0012,,yes_ask,yes
2026-10-03,favorite-cash,KXMIDTERMMOV-NJ07D-P5,KXMIDTERMMOV,enter,YES,11.53,0.7,0.1695,,yes_ask,yes
2026-10-03,favorite-cash,KXMIDTERMMOV-NY21R-P3,KXMIDTERMMOV,enter,YES,3.36,0.72,0.0475,,yes_ask,yes
2026-10-03,favorite-cash,KXMIDTERMMOV-RIGOVD-P10,KXMIDTERMMOV,enter,YES,0.5,0.98,0.0007,,yes_ask,yes
2026-10-03,favorite-cash,KXMIDTERMMOV-RIGOVD-P13,KXMIDTERMMOV,enter,YES,20,0.909,0.1159,,yes_ask,yes
2026-10-03,favorite-cash,KXMIDTERMMOV-RIGOVD-P7,KXMIDTERMMOV,enter,YES,0.5,0.995,0.0002,,yes_ask,yes
2026-10-03,favorite-cash,KXMIDTERMMOV-TX28D-P8,KXMIDTERMMOV,enter,YES,4,0.69,0.0599,,yes_ask,yes
2026-10-03,favorite-cash,KXMIDTERMMOV-VA09R-P30,KXMIDTERMMOV,enter,YES,10.02,0.87,0.0794,,yes_ask,yes
2026-10-03,favorite-cash,KXMIDTERMMOV-WI06R-P2,KXMIDTERMMOV,enter,YES,20.5,0.919,0.1069,,yes_ask,yes
2026-10-03,favorite-cash,KXMIDTERMMOV-WV01R-P30,KXMIDTERMMOV,enter,YES,4.5,0.71,0.0649,,yes_ask,yes
2026-10-03,favorite-cash,KXNESENGOVCOMBO-26NOV-REPREP,KXNESENGOVCOMBO,enter,YES,20,0.75,0.2625,,yes_ask,yes
2026-10-03,favorite-cash,KXSTATEBALLOTMEASURE-FL-A1,KXSTATEBALLOTMEASURE,enter,YES,5.78,0.74,0.0779,,yes_ask,yes
2026-10-03,favorite-cash,KXSTATELEG-NCHOUSE26-R,KXSTATELEG,enter,YES,20,0.7,0.294,,yes_ask,yes
2026-10-03,favorite-cash,KXTRUMPDEMDISTRICTS-26NOV03-AL25,KXTRUMPDEMDISTRICTS,enter,YES,20,0.85,0.1785,,yes_ask,yes
2026-10-03,favorite-cash,KXVANCERUN-28-27APR01,KXVANCERUN,enter,YES,17.62,0.975,0.0301,,yes_ask,yes
2026-10-03,favorite-cash,KXVOTEGENERAL-GOVAK-26DBRO-12,KXVOTEGENERAL,enter,YES,26,0.68,0.3961,,yes_ask,yes
2026-10-03,favorite-cash,KXVOTEGENERAL-GOVPARTYAL-26TTUB-50,KXVOTEGENERAL,enter,YES,5,0.89,0.0343,,yes_ask,yes
2026-10-03,favorite-cash,KXVOTEGENERAL-GOVPARTYKS-27TMAS-48,KXVOTEGENERAL,enter,YES,20,0.85,0.1785,,yes_ask,yes
2026-10-03,favorite-cash,KXVOTEGENERAL-HOUSECA41-26LSAN-56,KXVOTEGENERAL,enter,YES,20,0.86,0.1686,,yes_ask,yes
2026-10-03,favorite-cash,KXVOTEGENERAL-HOUSECA41-26LSAN-58,KXVOTEGENERAL,enter,YES,20,0.8,0.224,,yes_ask,yes
2026-10-03,favorite-cash,KXVOTEGENERAL-HOUSENY22-26JMAN-56,KXVOTEGENERAL,enter,YES,20,0.8,0.224,,yes_ask,yes
2026-10-03,favorite-cash,KXVOTEGENERAL-KXHOUSERACE-AL02-26SFIG-44,KXVOTEGENERAL,enter,YES,1,0.8,0.0112,,yes_ask,yes
2026-10-03,favorite-cash,KXVOTEGENERAL-KXHOUSERACE-AR02-26FHIL-50,KXVOTEGENERAL,enter,YES,10,0.76,0.1277,,yes_ask,yes
2026-10-03,favorite-cash,KXVOTEGENERAL-KXHOUSERACE-GA05-26JSAL-10,KXVOTEGENERAL,enter,YES,20,0.78,0.2403,,yes_ask,yes
2026-10-03,favorite-cash,KXVOTEGENERAL-KXHOUSERACE-MA04-26JAUC-62,KXVOTEGENERAL,enter,YES,0.4,0.9,0.0026,,yes_ask,yes
2026-10-03,favorite-cash,KXVOTEGENERAL-KXHOUSERACE-MD07-26SCOL-12,KXVOTEGENERAL,enter,YES,20.3,0.97,0.0414,,yes_ask,yes
2026-10-03,favorite-cash,KXVOTEGENERAL-KXHOUSERACE-NV02-26TBEN-44,KXVOTEGENERAL,enter,YES,20,0.81,0.2155,,yes_ask,yes
2026-10-03,favorite-cash,KXVOTEGENERAL-KXHOUSERACE-NY15-26AEAS-1,KXVOTEGENERAL,enter,YES,20,0.78,0.2403,,yes_ask,yes
2026-10-03,favorite-cash,KXVOTEGENERAL-KXHOUSERACE-TX23-26BHER-48,KXVOTEGENERAL,enter,YES,0.72,0.79,0.0084,,yes_ask,yes
2026-10-03,favorite-cash,KXVOTEGENERAL-SENATEAR-26TCOT-54,KXVOTEGENERAL,enter,YES,0.5,0.69,0.0075,,yes_ask,yes
2026-10-03,favorite-cash,KXVOTEGENERAL-SENATEMS-26CHYD-50,KXVOTEGENERAL,enter,YES,20,0.76,0.2554,,yes_ask,yes
2026-10-03,favorite-cash,KXVOTEGENERAL-SENATESC-26DGRA-50,KXVOTEGENERAL,enter,YES,19.68,0.83,0.1944,,yes_ask,yes
2026-10-04,favorite-cash,HOUSENV4-26-D,HOUSENV4,enter,YES,25,0.97,0.051,,yes_ask,yes
2026-10-04,favorite-cash,KXATTYGENCT-26-D,KXATTYGENCT,enter,YES,4.9,0.979,0.0071,,yes_ask,yes
2026-10-04,favorite-cash,KXCAGOVLAMAYOR-26NOV-RAM-BEC,KXCAGOVLAMAYOR,enter,YES,11.12,0.68,0.1694,,yes_ask,yes
2026-10-04,favorite-cash,KXDEMTRIFECTA-26NOV03-MI,KXDEMTRIFECTA,enter,YES,88.1,0.73,1.2156,,yes_ask,yes
2026-10-04,favorite-cash,KXHOUSERACE-OH03-26-D,KXHOUSERACE,enter,YES,2.52,0.993,0.0013,,yes_ask,yes
2026-10-04,favorite-cash,KXMIDTERMMOV-AL07D-P21,KXMIDTERMMOV,enter,YES,5,0.69,0.0749,,yes_ask,yes
2026-10-04,favorite-cash,KXMIDTERMMOV-FL28R-P2,KXMIDTERMMOV,enter,YES,20,0.81,0.2155,,yes_ask,yes
2026-10-04,favorite-cash,KXMIDTERMMOV-NE03R-P42,KXMIDTERMMOV,enter,YES,10,0.77,0.124,,yes_ask,yes
2026-10-04,favorite-cash,KXMIDTERMMOV-NY19D-P12,KXMIDTERMMOV,enter,YES,20.5,0.83,0.2025,,yes_ask,yes
2026-10-04,favorite-cash,KXMIDTERMMOV-NY19D-P6,KXMIDTERMMOV,enter,YES,0.5,0.972,0.001,,yes_ask,yes
2026-10-04,favorite-cash,KXMIDTERMMOV-NY19D-P9,KXMIDTERMMOV,enter,YES,1,0.929,0.0047,,yes_ask,yes
2026-10-04,favorite-cash,KXMIDTERMMOV-TNSENR-P16,KXMIDTERMMOV,enter,YES,1,0.949,0.0034,,yes_ask,yes
2026-10-04,favorite-cash,KXOBAMAENDORSE-26NOV03-JOSS,KXOBAMAENDORSE,enter,YES,0.05,0.91,0.0003,,yes_ask,yes
2026-10-04,favorite-cash,KXOBAMAENDORSE-26NOV03-KBOT,KXOBAMAENDORSE,enter,YES,0.05,0.84,0.0005,,yes_ask,yes
2026-10-04,favorite-cash,KXOHSENSWORNIN-26,KXOHSENSWORNIN,enter,YES,37.28,0.72,0.5261,,yes_ask,yes
2026-10-04,favorite-cash,KXSTATEBALLOTMEASURE-AZ-P318,KXSTATEBALLOTMEASURE,enter,YES,5.2,0.75,0.0683,,yes_ask,yes
2026-10-04,favorite-cash,KXSTATEBALLOTMEASURE-NC-A2,KXSTATEBALLOTMEASURE,enter,YES,0.16,0.79,0.0019,,yes_ask,yes
2026-10-04,favorite-cash,KXSTATEBALLOTMEASURE-NC-A3,KXSTATEBALLOTMEASURE,enter,YES,0.06,0.75,0.0008,,yes_ask,yes
2026-10-04,favorite-cash,KXSTATELEG-IASEN26-R,KXSTATELEG,enter,YES,21.9,0.91,0.1256,,yes_ask,yes
2026-10-04,favorite-cash,KXVOTECOUNTY-GOVPARTYNY26KINGSKHOC-70,KXVOTECOUNTY,enter,YES,1,0.83,0.0099,,yes_ask,yes
2026-10-04,favorite-cash,KXVOTECOUNTY-GOVPARTYNY26QUEENSKHOC-62,KXVOTECOUNTY,enter,YES,2,0.7,0.0294,,yes_ask,yes
2026-10-04,favorite-cash,KXVOTECOUNTY-GOVPARTYPA26MONTGOMERYJSHA-68,KXVOTECOUNTY,enter,YES,0.61,0.99,0.0005,,yes_ask,yes
2026-10-04,favorite-cash,KXVOTECOUNTY-GOVPARTYWI26WAUKESHATTIF-54,KXVOTECOUNTY,enter,YES,4.72,0.81,0.0509,,yes_ask,yes
2026-10-04,favorite-cash,KXVOTECOUNTY-SENATEOHS26FRANKLINSBRO-66,KXVOTECOUNTY,enter,YES,3.04,0.81,0.0328,,yes_ask,yes
2026-10-04,favorite-cash,KXVOTECOUNTY-SENATEOHS26HAMILTONSBRO-58,KXVOTECOUNTY,enter,YES,2.73,0.91,0.0157,,yes_ask,yes
2026-10-04,favorite-cash,KXVOTEGENERAL-GOVAK-26BWIL-26,KXVOTEGENERAL,enter,YES,48,0.8,0.5376,,yes_ask,yes
2026-10-04,favorite-cash,KXVOTEGENERAL-GOVAK-26BWIL-28,KXVOTEGENERAL,enter,YES,24,0.71,0.346,,yes_ask,yes
2026-10-04,favorite-cash,KXVOTEGENERAL-GOVPARTYFL-26DJOL-46,KXVOTEGENERAL,enter,YES,3,0.73,0.0414,,yes_ask,yes
2026-10-04,favorite-cash,KXVOTEGENERAL-GOVPARTYKS-27CHOL-44,KXVOTEGENERAL,enter,YES,3,0.75,0.0394,,yes_ask,yes
2026-10-04,favorite-cash,KXVOTEGENERAL-KXCA11PERSON-26CCHA-42,KXVOTEGENERAL,enter,YES,1.5,0.9,0.0095,,yes_ask,yes
2026-10-04,favorite-cash,KXVOTEGENERAL-KXHOUSERACE-KY06-26ZDEM-42,KXVOTEGENERAL,enter,YES,5,0.8,0.056,,yes_ask,yes
2026-10-04,favorite-cash,KXVOTEGENERAL-KXHOUSERACE-OR03-26MDEX-74,KXVOTEGENERAL,enter,YES,0.02,0.75,0.0003,,yes_ask,yes
2026-10-04,favorite-cash,KXVOTEGENERAL-KXHOUSERACE-SC03-26BCOR-1,KXVOTEGENERAL,enter,YES,20,0.74,0.2694,,yes_ask,yes
2026-10-04,favorite-cash,KXVOTEGENERAL-SENATENC-26MWHA-42,KXVOTEGENERAL,enter,YES,20,0.87,0.1584,,yes_ask,yes
2026-10-04,favorite-cash,KXWILCOJUDGE-26-HJEF,KXWILCOJUDGE,enter,YES,0.3,0.96,0.0009,,yes_ask,yes
2026-10-05,favorite-cash,GOVPARTYOH-26-D,GOVPARTYOH,enter,YES,742.35,0.67,11.4894,,yes_ask,yes
2026-10-05,favorite-cash,HOUSECA27-26-D,HOUSECA27,enter,YES,4.91,0.95,0.0164,,yes_ask,yes
2026-10-05,favorite-cash,KXCABALLOTMEASURES-26NOV03-PR02,KXCABALLOTMEASURES,enter,YES,0.49,0.98,0.0007,,yes_ask,yes
2026-10-05,favorite-cash,KXDEMTRIFECTA-26NOV03-AZ,KXDEMTRIFECTA,enter,YES,44.46,0.67,0.6882,,yes_ask,yes
2026-10-05,favorite-cash,KXESGOV-26OCT25-LPAZ,KXESGOV,enter,YES,18.72,0.86,0.1578,,yes_ask,yes
2026-10-05,favorite-cash,KXGENERALCOUNTY-GOVPARTYNV-26-WASH,KXGENERALCOUNTY,enter,YES,25.78,0.71,0.3716,,yes_ask,yes
2026-10-05,favorite-cash,KXGOPTRIFECTA-26NOV03-FL,KXGOPTRIFECTA,enter,YES,39.31,0.8,0.4403,,yes_ask,yes
2026-10-05,favorite-cash,KXHOUSERACE-MS01-26-R,KXHOUSERACE,enter,YES,0.19,0.964,0.0005,,yes_ask,yes
2026-10-05,favorite-cash,KXHOUSERACE-RI01-26-D,KXHOUSERACE,enter,YES,1.48,0.99,0.0011,,yes_ask,yes
2026-10-05,favorite-cash,KXLAHOUSE1R-26NOV03-LA03,KXLAHOUSE1R,enter,YES,14.74,0.96,0.0397,,yes_ask,yes
2026-10-05,favorite-cash,KXMAGAINCSPEND-26DEC31-A75000000,KXMAGAINCSPEND,enter,YES,0.49,0.87,0.0039,,yes_ask,yes
2026-10-05,favorite-cash,KXMIDTERMMOV-LA02D-P47,KXMIDTERMMOV,enter,YES,0.49,0.74,0.0066,,yes_ask,yes
2026-10-05,favorite-cash,KXMIDTERMMOV-MA02D-P29,KXMIDTERMMOV,enter,YES,5.4,0.98,0.0075,,yes_ask,yes
2026-10-05,favorite-cash,KXMIDTERMMOV-MA02D-P32,KXMIDTERMMOV,enter,YES,5.89,0.976,0.0097,,yes_ask,yes
2026-10-05,favorite-cash,KXMIDTERMMOV-MA02D-P35,KXMIDTERMMOV,enter,YES,5.89,0.98,0.0081,,yes_ask,yes
2026-10-05,favorite-cash,KXMIDTERMMOV-MA02D-P38,KXMIDTERMMOV,enter,YES,0.49,0.997,0.0002,,yes_ask,yes
2026-10-05,favorite-cash,KXMIDTERMMOV-MA02D-P41,KXMIDTERMMOV,enter,YES,4.91,0.98,0.0068,,yes_ask,yes
2026-10-05,favorite-cash,KXMIDTERMMOV-MTSENR-P10,KXMIDTERMMOV,enter,YES,20.15,0.7,0.2963,,yes_ask,yes
2026-10-05,favorite-cash,KXMIDTERMMOV-NCSEND-P7,KXMIDTERMMOV,enter,YES,4.39,0.66,0.069,,yes_ask,yes
2026-10-05,favorite-cash,KXMIDTERMMOV-TX15D-P2,KXMIDTERMMOV,enter,YES,0.57,0.79,0.0067,,yes_ask,yes
2026-10-05,favorite-cash,KXMIDTERMMOV-WA03D-P4,KXMIDTERMMOV,enter,YES,20.17,0.75,0.2648,,yes_ask,yes
2026-10-05,favorite-cash,KXMIDTERMMOV-WYSENR-P32,KXMIDTERMMOV,enter,YES,1.24,0.76,0.0159,,yes_ask,yes
2026-10-05,favorite-cash,KXMIDTERMVOTETURN-CA02-240000,KXMIDTERMVOTETURN,enter,YES,19.65,0.8,0.2201,,yes_ask,yes
2026-10-05,favorite-cash,KXMIDTERMVOTETURN-CA02-250000,KXMIDTERMVOTETURN,enter,YES,19.65,0.75,0.258,,yes_ask,yes
2026-10-05,favorite-cash,KXMIDTERMVOTETURN-CA11-210000,KXMIDTERMVOTETURN,enter,YES,22.31,0.83,0.2204,,yes_ask,yes
2026-10-05,favorite-cash,KXMIDTERMVOTETURN-CA11-220000,KXMIDTERMVOTETURN,enter,YES,0.98,0.78,0.0118,,yes_ask,yes
2026-10-05,favorite-cash,KXMIDTERMVOTETURN-CA11-230000,KXMIDTERMVOTETURN,enter,YES,1.96,0.74,0.0264,,yes_ask,yes
2026-10-05,favorite-cash,KXMIDTERMVOTETURN-CA36-260000,KXMIDTERMVOTETURN,enter,YES,78.63,0.79,0.9132,,yes_ask,yes
2026-10-05,favorite-cash,KXMIDTERMVOTETURN-CA42-152000,KXMIDTERMVOTETURN,enter,YES,3.14,0.98,0.0044,,yes_ask,yes
2026-10-05,favorite-cash,KXMIDTERMVOTETURN-CA42-159000,KXMIDTERMVOTETURN,enter,YES,3.14,0.97,0.0064,,yes_ask,yes
2026-10-05,favorite-cash,KXMIDTERMVOTETURN-MN04-290000,KXMIDTERMVOTETURN,enter,YES,33.42,0.7,0.4913,,yes_ask,yes
2026-10-05,favorite-cash,KXMIDTERMVOTETURN-NJ06-170000,KXMIDTERMVOTETURN,enter,YES,39.31,0.77,0.4874,,yes_ask,yes
2026-10-05,favorite-cash,KXMIDTERMVOTETURN-PA03-240000,KXMIDTERMVOTETURN,enter,YES,19.65,0.7,0.2889,,yes_ask,yes
2026-10-05,favorite-cash,KXSECSTATECA-26NOV03-SWEB,KXSECSTATECA,enter,YES,20.6,0.95,0.0685,,yes_ask,yes
2026-10-05,favorite-cash,KXSTATEBALLOTMEASURE-AK-BM3,KXSTATEBALLOTMEASURE,enter,YES,1.47,0.9,0.0093,,yes_ask,yes
2026-10-05,favorite-cash,KXSTATEBALLOTMEASURE-CO-P136,KXSTATEBALLOTMEASURE,enter,YES,39.31,0.97,0.0801,,yes_ask,yes
2026-10-05,favorite-cash,KXSTATEBALLOTMEASURE-FL-A2,KXSTATEBALLOTMEASURE,enter,YES,1.27,0.68,0.0194,,yes_ask,yes
2026-10-05,favorite-cash,KXSTATEBALLOTMEASURE-KY-A1,KXSTATEBALLOTMEASURE,enter,YES,19.65,0.96,0.0529,,yes_ask,yes
2026-10-05,favorite-cash,KXVOTEGENERAL-GOVPARTYIL-26JPRI-56,KXVOTEGENERAL,enter,YES,0.02,0.94,0.0001,,yes_ask,yes
2026-10-05,favorite-cash,KXVOTEGENERAL-GOVPARTYOK-26CMUN-40,KXVOTEGENERAL,enter,YES,23.69,0.88,0.1752,,yes_ask,yes
2026-10-05,favorite-cash,KXVOTEGENERAL-GOVPARTYPA-26SGAR-34,KXVOTEGENERAL,enter,YES,39.31,0.73,0.5424,,yes_ask,yes
2026-10-05,favorite-cash,KXVOTEGENERAL-GOVPARTYTX-26GABB-48,KXVOTEGENERAL,enter,YES,0.04,0.93,0.0002,,yes_ask,yes
2026-10-05,favorite-cash,KXVOTEGENERAL-GOVPARTYTX-26GABB-50,KXVOTEGENERAL,enter,YES,0.05,0.74,0.0007,,yes_ask,yes
2026-10-05,favorite-cash,KXVOTEGENERAL-HOUSETX15-26MCRU-42,KXVOTEGENERAL,enter,YES,19.65,0.87,0.1556,,yes_ask,yes
2026-10-05,favorite-cash,KXVOTEGENERAL-KXHOUSERACE-CA46-26LCOR-60,KXVOTEGENERAL,enter,YES,19.65,0.85,0.1754,,yes_ask,yes
2026-10-05,favorite-cash,KXVOTEGENERAL-KXHOUSERACE-FL26-26MDIA-54,KXVOTEGENERAL,enter,YES,9.74,0.7,0.1432,,yes_ask,yes
2026-10-05,favorite-cash,KXVOTEGENERAL-KXHOUSERACE-MD04-26GIVE-84,KXVOTEGENERAL,enter,YES,19.65,0.93,0.0896,,yes_ask,yes
2026-10-05,favorite-cash,KXVOTEGENERAL-KXHOUSERACE-TN09-26BTAY-52,KXVOTEGENERAL,enter,YES,40.49,0.73,0.5587,,yes_ask,yes
2026-10-05,favorite-cash,KXVOTEGENERAL-KXHOUSERACE-TX26-26BGIL-56,KXVOTEGENERAL,enter,YES,1.35,0.7,0.0199,,yes_ask,yes
2026-10-05,favorite-cash,KXVOTEGENERAL-KXHOUSERACE-WA05-26MBAU-50,KXVOTEGENERAL,enter,YES,0.49,0.82,0.0051,,yes_ask,yes
2026-10-05,favorite-cash,KXVOTEGENERAL-KXHOUSEUT03-26MSTO-1,KXVOTEGENERAL,enter,YES,19.65,0.79,0.2282,,yes_ask,yes
2026-10-05,favorite-cash,KXVOTEGENERAL-KXSENATELA-26NOVJLET-52,KXVOTEGENERAL,enter,YES,19.65,0.89,0.1347,,yes_ask,yes
2026-10-05,favorite-cash,KXVOTEGENERAL-SENATEAL-26BMOO-54,KXVOTEGENERAL,enter,YES,0.49,0.83,0.0049,,yes_ask,yes
2026-10-05,favorite-cash,KXVOTEGENERAL-SENATEME-26SCOL-44,KXVOTEGENERAL,enter,YES,1.23,0.77,0.0153,,yes_ask,yes
2026-10-05,favorite-cash,KXVOTEGENERAL-SENATEMI-26AELS-48,KXVOTEGENERAL,enter,YES,19.99,0.72,0.2821,,yes_ask,yes
2026-10-05,favorite-cash,KXVOTEGENERAL-SENATENC-26MWHA-44,KXVOTEGENERAL,enter,YES,19.65,0.89,0.1347,,yes_ask,yes
2026-10-05,favorite-cash,KXVOTEGENERAL-SENATETX-26JTAL-46,KXVOTEGENERAL,enter,YES,10.95,0.93,0.0499,,yes_ask,yes
2026-10-05,favorite-cash,SENATETX-26-D,SENATETX,enter,YES,27616.22,0.67,427.4163,,yes_ask,yes
2026-10-06,favorite-cash,KXBKLYNDEMCHAIR-LUCAS26,KXBKLYNDEMCHAIR,enter,YES,248.1,0.96,0.6669,,yes_ask,yes
2026-10-06,favorite-cash,KXCASUPT-26NOV03-RBAR,KXCASUPT,enter,YES,0.82,0.89,0.0057,,yes_ask,yes
2026-10-06,favorite-cash,KXGOPTRIFECTA-26NOV03-KS,KXGOPTRIFECTA,enter,YES,0.1,0.72,0.0015,,yes_ask,yes
2026-10-06,favorite-cash,KXGOPTRIFECTA-26NOV03-TX,KXGOPTRIFECTA,enter,YES,0.5,0.73,0.0069,,yes_ask,yes
2026-10-06,favorite-cash,KXHOUSERACE-AZ04-26-D,KXHOUSERACE,enter,YES,1.2,0.976,0.002,,yes_ask,yes
2026-10-06,favorite-cash,KXMIDTERMMOV-AL05R-P16,KXMIDTERMMOV,enter,YES,25,0.69,0.3744,,yes_ask,yes
2026-10-06,favorite-cash,KXMIDTERMMOV-CA11SWIE-P4,KXMIDTERMMOV,enter,YES,22,0.71,0.3171,,yes_ask,yes
2026-10-06,favorite-cash,KXMIDTERMMOV-CA44D-P46,KXMIDTERMMOV,enter,YES,20,0.86,0.1686,,yes_ask,yes
2026-10-06,favorite-cash,KXMIDTERMMOV-CT05D-P3,KXMIDTERMMOV,enter,YES,10,0.967,0.0224,,yes_ask,yes
2026-10-06,favorite-cash,KXMIDTERMMOV-GA05D-P74,KXMIDTERMMOV,enter,YES,20,0.86,0.1686,,yes_ask,yes
2026-10-06,favorite-cash,KXMIDTERMMOV-MD01R-P2,KXMIDTERMMOV,enter,YES,0.5,0.88,0.0037,,yes_ask,yes
2026-10-06,favorite-cash,KXMIDTERMMOV-NE01R-P3,KXMIDTERMMOV,enter,YES,4.25,0.73,0.0587,,yes_ask,yes
2026-10-06,favorite-cash,KXMIDTERMMOV-TN02R-P21,KXMIDTERMMOV,enter,YES,1,0.7,0.0147,,yes_ask,yes
2026-10-06,favorite-cash,KXMIDTERMMOV-TX03R-P7,KXMIDTERMMOV,enter,YES,1.19,0.83,0.0118,,yes_ask,yes
2026-10-06,favorite-cash,KXMIDTERMMOV-TX08R-P12,KXMIDTERMMOV,enter,YES,1.17,0.8,0.0132,,yes_ask,yes
2026-10-06,favorite-cash,KXMIDTERMMOV-TX10R-P6,KXMIDTERMMOV,enter,YES,1.29,0.75,0.017,,yes_ask,yes
2026-10-06,favorite-cash,KXMIDTERMMOV-TX17R-P8,KXMIDTERMMOV,enter,YES,1.29,0.75,0.017,,yes_ask,yes
2026-10-06,favorite-cash,KXMIDTERMMOV-TX21R-P6,KXMIDTERMMOV,enter,YES,1.34,0.72,0.019,,yes_ask,yes
2026-10-06,favorite-cash,KXMIDTERMMOV-TX22R-P9,KXMIDTERMMOV,enter,YES,1.27,0.72,0.018,,yes_ask,yes
2026-10-06,favorite-cash,KXMIDTERMMOV-TX26R-P10,KXMIDTERMMOV,enter,YES,1.27,0.76,0.0163,,yes_ask,yes
2026-10-06,favorite-cash,KXMIDTERMMOV-TX27R-P6,KXMIDTERMMOV,enter,YES,1.27,0.77,0.0158,,yes_ask,yes
2026-10-06,favorite-cash,KXMIDTERMMOV-TX38R-P5,KXMIDTERMMOV,enter,YES,1.23,0.76,0.0158,,yes_ask,yes
2026-10-06,favorite-cash,KXMIDTERMMOV-UT02R-P12,KXMIDTERMMOV,enter,YES,1.21,0.81,0.0131,,yes_ask,yes
2026-10-06,favorite-cash,KXMIDTERMMOV-WA04R-P5,KXMIDTERMMOV,enter,YES,1.23,0.78,0.0148,,yes_ask,yes
2026-10-06,favorite-cash,KXMIDTERMMOV-WA05R-P2,KXMIDTERMMOV,enter,YES,0.01,0.77,0.0002,,yes_ask,yes
2026-10-06,favorite-cash,KXMIDTERMMOV-WI07R-P8,KXMIDTERMMOV,enter,YES,1.39,0.69,0.0209,,yes_ask,yes
2026-10-06,favorite-cash,KXMIDTERMVOTETURN-ALGOV-1490000,KXMIDTERMVOTETURN,enter,YES,12.62,0.81,0.136,,yes_ask,yes
2026-10-06,favorite-cash,KXMIDTERMVOTETURN-CA04-210000,KXMIDTERMVOTETURN,enter,YES,41,0.76,0.5235,,yes_ask,yes
2026-10-06,favorite-cash,KXMIDTERMVOTETURN-KY03-240000,KXMIDTERMVOTETURN,enter,YES,1.3,0.74,0.0176,,yes_ask,yes
2026-10-06,favorite-cash,KXMIDTERMVOTETURN-NJ07-290000,KXMIDTERMVOTETURN,enter,YES,61.2,0.88,0.4524,,yes_ask,yes
2026-10-06,favorite-cash,KXOBAMAENDORSE-26NOV03-RCOO,KXOBAMAENDORSE,enter,YES,20,0.95,0.0665,,yes_ask,yes
2026-10-06,favorite-cash,KXSECSTATENE-26NOV03-SPET,KXSECSTATENE,enter,YES,1.57,0.92,0.0081,,yes_ask,yes
2026-10-06,favorite-cash,KXSTATEBALLOTMEASURE-CO-A83,KXSTATEBALLOTMEASURE,enter,YES,0.71,0.89,0.0049,,yes_ask,yes
2026-10-06,favorite-cash,KXSTATEBALLOTMEASURE-CO-I110,KXSTATEBALLOTMEASURE,enter,YES,4.8,0.92,0.0248,,yes_ask,yes
2026-10-06,favorite-cash,KXVOTEGENERAL-HOUSETX15-26MCRU-44,KXVOTEGENERAL,enter,YES,0.2,0.7,0.003,,yes_ask,yes
2026-10-06,favorite-cash,KXVOTEGENERAL-KXHOUSERACE-CA24-26BSMI-36,KXVOTEGENERAL,enter,YES,18.95,0.73,0.2615,,yes_ask,yes
2026-10-06,favorite-cash,KXVOTEGENERAL-KXHOUSERACE-OK05-26JNEL-42,KXVOTEGENERAL,enter,YES,3.4,0.73,0.047,,yes_ask,yes
2026-10-06,favorite-cash,KXVOTEGENERAL-SENATEID-26MLOE-1,KXVOTEGENERAL,enter,YES,20,0.98,0.0275,,yes_ask,yes
2026-10-07,favorite-cash,HOUSECA49-26-D,HOUSECA49,enter,YES,1.01,0.98,0.0014,,yes_ask,yes
2026-10-07,favorite-cash,HOUSENC1-26-D,HOUSENC1,enter,YES,669.07,0.66,10.5098,,yes_ask,yes
2026-10-07,favorite-cash,KXDHOUSESEATSDIR-27-A211,KXDHOUSESEATSDIR,enter,YES,25.2,0.97,0.0514,,yes_ask,yes
2026-10-07,favorite-cash,KXHENNEPINCOUNTYATTORNEY-26-AFOL,KXHENNEPINCOUNTYATTORNEY,enter,YES,0.59,0.83,0.0059,,yes_ask,yes
2026-10-07,favorite-cash,KXHOUSEWINSTATE-LAD-E1,KXHOUSEWINSTATE,enter,YES,1,0.95,0.0034,,yes_ask,yes
2026-10-07,favorite-cash,KXHOUSEWINSTATE-TND-E0,KXHOUSEWINSTATE,enter,YES,0.7,0.89,0.0048,,yes_ask,yes
2026-10-07,favorite-cash,KXLAMOV-KXMAYORLA26NRAM-NRAM-P51,KXLAMOV,enter,YES,0.9,0.71,0.013,,yes_ask,yes
2026-10-07,favorite-cash,KXMDQUESTION3-26NOV03,KXMDQUESTION3,enter,YES,47.81,0.75,0.6276,,yes_ask,yes
2026-10-07,favorite-cash,KXMIDTERMMOV-ALSENR-P15,KXMIDTERMMOV,enter,YES,36.17,0.72,0.5105,,yes_ask,yes
2026-10-07,favorite-cash,KXMIDTERMMOV-CA46D-P25,KXMIDTERMMOV,enter,YES,20,0.79,0.2323,,yes_ask,yes
2026-10-07,favorite-cash,KXMIDTERMMOV-CO02D-P37,KXMIDTERMMOV,enter,YES,5,0.936,0.021,,yes_ask,yes
2026-10-07,favorite-cash,KXMIDTERMMOV-CO06D-P18,KXMIDTERMMOV,enter,YES,1.52,0.979,0.0022,,yes_ask,yes
2026-10-07,favorite-cash,KXMIDTERMMOV-CTGOVD-P14,KXMIDTERMMOV,enter,YES,2.08,0.95,0.007,,yes_ask,yes
2026-10-07,favorite-cash,KXMIDTERMMOV-CTGOVD-P20,KXMIDTERMMOV,enter,YES,63.29,0.69,0.9477,,yes_ask,yes
2026-10-07,favorite-cash,KXMIDTERMMOV-GA05D-P71,KXMIDTERMMOV,enter,YES,1,0.75,0.0132,,yes_ask,yes
2026-10-07,favorite-cash,KXMIDTERMMOV-GA13D-P37,KXMIDTERMMOV,enter,YES,5.5,0.98,0.0076,,yes_ask,yes
2026-10-07,favorite-cash,KXMIDTERMMOV-GA13D-P40,KXMIDTERMMOV,enter,YES,10.2,0.969,0.0215,,yes_ask,yes
2026-10-07,favorite-cash,KXMIDTERMMOV-GA13D-P43,KXMIDTERMMOV,enter,YES,0.3,0.941,0.0012,,yes_ask,yes
2026-10-07,favorite-cash,KXMIDTERMMOV-GA13D-P46,KXMIDTERMMOV,enter,YES,10.7,0.87,0.0848,,yes_ask,yes
2026-10-07,favorite-cash,KXMIDTERMMOV-GA13D-P49,KXMIDTERMMOV,enter,YES,5.1,0.76,0.0652,,yes_ask,yes
2026-10-07,favorite-cash,KXMIDTERMMOV-HIGOVD-P29,KXMIDTERMMOV,enter,YES,0.53,0.82,0.0055,,yes_ask,yes
2026-10-07,favorite-cash,KXMIDTERMMOV-LA01R-P29,KXMIDTERMMOV,enter,YES,1.93,0.87,0.0153,,yes_ask,yes
2026-10-07,favorite-cash,KXMIDTERMMOV-LA01R-P32,KXMIDTERMMOV,enter,YES,5,0.75,0.0657,,yes_ask,yes
2026-10-07,favorite-cash,KXMIDTERMMOV-LA02D-P44,KXMIDTERMMOV,enter,YES,5.3,0.82,0.0548,,yes_ask,yes
2026-10-07,favorite-cash,KXMIDTERMMOV-MA06D-P22,KXMIDTERMMOV,enter,YES,5.5,0.95,0.0183,,yes_ask,yes
2026-10-07,favorite-cash,KXMIDTERMMOV-MDGOVD-P24,KXMIDTERMMOV,enter,YES,20,0.85,0.1785,,yes_ask,yes
2026-10-07,favorite-cash,KXMIDTERMMOV-MO01D-P52,KXMIDTERMMOV,enter,YES,5.5,0.968,0.012,,yes_ask,yes
2026-10-07,favorite-cash,KXMIDTERMMOV-NC08R-P11,KXMIDTERMMOV,enter,YES,5,0.78,0.0601,,yes_ask,yes
2026-10-07,favorite-cash,KXMIDTERMMOV-NC08R-P8,KXMIDTERMMOV,enter,YES,16.15,0.87,0.1279,,yes_ask,yes
2026-10-07,favorite-cash,KXMIDTERMMOV-OHSEND-P2,KXMIDTERMMOV,enter,YES,110.79,0.94,0.4374,,yes_ask,yes
2026-10-07,favorite-cash,KXMIDTERMMOV-TNGOVR-P9,KXMIDTERMMOV,enter,YES,2,0.76,0.0256,,yes_ask,yes
2026-10-07,favorite-cash,KXMIDTERMMOV-TX28D-P5,KXMIDTERMMOV,enter,YES,1.23,0.79,0.0143,,yes_ask,yes
2026-10-07,favorite-cash,KXMIDTERMVOTETURN-IAGOV-1220000,KXMIDTERMVOTETURN,enter,YES,18.28,0.76,0.2334,,yes_ask,yes
2026-10-07,favorite-cash,KXMIDTERMVOTETURN-MNSEN-2600000,KXMIDTERMVOTETURN,enter,YES,0.5,0.72,0.0071,,yes_ask,yes
2026-10-07,favorite-cash,KXMIDTERMVOTETURN-OKSEN-1050000,KXMIDTERMVOTETURN,enter,YES,0.1,0.81,0.0011,,yes_ask,yes
2026-10-07,favorite-cash,KXMIDTERMVOTETURN-TXGOV-8000000,KXMIDTERMVOTETURN,enter,YES,19.85,0.87,0.1572,,yes_ask,yes
2026-10-07,favorite-cash,KXMIDTERMVOTETURN-WYGOV-176000,KXMIDTERMVOTETURN,enter,YES,0.2,0.74,0.0027,,yes_ask,yes
2026-10-07,favorite-cash,KXMOSD30-26-BFOG,KXMOSD30,enter,YES,1.93,0.92,0.01,,yes_ask,yes
2026-10-07,favorite-cash,KXSTATEBALLOTMEASURE-NM-A1,KXSTATEBALLOTMEASURE,enter,YES,0.07,0.75,0.001,,yes_ask,yes
2026-10-07,favorite-cash,KXSTATELEG-AKSEN26-R,KXSTATELEG,enter,YES,1.65,0.89,0.0114,,yes_ask,yes
2026-10-07,favorite-cash,KXVOTECOUNTY-GOVPARTYFL26BROWARDDJOL-62,KXVOTECOUNTY,enter,YES,22.3,0.7,0.3279,,yes_ask,yes
2026-10-07,favorite-cash,KXVOTECOUNTY-GOVPARTYFL26PALMBEACHDJOL-54,KXVOTECOUNTY,enter,YES,20,0.7,0.294,,yes_ask,yes
2026-10-07,favorite-cash,KXVOTEGENERAL-GOVPARTYCO-26VMAR-32,KXVOTEGENERAL,enter,YES,20.5,0.75,0.2691,,yes_ask,yes
2026-10-07,favorite-cash,KXVOTEGENERAL-GOVPARTYCT-26RFAZ-32,KXVOTEGENERAL,enter,YES,1,0.99,0.0007,,yes_ask,yes
2026-10-07,favorite-cash,KXVOTEGENERAL-GOVPARTYCT-26RFAZ-34,KXVOTEGENERAL,enter,YES,0.5,0.84,0.0048,,yes_ask,yes
2026-10-07,favorite-cash,KXVOTEGENERAL-HOUSEAZ1-26ASHA-50,KXVOTEGENERAL,enter,YES,0.12,0.76,0.0016,,yes_ask,yes
2026-10-07,favorite-cash,KXVOTEGENERAL-HOUSENE2-26DPOW-52,KXVOTEGENERAL,enter,YES,0.06,0.81,0.0007,,yes_ask,yes
2026-10-07,favorite-cash,KXVOTEGENERAL-HOUSENJ7-26RBEN-50,KXVOTEGENERAL,enter,YES,0.1,0.91,0.0006,,yes_ask,yes
2026-10-07,favorite-cash,KXVOTEGENERAL-KXHOUSERACE-CA48-26MWIL-54,KXVOTEGENERAL,enter,YES,0.12,0.76,0.0016,,yes_ask,yes
2026-10-07,favorite-cash,KXVOTEGENERAL-KXHOUSERACE-GA13-26JCLA-74,KXVOTEGENERAL,enter,YES,0.48,0.8,0.0054,,yes_ask,yes
2026-10-07,favorite-cash,KXVOTEGENERAL-KXHOUSERACE-LA01-26SSCA-64,KXVOTEGENERAL,enter,YES,10,0.82,0.1034,,yes_ask,yes
2026-10-07,favorite-cash,KXVOTEGENERAL-KXHOUSERACE-NC08-26CWAT-38,KXVOTEGENERAL,enter,YES,0.5,0.78,0.0061,,yes_ask,yes
2026-10-07,favorite-cash,KXVOTEGENERAL-KXHOUSERACE-NY12-26CSHI-14,KXVOTEGENERAL,enter,YES,17.85,0.88,0.132,,yes_ask,yes
2026-10-07,favorite-cash,KXVOTEGENERAL-KXHOUSERACE-OK01-26JCRO-42,KXVOTEGENERAL,enter,YES,40,0.75,0.525,,yes_ask,yes
2026-10-07,favorite-cash,KXVOTEGENERAL-KXHOUSEUT02-26RMOE-1,KXVOTEGENERAL,enter,YES,21.6,0.72,0.3049,,yes_ask,yes
2026-10-07,favorite-cash,KXVOTEGENERAL-SENATEIA-26JTUR-44,KXVOTEGENERAL,enter,YES,18.77,0.95,0.0625,,yes_ask,yes
2026-10-07,favorite-cash,KXVOTEGENERAL-SENATEIA-26JTUR-46,KXVOTEGENERAL,enter,YES,9.95,0.81,0.1072,,yes_ask,yes
2026-10-07,favorite-cash,KXVOTEGENERAL-SENATENE26DOSB-42,KXVOTEGENERAL,enter,YES,9.4,0.95,0.0313,,yes_ask,yes
2026-10-07,favorite-cash,KXVOTEGENERAL-SENATESD-26MROU-54,KXVOTEGENERAL,enter,YES,0.5,0.79,0.0059,,yes_ask,yes
2026-09-19,longshot-lotto,CONTROLH-2026-R,CONTROLH,enter,YES,13636.36,0.11,93.45,,yes_ask,no
2026-09-19,longshot-lotto,GOVPARTYAL-26-D,GOVPARTYAL,enter,YES,97.64,0.093,0.5766,,yes_ask,yes
2026-09-19,longshot-lotto,GOVPARTYAZ-26-R,GOVPARTYAZ,enter,YES,46.16,0.14,0.3891,,yes_ask,yes
2026-09-19,longshot-lotto,GOVPARTYMA-26-R,GOVPARTYMA,enter,YES,41.44,0.062,0.1687,,yes_ask,yes
2026-09-19,longshot-lotto,GOVPARTYME-26-R,GOVPARTYME,enter,YES,1.2,0.079,0.0062,,yes_ask,yes
2026-09-19,longshot-lotto,GOVPARTYMI-26-R,GOVPARTYMI,enter,YES,41.25,0.089,0.2342,,yes_ask,yes
2026-09-19,longshot-lotto,GOVPARTYMN-26-R,GOVPARTYMN,enter,YES,444.53,0.057,1.6726,,yes_ask,yes
2026-09-19,longshot-lotto,GOVPARTYNE-26-D,GOVPARTYNE,enter,YES,0.09,0.095,0.0006,,yes_ask,yes
2026-09-19,longshot-lotto,GOVPARTYNM-26-R,GOVPARTYNM,enter,YES,9.43,0.096,0.0573,,yes_ask,yes
2026-09-19,longshot-lotto,GOVPARTYNY-26-R,GOVPARTYNY,enter,YES,818.11,0.075,3.973,,yes_ask,yes
2026-09-19,longshot-lotto,GOVPARTYOK-26-D,GOVPARTYOK,enter,YES,194.9,0.099,1.217,,yes_ask,yes
2026-09-19,longshot-lotto,GOVPARTYOR-26-R,GOVPARTYOR,enter,YES,125.85,0.17,1.2431,,yes_ask,yes
2026-09-19,longshot-lotto,GOVPARTYRI-26-KBLO,GOVPARTYRI,enter,YES,38.91,0.08,0.2005,,yes_ask,yes
2026-09-19,longshot-lotto,GOVPARTYSC-26-D,GOVPARTYSC,enter,YES,0.6,0.067,0.0027,,yes_ask,yes
2026-09-19,longshot-lotto,GOVPARTYVT-26-D,GOVPARTYVT,enter,YES,111.1,0.087,0.6178,,yes_ask,yes
2026-09-19,longshot-lotto,GOVPARTYWI-26-R,GOVPARTYWI,enter,YES,155.32,0.2,1.7396,,yes_ask,yes
2026-09-19,longshot-lotto,HOUSEAKAL-26-BHIL,HOUSEAKAL,enter,YES,0.9,0.13,0.0072,,yes_ask,yes
2026-09-19,longshot-lotto,HOUSECA45-26-R,HOUSECA45,enter,YES,2.62,0.079,0.0134,,yes_ask,yes
2026-09-19,longshot-lotto,HOUSEMN2-26-R,HOUSEMN2,enter,YES,4.75,0.092,0.0278,,yes_ask,yes
2026-09-19,longshot-lotto,HOUSENH1-26-R,HOUSENH1,enter,YES,0.35,0.087,0.002,,yes_ask,yes
2026-09-19,longshot-lotto,HOUSENJ7-26-R,HOUSENJ7,enter,YES,0.1,0.19,0.0011,,yes_ask,yes
2026-09-19,longshot-lotto,HOUSENM2-26-R,HOUSENM2,enter,YES,57.3,0.093,0.3384,,yes_ask,yes
2026-09-19,longshot-lotto,HOUSENV1-26-R,HOUSENV1,enter,YES,26,0.091,0.1506,,yes_ask,yes
2026-09-19,longshot-lotto,HOUSENY3-26-R,HOUSENY3,enter,YES,4.7,0.098,0.0291,,yes_ask,yes
2026-09-19,longshot-lotto,HOUSENY4-26-R,HOUSENY4,enter,YES,711.22,0.091,4.1182,,yes_ask,yes
2026-09-19,longshot-lotto,HOUSETX28-26-R,HOUSETX28,enter,YES,5.1,0.17,0.0504,,yes_ask,yes
2026-09-19,longshot-lotto,HOUSEVA7-26-R,HOUSEVA7,enter,YES,94.61,0.094,0.5641,,yes_ask,yes
2026-09-19,longshot-lotto,KXAKCOMBO-26NOV03-IDD,KXAKCOMBO,enter,YES,1.5,0.11,0.0103,,yes_ask,yes
2026-09-19,longshot-lotto,KXAKMOV-AKSENATE26NOV03-MPEL-P1,KXAKMOV,enter,YES,0.2,0.16,0.0019,,yes_ask,yes
2026-09-19,longshot-lotto,KXAKSENGOVCOMBO-26NOV-REPDEM,KXAKSENGOVCOMBO,enter,YES,3.58,0.09,0.0206,,yes_ask,yes
2026-09-19,longshot-lotto,KXAKSENGOVCOMBO-26NOV-REPREP,KXAKSENGOVCOMBO,enter,YES,6.9,0.18,0.0713,,yes_ask,yes
2026-09-19,longshot-lotto,KXATTYGENNY-26-R,KXATTYGENNY,enter,YES,4.89,0.096,0.0298,,yes_ask,yes
2026-09-19,longshot-lotto,KXATTYGENWI-26-R,KXATTYGENWI,enter,YES,5.55,0.19,0.0598,,yes_ask,yes
2026-09-19,longshot-lotto,KXBALANCEPOWERCOMBO-27FEB-RR,KXBALANCEPOWERCOMBO,enter,YES,13636.36,0.11,93.45,,yes_ask,no
2026-09-19,longshot-lotto,KXBERNIEENDORSE-26NOV03-JTAL,KXBERNIEENDORSE,enter,YES,37,0.17,0.3655,,yes_ask,yes
2026-09-19,longshot-lotto,KXBERNIEENDORSE-26NOV03-NRAM,KXBERNIEENDORSE,enter,YES,20,0.19,0.2155,,yes_ask,yes
2026-09-19,longshot-lotto,KXCAHOUSEDEM-26NOV03-E47,KXCAHOUSEDEM,enter,YES,14.36,0.2,0.1609,,yes_ask,yes
2026-09-19,longshot-lotto,KXCAHOUSEDEM-26NOV03-E49,KXCAHOUSEDEM,enter,YES,71.2,0.16,0.6699,,yes_ask,yes
2026-09-19,longshot-lotto,KXCLOSESTSENATE-27JAN03-AK,KXCLOSESTSENATE,enter,YES,17.21,0.077,0.0857,,yes_ask,yes
2026-09-19,longshot-lotto,KXCLOSESTSENATE-27JAN03-IA,KXCLOSESTSENATE,enter,YES,23.89,0.13,0.1892,,yes_ask,yes
2026-09-19,longshot-lotto,KXCLOSESTSENATE-27JAN03-KS,KXCLOSESTSENATE,enter,YES,58.22,0.07,0.2654,,yes_ask,yes
2026-09-19,longshot-lotto,KXCLOSESTSENATE-27JAN03-ME,KXCLOSESTSENATE,enter,YES,103.51,0.079,0.5272,,yes_ask,yes
2026-09-19,longshot-lotto,KXCLOSESTSENATE-27JAN03-MI,KXCLOSESTSENATE,enter,YES,66.37,0.089,0.3767,,yes_ask,yes
2026-09-19,longshot-lotto,KXCLOSESTSENATE-27JAN03-NE,KXCLOSESTSENATE,enter,YES,45.25,0.08,0.2332,,yes_ask,yes
2026-09-19,longshot-lotto,KXCLOSESTSENATE-27JAN03-OH,KXCLOSESTSENATE,enter,YES,10.26,0.11,0.0704,,yes_ask,yes
2026-09-19,longshot-lotto,KXCLOSESTSENATE-27JAN03-TX,KXCLOSESTSENATE,enter,YES,37.54,0.16,0.3532,,yes_ask,yes
2026-09-19,longshot-lotto,KXCORNYNTALARICO-26NOV03-YES,KXCORNYNTALARICO,enter,YES,380.33,0.19,4.0973,,yes_ask,yes
2026-09-19,longshot-lotto,KXDHOUSESEATS-27-220,KXDHOUSESEATS,enter,YES,535.31,0.061,2.1464,,yes_ask,yes
2026-09-19,longshot-lotto,KXDHOUSESEATS-27-224,KXDHOUSESEATS,enter,YES,130.74,0.095,0.7869,,yes_ask,yes
2026-09-19,longshot-lotto,KXDHOUSESEATS-27-228,KXDHOUSESEATS,enter,YES,10.84,0.12,0.0802,,yes_ask,yes
2026-09-19,longshot-lotto,KXDHOUSESEATS-27-232,KXDHOUSESEATS,enter,YES,151.81,0.14,1.2795,,yes_ask,yes
2026-09-19,longshot-lotto,KXDHOUSESEATS-27-236,KXDHOUSESEATS,enter,YES,218.95,0.14,1.8454,,yes_ask,yes
2026-09-19,longshot-lotto,KXDHOUSESEATS-27-240,KXDHOUSESEATS,enter,YES,219.52,0.12,1.6227,,yes_ask,yes
2026-09-19,longshot-lotto,KXDHOUSESEATS-27-244,KXDHOUSESEATS,enter,YES,16.21,0.091,0.0939,,yes_ask,yes
2026-09-19,longshot-lotto,KXDHOUSESEATS-27-248,KXDHOUSESEATS,enter,YES,45,0.06,0.1777,,yes_ask,yes
2026-09-19,longshot-lotto,KXDHOUSESEATS-27-249,KXDHOUSESEATS,enter,YES,446.81,0.13,3.5374,,yes_ask,yes
2026-09-19,longshot-lotto,KXDHOUSESEATSDIR-27-A250,KXDHOUSESEATSDIR,enter,YES,54.67,0.25,0.7176,,yes_ask,yes
2026-09-19,longshot-lotto,KXDSENATESEATS-27-48,KXDSENATESEATS,enter,YES,25.89,0.076,0.1273,,yes_ask,yes
2026-09-19,longshot-lotto,KXDSENATESEATS-27-49,KXDSENATESEATS,enter,YES,136.54,0.096,0.8295,,yes_ask,yes
2026-09-19,longshot-lotto,KXDSENATESEATS-27-50,KXDSENATESEATS,enter,YES,319.78,0.14,2.6952,,yes_ask,yes
2026-09-19,longshot-lotto,KXDSENATESEATS-27-51,KXDSENATESEATS,enter,YES,277.06,0.16,2.6066,,yes_ask,yes
2026-09-19,longshot-lotto,KXDSENATESEATS-27-52,KXDSENATESEATS,enter,YES,2050.65,0.15,18.3021,,yes_ask,yes
2026-09-19,longshot-lotto,KXGASENGOVCOMBO-26NOV-REPREP,KXGASENGOVCOMBO,enter,YES,0.5,0.1,0.0032,,yes_ask,yes
2026-09-19,longshot-lotto,KXGENERALCOUNTY-SENATETX-26-BAST,KXGENERALCOUNTY,enter,YES,82.9,0.23,1.0278,,yes_ask,yes
2026-09-19,longshot-lotto,KXGENERALCOUNTY-SENATETX-26-BRAZ,KXGENERALCOUNTY,enter,YES,75.5,0.21,0.8768,,yes_ask,yes
2026-09-19,longshot-lotto,KXGOPBLACKVOTE-26NOV06-A14,KXGOPBLACKVOTE,enter,YES,221.4,0.07,1.009,,yes_ask,yes
2026-09-19,longshot-lotto,KXGOVAK-26-BWIL,KXGOVAK,enter,YES,7.3,0.16,0.0687,,yes_ask,yes
2026-09-19,longshot-lotto,KXGOVWINS-27JAN01-E0,KXGOVWINS,enter,YES,0.35,0.14,0.003,,yes_ask,yes
2026-09-19,longshot-lotto,KXHARRISCOUNTYJUDGE-26-OSAN,KXHARRISCOUNTYJUDGE,enter,YES,34.2,0.15,0.3053,,yes_ask,yes
2026-09-19,longshot-lotto,KXHOUSEMO5-26-R,KXHOUSEMO5,enter,YES,5.5,0.07,0.0251,,yes_ask,yes
2026-09-19,longshot-lotto,KXHOUSEPOPVOTEMARGIN-27NOV03-B13,KXHOUSEPOPVOTEMARGIN,enter,YES,133.16,0.11,0.9126,,yes_ask,yes
2026-09-19,longshot-lotto,KXHOUSEPOPVOTEMARGIN-27NOV03-B5,KXHOUSEPOPVOTEMARGIN,enter,YES,20,0.091,0.1159,,yes_ask,yes
2026-09-19,longshot-lotto,KXHOUSEPOPVOTEMARGIN-27NOV03-B50,KXHOUSEPOPVOTEMARGIN,enter,YES,556.65,0.067,2.4358,,yes_ask,yes
2026-09-19,longshot-lotto,KXHOUSEPOPVOTEMARGIN-27NOV03-B7,KXHOUSEPOPVOTEMARGIN,enter,YES,743.9,0.2,8.3317,,yes_ask,yes
2026-09-19,longshot-lotto,KXHOUSERACE-AR02-26-D,KXHOUSERACE,enter,YES,18.64,0.16,0.1754,,yes_ask,yes
2026-09-19,longshot-lotto,KXHOUSERACE-CA05-26-D,KXHOUSERACE,enter,YES,54.8,0.1,0.3453,,yes_ask,yes
2026-09-19,longshot-lotto,KXHOUSERACE-CA26-26-R,KXHOUSERACE,enter,YES,0.1,0.093,0.0006,,yes_ask,yes
2026-09-19,longshot-lotto,KXHOUSERACE-FL04-26-D,KXHOUSERACE,enter,YES,100,0.15,0.8925,,yes_ask,yes
2026-09-19,longshot-lotto,KXHOUSERACE-FL15-26-D,KXHOUSERACE,enter,YES,14.9,0.099,0.0931,,yes_ask,yes
2026-09-19,longshot-lotto,KXHOUSERACE-FL16-26-D,KXHOUSERACE,enter,YES,13.37,0.17,0.1321,,yes_ask,yes
2026-09-19,longshot-lotto,KXHOUSERACE-FL18-26-D,KXHOUSERACE,enter,YES,8.9,0.12,0.0658,,yes_ask,yes
2026-09-19,longshot-lotto,KXHOUSERACE-GA12-26-D,KXHOUSERACE,enter,YES,27.6,0.1,0.1739,,yes_ask,yes
2026-09-19,longshot-lotto,KXHOUSERACE-KS02-26-D,KXHOUSERACE,enter,YES,15,0.16,0.1412,,yes_ask,yes
2026-09-19,longshot-lotto,KXHOUSERACE-MD01-26-D,KXHOUSERACE,enter,YES,70.7,0.11,0.4846,,yes_ask,yes
2026-09-19,longshot-lotto,KXHOUSERACE-MI01-26-D,KXHOUSERACE,enter,YES,18.7,0.065,0.0796,,yes_ask,yes
2026-09-19,longshot-lotto,KXHOUSERACE-NC05-26-D,KXHOUSERACE,enter,YES,0.5,0.11,0.0035,,yes_ask,yes
2026-09-19,longshot-lotto,KXHOUSERACE-NE01-26-D,KXHOUSERACE,enter,YES,1.9,0.2,0.0213,,yes_ask,yes
2026-09-19,longshot-lotto,KXHOUSERACE-NY23-26-D,KXHOUSERACE,enter,YES,68.5,0.078,0.3449,,yes_ask,yes
2026-09-19,longshot-lotto,KXHOUSERACE-OH07-26-R,KXHOUSERACE,enter,YES,0.01,0.21,0.0002,,yes_ask,yes
2026-09-19,longshot-lotto,KXHOUSERACE-OH10-26-D,KXHOUSERACE,enter,YES,1,0.18,0.0104,,yes_ask,yes
2026-09-19,longshot-lotto,KXHOUSERACE-OK05-26-D,KXHOUSERACE,enter,YES,83,0.11,0.5688,,yes_ask,yes
2026-09-19,longshot-lotto,KXHOUSERACE-SC02-26-D,KXHOUSERACE,enter,YES,22.99,0.07,0.1048,,yes_ask,yes
2026-09-19,longshot-lotto,KXHOUSERACE-TN06-26-D,KXHOUSERACE,enter,YES,4.8,0.07,0.0219,,yes_ask,yes
2026-09-19,longshot-lotto,KXHOUSERACE-TN09-26-D,KXHOUSERACE,enter,YES,7.88,0.12,0.0583,,yes_ask,yes
2026-09-19,longshot-lotto,KXHOUSERACE-VA06-26-D,KXHOUSERACE,enter,YES,0.5,0.088,0.0029,,yes_ask,yes
2026-09-19,longshot-lotto,KXHOUSERACE-WA04-26-D,KXHOUSERACE,enter,YES,10,0.06,0.0395,,yes_ask,yes
2026-09-19,longshot-lotto,KXHOUSERACE-WA05-26-D,KXHOUSERACE,enter,YES,3.9,0.16,0.0367,,yes_ask,yes
2026-09-19,longshot-lotto,KXHOUSERACE-WI08-26-D,KXHOUSERACE,enter,YES,2,0.098,0.0124,,yes_ask,yes
2026-09-19,longshot-lotto,KXHOUSETURNOUT-26NOV03-105,KXHOUSETURNOUT,enter,YES,2.2,0.09,0.0127,,yes_ask,yes
2026-09-19,longshot-lotto,KXHOUSETURNOUT-26NOV03-120,KXHOUSETURNOUT,enter,YES,1,0.21,0.0117,,yes_ask,yes
2026-09-19,longshot-lotto,KXHOUSETX9-26-D,KXHOUSETX9,enter,YES,20,0.15,0.1785,,yes_ask,yes
2026-09-19,longshot-lotto,KXHOUSEWINSTATE-AZD-A6,KXHOUSEWINSTATE,enter,YES,12.99,0.07,0.0592,,yes_ask,yes
2026-09-19,longshot-lotto,KXHOUSEWINSTATE-AZD-E3,KXHOUSEWINSTATE,enter,YES,15,0.17,0.1482,,yes_ask,yes
2026-09-19,longshot-lotto,KXHOUSEWINSTATE-AZD-E4,KXHOUSEWINSTATE,enter,YES,10,0.17,0.0988,,yes_ask,yes
2026-09-19,longshot-lotto,KXHOUSEWINSTATE-FLD-5-5,KXHOUSEWINSTATE,enter,YES,20,0.14,0.1686,,yes_ask,yes
2026-09-19,longshot-lotto,KXHOUSEWINSTATE-FLD-7-7,KXHOUSEWINSTATE,enter,YES,5.2,0.19,0.0561,,yes_ask,yes
2026-09-19,longshot-lotto,KXHOUSEWINSTATE-FLD-8-8,KXHOUSEWINSTATE,enter,YES,2,0.13,0.0159,,yes_ask,yes
2026-09-19,longshot-lotto,KXHOUSEWINSTATE-MID-E6,KXHOUSEWINSTATE,enter,YES,8.2,0.18,0.0848,,yes_ask,yes
2026-09-19,longshot-lotto,KXHOUSEWINSTATE-MID-E7,KXHOUSEWINSTATE,enter,YES,30,0.19,0.3232,,yes_ask,yes
2026-09-19,longshot-lotto,KXHOUSEWINSTATE-NCD-E7,KXHOUSEWINSTATE,enter,YES,20,0.13,0.1584,,yes_ask,yes
2026-09-19,longshot-lotto,KXHOUSEWINSTATE-NYD-E18,KXHOUSEWINSTATE,enter,YES,1,0.1,0.0063,,yes_ask,yes
2026-09-19,longshot-lotto,KXHOUSEWINSTATE-OHD-E5,KXHOUSEWINSTATE,enter,YES,4.33,0.24,0.0553,,yes_ask,yes
2026-09-19,longshot-lotto,KXIASENGOVCOMBO-26NOV-REPREP,KXIASENGOVCOMBO,enter,YES,16.3,0.23,0.2021,,yes_ask,yes
2026-09-19,longshot-lotto,KXIDHB932-26-M1911,KXIDHB932,enter,YES,2,0.13,0.0159,,yes_ask,yes
2026-09-19,longshot-lotto,KXKSSENGOVCOMBO-26NOV-REPDEM,KXKSSENGOVCOMBO,enter,YES,200.62,0.16,1.8875,,yes_ask,yes
2026-09-19,longshot-lotto,KXLAPRIMARY-01R26-SSCA,KXLAPRIMARY,enter,YES,2.35,0.12,0.0174,,yes_ask,yes
2026-09-19,longshot-lotto,KXLAPRIMARY-04R26-MJOH,KXLAPRIMARY,enter,YES,1.56,0.12,0.0116,,yes_ask,yes
2026-09-19,longshot-lotto,KXMANCHINCOMBO-26NOV03-LW,KXMANCHINCOMBO,enter,YES,453.98,0.16,4.2711,,yes_ask,yes
2026-09-19,longshot-lotto,KXMANCHINCOMBO-26NOV03-WL,KXMANCHINCOMBO,enter,YES,603.88,0.21,7.0129,,yes_ask,yes
2026-09-19,longshot-lotto,KXMANCHINCOMBO-26NOV03-WW,KXMANCHINCOMBO,enter,YES,18.87,0.13,0.1494,,yes_ask,yes
2026-09-19,longshot-lotto,KXMETXCOMBO-26NOV-TAL-COL,KXMETXCOMBO,enter,YES,21.05,0.15,0.1879,,yes_ask,yes
2026-09-19,longshot-lotto,KXMIDTERMMOV-AZGOVR-P4,KXMIDTERMMOV,enter,YES,20,0.1,0.126,,yes_ask,yes
2026-09-19,longshot-lotto,KXMIDTERMMOV-FLGOVR-P9,KXMIDTERMMOV,enter,YES,15.4,0.32,0.2346,,yes_ask,yes
2026-09-19,longshot-lotto,KXMIDTERMMOV-GASEND-P14,KXMIDTERMMOV,enter,YES,0.5,0.19,0.0054,,yes_ask,yes
2026-09-19,longshot-lotto,KXMIDTERMMOV-ID01R-P45,KXMIDTERMMOV,enter,YES,6.35,0.23,0.0788,,yes_ask,yes
2026-09-19,longshot-lotto,KXMIDTERMMOV-KYSENR-P26,KXMIDTERMMOV,enter,YES,18.37,0.23,0.2278,,yes_ask,yes
2026-09-19,longshot-lotto,KXMIDTERMMOV-MESEND-P9,KXMIDTERMMOV,enter,YES,0.1,0.2,0.0012,,yes_ask,yes
2026-09-19,longshot-lotto,KXMIDTERMMOV-MI04D-P4,KXMIDTERMMOV,enter,YES,19.97,0.27,0.2756,,yes_ask,yes
2026-09-19,longshot-lotto,KXMIDTERMMOV-MISEND-P7,KXMIDTERMMOV,enter,YES,10.6,0.18,0.1096,,yes_ask,yes
2026-09-19,longshot-lotto,KXMIDTERMMOV-MISEND-P9,KXMIDTERMMOV,enter,YES,10.91,0.11,0.0748,,yes_ask,yes
2026-09-19,longshot-lotto,KXMIDTERMMOV-MNGOVD-P20,KXMIDTERMMOV,enter,YES,20.3,0.12,0.1501,,yes_ask,yes
2026-09-19,longshot-lotto,KXMIDTERMMOV-MNSEND-P13,KXMIDTERMMOV,enter,YES,0.2,0.19,0.0022,,yes_ask,yes
2026-09-19,longshot-lotto,KXMIDTERMMOV-NCSEND-P13,KXMIDTERMMOV,enter,YES,6.1,0.18,0.0631,,yes_ask,yes
2026-09-19,longshot-lotto,KXMIDTERMMOV-NHSEND-P10,KXMIDTERMMOV,enter,YES,1.25,0.29,0.0181,,yes_ask,yes
2026-09-19,longshot-lotto,KXMIDTERMMOV-NYGOVD-P19,KXMIDTERMMOV,enter,YES,0.2,0.21,0.0024,,yes_ask,yes
2026-09-19,longshot-lotto,KXMIDTERMMOV-NYGOVD-P22,KXMIDTERMMOV,enter,YES,0.3,0.15,0.0027,,yes_ask,yes
2026-09-19,longshot-lotto,KXMIDTERMMOV-OH07R-P1,KXMIDTERMMOV,enter,YES,4.2,0.23,0.0521,,yes_ask,yes
2026-09-19,longshot-lotto,KXMIDTERMMOV-PA01R-P11,KXMIDTERMMOV,enter,YES,13.1,0.2,0.1468,,yes_ask,yes
2026-09-19,longshot-lotto,KXMIDTERMMOV-PA01R-P8,KXMIDTERMMOV,enter,YES,24.1,0.23,0.2988,,yes_ask,yes
2026-09-19,longshot-lotto,KXMIDTERMMOV-SC04R-P30,KXMIDTERMMOV,enter,YES,2.5,0.1,0.0158,,yes_ask,yes
2026-09-19,longshot-lotto,KXMIDTERMMOV-SCSENR-P13,KXMIDTERMMOV,enter,YES,21.7,0.2,0.2431,,yes_ask,yes
2026-09-19,longshot-lotto,KXMIDTERMMOV-SCSENR-P15,KXMIDTERMMOV,enter,YES,0.5,0.15,0.0045,,yes_ask,yes
2026-09-19,longshot-lotto,KXMIDTERMMOV-TX12R-P25,KXMIDTERMMOV,enter,YES,10,0.26,0.1347,,yes_ask,yes
2026-09-19,longshot-lotto,KXMIDTERMMOV-TX16D-P36,KXMIDTERMMOV,enter,YES,6.4,0.39,0.1066,,yes_ask,yes
2026-09-19,longshot-lotto,KXMIDTERMMOV-TXSEND-P7,KXMIDTERMMOV,enter,YES,27.08,0.14,0.2283,,yes_ask,yes
2026-09-19,longshot-lotto,KXMIDTERMMOV-TXSENR-P5,KXMIDTERMMOV,enter,YES,38.21,0.17,0.3775,,yes_ask,yes
2026-09-19,longshot-lotto,KXMIDTERMMOV-VA01D-P4,KXMIDTERMMOV,enter,YES,19.65,0.28,0.2774,,yes_ask,yes
2026-09-19,longshot-lotto,KXMIDTERMMOV-WIGOVR-P2,KXMIDTERMMOV,enter,YES,5.02,0.16,0.0473,,yes_ask,yes
2026-09-19,longshot-lotto,KXMIDTERMVOTETURN-TNSEN-2600000,KXMIDTERMVOTETURN,enter,YES,10.8,0.15,0.0964,,yes_ask,yes
2026-09-19,longshot-lotto,KXMNSENGOVCOMBO-26NOV-DEMREP,KXMNSENGOVCOMBO,enter,YES,2.52,0.08,0.013,,yes_ask,yes
2026-09-19,longshot-lotto,KXNMARIANAGOV-26-RTOR,KXNMARIANAGOV,enter,YES,1.53,0.31,0.023,,yes_ask,yes
2026-09-19,longshot-lotto,KXNYCCHILDCARE-27JAN01,KXNYCCHILDCARE,enter,YES,45.65,0.098,0.2825,,yes_ask,yes
2026-09-19,longshot-lotto,KXNYCDEPTSAFETY-27JAN01,KXNYCDEPTSAFETY,enter,YES,0.36,0.13,0.0029,,yes_ask,yes
2026-09-19,longshot-lotto,KXNYCMINWAGE-27JAN01,KXNYCMINWAGE,enter,YES,2.56,0.11,0.0176,,yes_ask,yes
2026-09-19,longshot-lotto,KXNYCPROPERTYTAX-27JAN01,KXNYCPROPERTYTAX,enter,YES,1.08,0.14,0.0092,,yes_ask,yes
2026-09-19,longshot-lotto,KXNYCTAXBILLIONS-27JAN01,KXNYCTAXBILLIONS,enter,YES,9.5,0.065,0.0405,,yes_ask,yes
2026-09-19,longshot-lotto,KXOHSENGOVCOMBO-26NOV-DEMREP,KXOHSENGOVCOMBO,enter,YES,2,0.23,0.0248,,yes_ask,yes
2026-09-19,longshot-lotto,KXOHSENGOVCOMBO-26NOV-REPDEM,KXOHSENGOVCOMBO,enter,YES,6.29,0.14,0.0531,,yes_ask,yes
2026-09-19,longshot-lotto,KXPRESOVMAYOR-26OCT24-RMOC,KXPRESOVMAYOR,enter,YES,10.5,0.33,0.1626,,yes_ask,yes
2026-09-19,longshot-lotto,KXPRESSSECANNOUNCE-26AUG-OCT01,KXPRESSSECANNOUNCE,enter,YES,235.2,0.15,2.0992,,yes_ask,yes
2026-09-19,longshot-lotto,KXREDISTRICTING-26-MIS,KXREDISTRICTING,enter,YES,13.03,0.071,0.0602,,yes_ask,yes
2026-09-19,longshot-lotto,KXREDWAVECOMBO-27FEBB-FALSE,KXREDWAVECOMBO,enter,YES,453.32,0.07,2.0658,,yes_ask,yes
2026-09-19,longshot-lotto,KXRHOUSESEATS-27-195,KXRHOUSESEATS,enter,YES,8.62,0.13,0.0683,,yes_ask,yes
2026-09-19,longshot-lotto,KXRHOUSESEATS-27-200,KXRHOUSESEATS,enter,YES,14.27,0.16,0.1343,,yes_ask,yes
2026-09-19,longshot-lotto,KXRHOUSESEATS-27-205,KXRHOUSESEATS,enter,YES,1011.8,0.16,9.5191,,yes_ask,yes
2026-09-19,longshot-lotto,KXRHOUSESEATS-27-210,KXRHOUSESEATS,enter,YES,2,0.13,0.0159,,yes_ask,yes
2026-09-19,longshot-lotto,KXRHOUSESEATS-27-215,KXRHOUSESEATS,enter,YES,6.66,0.083,0.0355,,yes_ask,yes
2026-09-19,longshot-lotto,KXRUBIORUN-28-27APR01,KXRUBIORUN,enter,YES,12.78,0.12,0.0945,,yes_ask,yes
2026-09-19,longshot-lotto,KXSENATELA-26NOV-D,KXSENATELA,enter,YES,28.54,0.069,0.1284,,yes_ask,yes
2026-09-19,longshot-lotto,KXTRUMPAVENUE-27-27JAN01,KXTRUMPAVENUE,enter,YES,2,0.2,0.0224,,yes_ask,yes
2026-09-19,longshot-lotto,KXTRUMPBEARCASECOMBO-27DEC-26,KXTRUMPBEARCASECOMBO,enter,YES,0.44,0.074,0.0022,,yes_ask,yes
2026-09-19,longshot-lotto,KXUSPSPREACCEPT-26NOV03,KXUSPSPREACCEPT,enter,YES,3.09,0.24,0.0395,,yes_ask,yes
2026-09-19,longshot-lotto,KXVAHOUSEDEM-26NOV03-6,KXVAHOUSEDEM,enter,YES,3.5,0.17,0.0346,,yes_ask,yes
2026-09-19,longshot-lotto,KXVANCERUN-28-27JAN01,KXVANCERUN,enter,YES,2.5,0.14,0.0211,,yes_ask,yes
2026-09-19,longshot-lotto,KXVOTECOUNTY-GOVPARTYPA26PHILADELPHIAJSHA-92,KXVOTECOUNTY,enter,YES,32,0.15,0.2856,,yes_ask,yes
2026-09-19,longshot-lotto,KXVOTECOUNTY-GOVPARTYPA26PHILADELPHIAJSHA-94,KXVOTECOUNTY,enter,YES,73.78,0.15,0.6585,,yes_ask,yes
2026-09-19,longshot-lotto,KXVOTECOUNTY-GOVPARTYPA26PHILADELPHIAJSHA-96,KXVOTECOUNTY,enter,YES,54,0.15,0.482,,yes_ask,yes
2026-09-19,longshot-lotto,KXVOTECOUNTY-SENATEGA26FULTONJOSS-82,KXVOTECOUNTY,enter,YES,30,0.17,0.2964,,yes_ask,yes
2026-09-19,longshot-lotto,KXVOTECOUNTY-SENATEGA26FULTONJOSS-84,KXVOTECOUNTY,enter,YES,85.6,0.08,0.4411,,yes_ask,yes
2026-09-19,longshot-lotto,KXVOTECOUNTY-SENATEIA26JOHNSONJTUR-76,KXVOTECOUNTY,enter,YES,73.78,0.21,0.8569,,yes_ask,yes
2026-09-19,longshot-lotto,KXVOTECOUNTY-SENATEIA26JOHNSONJTUR-78,KXVOTECOUNTY,enter,YES,20,0.18,0.2067,,yes_ask,yes
2026-09-19,longshot-lotto,KXVOTECOUNTY-SENATEIA26JOHNSONJTUR-80,KXVOTECOUNTY,enter,YES,80.6,0.11,0.5524,,yes_ask,yes
2026-09-19,longshot-lotto,KXVOTEGENERAL-KXHOUSERACE-CO05-26RMAT-7,KXVOTEGENERAL,enter,YES,10,0.24,0.1277,,yes_ask,yes
2026-09-19,longshot-lotto,KXVOTEGENERAL-KXHOUSERACE-KY06-26ZDEM-50,KXVOTEGENERAL,enter,YES,8,0.16,0.0753,,yes_ask,yes
2026-09-19,longshot-lotto,KXVOTEGENERAL-KXHOUSERACE-NY10-26NKAN-1,KXVOTEGENERAL,enter,YES,0.05,0.09,0.0003,,yes_ask,yes
2026-09-19,longshot-lotto,KXVOTEGENERAL-KXHOUSERACE-TX23-26BHER-58,KXVOTEGENERAL,enter,YES,20,0.11,0.1371,,yes_ask,yes
2026-09-19,longshot-lotto,KXVOTEGENERAL-SENATEFLS-26ANIX-48,KXVOTEGENERAL,enter,YES,2.15,0.24,0.0275,,yes_ask,yes
2026-09-19,longshot-lotto,KXVOTEGENERAL-SENATEFLS-26ANIX-50,KXVOTEGENERAL,enter,YES,4.27,0.13,0.0339,,yes_ask,yes
2026-09-19,longshot-lotto,KXVOTEGENERAL-SENATEIA-26JTUR-54,KXVOTEGENERAL,enter,YES,6.7,0.09,0.0385,,yes_ask,yes
2026-09-19,longshot-lotto,RSENATESEATS-27-B45,RSENATESEATS,enter,YES,333.7,0.07,1.5207,,yes_ask,yes
2026-09-19,longshot-lotto,RSENATESEATS-27-E46,RSENATESEATS,enter,YES,89.35,0.08,0.4604,,yes_ask,yes
2026-09-19,longshot-lotto,RSENATESEATS-27-E47,RSENATESEATS,enter,YES,150.58,0.13,1.1922,,yes_ask,yes
2026-09-19,longshot-lotto,RSENATESEATS-27-E48,RSENATESEATS,enter,YES,185.99,0.15,1.66,,yes_ask,yes
2026-09-19,longshot-lotto,RSENATESEATS-27-E49,RSENATESEATS,enter,YES,43.32,0.15,0.3867,,yes_ask,yes
2026-09-19,longshot-lotto,RSENATESEATS-27-E50,RSENATESEATS,enter,YES,98.46,0.14,0.8299,,yes_ask,yes
2026-09-19,longshot-lotto,RSENATESEATS-27-E51,RSENATESEATS,enter,YES,201.37,0.1,1.2687,,yes_ask,yes
2026-09-19,longshot-lotto,RSENATESEATS-27-E52,RSENATESEATS,enter,YES,13.69,0.07,0.0624,,yes_ask,yes
2026-09-19,longshot-lotto,SENATEAR-26-D,SENATEAR,enter,YES,191.87,0.069,0.8628,,yes_ask,yes
2026-09-19,longshot-lotto,SENATEFLS-26-D,SENATEFLS,enter,YES,1506.34,0.12,11.1349,,yes_ask,yes
2026-09-19,longshot-lotto,SENATEGA-26-R,SENATEGA,enter,YES,963.9,0.067,4.2179,,yes_ask,yes
2026-09-19,longshot-lotto,SENATEID-26-TACH,SENATEID,enter,YES,711.62,0.07,3.2429,,yes_ask,yes
2026-09-19,longshot-lotto,SENATELA-26-D,SENATELA,enter,YES,6.31,0.061,0.0254,,yes_ask,yes
2026-09-19,longshot-lotto,SENATEMN-26-R,SENATEMN,enter,YES,3407.14,0.097,20.8905,,yes_ask,yes
2026-09-19,longshot-lotto,SENATEMS-26-D,SENATEMS,enter,YES,33.75,0.081,0.1759,,yes_ask,yes
2026-09-19,longshot-lotto,SENATEMT-26-IND,SENATEMT,enter,YES,11.23,0.089,0.0638,,yes_ask,yes
2026-09-19,longshot-lotto,SENATENC-26-R,SENATENC,enter,YES,199.36,0.081,1.0389,,yes_ask,yes
2026-09-19,longshot-lotto,SENATENH-26-R,SENATENH,enter,YES,1617.43,0.18,16.7113,,yes_ask,yes
2026-09-19,longshot-lotto,SENATESC-26-D,SENATESC,enter,YES,1467.66,0.14,12.3695,,yes_ask,yes
2026-09-19,longshot-lotto,SENATESD-26-BBEN,SENATESD,enter,YES,2.34,0.08,0.0121,,yes_ask,yes
settlement,longshot-lotto,KXPRESSSECANNOUNCE-26AUG-OCT01,KXPRESSSECANNOUNCE,settlement,YES,235.2,0,0,-35.28,official result (no) captured 2026-10-01T13:41:33.965467Z,
2026-09-20,longshot-lotto,HOUSEAZ6-26-R,HOUSEAZ6,enter,YES,0.02,0.2,0.0003,,yes_ask,yes
2026-09-20,longshot-lotto,HOUSECA22-26-R,HOUSECA22,enter,YES,94.58,0.1,0.5959,,yes_ask,yes
2026-09-20,longshot-lotto,HOUSECO8-26-R,HOUSECO8,enter,YES,199.45,0.18,2.0608,,yes_ask,yes
2026-09-20,longshot-lotto,HOUSEMI3-26-R,HOUSEMI3,enter,YES,1.5,0.098,0.0093,,yes_ask,yes
2026-09-20,longshot-lotto,HOUSENE2-26-R,HOUSENE2,enter,YES,6.86,0.09,0.0394,,yes_ask,yes
2026-09-20,longshot-lotto,HOUSEOH1-26-R,HOUSEOH1,enter,YES,220.5,0.17,2.1779,,yes_ask,yes
2026-09-20,longshot-lotto,HOUSEPA7-26-R,HOUSEPA7,enter,YES,19.46,0.21,0.226,,yes_ask,yes
2026-09-20,longshot-lotto,KXAKCOMBO-26NOV03-RRR,KXAKCOMBO,enter,YES,20,0.12,0.1479,,yes_ask,yes
2026-09-20,longshot-lotto,KXAKSENGOVCOMBO-26NOV-DEMREP,KXAKSENGOVCOMBO,enter,YES,27.53,0.17,0.272,,yes_ask,yes
2026-09-20,longshot-lotto,KXCAFRAUD-27JAN01,KXCAFRAUD,enter,YES,14.05,0.17,0.1388,,yes_ask,yes
2026-09-20,longshot-lotto,KXCLOSESTGOVERNOR-27JAN20-OH,KXCLOSESTGOVERNOR,enter,YES,0.1,0.15,0.0009,,yes_ask,yes
2026-09-20,longshot-lotto,KXCLOSESTGOVERNOR-27JAN20-WI,KXCLOSESTGOVERNOR,enter,YES,0.94,0.057,0.0036,,yes_ask,yes
2026-09-20,longshot-lotto,KXDSENATESEATSH-27-E53,KXDSENATESEATSH,enter,YES,45.07,0.16,0.4241,,yes_ask,yes
2026-09-20,longshot-lotto,KXDSENATESEATSH-27-E54,KXDSENATESEATSH,enter,YES,35.8,0.11,0.2454,,yes_ask,yes
2026-09-20,longshot-lotto,KXEXITPOLL-IND-REP,KXEXITPOLL,enter,YES,142.84,0.09,0.819,,yes_ask,yes
2026-09-20,longshot-lotto,KXFREYOUT-27JAN01,KXFREYOUT,enter,YES,0.1,0.073,0.0005,,yes_ask,yes
2026-09-20,longshot-lotto,KXGENERALCOUNTY-SENATEFLS-26-PIN,KXGENERALCOUNTY,enter,YES,71.12,0.24,0.9081,,yes_ask,yes
2026-09-20,longshot-lotto,KXGOVPARTYAK-26-R,KXGOVPARTYAK,enter,YES,18.5,0.18,0.1912,,yes_ask,yes
2026-09-20,longshot-lotto,KXHOUSEPOPVOTEMARGIND-26NOV03-AL12,KXHOUSEPOPVOTEMARGIND,enter,YES,80.99,0.19,0.8726,,yes_ask,yes
2026-09-20,longshot-lotto,KXHOUSERACE-AZ05-26-D,KXHOUSERACE,enter,YES,0.95,0.1,0.006,,yes_ask,yes
2026-09-20,longshot-lotto,KXHOUSERACE-CA48-26-R,KXHOUSERACE,enter,YES,8.85,0.14,0.0746,,yes_ask,yes
2026-09-20,longshot-lotto,KXHOUSERACE-FL05-26-D,KXHOUSERACE,enter,YES,0.27,0.099,0.0017,,yes_ask,yes
2026-09-20,longshot-lotto,KXHOUSERACE-IL01-26-R,KXHOUSERACE,enter,YES,0.3,0.059,0.0012,,yes_ask,yes
2026-09-20,longshot-lotto,KXHOUSERACE-IN05-26-D,KXHOUSERACE,enter,YES,1.1,0.16,0.0104,,yes_ask,yes
2026-09-20,longshot-lotto,KXHOUSERACE-KS04-26-D,KXHOUSERACE,enter,YES,0.11,0.079,0.0006,,yes_ask,yes
2026-09-20,longshot-lotto,KXHOUSERACE-MD06-26-R,KXHOUSERACE,enter,YES,7.8,0.073,0.037,,yes_ask,yes
2026-09-20,longshot-lotto,KXHOUSERACE-MI05-26-D,KXHOUSERACE,enter,YES,138.9,0.089,0.7884,,yes_ask,yes
2026-09-20,longshot-lotto,KXHOUSERACE-MN05-26-R,KXHOUSERACE,enter,YES,26.06,0.077,0.1297,,yes_ask,yes
2026-09-20,longshot-lotto,KXHOUSERACE-MN06-26-D,KXHOUSERACE,enter,YES,0.26,0.099,0.0017,,yes_ask,yes
2026-09-20,longshot-lotto,KXHOUSERACE-NC10-26-D,KXHOUSERACE,enter,YES,0.12,0.085,0.0007,,yes_ask,yes
2026-09-20,longshot-lotto,KXHOUSERACE-NM01-26-R,KXHOUSERACE,enter,YES,0.11,0.07,0.0006,,yes_ask,yes
2026-09-20,longshot-lotto,KXHOUSERACE-NY21-26-D,KXHOUSERACE,enter,YES,134.22,0.2,1.5033,,yes_ask,yes
2026-09-20,longshot-lotto,KXHOUSERACE-TN05-26-D,KXHOUSERACE,enter,YES,0.5,0.11,0.0035,,yes_ask,yes
2026-09-20,longshot-lotto,KXHOUSERACE-TN07-26-D,KXHOUSERACE,enter,YES,2.1,0.07,0.0096,,yes_ask,yes
2026-09-20,longshot-lotto,KXHOUSERACE-TX03-26-D,KXHOUSERACE,enter,YES,61.79,0.07,0.2816,,yes_ask,yes
2026-09-20,longshot-lotto,KXHOUSERACE-TX21-26-D,KXHOUSERACE,enter,YES,1.5,0.069,0.0068,,yes_ask,yes
2026-09-20,longshot-lotto,KXHOUSERACE-TX24-26-D,KXHOUSERACE,enter,YES,2.35,0.096,0.0143,,yes_ask,yes
2026-09-20,longshot-lotto,KXHOUSERACE-TX25-26-D,KXHOUSERACE,enter,YES,0.15,0.06,0.0006,,yes_ask,yes
2026-09-20,longshot-lotto,KXHOUSERACE-VA05-26-D,KXHOUSERACE,enter,YES,19.28,0.17,0.1905,,yes_ask,yes
2026-09-20,longshot-lotto,KXHOUSETX32-26-D,KXHOUSETX32,enter,YES,1.27,0.19,0.0137,,yes_ask,yes
2026-09-20,longshot-lotto,KXHOUSEWINSTATE-MID-A9,KXHOUSEWINSTATE,enter,YES,13.6,0.06,0.0537,,yes_ask,yes
2026-09-20,longshot-lotto,KXHOUSEWINSTATE-NCD-A7,KXHOUSEWINSTATE,enter,YES,40,0.19,0.431,,yes_ask,yes
2026-09-20,longshot-lotto,KXIDHB932-26-COLT,KXIDHB932,enter,YES,1.02,0.18,0.0106,,yes_ask,yes
2026-09-20,longshot-lotto,KXKSSENGOVCOMBO-26NOV-DEMDEM,KXKSSENGOVCOMBO,enter,YES,20,0.16,0.1882,,yes_ask,yes
2026-09-20,longshot-lotto,KXLAPRIMARY-01D26-LJEW,KXLAPRIMARY,enter,YES,0.1,0.14,0.0009,,yes_ask,yes
2026-09-20,longshot-lotto,KXLAPRIMARY-02D26-TCAR,KXLAPRIMARY,enter,YES,36,0.15,0.3213,,yes_ask,yes
2026-09-20,longshot-lotto,KXLAPRIMARY-05D26-DMCK,KXLAPRIMARY,enter,YES,0.1,0.17,0.001,,yes_ask,yes
2026-09-20,longshot-lotto,KXLAPRIMARY-06R26-MAPP,KXLAPRIMARY,enter,YES,0.1,0.1,0.0007,,yes_ask,yes
2026-09-20,longshot-lotto,KXMAMDANIEO-26SEP26-T0,KXMAMDANIEO,enter,YES,33.5,0.07,0.1527,,yes_ask,yes
2026-09-20,longshot-lotto,KXMARTINDNCOUT-26MAY-26DEC01,KXMARTINDNCOUT,enter,YES,0.1,0.23,0.0013,,yes_ask,yes
2026-09-20,longshot-lotto,KXMETXCOMBO-26NOVB-PAX-JAC,KXMETXCOMBO,enter,YES,25.68,0.2,0.2877,,yes_ask,yes
2026-09-20,longshot-lotto,KXMIDTERMMOV-CO02D-P55,KXMIDTERMMOV,enter,YES,3.5,0.23,0.0434,,yes_ask,yes
2026-09-20,longshot-lotto,KXMIDTERMMOV-CT03D-P35,KXMIDTERMMOV,enter,YES,5.5,0.14,0.0464,,yes_ask,yes
2026-09-20,longshot-lotto,KXMIDTERMMOV-FL04D-P3,KXMIDTERMMOV,enter,YES,0.5,0.1,0.0032,,yes_ask,yes
2026-09-20,longshot-lotto,KXMIDTERMMOV-FL13R-P16,KXMIDTERMMOV,enter,YES,2.1,0.23,0.0261,,yes_ask,yes
2026-09-20,longshot-lotto,KXMIDTERMMOV-FL19R-P32,KXMIDTERMMOV,enter,YES,2,0.21,0.0233,,yes_ask,yes
2026-09-20,longshot-lotto,KXMIDTERMMOV-FL20D-P55,KXMIDTERMMOV,enter,YES,2,0.21,0.0233,,yes_ask,yes
2026-09-20,longshot-lotto,KXMIDTERMMOV-FLGOVD-P3,KXMIDTERMMOV,enter,YES,2,0.11,0.0138,,yes_ask,yes
2026-09-20,longshot-lotto,KXMIDTERMMOV-FLGOVR-P12,KXMIDTERMMOV,enter,YES,20,0.13,0.1584,,yes_ask,yes
2026-09-20,longshot-lotto,KXMIDTERMMOV-FLSENR-P14,KXMIDTERMMOV,enter,YES,40,0.17,0.3951,,yes_ask,yes
2026-09-20,longshot-lotto,KXMIDTERMMOV-GASEND-P12,KXMIDTERMMOV,enter,YES,100.3,0.2,1.1234,,yes_ask,yes
2026-09-20,longshot-lotto,KXMIDTERMMOV-GASEND-P18,KXMIDTERMMOV,enter,YES,11.6,0.09,0.0666,,yes_ask,yes
2026-09-20,longshot-lotto,KXMIDTERMMOV-HI01D-P54,KXMIDTERMMOV,enter,YES,4,0.14,0.0338,,yes_ask,yes
2026-09-20,longshot-lotto,KXMIDTERMMOV-IN02R-P31,KXMIDTERMMOV,enter,YES,10,0.15,0.0893,,yes_ask,yes
2026-09-20,longshot-lotto,KXMIDTERMMOV-KSSENR-P11,KXMIDTERMMOV,enter,YES,2.5,0.15,0.0224,,yes_ask,yes
2026-09-20,longshot-lotto,KXMIDTERMMOV-KY06D-P3,KXMIDTERMMOV,enter,YES,0.5,0.17,0.005,,yes_ask,yes
2026-09-20,longshot-lotto,KXMIDTERMMOV-MA06D-P40,KXMIDTERMMOV,enter,YES,25,0.2,0.28,,yes_ask,yes
2026-09-20,longshot-lotto,KXMIDTERMMOV-MESENR-P5,KXMIDTERMMOV,enter,YES,1,0.15,0.009,,yes_ask,yes
2026-09-20,longshot-lotto,KXMIDTERMMOV-MI05R-P37,KXMIDTERMMOV,enter,YES,13.5,0.1,0.0851,,yes_ask,yes
2026-09-20,longshot-lotto,KXMIDTERMMOV-MISENR-P5,KXMIDTERMMOV,enter,YES,3.6,0.14,0.0304,,yes_ask,yes
2026-09-20,longshot-lotto,KXMIDTERMMOV-MN02D-P25,KXMIDTERMMOV,enter,YES,20,0.16,0.1882,,yes_ask,yes
2026-09-20,longshot-lotto,KXMIDTERMMOV-MNGOVD-P17,KXMIDTERMMOV,enter,YES,20.5,0.22,0.2463,,yes_ask,yes
2026-09-20,longshot-lotto,KXMIDTERMMOV-MNSEND-P15,KXMIDTERMMOV,enter,YES,1.2,0.13,0.0096,,yes_ask,yes
2026-09-20,longshot-lotto,KXMIDTERMMOV-MO02R-P9,KXMIDTERMMOV,enter,YES,5.8,0.22,0.0697,,yes_ask,yes
2026-09-20,longshot-lotto,KXMIDTERMMOV-NC01D-P10,KXMIDTERMMOV,enter,YES,2,0.14,0.0169,,yes_ask,yes
2026-09-20,longshot-lotto,KXMIDTERMMOV-NC02D-P52,KXMIDTERMMOV,enter,YES,4,0.095,0.0241,,yes_ask,yes
2026-09-20,longshot-lotto,KXMIDTERMMOV-NC08R-P14,KXMIDTERMMOV,enter,YES,18.5,0.18,0.1912,,yes_ask,yes
2026-09-20,longshot-lotto,KXMIDTERMMOV-NC08R-P17,KXMIDTERMMOV,enter,YES,5,0.19,0.0539,,yes_ask,yes
2026-09-20,longshot-lotto,KXMIDTERMMOV-NESENDOSB-P3,KXMIDTERMMOV,enter,YES,11.9,0.22,0.143,,yes_ask,yes
2026-09-20,longshot-lotto,KXMIDTERMMOV-NV04D-P25,KXMIDTERMMOV,enter,YES,2.2,0.16,0.0207,,yes_ask,yes
2026-09-20,longshot-lotto,KXMIDTERMMOV-NY01R-P15,KXMIDTERMMOV,enter,YES,1.5,0.18,0.0155,,yes_ask,yes
2026-09-20,longshot-lotto,KXMIDTERMMOV-NY03D-P20,KXMIDTERMMOV,enter,YES,2,0.21,0.0233,,yes_ask,yes
2026-09-20,longshot-lotto,KXMIDTERMMOV-NY03R-P1,KXMIDTERMMOV,enter,YES,2.2,0.21,0.0256,,yes_ask,yes
2026-09-20,longshot-lotto,KXMIDTERMMOV-NYGOVD-P25,KXMIDTERMMOV,enter,YES,0.4,0.21,0.0047,,yes_ask,yes
2026-09-20,longshot-lotto,KXMIDTERMMOV-OH04R-P49,KXMIDTERMMOV,enter,YES,8.5,0.17,0.084,,yes_ask,yes
2026-09-20,longshot-lotto,KXMIDTERMMOV-OHGOVD-P6,KXMIDTERMMOV,enter,YES,40.5,0.24,0.5172,,yes_ask,yes
2026-09-20,longshot-lotto,KXMIDTERMMOV-OHGOVR-P9,KXMIDTERMMOV,enter,YES,20,0.1,0.126,,yes_ask,yes
2026-09-20,longshot-lotto,KXMIDTERMMOV-OHSEND-P8,KXMIDTERMMOV,enter,YES,11.77,0.17,0.1163,,yes_ask,yes
2026-09-20,longshot-lotto,KXMIDTERMMOV-OHSENR-P6,KXMIDTERMMOV,enter,YES,33.17,0.12,0.2452,,yes_ask,yes
2026-09-20,longshot-lotto,KXMIDTERMMOV-PA05D-P47,KXMIDTERMMOV,enter,YES,2,0.16,0.0189,,yes_ask,yes
2026-09-20,longshot-lotto,KXMIDTERMMOV-PA13R-P50,KXMIDTERMMOV,enter,YES,3.5,0.2,0.0392,,yes_ask,yes
2026-09-20,longshot-lotto,KXMIDTERMMOV-PA16R-P30,KXMIDTERMMOV,enter,YES,8,0.2,0.0896,,yes_ask,yes
2026-09-20,longshot-lotto,KXMIDTERMMOV-TN03R-P40,KXMIDTERMMOV,enter,YES,10.5,0.17,0.1038,,yes_ask,yes
2026-09-20,longshot-lotto,KXMIDTERMMOV-TX08R-P30,KXMIDTERMMOV,enter,YES,11.5,0.2,0.1288,,yes_ask,yes
2026-09-20,longshot-lotto,KXMIDTERMMOV-TX21R-P24,KXMIDTERMMOV,enter,YES,20,0.16,0.1882,,yes_ask,yes
2026-09-20,longshot-lotto,KXMIDTERMMOV-TX22R-P24,KXMIDTERMMOV,enter,YES,20,0.22,0.2403,,yes_ask,yes
2026-09-20,longshot-lotto,KXMIDTERMMOV-TX24R-P21,KXMIDTERMMOV,enter,YES,20,0.16,0.1882,,yes_ask,yes
2026-09-20,longshot-lotto,KXMIDTERMMOV-TX25R-P27,KXMIDTERMMOV,enter,YES,20,0.14,0.1686,,yes_ask,yes
2026-09-20,longshot-lotto,KXMIDTERMMOV-TX27R-P24,KXMIDTERMMOV,enter,YES,20,0.13,0.1584,,yes_ask,yes
2026-09-20,longshot-lotto,KXMIDTERMMOV-TX31R-P26,KXMIDTERMMOV,enter,YES,20,0.17,0.1976,,yes_ask,yes
2026-09-20,longshot-lotto,KXMIDTERMMOV-TX32R-P18,KXMIDTERMMOV,enter,YES,20,0.23,0.248,,yes_ask,yes
2026-09-20,longshot-lotto,KXMIDTERMMOV-TXSENR-P7,KXMIDTERMMOV,enter,YES,21.1,0.12,0.156,,yes_ask,yes
2026-09-20,longshot-lotto,KXMIDTERMMOV-VA07D-P20,KXMIDTERMMOV,enter,YES,2,0.18,0.0207,,yes_ask,yes
2026-09-20,longshot-lotto,KXMIDTERMMOV-VA10D-P25,KXMIDTERMMOV,enter,YES,2,0.15,0.0179,,yes_ask,yes
2026-09-20,longshot-lotto,KXMIDTERMVOTETURN-ORSEN-2200000,KXMIDTERMVOTETURN,enter,YES,12.7,0.16,0.1195,,yes_ask,yes
2026-09-20,longshot-lotto,KXMIDTERMVOTETURN-SDGOV-400000,KXMIDTERMVOTETURN,enter,YES,15.82,0.19,0.1705,,yes_ask,yes
2026-09-20,longshot-lotto,KXMIDTERMVOTETURN-WIGOV-3000000,KXMIDTERMVOTETURN,enter,YES,3,0.23,0.0372,,yes_ask,yes
2026-09-20,longshot-lotto,KXMIDTERMVOTETURN-WIGOV-3200000,KXMIDTERMVOTETURN,enter,YES,13.6,0.11,0.0933,,yes_ask,yes
2026-09-20,longshot-lotto,KXMNSENGOVCOMBO-26NOV-REPDEM,KXMNSENGOVCOMBO,enter,YES,11.1,0.06,0.0439,,yes_ask,yes
2026-09-20,longshot-lotto,KXNYCCORPORATETAX-27JAN01,KXNYCCORPORATETAX,enter,YES,1.3,0.08,0.0067,,yes_ask,yes
2026-09-20,longshot-lotto,KXOHSENGOVCOMBO-26NOV-REPREP,KXOHSENGOVCOMBO,enter,YES,5.5,0.27,0.0759,,yes_ask,yes
2026-09-20,longshot-lotto,KXPRESSSECANNOUNCE-26AUG-OCT01,KXPRESSSECANNOUNCE,enter,YES,100.14,0.14,0.844,,yes_ask,yes
2026-09-20,longshot-lotto,KXSENATEREC-26JUN-26DEC01,KXSENATEREC,enter,YES,14.49,0.14,0.1222,,yes_ask,yes
2026-09-20,longshot-lotto,KXSTATELEG-GASEN26-D,KXSTATELEG,enter,YES,0.04,0.1,0.0003,,yes_ask,yes
2026-09-20,longshot-lotto,KXTXHOUSEDEMSEATS-26NOV03-A13,KXTXHOUSEDEMSEATS,enter,YES,5.5,0.19,0.0593,,yes_ask,yes
2026-09-20,longshot-lotto,KXTXHOUSEDEMSEATS-26NOV03-E11,KXTXHOUSEDEMSEATS,enter,YES,8.4,0.21,0.0976,,yes_ask,yes
2026-09-20,longshot-lotto,KXVAHOUSEDEM-26NOV03-9,KXVAHOUSEDEM,enter,YES,8.31,0.12,0.0615,,yes_ask,yes
2026-09-20,longshot-lotto,KXVOTECOUNTY-GOVPARTYAZ26PIMAKHOB-68,KXVOTECOUNTY,enter,YES,36.36,0.2,0.4073,,yes_ask,yes
2026-09-20,longshot-lotto,KXVOTECOUNTY-GOVPARTYIL26COOKJPRI-80,KXVOTECOUNTY,enter,YES,44,0.18,0.4547,,yes_ask,yes
2026-09-20,longshot-lotto,KXVOTECOUNTY-GOVPARTYIL26COOKJPRI-84,KXVOTECOUNTY,enter,YES,34.35,0.06,0.1357,,yes_ask,yes
2026-09-20,longshot-lotto,KXVOTECOUNTY-GOVPARTYNV26CLARKAFOR-56,KXVOTECOUNTY,enter,YES,109,0.21,1.2659,,yes_ask,yes
2026-09-20,longshot-lotto,KXVOTECOUNTY-GOVPARTYNY26NEWYORKKHOC-88,KXVOTECOUNTY,enter,YES,111.74,0.07,0.5092,,yes_ask,yes
2026-09-20,longshot-lotto,KXVOTECOUNTY-GOVPARTYNY26QUEENSKHOC-70,KXVOTECOUNTY,enter,YES,20,0.25,0.2625,,yes_ask,yes
2026-09-20,longshot-lotto,KXVOTECOUNTY-GOVPARTYNY26QUEENSKHOC-72,KXVOTECOUNTY,enter,YES,76.85,0.12,0.5681,,yes_ask,yes
2026-09-20,longshot-lotto,KXVOTECOUNTY-GOVPARTYPA26ALLEGHENYJSHA-76,KXVOTECOUNTY,enter,YES,20,0.23,0.248,,yes_ask,yes
2026-09-20,longshot-lotto,KXVOTECOUNTY-GOVPARTYWI26MILWAUKEEDCRO-78,KXVOTECOUNTY,enter,YES,32.85,0.17,0.3245,,yes_ask,yes
2026-09-20,longshot-lotto,KXVOTECOUNTY-SENATEGA26FULTONJOSS-80,KXVOTECOUNTY,enter,YES,74.17,0.2,0.8308,,yes_ask,yes
2026-09-20,longshot-lotto,KXVOTECOUNTY-SENATEGA26GWINNETTJOSS-68,KXVOTECOUNTY,enter,YES,39.1,0.12,0.2891,,yes_ask,yes
2026-09-20,longshot-lotto,KXVOTECOUNTY-SENATEIA26LINNJTUR-62,KXVOTECOUNTY,enter,YES,20,0.23,0.248,,yes_ask,yes
2026-09-20,longshot-lotto,KXVOTECOUNTY-SENATEIA26LINNJTUR-64,KXVOTECOUNTY,enter,YES,40,0.11,0.2742,,yes_ask,yes
2026-09-20,longshot-lotto,KXVOTECOUNTY-SENATEIA26POLKJTUR-64,KXVOTECOUNTY,enter,YES,171.93,0.15,1.5345,,yes_ask,yes
2026-09-20,longshot-lotto,KXVOTECOUNTY-SENATEIA26SCOTTJTUR-58,KXVOTECOUNTY,enter,YES,62,0.13,0.4909,,yes_ask,yes
2026-09-20,longshot-lotto,KXVOTECOUNTY-SENATENC26MECKLENBURGRCOO-74,KXVOTECOUNTY,enter,YES,80.21,0.09,0.4599,,yes_ask,yes
2026-09-20,longshot-lotto,KXVOTECOUNTY-SENATETX26DALLASJTAL-72,KXVOTECOUNTY,enter,YES,110.47,0.19,1.1901,,yes_ask,yes
2026-09-20,longshot-lotto,KXVOTECOUNTY-SENATETX26JTAL-66,KXVOTECOUNTY,enter,YES,45,0.08,0.2319,,yes_ask,yes
2026-09-20,longshot-lotto,KXVOTECOUNTY-SENATETX26TRAVISJTAL-80,KXVOTECOUNTY,enter,YES,110.58,0.13,0.8755,,yes_ask,yes
2026-09-20,longshot-lotto,KXVOTECOUNTY-SENATETX26WEBBJTAL-64,KXVOTECOUNTY,enter,YES,208.3,0.12,1.5398,,yes_ask,yes
2026-09-20,longshot-lotto,KXVOTEGENERAL-GOVPARTYAL-26DJON-48,KXVOTEGENERAL,enter,YES,22.58,0.17,0.2231,,yes_ask,yes
2026-09-20,longshot-lotto,KXVOTEGENERAL-GOVPARTYAL-26DJON-50,KXVOTEGENERAL,enter,YES,44,0.13,0.3484,,yes_ask,yes
2026-09-20,longshot-lotto,KXVOTEGENERAL-GOVPARTYAL-26DJON-52,KXVOTEGENERAL,enter,YES,20.47,0.13,0.1621,,yes_ask,yes
2026-09-20,longshot-lotto,KXVOTEGENERAL-GOVPARTYIA-26RSAN-56,KXVOTEGENERAL,enter,YES,2.82,0.21,0.0328,,yes_ask,yes
2026-09-20,longshot-lotto,KXVOTEGENERAL-GOVPARTYIA-26RSAN-58,KXVOTEGENERAL,enter,YES,3.48,0.12,0.0258,,yes_ask,yes
2026-09-20,longshot-lotto,KXVOTEGENERAL-GOVPARTYSC-26JJOH-46,KXVOTEGENERAL,enter,YES,0.47,0.2,0.0053,,yes_ask,yes
2026-09-20,longshot-lotto,KXVOTEGENERAL-GOVPARTYWI-26DCRO-60,KXVOTEGENERAL,enter,YES,20,0.12,0.1479,,yes_ask,yes
2026-09-20,longshot-lotto,KXVOTEGENERAL-HOUSEVA2-26JKIG-52,KXVOTEGENERAL,enter,YES,20.7,0.14,0.1745,,yes_ask,yes
2026-09-20,longshot-lotto,KXVOTEGENERAL-KXHOUSERACE-NE03-26BSTI-28,KXVOTEGENERAL,enter,YES,20,0.19,0.2155,,yes_ask,yes
2026-09-20,longshot-lotto,KXVOTEGENERAL-KXHOUSERACE-NE03-26BSTI-30,KXVOTEGENERAL,enter,YES,20,0.09,0.1147,,yes_ask,yes
2026-09-20,longshot-lotto,KXVOTEGENERAL-KXHOUSERACE-NY24-26KEST-1,KXVOTEGENERAL,enter,YES,0.5,0.06,0.002,,yes_ask,yes
2026-09-20,longshot-lotto,KXVOTEGENERAL-KXHOUSERACE-NY24-26KEST-2,KXVOTEGENERAL,enter,YES,0.5,0.06,0.002,,yes_ask,yes
2026-09-20,longshot-lotto,KXVOTEGENERAL-SENATEMT26SBOD-40,KXVOTEGENERAL,enter,YES,39.76,0.13,0.3148,,yes_ask,yes
settlement,longshot-lotto,KXMAMDANIEO-26SEP26-T0,KXMAMDANIEO,settlement,YES,33.5,0,0,-2.345,official result (no) captured 2026-09-27T17:32:06.396749Z,
settlement,longshot-lotto,KXPRESSSECANNOUNCE-26AUG-OCT01,KXPRESSSECANNOUNCE,settlement,YES,100.14,0,0,-14.0196,official result (no) captured 2026-10-01T13:41:33.965467Z,
2026-09-21,longshot-lotto,GOVPARTYTN-26-D,GOVPARTYTN,enter,YES,146.81,0.06,0.5797,,yes_ask,yes
2026-09-21,longshot-lotto,HOUSECA13-26-R,HOUSECA13,enter,YES,0.25,0.096,0.0016,,yes_ask,yes
2026-09-21,longshot-lotto,HOUSEVA2-26-R,HOUSEVA2,enter,YES,1.8,0.2,0.0202,,yes_ask,yes
2026-09-21,longshot-lotto,HOUSEWA3-26-R,HOUSEWA3,enter,YES,293.51,0.1,1.8492,,yes_ask,yes
2026-09-21,longshot-lotto,KXAPCALLSENATE-26AUG20-NOV0311P,KXAPCALLSENATE,enter,YES,1.1,0.17,0.0109,,yes_ask,yes
2026-09-21,longshot-lotto,KXATTYGENAZ-26-R,KXATTYGENAZ,enter,YES,0.09,0.29,0.0013,,yes_ask,yes
2026-09-21,longshot-lotto,KXBERNIEENDORSE-26NOV03-GHIN,KXBERNIEENDORSE,enter,YES,0.52,0.08,0.0027,,yes_ask,yes
2026-09-21,longshot-lotto,KXCASESSION-27JAN01-AL1,KXCASESSION,enter,YES,20,0.19,0.2155,,yes_ask,yes
2026-09-21,longshot-lotto,KXCLOSESTGOVERNOR-27JAN20-GA,KXCLOSESTGOVERNOR,enter,YES,2.35,0.12,0.0174,,yes_ask,yes
2026-09-21,longshot-lotto,KXCLOSESTGOVERNOR-27JAN20-KS,KXCLOSESTGOVERNOR,enter,YES,5.94,0.078,0.03,,yes_ask,yes
2026-09-21,longshot-lotto,KXDESANTISRUN-28-27JAN01,KXDESANTISRUN,enter,YES,3.1,0.13,0.0246,,yes_ask,yes
2026-09-21,longshot-lotto,KXENDORSECOLLINS-26NOV03-JFET,KXENDORSECOLLINS,enter,YES,20.93,0.14,0.1764,,yes_ask,yes
2026-09-21,longshot-lotto,KXENDORSECOLLINS-26NOV03-JGOL,KXENDORSECOLLINS,enter,YES,2,0.09,0.0115,,yes_ask,yes
2026-09-21,longshot-lotto,KXFOURSTATESEN-26NOV03-FFFF,KXFOURSTATESEN,enter,YES,1.9,0.16,0.0179,,yes_ask,yes
2026-09-21,longshot-lotto,KXFOURSTATESEN-26NOV03-FTFF,KXFOURSTATESEN,enter,YES,16.9,0.1,0.1065,,yes_ask,yes
2026-09-21,longshot-lotto,KXFOURSTATESEN-26NOV03-FTFT,KXFOURSTATESEN,enter,YES,4.9,0.076,0.0241,,yes_ask,yes
2026-09-21,longshot-lotto,KXFOURSTATESEN-26NOV03-TTFF,KXFOURSTATESEN,enter,YES,36.77,0.15,0.3282,,yes_ask,yes
2026-09-21,longshot-lotto,KXFOURSTATESEN-26NOV03-TTFT,KXFOURSTATESEN,enter,YES,0.1,0.1,0.0007,,yes_ask,yes
2026-09-21,longshot-lotto,KXHOUSERACE-FL08-26-D,KXHOUSERACE,enter,YES,23.01,0.072,0.1077,,yes_ask,yes
2026-09-21,longshot-lotto,KXHOUSERACE-FL26-26-D,KXHOUSERACE,enter,YES,0.3,0.1,0.0019,,yes_ask,yes
2026-09-21,longshot-lotto,KXHOUSERACE-IN08-26-D,KXHOUSERACE,enter,YES,48.61,0.073,0.2303,,yes_ask,yes
2026-09-21,longshot-lotto,KXHOUSERACE-NC08-26-D,KXHOUSERACE,enter,YES,5.2,0.067,0.0228,,yes_ask,yes
2026-09-21,longshot-lotto,KXHOUSERACE-NC13-26-D,KXHOUSERACE,enter,YES,9.95,0.15,0.0889,,yes_ask,yes
2026-09-21,longshot-lotto,KXHOUSERACE-OH12-26-D,KXHOUSERACE,enter,YES,0.1,0.099,0.0007,,yes_ask,yes
2026-09-21,longshot-lotto,KXHOUSERACE-RI02-26-R,KXHOUSERACE,enter,YES,55.03,0.075,0.2673,,yes_ask,yes
2026-09-21,longshot-lotto,KXHOUSERACE-TX04-26-D,KXHOUSERACE,enter,YES,0.2,0.089,0.0012,,yes_ask,yes
2026-09-21,longshot-lotto,KXHOUSERACE-WV01-26-D,KXHOUSERACE,enter,YES,3,0.075,0.0146,,yes_ask,yes
2026-09-21,longshot-lotto,KXHOUSETURNOUT-26NOV03-ABOVE125,KXHOUSETURNOUT,enter,YES,77.08,0.21,0.8952,,yes_ask,yes
2026-09-21,longshot-lotto,KXHOUSEWINSTATE-SCD-A2,KXHOUSEWINSTATE,enter,YES,4.9,0.12,0.0363,,yes_ask,yes
2026-09-21,longshot-lotto,KXHOUSEWINSTATE-SCD-E2,KXHOUSEWINSTATE,enter,YES,7.9,0.21,0.0918,,yes_ask,yes
2026-09-21,longshot-lotto,KXINDCOUNT-27JAN03-AL3,KXINDCOUNT,enter,YES,5,0.1,0.0315,,yes_ask,yes
2026-09-21,longshot-lotto,KXKAMALARUN-28-27JAN01,KXKAMALARUN,enter,YES,57.6,0.09,0.3303,,yes_ask,yes
2026-09-21,longshot-lotto,KXLEAVEWALZ-27JAN01-TWAL-27JAN01,KXLEAVEWALZ,enter,YES,144.21,0.063,0.596,,yes_ask,yes
2026-09-21,longshot-lotto,KXLOSEREELECTIONRSEN-2026-4,KXLOSEREELECTIONRSEN,enter,YES,0.2,0.19,0.0022,,yes_ask,yes
2026-09-21,longshot-lotto,KXMAMDANIEO-26SEP26-T0,KXMAMDANIEO,enter,YES,704.31,0.18,7.277,,yes_ask,yes
2026-09-21,longshot-lotto,KXMARENTCONTROL-26,KXMARENTCONTROL,enter,YES,0.8,0.08,0.0042,,yes_ask,yes
2026-09-21,longshot-lotto,KXMIDTERMMOV-AZGOVD-P14,KXMIDTERMMOV,enter,YES,1,0.2,0.0112,,yes_ask,yes
2026-09-21,longshot-lotto,KXMIDTERMMOV-CO02D-P58,KXMIDTERMMOV,enter,YES,2,0.13,0.0159,,yes_ask,yes
2026-09-21,longshot-lotto,KXMIDTERMMOV-FL03R-P26,KXMIDTERMMOV,enter,YES,6,0.21,0.0697,,yes_ask,yes
2026-09-21,longshot-lotto,KXMIDTERMMOV-FL15D-P2,KXMIDTERMMOV,enter,YES,20,0.14,0.1686,,yes_ask,yes
2026-09-21,longshot-lotto,KXMIDTERMMOV-GA06D-P65,KXMIDTERMMOV,enter,YES,2,0.14,0.0169,,yes_ask,yes
2026-09-21,longshot-lotto,KXMIDTERMMOV-GA07R-P30,KXMIDTERMMOV,enter,YES,4,0.11,0.0275,,yes_ask,yes
2026-09-21,longshot-lotto,KXMIDTERMMOV-GAGOVD-P7,KXMIDTERMMOV,enter,YES,5.1,0.15,0.0456,,yes_ask,yes
2026-09-21,longshot-lotto,KXMIDTERMMOV-IL10D-P43,KXMIDTERMMOV,enter,YES,0.5,0.14,0.0043,,yes_ask,yes
2026-09-21,longshot-lotto,KXMIDTERMMOV-KSGOVR-P20,KXMIDTERMMOV,enter,YES,0.5,0.094,0.003,,yes_ask,yes
2026-09-21,longshot-lotto,KXMIDTERMMOV-ME02D-P9,KXMIDTERMMOV,enter,YES,5,0.19,0.0539,,yes_ask,yes
2026-09-21,longshot-lotto,KXMIDTERMMOV-ME02R-P12,KXMIDTERMMOV,enter,YES,7.5,0.19,0.0808,,yes_ask,yes
2026-09-21,longshot-lotto,KXMIDTERMMOV-MESEND-P13,KXMIDTERMMOV,enter,YES,5.02,0.074,0.0241,,yes_ask,yes
2026-09-21,longshot-lotto,KXMIDTERMMOV-MESENR-P7,KXMIDTERMMOV,enter,YES,32.67,0.074,0.1568,,yes_ask,yes
2026-09-21,longshot-lotto,KXMIDTERMMOV-MN04D-P51,KXMIDTERMMOV,enter,YES,2,0.22,0.0241,,yes_ask,yes
2026-09-21,longshot-lotto,KXMIDTERMMOV-NC10R-P22,KXMIDTERMMOV,enter,YES,60,0.19,0.6464,,yes_ask,yes
2026-09-21,longshot-lotto,KXMIDTERMMOV-NC13R-P18,KXMIDTERMMOV,enter,YES,16.9,0.17,0.167,,yes_ask,yes
2026-09-21,longshot-lotto,KXMIDTERMMOV-NC13R-P21,KXMIDTERMMOV,enter,YES,20,0.11,0.1371,,yes_ask,yes
2026-09-21,longshot-lotto,KXMIDTERMMOV-NC14R-P19,KXMIDTERMMOV,enter,YES,20,0.18,0.2067,,yes_ask,yes
2026-09-21,longshot-lotto,KXMIDTERMMOV-NHSEND-P12,KXMIDTERMMOV,enter,YES,0.1,0.21,0.0012,,yes_ask,yes
2026-09-21,longshot-lotto,KXMIDTERMMOV-NJ05D-P28,KXMIDTERMMOV,enter,YES,8.5,0.17,0.084,,yes_ask,yes
2026-09-21,longshot-lotto,KXMIDTERMMOV-NY17D-P12,KXMIDTERMMOV,enter,YES,2.5,0.12,0.0185,,yes_ask,yes
2026-09-21,longshot-lotto,KXMIDTERMMOV-NY21R-P21,KXMIDTERMMOV,enter,YES,3,0.14,0.0253,,yes_ask,yes
2026-09-21,longshot-lotto,KXMIDTERMMOV-OH01R-P1,KXMIDTERMMOV,enter,YES,20,0.16,0.1882,,yes_ask,yes
2026-09-21,longshot-lotto,KXMIDTERMMOV-TN06R-P40,KXMIDTERMMOV,enter,YES,1,0.12,0.0074,,yes_ask,yes
2026-09-21,longshot-lotto,KXMIDTERMMOV-TX16D-P45,KXMIDTERMMOV,enter,YES,4.5,0.12,0.0333,,yes_ask,yes
2026-09-21,longshot-lotto,KXMIDTERMMOV-TX36R-P30,KXMIDTERMMOV,enter,YES,3.8,0.12,0.0281,,yes_ask,yes
2026-09-21,longshot-lotto,KXMIDTERMMOV-TXGOVD-P3,KXMIDTERMMOV,enter,YES,0.2,0.11,0.0014,,yes_ask,yes
2026-09-21,longshot-lotto,KXMIDTERMVOTETURN-MISEN-5600000,KXMIDTERMVOTETURN,enter,YES,18.9,0.15,0.1687,,yes_ask,yes
2026-09-21,longshot-lotto,KXMIDTERMVOTETURN-NJSEN-3600000,KXMIDTERMVOTETURN,enter,YES,10,0.21,0.1162,,yes_ask,yes
2026-09-21,longshot-lotto,KXMIDTERMVOTETURN-WVSEN-670000,KXMIDTERMVOTETURN,enter,YES,6.1,0.09,0.035,,yes_ask,yes
2026-09-21,longshot-lotto,KXMILEAD-26AUG17-A40000,KXMILEAD,enter,YES,2.5,0.09,0.0144,,yes_ask,yes
2026-09-21,longshot-lotto,KXMINLEAD120-26NOV30-MJOH,KXMINLEAD120,enter,YES,0.05,0.17,0.0005,,yes_ask,yes
2026-09-21,longshot-lotto,KXNEWSOMRUN-28-27JAN01,KXNEWSOMRUN,enter,YES,1.35,0.14,0.0114,,yes_ask,yes
2026-09-21,longshot-lotto,KXNHSENGOVCOMBO-26NOV-REPREP,KXNHSENGOVCOMBO,enter,YES,0.5,0.19,0.0054,,yes_ask,yes
2026-09-21,longshot-lotto,KXNYCTAXMILLIONS-27JAN01,KXNYCTAXMILLIONS,enter,YES,77.78,0.068,0.3451,,yes_ask,yes
2026-09-21,longshot-lotto,KXPOLISOUT-26MAY-JAN01,KXPOLISOUT,enter,YES,0.01,0.09,0.0001,,yes_ask,yes
2026-09-21,longshot-lotto,KXPRESSSECANNOUNCE-26AUG-OCT01,KXPRESSSECANNOUNCE,enter,YES,35.4,0.1,0.2231,,yes_ask,yes
2026-09-21,longshot-lotto,KXSECSTATEAZ-26-R,KXSECSTATEAZ,enter,YES,0.13,0.18,0.0014,,yes_ask,yes
2026-09-21,longshot-lotto,KXSTATELEG-MNHOUSE26-R,KXSTATELEG,enter,YES,7.38,0.26,0.0994,,yes_ask,yes
2026-09-21,longshot-lotto,KXSTATELEG-NCSEN26-D,KXSTATELEG,enter,YES,2,0.12,0.0148,,yes_ask,yes
2026-09-21,longshot-lotto,KXSTPETERSBURGMAYOR-26-KWEL,KXSTPETERSBURGMAYOR,enter,YES,5.38,0.12,0.0398,,yes_ask,yes
2026-09-21,longshot-lotto,KXTAIPEIMAYOR-26NOV28-SPY,KXTAIPEIMAYOR,enter,YES,226.45,0.18,2.3397,,yes_ask,yes
2026-09-21,longshot-lotto,KXTUCKERTHIRDPARTY-27,KXTUCKERTHIRDPARTY,enter,YES,0.5,0.2,0.0056,,yes_ask,yes
2026-09-21,longshot-lotto,KXTXHOUSEDEMSEATS-26NOV03-E13,KXTXHOUSEDEMSEATS,enter,YES,0.5,0.14,0.0043,,yes_ask,yes
settlement,longshot-lotto,KXMAMDANIEO-26SEP26-T0,KXMAMDANIEO,settlement,YES,704.31,0,0,-126.7758,official result (no) captured 2026-09-27T17:32:06.396749Z,
settlement,longshot-lotto,KXPRESSSECANNOUNCE-26AUG-OCT01,KXPRESSSECANNOUNCE,settlement,YES,35.4,0,0,-3.54,official result (no) captured 2026-10-01T13:41:33.965467Z,
2026-09-22,longshot-lotto,GOVPARTYIA-26-R,GOVPARTYIA,enter,YES,1537.81,0.18,15.8887,,yes_ask,yes
2026-09-22,longshot-lotto,HOUSETX34-26-R,HOUSETX34,enter,YES,32.7,0.2,0.3663,,yes_ask,yes
2026-09-22,longshot-lotto,KXAKMOV-AKSENATE26NOV03-DSUL-P4,KXAKMOV,enter,YES,25,0.11,0.1714,,yes_ask,yes
2026-09-22,longshot-lotto,KXAKMOV-AKSENATE26NOV03-MPEL-P56,KXAKMOV,enter,YES,3.45,0.18,0.0357,,yes_ask,yes
2026-09-22,longshot-lotto,KXATTYGENCO-26-R,KXATTYGENCO,enter,YES,120,0.089,0.6811,,yes_ask,yes
2026-09-22,longshot-lotto,KXATTYGENFL-26-D,KXATTYGENFL,enter,YES,0.9,0.17,0.0089,,yes_ask,yes
2026-09-22,longshot-lotto,KXATTYGENOH-26-D,KXATTYGENOH,enter,YES,2,0.19,0.0216,,yes_ask,yes
2026-09-22,longshot-lotto,KXBERNIEENDORSE-26NOV03-DOSB,KXBERNIEENDORSE,enter,YES,1,0.17,0.0099,,yes_ask,yes
2026-09-22,longshot-lotto,KXCAWEALTHTAXMOVD-CAWEALTHTAX26NO-NO-P22,KXCAWEALTHTAXMOVD,enter,YES,217.5,0.09,1.247,,yes_ask,yes
2026-09-22,longshot-lotto,KXCAWEALTHTAXMOVD-CAWEALTHTAX26YES-YES-P16,KXCAWEALTHTAXMOVD,enter,YES,79.81,0.09,0.4576,,yes_ask,yes
2026-09-22,longshot-lotto,KXCLOSESTGOVERNOR-27JAN20-NV,KXCLOSESTGOVERNOR,enter,YES,1.2,0.09,0.0069,,yes_ask,yes
2026-09-22,longshot-lotto,KXDFGOV-26OCT25-ARRU,KXDFGOV,enter,YES,3.6,0.14,0.0304,,yes_ask,yes
2026-09-22,longshot-lotto,KXDSENATESEATSH-27-E55,KXDSENATESEATSH,enter,YES,717.18,0.07,3.2682,,yes_ask,yes
2026-09-22,longshot-lotto,KXDSENATEWON-26NOV03-AL21,KXDSENATEWON,enter,YES,72,0.07,0.3282,,yes_ask,yes
2026-09-22,longshot-lotto,KXEXITPOLL-WCOLMEN-REP,KXEXITPOLL,enter,YES,10,0.19,0.1078,,yes_ask,yes
2026-09-22,longshot-lotto,KXEXITPOLL-WSUBWOM-REP,KXEXITPOLL,enter,YES,10,0.14,0.0843,,yes_ask,yes
2026-09-22,longshot-lotto,KXFLINTMAYOR-26-TBUR,KXFLINTMAYOR,enter,YES,5.22,0.09,0.03,,yes_ask,yes
2026-09-22,longshot-lotto,KXGENERALCOUNTY-GOVPARTYNV-26-MINR,KXGENERALCOUNTY,enter,YES,20,0.11,0.1371,,yes_ask,yes
2026-09-22,longshot-lotto,KXHOUSERACE-AL05-26-D,KXHOUSERACE,enter,YES,1,0.07,0.0046,,yes_ask,yes
2026-09-22,longshot-lotto,KXHOUSERACE-FL02-26-D,KXHOUSERACE,enter,YES,0.4,0.098,0.0025,,yes_ask,yes
2026-09-22,longshot-lotto,KXHOUSERACE-FL12-26-D,KXHOUSERACE,enter,YES,40.6,0.14,0.3422,,yes_ask,yes
2026-09-22,longshot-lotto,KXHOUSERACE-IL08-26-R,KXHOUSERACE,enter,YES,105.14,0.093,0.6209,,yes_ask,yes
2026-09-22,longshot-lotto,KXHOUSERACE-KS01-26-D,KXHOUSERACE,enter,YES,0.1,0.082,0.0006,,yes_ask,yes
2026-09-22,longshot-lotto,KXHOUSERACE-NJ02-26-D,KXHOUSERACE,enter,YES,15.72,0.16,0.1479,,yes_ask,yes
2026-09-22,longshot-lotto,KXHOUSERACE-NY01-26-D,KXHOUSERACE,enter,YES,5164.1,0.19,55.6329,,yes_ask,yes
2026-09-22,longshot-lotto,KXHOUSERACE-OH05-26-D,KXHOUSERACE,enter,YES,1.1,0.07,0.0051,,yes_ask,yes
2026-09-22,longshot-lotto,KXHOUSERACE-OH06-26-D,KXHOUSERACE,enter,YES,2.6,0.059,0.0102,,yes_ask,yes
2026-09-22,longshot-lotto,KXHOUSERACE-OH08-26-D,KXHOUSERACE,enter,YES,3.3,0.12,0.0244,,yes_ask,yes
2026-09-22,longshot-lotto,KXHOUSERACE-OH14-26-D,KXHOUSERACE,enter,YES,1.1,0.078,0.0056,,yes_ask,yes
2026-09-22,longshot-lotto,KXHOUSERACE-TX02-26-D,KXHOUSERACE,enter,YES,0.1,0.064,0.0005,,yes_ask,yes
2026-09-22,longshot-lotto,KXIHOUSEWON-26NOV03-AL2,KXIHOUSEWON,enter,YES,413.19,0.08,2.1288,,yes_ask,yes
2026-09-22,longshot-lotto,KXISENATEWON-26NOV03-AL2,KXISENATEWON,enter,YES,242.9,0.12,1.7956,,yes_ask,yes
2026-09-22,longshot-lotto,KXLASHERIFF-26-AVIL,KXLASHERIFF,enter,YES,60,0.12,0.4436,,yes_ask,yes
2026-09-22,longshot-lotto,KXLOSEREELECTIONRSEN-2026-3,KXLOSEREELECTIONRSEN,enter,YES,0.5,0.16,0.0048,,yes_ask,yes
2026-09-22,longshot-lotto,KXLOUISVILLEMAYOR-26-SPAR,KXLOUISVILLEMAYOR,enter,YES,7.81,0.06,0.0309,,yes_ask,yes
2026-09-22,longshot-lotto,KXMAMDANIEO-26SEP26-T0,KXMAMDANIEO,enter,YES,227.16,0.14,1.9146,,yes_ask,yes
2026-09-22,longshot-lotto,KXMEGATSUNAMICOMBO-27FEB-240H54S,KXMEGATSUNAMICOMBO,enter,YES,379.27,0.15,3.385,,yes_ask,yes
2026-09-22,longshot-lotto,KXMESENGOVCOMBO-26NOV-REPREP,KXMESENGOVCOMBO,enter,YES,18.95,0.08,0.0977,,yes_ask,yes
2026-09-22,longshot-lotto,KXMIDTERMMOV-AZ02R-P10,KXMIDTERMMOV,enter,YES,20,0.18,0.2067,,yes_ask,yes
2026-09-22,longshot-lotto,KXMIDTERMMOV-AZ08R-P21,KXMIDTERMMOV,enter,YES,2.2,0.16,0.0207,,yes_ask,yes
2026-09-22,longshot-lotto,KXMIDTERMMOV-CO03R-P12,KXMIDTERMMOV,enter,YES,0.7,0.17,0.007,,yes_ask,yes
2026-09-22,longshot-lotto,KXMIDTERMMOV-FLGOVD-P6,KXMIDTERMMOV,enter,YES,10,0.068,0.0444,,yes_ask,yes
2026-09-22,longshot-lotto,KXMIDTERMMOV-FLSENR-P12,KXMIDTERMMOV,enter,YES,0.56,0.19,0.0061,,yes_ask,yes
2026-09-22,longshot-lotto,KXMIDTERMMOV-IA02D-P7,KXMIDTERMMOV,enter,YES,0.5,0.14,0.0043,,yes_ask,yes
2026-09-22,longshot-lotto,KXMIDTERMMOV-IA03R-P7,KXMIDTERMMOV,enter,YES,11.5,0.09,0.066,,yes_ask,yes
2026-09-22,longshot-lotto,KXMIDTERMMOV-IAGOVD-P12,KXMIDTERMMOV,enter,YES,59.05,0.2,0.6614,,yes_ask,yes
2026-09-22,longshot-lotto,KXMIDTERMMOV-IASEND-P6,KXMIDTERMMOV,enter,YES,130,0.13,1.0293,,yes_ask,yes
2026-09-22,longshot-lotto,KXMIDTERMMOV-IASENR-P6,KXMIDTERMMOV,enter,YES,20,0.22,0.2403,,yes_ask,yes
2026-09-22,longshot-lotto,KXMIDTERMMOV-KSSENR-P9,KXMIDTERMMOV,enter,YES,0.12,0.19,0.0013,,yes_ask,yes
2026-09-22,longshot-lotto,KXMIDTERMMOV-MESEND-P11,KXMIDTERMMOV,enter,YES,1.9,0.11,0.0131,,yes_ask,yes
2026-09-22,longshot-lotto,KXMIDTERMMOV-MI07D-P7,KXMIDTERMMOV,enter,YES,20,0.2,0.224,,yes_ask,yes
2026-09-22,longshot-lotto,KXMIDTERMMOV-MISEND-P11,KXMIDTERMMOV,enter,YES,249.1,0.13,1.9722,,yes_ask,yes
2026-09-22,longshot-lotto,KXMIDTERMMOV-MISEND-P13,KXMIDTERMMOV,enter,YES,138.81,0.097,0.8511,,yes_ask,yes
2026-09-22,longshot-lotto,KXMIDTERMMOV-MN01R-P7,KXMIDTERMMOV,enter,YES,38.5,0.21,0.4472,,yes_ask,yes
2026-09-22,longshot-lotto,KXMIDTERMMOV-MN05D-P71,KXMIDTERMMOV,enter,YES,1.66,0.17,0.0164,,yes_ask,yes
2026-09-22,longshot-lotto,KXMIDTERMMOV-MO02R-P18,KXMIDTERMMOV,enter,YES,32.4,0.11,0.2221,,yes_ask,yes
2026-09-22,longshot-lotto,KXMIDTERMMOV-MO05R-P3,KXMIDTERMMOV,enter,YES,41.5,0.079,0.2114,,yes_ask,yes
2026-09-22,longshot-lotto,KXMIDTERMMOV-NC07R-P18,KXMIDTERMMOV,enter,YES,1,0.1,0.0063,,yes_ask,yes
2026-09-22,longshot-lotto,KXMIDTERMMOV-NCSEND-P15,KXMIDTERMMOV,enter,YES,38.45,0.09,0.2205,,yes_ask,yes
2026-09-22,longshot-lotto,KXMIDTERMMOV-NDALR-P39,KXMIDTERMMOV,enter,YES,2.5,0.23,0.031,,yes_ask,yes
2026-09-22,longshot-lotto,KXMIDTERMMOV-NJ10D-P69,KXMIDTERMMOV,enter,YES,6,0.14,0.0506,,yes_ask,yes
2026-09-22,longshot-lotto,KXMIDTERMMOV-NY11R-P30,KXMIDTERMMOV,enter,YES,2.6,0.1,0.0164,,yes_ask,yes
2026-09-22,longshot-lotto,KXMIDTERMMOV-OH10R-P21,KXMIDTERMMOV,enter,YES,12,0.1,0.0756,,yes_ask,yes
2026-09-22,longshot-lotto,KXMIDTERMMOV-OHGOVR-P6,KXMIDTERMMOV,enter,YES,2.62,0.17,0.0259,,yes_ask,yes
2026-09-22,longshot-lotto,KXMIDTERMMOV-OKGOVR-P34,KXMIDTERMMOV,enter,YES,20,0.21,0.2323,,yes_ask,yes
2026-09-22,longshot-lotto,KXMIDTERMMOV-PA07D-P15,KXMIDTERMMOV,enter,YES,11.6,0.22,0.1394,,yes_ask,yes
2026-09-22,longshot-lotto,KXMIDTERMMOV-SCSEND-P1,KXMIDTERMMOV,enter,YES,4.75,0.19,0.0512,,yes_ask,yes
2026-09-22,longshot-lotto,KXMIDTERMMOV-TX23R-P11,KXMIDTERMMOV,enter,YES,20,0.17,0.1976,,yes_ask,yes
2026-09-22,longshot-lotto,KXMIDTERMMOV-TX28R-P1,KXMIDTERMMOV,enter,YES,3.4,0.13,0.027,,yes_ask,yes
2026-09-22,longshot-lotto,KXMIDTERMMOV-VA03D-P47,KXMIDTERMMOV,enter,YES,3.9,0.22,0.0469,,yes_ask,yes
2026-09-22,longshot-lotto,KXMIDTERMMOV-WI08R-P21,KXMIDTERMMOV,enter,YES,10,0.16,0.0941,,yes_ask,yes
2026-09-22,longshot-lotto,KXMIDTERMMOV-WIGOVD-P10,KXMIDTERMMOV,enter,YES,5.6,0.19,0.0604,,yes_ask,yes
2026-09-22,longshot-lotto,KXMIDTERMMOV-WIGOVD-P13,KXMIDTERMMOV,enter,YES,5.6,0.1,0.0353,,yes_ask,yes
2026-09-22,longshot-lotto,KXMIDTERMVOTETURN-FL12-370000,KXMIDTERMVOTETURN,enter,YES,160,0.21,1.8581,,yes_ask,yes
2026-09-22,longshot-lotto,KXMIDTERMVOTETURN-MA02-260000,KXMIDTERMVOTETURN,enter,YES,40,0.2,0.448,,yes_ask,yes
2026-09-22,longshot-lotto,KXMIDTERMVOTETURN-MA05-300000,KXMIDTERMVOTETURN,enter,YES,81.5,0.13,0.6453,,yes_ask,yes
2026-09-22,longshot-lotto,KXMIDTERMVOTETURN-MISEN-5900000,KXMIDTERMVOTETURN,enter,YES,9.98,0.14,0.0842,,yes_ask,yes
2026-09-22,longshot-lotto,KXMIDTERMVOTETURN-NCSEN-4500000,KXMIDTERMVOTETURN,enter,YES,4.3,0.18,0.0445,,yes_ask,yes
2026-09-22,longshot-lotto,KXMIDTERMVOTETURN-PAGOV-6200000,KXMIDTERMVOTETURN,enter,YES,7.6,0.18,0.0786,,yes_ask,yes
2026-09-22,longshot-lotto,KXMISENGOVCOMBO-26NOV-REPREP,KXMISENGOVCOMBO,enter,YES,5.1,0.09,0.0293,,yes_ask,yes
2026-09-22,longshot-lotto,KXNUMREDISTRICTING-26NOV03-E8,KXNUMREDISTRICTING,enter,YES,10,0.08,0.0516,,yes_ask,yes
2026-09-22,longshot-lotto,KXPRESSSECANNOUNCE-26AUG-OCT01,KXPRESSSECANNOUNCE,enter,YES,77.41,0.06,0.3057,,yes_ask,yes
2026-09-22,longshot-lotto,KXRHOUSEWON-26NOV03-AL218,KXRHOUSEWON,enter,YES,63.53,0.12,0.4697,,yes_ask,yes
2026-09-22,longshot-lotto,KXRSENATEWON-26NOV03-AL21,KXRSENATEWON,enter,YES,5,0.19,0.0539,,yes_ask,yes
2026-09-22,longshot-lotto,KXRSENATEWON-26NOV03-AL22,KXRSENATEWON,enter,YES,130,0.1,0.819,,yes_ask,yes
2026-09-22,longshot-lotto,KXRSENATEWON-26NOV03-AL24,KXRSENATEWON,enter,YES,5,0.07,0.0228,,yes_ask,yes
2026-09-22,longshot-lotto,KXSECSTATEWI-26-R,KXSECSTATEWI,enter,YES,0.1,0.19,0.0011,,yes_ask,yes
2026-09-22,longshot-lotto,KXSTATELEG-MNSEN26-R,KXSTATELEG,enter,YES,9,0.16,0.0847,,yes_ask,yes
2026-09-22,longshot-lotto,KXSTATELEG-TXSENA26-D,KXSTATELEG,enter,YES,29.51,0.11,0.2023,,yes_ask,yes
2026-09-22,longshot-lotto,KXTXCOMPTROLLER-26-SECK,KXTXCOMPTROLLER,enter,YES,0.71,0.25,0.0094,,yes_ask,yes
2026-09-22,longshot-lotto,KXTXRAILROADCOMBO-26NOV03-BFTL,KXTXRAILROADCOMBO,enter,YES,225,0.14,1.8963,,yes_ask,yes
2026-09-22,longshot-lotto,KXVOTECOUNTY-SENATENC26MECKLENBURGRCOO-72,KXVOTECOUNTY,enter,YES,1.5,0.21,0.0175,,yes_ask,yes
2026-09-22,longshot-lotto,KXVOTECOUNTY-SENATENC26MECKLENBURGRCOO-76,KXVOTECOUNTY,enter,YES,0.5,0.09,0.0029,,yes_ask,yes
2026-09-22,longshot-lotto,KXVOTECOUNTY-SENATENC26MECKLENBURGRCOO-80,KXVOTECOUNTY,enter,YES,0.5,0.09,0.0029,,yes_ask,yes
2026-09-22,longshot-lotto,KXVOTECOUNTY-SENATETX26HIDALGOJTAL-64,KXVOTECOUNTY,enter,YES,40,0.14,0.3372,,yes_ask,yes
2026-09-22,longshot-lotto,KXVOTECOUNTY-SENATETX26STARRJTAL-60,KXVOTECOUNTY,enter,YES,40,0.16,0.3764,,yes_ask,yes
2026-09-22,longshot-lotto,KXVOTECOUNTY-SENATETX26WEBBJTAL-66,KXVOTECOUNTY,enter,YES,20,0.15,0.1785,,yes_ask,yes
2026-09-22,longshot-lotto,KXVOTECOUNTY-SENATETX26WEBBJTAL-68,KXVOTECOUNTY,enter,YES,20,0.13,0.1584,,yes_ask,yes
2026-09-22,longshot-lotto,KXVOTECOUNTY-SENATETX26WEBBJTAL-70,KXVOTECOUNTY,enter,YES,20,0.12,0.1479,,yes_ask,yes
2026-09-22,longshot-lotto,KXVOTEGENERAL-GOVPARTYNE-26LWAL-48,KXVOTEGENERAL,enter,YES,3.14,0.18,0.0325,,yes_ask,yes
2026-09-22,longshot-lotto,KXVOTEGENERAL-GOVPARTYNE-26LWAL-50,KXVOTEGENERAL,enter,YES,4.7,0.12,0.0348,,yes_ask,yes
2026-09-22,longshot-lotto,KXVOTEGENERAL-GOVPARTYOH-26VRAM-53,KXVOTEGENERAL,enter,YES,2.15,0.22,0.0259,,yes_ask,yes
2026-09-22,longshot-lotto,KXVOTEGENERAL-GOVPARTYTX-26GHIN-50,KXVOTEGENERAL,enter,YES,3.23,0.09,0.0186,,yes_ask,yes
2026-09-22,longshot-lotto,KXVOTEGENERAL-KXHOUSEMO5-26ECLE-68,KXVOTEGENERAL,enter,YES,0.5,0.22,0.0061,,yes_ask,yes
2026-09-22,longshot-lotto,KXVOTEGENERAL-KXHOUSEMO5-26RBRA-48,KXVOTEGENERAL,enter,YES,0.5,0.14,0.0043,,yes_ask,yes
2026-09-22,longshot-lotto,KXVOTEGENERAL-KXHOUSEMO5-26RBRA-50,KXVOTEGENERAL,enter,YES,0.5,0.11,0.0035,,yes_ask,yes
2026-09-22,longshot-lotto,KXVOTEGENERAL-KXHOUSERACE-LA04-26MGRO-34,KXVOTEGENERAL,enter,YES,0.5,0.06,0.002,,yes_ask,yes
2026-09-22,longshot-lotto,KXVOTEGENERAL-KXHOUSERACE-MN01-26BFIN-54,KXVOTEGENERAL,enter,YES,10.5,0.09,0.0602,,yes_ask,yes
2026-09-22,longshot-lotto,KXVOTEGENERAL-KXHOUSERACE-NY13-26BCOH-6,KXVOTEGENERAL,enter,YES,3,0.12,0.0222,,yes_ask,yes
2026-09-22,longshot-lotto,KXVOTEGENERAL-KXHOUSERACE-NY13-26BCOH-7,KXVOTEGENERAL,enter,YES,3.5,0.12,0.0259,,yes_ask,yes
2026-09-22,longshot-lotto,KXVOTEGENERAL-KXHOUSERACE-SC01-26MELL-1,KXVOTEGENERAL,enter,YES,51,0.07,0.2325,,yes_ask,yes
2026-09-22,longshot-lotto,KXVOTEGENERAL-KXHOUSERACE-UT04-26JGOT-3,KXVOTEGENERAL,enter,YES,0.5,0.07,0.0023,,yes_ask,yes
2026-09-22,longshot-lotto,KXVOTEGENERAL-KXHOUSERACE-UT04-26JGOT-6,KXVOTEGENERAL,enter,YES,0.5,0.06,0.002,,yes_ask,yes
2026-09-22,longshot-lotto,KXVOTEGENERAL-SENATEKS-26RMAR-60,KXVOTEGENERAL,enter,YES,18.75,0.12,0.1386,,yes_ask,yes
2026-09-22,longshot-lotto,KXVOTEGENERAL-SENATEMS-26SCOL-46,KXVOTEGENERAL,enter,YES,2.36,0.24,0.0302,,yes_ask,yes
2026-09-22,longshot-lotto,KXVOTEGENERAL-SENATEMS-26SCOL-48,KXVOTEGENERAL,enter,YES,4.27,0.15,0.0382,,yes_ask,yes
2026-09-22,longshot-lotto,KXVOTEGENERAL-SENATEMT26ABAN-20,KXVOTEGENERAL,enter,YES,0.5,0.08,0.0026,,yes_ask,yes
2026-09-22,longshot-lotto,KXVOTEGENERAL-SENATEMT26KALM-50,KXVOTEGENERAL,enter,YES,0.23,0.09,0.0014,,yes_ask,yes
2026-09-22,longshot-lotto,KXVOTEGENERAL-SENATESD-26BBEN-48,KXVOTEGENERAL,enter,YES,2.95,0.18,0.0305,,yes_ask,yes
2026-09-22,longshot-lotto,RSENATESEATS-27-E45,RSENATESEATS,enter,YES,416.96,0.07,1.9001,,yes_ask,yes
settlement,longshot-lotto,KXDFGOV-26OCT25-ARRU,KXDFGOV,settlement,YES,3.6,0,0,-0.504,official result (no) captured 2026-10-05T15:43:17.122393Z,
settlement,longshot-lotto,KXMAMDANIEO-26SEP26-T0,KXMAMDANIEO,settlement,YES,227.16,0,0,-31.8024,official result (no) captured 2026-09-27T17:32:06.396749Z,
settlement,longshot-lotto,KXPRESSSECANNOUNCE-26AUG-OCT01,KXPRESSSECANNOUNCE,settlement,YES,77.41,0,0,-4.6446,official result (no) captured 2026-10-01T13:41:33.965467Z,
2026-09-23,longshot-lotto,HOUSEFL23-26-R,HOUSEFL23,enter,YES,0.9,0.079,0.0046,,yes_ask,yes
2026-09-23,longshot-lotto,HOUSEIA1-26-R,HOUSEIA1,enter,YES,15.46,0.2,0.1732,,yes_ask,yes
2026-09-23,longshot-lotto,HOUSEPA10-26-R,HOUSEPA10,enter,YES,59.02,0.2,0.6611,,yes_ask,yes
2026-09-23,longshot-lotto,KXAKCOMBO-26NOV03-RRD,KXAKCOMBO,enter,YES,2.09,0.14,0.0177,,yes_ask,yes
2026-09-23,longshot-lotto,KXAKMOV-AKSENATE26NOV03-DSUL-P1,KXAKMOV,enter,YES,6.14,0.15,0.0548,,yes_ask,yes
2026-09-23,longshot-lotto,KXAKMOV-AKSENATE26NOV03-DSUL-P7,KXAKMOV,enter,YES,6.74,0.08,0.0348,,yes_ask,yes
2026-09-23,longshot-lotto,KXAKMOV-AKSENATE26NOV03-MPEL-P10,KXAKMOV,enter,YES,6.14,0.17,0.0607,,yes_ask,yes
2026-09-23,longshot-lotto,KXAKMOV-AKSENATE26NOV03-MPEL-P7,KXAKMOV,enter,YES,6.14,0.2,0.0688,,yes_ask,yes
2026-09-23,longshot-lotto,KXAOCRUN-28-27JAN01,KXAOCRUN,enter,YES,0.49,0.19,0.0053,,yes_ask,yes
2026-09-23,longshot-lotto,KXATTYGENTX-26-D,KXATTYGENTX,enter,YES,43.49,0.21,0.5051,,yes_ask,yes
2026-09-23,longshot-lotto,KXCAATTORNEYGENERAL-26-MGAT,KXCAATTORNEYGENERAL,enter,YES,4.7,0.1,0.0297,,yes_ask,yes
2026-09-23,longshot-lotto,KXCABALLOTMEASURES-26NOV03-PR05,KXCABALLOTMEASURES,enter,YES,0.4,0.28,0.0057,,yes_ask,yes
2026-09-23,longshot-lotto,KXCABALLOTMEASURES-26NOV03-PR44,KXCABALLOTMEASURES,enter,YES,20,0.26,0.2694,,yes_ask,yes
2026-09-23,longshot-lotto,KXCAELECTION-2604-EJON,KXCAELECTION,enter,YES,9.74,0.2,0.1091,,yes_ask,yes
2026-09-23,longshot-lotto,KXCAINSCOMGEN-26-JKIM,KXCAINSCOMGEN,enter,YES,2.2,0.23,0.0273,,yes_ask,yes
2026-09-23,longshot-lotto,KXDHOUSEWON-26NOV03-AL250,KXDHOUSEWON,enter,YES,1,0.18,0.0104,,yes_ask,yes
2026-09-23,longshot-lotto,KXFOURSTATESEN-26NOV03-TFFT,KXFOURSTATESEN,enter,YES,1.9,0.062,0.0078,,yes_ask,yes
2026-09-23,longshot-lotto,KXGENERALCOUNTY-GOVPARTYNV-26-CARS,KXGENERALCOUNTY,enter,YES,20.5,0.2,0.2296,,yes_ask,yes
2026-09-23,longshot-lotto,KXHOUSERACE-AZ09-26-D,KXHOUSERACE,enter,YES,1.29,0.077,0.0065,,yes_ask,yes
2026-09-23,longshot-lotto,KXHOUSERACE-GA01-26-D,KXHOUSERACE,enter,YES,25,0.099,0.1561,,yes_ask,yes
2026-09-23,longshot-lotto,KXHOUSERACE-GA11-26-D,KXHOUSERACE,enter,YES,5.2,0.075,0.0253,,yes_ask,yes
2026-09-23,longshot-lotto,KXHOUSERACE-MN08-26-D,KXHOUSERACE,enter,YES,65.86,0.13,0.5215,,yes_ask,yes
2026-09-23,longshot-lotto,KXHOUSERACE-PA11-26-D,KXHOUSERACE,enter,YES,23.96,0.077,0.1193,,yes_ask,yes
2026-09-23,longshot-lotto,KXHOUSERACE-TX05-26-D,KXHOUSERACE,enter,YES,83.41,0.092,0.4878,,yes_ask,yes
2026-09-23,longshot-lotto,KXHOUSERACE-TX17-26-D,KXHOUSERACE,enter,YES,52.96,0.084,0.2853,,yes_ask,yes
2026-09-23,longshot-lotto,KXHOUSERACE-TX31-26-D,KXHOUSERACE,enter,YES,4.1,0.082,0.0217,,yes_ask,yes
2026-09-23,longshot-lotto,KXHOUSEWINSTATE-ILD-A14,KXHOUSEWINSTATE,enter,YES,0.5,0.07,0.0023,,yes_ask,yes
2026-09-23,longshot-lotto,KXIHOUSEWON-26NOV03-AL1,KXIHOUSEWON,enter,YES,590.55,0.1,3.7205,,yes_ask,yes
2026-09-23,longshot-lotto,KXLAMOV-KXMAYORLA26KBAS-KBAS-P51,KXLAMOV,enter,YES,1.5,0.25,0.0197,,yes_ask,yes
2026-09-23,longshot-lotto,KXLAMOV-KXMAYORLA26KBAS-KBAS-P52,KXLAMOV,enter,YES,0.01,0.29,0.0002,,yes_ask,yes
2026-09-23,longshot-lotto,KXLAMOV-KXMAYORLA26KBAS-KBAS-P55,KXLAMOV,enter,YES,41.1,0.24,0.5248,,yes_ask,yes
2026-09-23,longshot-lotto,KXLOSEREELECTIONRSEN-2026-2,KXLOSEREELECTIONRSEN,enter,YES,0.9,0.08,0.0047,,yes_ask,yes
2026-09-23,longshot-lotto,KXMAMDANIEO-26SEP26-T0,KXMAMDANIEO,enter,YES,77.99,0.11,0.5345,,yes_ask,yes
2026-09-23,longshot-lotto,KXMIDTERMMOV-FL02R-P22,KXMIDTERMMOV,enter,YES,9.58,0.23,0.1188,,yes_ask,yes
2026-09-23,longshot-lotto,KXMIDTERMMOV-FL16R-P19,KXMIDTERMMOV,enter,YES,31.9,0.22,0.3832,,yes_ask,yes
2026-09-23,longshot-lotto,KXMIDTERMMOV-FLSEND-P2,KXMIDTERMMOV,enter,YES,20.68,0.1,0.1303,,yes_ask,yes
2026-09-23,longshot-lotto,KXMIDTERMMOV-GA01R-P21,KXMIDTERMMOV,enter,YES,6.7,0.16,0.0631,,yes_ask,yes
2026-09-23,longshot-lotto,KXMIDTERMMOV-ILSEND-P29,KXMIDTERMMOV,enter,YES,20,0.15,0.1785,,yes_ask,yes
2026-09-23,longshot-lotto,KXMIDTERMMOV-KSGOVR-P14,KXMIDTERMMOV,enter,YES,4.7,0.18,0.0486,,yes_ask,yes
2026-09-23,longshot-lotto,KXMIDTERMMOV-MASEND-P41,KXMIDTERMMOV,enter,YES,60,0.14,0.5057,,yes_ask,yes
2026-09-23,longshot-lotto,KXMIDTERMMOV-MESENR-P3,KXMIDTERMMOV,enter,YES,108.52,0.2,1.2155,,yes_ask,yes
2026-09-23,longshot-lotto,KXMIDTERMMOV-MISENR-P3,KXMIDTERMMOV,enter,YES,13.65,0.17,0.1349,,yes_ask,yes
2026-09-23,longshot-lotto,KXMIDTERMMOV-MT01D-P6,KXMIDTERMMOV,enter,YES,20,0.16,0.1882,,yes_ask,yes
2026-09-23,longshot-lotto,KXMIDTERMMOV-MT01D-P9,KXMIDTERMMOV,enter,YES,41.6,0.12,0.3076,,yes_ask,yes
2026-09-23,longshot-lotto,KXMIDTERMMOV-NJ02D-P3,KXMIDTERMMOV,enter,YES,4.8,0.23,0.0596,,yes_ask,yes
2026-09-23,longshot-lotto,KXMIDTERMMOV-NY01D-P6,KXMIDTERMMOV,enter,YES,4.7,0.14,0.0397,,yes_ask,yes
2026-09-23,longshot-lotto,KXMIDTERMMOV-NY01R-P18,KXMIDTERMMOV,enter,YES,16.5,0.12,0.122,,yes_ask,yes
2026-09-23,longshot-lotto,KXMIDTERMMOV-OH07R-P7,KXMIDTERMMOV,enter,YES,24.5,0.091,0.1419,,yes_ask,yes
2026-09-23,longshot-lotto,KXMIDTERMMOV-OHSENR-P4,KXMIDTERMMOV,enter,YES,0.5,0.13,0.004,,yes_ask,yes
2026-09-23,longshot-lotto,KXMIDTERMMOV-SDSENR-P31,KXMIDTERMMOV,enter,YES,8.5,0.22,0.1022,,yes_ask,yes
2026-09-23,longshot-lotto,KXMIDTERMMOV-TN01R-P61,KXMIDTERMMOV,enter,YES,5.3,0.12,0.0392,,yes_ask,yes
2026-09-23,longshot-lotto,KXMIDTERMMOV-TX23R-P14,KXMIDTERMMOV,enter,YES,25.72,0.16,0.242,,yes_ask,yes
2026-09-23,longshot-lotto,KXMIDTERMMOV-TXGOVR-P12,KXMIDTERMMOV,enter,YES,9,0.12,0.0666,,yes_ask,yes
2026-09-23,longshot-lotto,KXMIDTERMMOV-TXGOVR-P9,KXMIDTERMMOV,enter,YES,43,0.21,0.4994,,yes_ask,yes
2026-09-23,longshot-lotto,KXMIDTERMVOTETURN-MNSEN-3200000,KXMIDTERMVOTETURN,enter,YES,3.3,0.16,0.0311,,yes_ask,yes
2026-09-23,longshot-lotto,KXMIDTERMVOTETURN-MTSEN-560000,KXMIDTERMVOTETURN,enter,YES,3.6,0.22,0.0433,,yes_ask,yes
2026-09-23,longshot-lotto,KXMIDTERMVOTETURN-SCSEN-2000000,KXMIDTERMVOTETURN,enter,YES,6,0.22,0.0721,,yes_ask,yes
2026-09-23,longshot-lotto,KXMIDTERMVOTETURN-TXSEN-12400000,KXMIDTERMVOTETURN,enter,YES,2.36,0.2,0.0265,,yes_ask,yes
2026-09-23,longshot-lotto,KXMIDTERMVOTETURN-WI02-360000,KXMIDTERMVOTETURN,enter,YES,20,0.22,0.2403,,yes_ask,yes
2026-09-23,longshot-lotto,KXMISENGOVCOMBO-26NOV-DEMREP,KXMISENGOVCOMBO,enter,YES,50,0.21,0.5807,,yes_ask,yes
2026-09-23,longshot-lotto,KXPRESSSECANNOUNCE-26AUG-OCT01,KXPRESSSECANNOUNCE,enter,YES,69.59,0.06,0.2748,,yes_ask,yes
2026-09-23,longshot-lotto,KXRHOUSESEATS-27-220,KXRHOUSESEATS,enter,YES,756.68,0.058,2.894,,yes_ask,yes
2026-09-23,longshot-lotto,KXRHOUSEWON-26NOV03-AL214,KXRHOUSEWON,enter,YES,259.4,0.17,2.5621,,yes_ask,yes
2026-09-23,longshot-lotto,KXRHOUSEWON-26NOV03-AL222,KXRHOUSEWON,enter,YES,195.12,0.09,1.1187,,yes_ask,yes
2026-09-23,longshot-lotto,KXRHOUSEWON-26NOV03-AL226,KXRHOUSEWON,enter,YES,186.41,0.07,0.8495,,yes_ask,yes
2026-09-23,longshot-lotto,KXRSENATEWON-26NOV03-AL23,KXRSENATEWON,enter,YES,0.26,0.09,0.0015,,yes_ask,yes
2026-09-23,longshot-lotto,KXTXRAILROADCOMBO-26NOV03-JRKP,KXTXRAILROADCOMBO,enter,YES,109.2,0.06,0.4312,,yes_ask,yes
2026-09-23,longshot-lotto,KXVOTECOUNTY-SENATETX26HIDALGOJTAL-62,KXVOTECOUNTY,enter,YES,20,0.14,0.1686,,yes_ask,yes
2026-09-23,longshot-lotto,KXVOTEGENERAL-GOVPARTYMI-26JJAM-48,KXVOTEGENERAL,enter,YES,16.35,0.2,0.1832,,yes_ask,yes
2026-09-23,longshot-lotto,KXVOTEGENERAL-GOVPARTYNY-26BBLA-46,KXVOTEGENERAL,enter,YES,20,0.21,0.2323,,yes_ask,yes
2026-09-23,longshot-lotto,KXVOTEGENERAL-GOVPARTYNY-26KHOC-60,KXVOTEGENERAL,enter,YES,0.7,0.17,0.007,,yes_ask,yes
2026-09-23,longshot-lotto,KXVOTEGENERAL-GOVPARTYNY-26KHOC-62,KXVOTEGENERAL,enter,YES,2,0.09,0.0115,,yes_ask,yes
2026-09-23,longshot-lotto,KXVOTEGENERAL-GOVPARTYTX-26GHIN-48,KXVOTEGENERAL,enter,YES,0.1,0.28,0.0015,,yes_ask,yes
2026-09-23,longshot-lotto,KXVOTEGENERAL-KXHOUSERACE-MN01-26JJOH-50,KXVOTEGENERAL,enter,YES,3.62,0.13,0.0287,,yes_ask,yes
2026-09-23,longshot-lotto,KXVOTEGENERAL-KXHOUSERACE-MO02-26AWAG-56,KXVOTEGENERAL,enter,YES,2,0.21,0.0233,,yes_ask,yes
2026-09-23,longshot-lotto,KXVOTEGENERAL-KXHOUSERACE-MO02-26AWAG-58,KXVOTEGENERAL,enter,YES,0.5,0.12,0.0037,,yes_ask,yes
2026-09-23,longshot-lotto,KXVOTEGENERAL-KXHOUSERACE-OH07-26MMIL-50,KXVOTEGENERAL,enter,YES,0.5,0.22,0.0061,,yes_ask,yes
2026-09-23,longshot-lotto,KXVOTEGENERAL-KXHOUSERACE-UT04-26JGOT-4,KXVOTEGENERAL,enter,YES,1,0.06,0.004,,yes_ask,yes
2026-09-23,longshot-lotto,KXVOTEGENERAL-KXHOUSEUT03-26MSTO-3,KXVOTEGENERAL,enter,YES,0.5,0.06,0.002,,yes_ask,yes
2026-09-23,longshot-lotto,KXVOTEGENERAL-SENATETX-26JTAL-54,KXVOTEGENERAL,enter,YES,9.9,0.11,0.0679,,yes_ask,yes
settlement,longshot-lotto,KXMAMDANIEO-26SEP26-T0,KXMAMDANIEO,settlement,YES,77.99,0,0,-8.5789,official result (no) captured 2026-09-27T17:32:06.396749Z,
settlement,longshot-lotto,KXPRESSSECANNOUNCE-26AUG-OCT01,KXPRESSSECANNOUNCE,settlement,YES,69.59,0,0,-4.1754,official result (no) captured 2026-10-01T13:41:33.965467Z,
2026-09-24,longshot-lotto,HOUSENJ5-26-R,HOUSENJ5,enter,YES,24.1,0.083,0.1284,,yes_ask,yes
2026-09-24,longshot-lotto,KXAKCOMBO-26NOV03-RDR,KXAKCOMBO,enter,YES,3.36,0.14,0.0284,,yes_ask,yes
2026-09-24,longshot-lotto,KXALASKAHOUSE-26-BHIL,KXALASKAHOUSE,enter,YES,2.3,0.18,0.0238,,yes_ask,yes
2026-09-24,longshot-lotto,KXBLUESTRSEN-27JAN03-RI,KXBLUESTRSEN,enter,YES,5,0.06,0.0198,,yes_ask,yes
2026-09-24,longshot-lotto,KXCAELECTION-2614-MHER,KXCAELECTION,enter,YES,66.13,0.2,0.7407,,yes_ask,yes
2026-09-24,longshot-lotto,KXCAWEALTHTAXMOVD-CAWEALTHTAX26YES-YES-P10,KXCAWEALTHTAXMOVD,enter,YES,111.2,0.25,1.4595,,yes_ask,yes
2026-09-24,longshot-lotto,KXCAWEALTHTAXMOVD-CAWEALTHTAX26YES-YES-P13,KXCAWEALTHTAXMOVD,enter,YES,55,0.17,0.5433,,yes_ask,yes
2026-09-24,longshot-lotto,KXCAWEALTHTAXMOVD-CAWEALTHTAX26YES-YES-P19,KXCAWEALTHTAXMOVD,enter,YES,9.78,0.06,0.0387,,yes_ask,yes
2026-09-24,longshot-lotto,KXDSENATEWON-26NOV03-AL20,KXDSENATEWON,enter,YES,76,0.2,0.8512,,yes_ask,yes
2026-09-24,longshot-lotto,KXFOURSTATESEN-26NOV03-FTTT,KXFOURSTATESEN,enter,YES,0.8,0.069,0.0036,,yes_ask,yes
2026-09-24,longshot-lotto,KXGOVSENDIFF-27FEB01-A5,KXGOVSENDIFF,enter,YES,60,0.24,0.7661,,yes_ask,yes
2026-09-24,longshot-lotto,KXGOVWINS-27JAN01-R1,KXGOVWINS,enter,YES,34.83,0.17,0.3441,,yes_ask,yes
2026-09-24,longshot-lotto,KXHOUSERACE-AZ08-26-D,KXHOUSERACE,enter,YES,1.1,0.18,0.0114,,yes_ask,yes
2026-09-24,longshot-lotto,KXHOUSERACE-FL19-26-D,KXHOUSERACE,enter,YES,0.1,0.07,0.0005,,yes_ask,yes
2026-09-24,longshot-lotto,KXHOUSERACE-FL21-26-D,KXHOUSERACE,enter,YES,0.5,0.12,0.0037,,yes_ask,yes
2026-09-24,longshot-lotto,KXHOUSERACE-GA02-26-R,KXHOUSERACE,enter,YES,0.51,0.068,0.0023,,yes_ask,yes
2026-09-24,longshot-lotto,KXHOUSERACE-IL04-26-R,KXHOUSERACE,enter,YES,0.1,0.089,0.0006,,yes_ask,yes
2026-09-24,longshot-lotto,KXHOUSERACE-NY11-26-D,KXHOUSERACE,enter,YES,0.9,0.076,0.0045,,yes_ask,yes
2026-09-24,longshot-lotto,KXHOUSERACE-NY24-26-D,KXHOUSERACE,enter,YES,1,0.07,0.0046,,yes_ask,yes
2026-09-24,longshot-lotto,KXHOUSERACE-OK01-26-D,KXHOUSERACE,enter,YES,0.5,0.088,0.0029,,yes_ask,yes
2026-09-24,longshot-lotto,KXHOUSERACE-PA09-26-D,KXHOUSERACE,enter,YES,10.3,0.097,0.0632,,yes_ask,yes
2026-09-24,longshot-lotto,KXHOUSERACE-PA16-26-D,KXHOUSERACE,enter,YES,4.5,0.1,0.0284,,yes_ask,yes
2026-09-24,longshot-lotto,KXHOUSERACE-SC04-26-D,KXHOUSERACE,enter,YES,0.5,0.069,0.0023,,yes_ask,yes
2026-09-24,longshot-lotto,KXHOUSERACE-TX10-26-D,KXHOUSERACE,enter,YES,0.6,0.092,0.0036,,yes_ask,yes
2026-09-24,longshot-lotto,KXHOUSERACE-TX12-26-D,KXHOUSERACE,enter,YES,1.1,0.091,0.0064,,yes_ask,yes
2026-09-24,longshot-lotto,KXHOUSERACE-WI06-26-D,KXHOUSERACE,enter,YES,12.4,0.07,0.0566,,yes_ask,yes
2026-09-24,longshot-lotto,KXHOUSEUT03-26-D,KXHOUSEUT03,enter,YES,10,0.077,0.0498,,yes_ask,yes
2026-09-24,longshot-lotto,KXHOUSEWINSTATE-FLD-10-10,KXHOUSEWINSTATE,enter,YES,1,0.11,0.0069,,yes_ask,yes
2026-09-24,longshot-lotto,KXHOUSEWINSTATE-NCD-E3,KXHOUSEWINSTATE,enter,YES,192.45,0.2,2.1555,,yes_ask,yes
2026-09-24,longshot-lotto,KXHOUSEWINSTATE-NYD-E21,KXHOUSEWINSTATE,enter,YES,20.5,0.2,0.2296,,yes_ask,yes
2026-09-24,longshot-lotto,KXHOUSEWINSTATE-OHD-E7,KXHOUSEWINSTATE,enter,YES,1,0.17,0.0099,,yes_ask,yes
2026-09-24,longshot-lotto,KXHOUSEWINSTATE-PAD-E8,KXHOUSEWINSTATE,enter,YES,30,0.18,0.31,,yes_ask,yes
2026-09-24,longshot-lotto,KXLAMOV-KXMAYORLA26KBAS-KBAS-P53,KXLAMOV,enter,YES,3.19,0.24,0.0408,,yes_ask,yes
2026-09-24,longshot-lotto,KXLAMOV-KXMAYORLA26NRAM-NRAM-P55,KXLAMOV,enter,YES,10.93,0.22,0.1313,,yes_ask,yes
2026-09-24,longshot-lotto,KXLAPRIMARY-03D26-JDAY,KXLAPRIMARY,enter,YES,50,0.1,0.315,,yes_ask,yes
2026-09-24,longshot-lotto,KXLAPRIMARY-04D26-CCAB,KXLAPRIMARY,enter,YES,22.99,0.12,0.17,,yes_ask,yes
2026-09-24,longshot-lotto,KXMAMDANIEO-26SEP26-T0,KXMAMDANIEO,enter,YES,62.5,0.08,0.322,,yes_ask,yes
2026-09-24,longshot-lotto,KXMIDTERMMOV-FL11R-P19,KXMIDTERMMOV,enter,YES,2,0.28,0.0283,,yes_ask,yes
2026-09-24,longshot-lotto,KXMIDTERMMOV-FL13D-P5,KXMIDTERMMOV,enter,YES,0.1,0.15,0.0009,,yes_ask,yes
2026-09-24,longshot-lotto,KXMIDTERMMOV-FLSENR-P16,KXMIDTERMMOV,enter,YES,60.26,0.09,0.3455,,yes_ask,yes
2026-09-24,longshot-lotto,KXMIDTERMMOV-HI02D-P44,KXMIDTERMMOV,enter,YES,5,0.23,0.062,,yes_ask,yes
2026-09-24,longshot-lotto,KXMIDTERMMOV-ID02R-P30,KXMIDTERMMOV,enter,YES,4.83,0.23,0.0599,,yes_ask,yes
2026-09-24,longshot-lotto,KXMIDTERMMOV-ILGOVD-P30,KXMIDTERMMOV,enter,YES,30.5,0.24,0.3895,,yes_ask,yes
2026-09-24,longshot-lotto,KXMIDTERMMOV-IN05R-P22,KXMIDTERMMOV,enter,YES,2,0.18,0.0207,,yes_ask,yes
2026-09-24,longshot-lotto,KXMIDTERMMOV-LA02D-P50,KXMIDTERMMOV,enter,YES,17.2,0.17,0.1699,,yes_ask,yes
2026-09-24,longshot-lotto,KXMIDTERMMOV-LASENR-P25,KXMIDTERMMOV,enter,YES,20,0.24,0.2554,,yes_ask,yes
2026-09-24,longshot-lotto,KXMIDTERMMOV-MA03D-P40,KXMIDTERMMOV,enter,YES,9.6,0.17,0.0949,,yes_ask,yes
2026-09-24,longshot-lotto,KXMIDTERMMOV-ME02D-P6,KXMIDTERMMOV,enter,YES,20,0.21,0.2323,,yes_ask,yes
2026-09-24,longshot-lotto,KXMIDTERMMOV-MN08D-P2,KXMIDTERMMOV,enter,YES,20,0.22,0.2403,,yes_ask,yes
2026-09-24,longshot-lotto,KXMIDTERMMOV-NJ07R-P7,KXMIDTERMMOV,enter,YES,3.7,0.13,0.0293,,yes_ask,yes
2026-09-24,longshot-lotto,KXMIDTERMMOV-NV01D-P25,KXMIDTERMMOV,enter,YES,3.7,0.12,0.0274,,yes_ask,yes
2026-09-24,longshot-lotto,KXMIDTERMMOV-NV04D-P19,KXMIDTERMMOV,enter,YES,4.1,0.23,0.0509,,yes_ask,yes
2026-09-24,longshot-lotto,KXMIDTERMMOV-OH07R-P10,KXMIDTERMMOV,enter,YES,28,0.14,0.236,,yes_ask,yes
2026-09-24,longshot-lotto,KXMIDTERMMOV-OH07R-P13,KXMIDTERMMOV,enter,YES,15.5,0.14,0.1307,,yes_ask,yes
2026-09-24,longshot-lotto,KXMIDTERMMOV-OH07R-P16,KXMIDTERMMOV,enter,YES,0.1,0.24,0.0013,,yes_ask,yes
2026-09-24,longshot-lotto,KXMIDTERMMOV-OHSEND-P10,KXMIDTERMMOV,enter,YES,70,0.1,0.441,,yes_ask,yes
2026-09-24,longshot-lotto,KXMIDTERMMOV-OHSENR-P8,KXMIDTERMMOV,enter,YES,10,0.07,0.0456,,yes_ask,yes
2026-09-24,longshot-lotto,KXMIDTERMMOV-TN07R-P25,KXMIDTERMMOV,enter,YES,5.91,0.23,0.0733,,yes_ask,yes
2026-09-24,longshot-lotto,KXMIDTERMMOV-WV01R-P45,KXMIDTERMMOV,enter,YES,3.5,0.18,0.0362,,yes_ask,yes
2026-09-24,longshot-lotto,KXMIDTERMVOTETURN-FLGOV-9300000,KXMIDTERMVOTETURN,enter,YES,4.31,0.12,0.0319,,yes_ask,yes
2026-09-24,longshot-lotto,KXMIDTERMVOTETURN-ORGOV-2300000,KXMIDTERMVOTETURN,enter,YES,4.27,0.12,0.0316,,yes_ask,yes
2026-09-24,longshot-lotto,KXMINLEAD120-26NOV30-SSCA,KXMINLEAD120,enter,YES,3.14,0.15,0.0281,,yes_ask,yes
2026-09-24,longshot-lotto,KXMUSKCHALLENGERS-26-1,KXMUSKCHALLENGERS,enter,YES,2.51,0.18,0.026,,yes_ask,yes
2026-09-24,longshot-lotto,KXPRESSSECANNOUNCE-26AUG-OCT01,KXPRESSSECANNOUNCE,enter,YES,88.14,0.06,0.348,,yes_ask,yes
2026-09-24,longshot-lotto,KXREDDESTDSEN-27JAN03-AK,KXREDDESTDSEN,enter,YES,25,0.12,0.1848,,yes_ask,yes
2026-09-24,longshot-lotto,KXREDDESTDSEN-27JAN03-KS,KXREDDESTDSEN,enter,YES,0.55,0.17,0.0055,,yes_ask,yes
2026-09-24,longshot-lotto,KXREDDESTDSEN-27JAN03-NC,KXREDDESTDSEN,enter,YES,0.1,0.07,0.0005,,yes_ask,yes
2026-09-24,longshot-lotto,KXREDDESTDSEN-27JAN03-OH,KXREDDESTDSEN,enter,YES,50,0.11,0.3427,,yes_ask,yes
2026-09-24,longshot-lotto,KXRUBIORUN-28-27JAN01,KXRUBIORUN,enter,YES,24.81,0.11,0.1701,,yes_ask,yes
2026-09-24,longshot-lotto,KXSENATEREC-26JUN-27JAN01,KXSENATEREC,enter,YES,2,0.26,0.027,,yes_ask,yes
2026-09-24,longshot-lotto,KXSTATELEG-IASEN26-D,KXSTATELEG,enter,YES,2.34,0.17,0.0232,,yes_ask,yes
2026-09-24,longshot-lotto,KXSTATELEG-MESEN26-R,KXSTATELEG,enter,YES,2.65,0.17,0.0262,,yes_ask,yes
2026-09-24,longshot-lotto,KXTHREESTATESEN-26NOV03-FFT,KXTHREESTATESEN,enter,YES,193.8,0.09,1.1111,,yes_ask,yes
2026-09-24,longshot-lotto,KXTRUMPRUN-27JAN01,KXTRUMPRUN,enter,YES,0.1,0.054,0.0004,,yes_ask,yes
2026-09-24,longshot-lotto,KXTX23SPECIALDATE-26,KXTX23SPECIALDATE,enter,YES,5.29,0.11,0.0363,,yes_ask,yes
2026-09-24,longshot-lotto,KXVOTECOUNTY-GOVPARTYNY26QUEENSKHOC-68,KXVOTECOUNTY,enter,YES,0.5,0.12,0.0037,,yes_ask,yes
2026-09-24,longshot-lotto,KXVOTEGENERAL-GOVPARTYGA-26KBOT-54,KXVOTEGENERAL,enter,YES,18,0.3,0.2646,,yes_ask,yes
2026-09-24,longshot-lotto,KXVOTEGENERAL-GOVPARTYWI-26DCRO-58,KXVOTEGENERAL,enter,YES,12.3,0.11,0.0843,,yes_ask,yes
2026-09-24,longshot-lotto,KXVOTEGENERAL-HOUSECA3-26ABER-66,KXVOTEGENERAL,enter,YES,0.4,0.19,0.0044,,yes_ask,yes
2026-09-24,longshot-lotto,KXVOTEGENERAL-KXHOUSERACE-CA24-26BSMI-40,KXVOTEGENERAL,enter,YES,2.48,0.2,0.0278,,yes_ask,yes
2026-09-24,longshot-lotto,KXVOTEGENERAL-KXHOUSERACE-HI02-26BAWA-34,KXVOTEGENERAL,enter,YES,20,0.24,0.2554,,yes_ask,yes
2026-09-24,longshot-lotto,KXVOTEGENERAL-KXHOUSERACE-MD05-26BJOR-3,KXVOTEGENERAL,enter,YES,57.8,0.08,0.2978,,yes_ask,yes
2026-09-24,longshot-lotto,KXVOTEGENERAL-KXHOUSERACE-MN01-26BFIN-56,KXVOTEGENERAL,enter,YES,0.5,0.16,0.0048,,yes_ask,yes
2026-09-24,longshot-lotto,KXVOTEGENERAL-KXHOUSERACE-MO04-26JHER-38,KXVOTEGENERAL,enter,YES,20,0.17,0.1976,,yes_ask,yes
2026-09-24,longshot-lotto,KXVOTEGENERAL-KXHOUSERACE-NJ10-26LMCI-86,KXVOTEGENERAL,enter,YES,3.2,0.2,0.0359,,yes_ask,yes
2026-09-24,longshot-lotto,KXVOTEGENERAL-KXHOUSERACE-UT04-26JGOT-1,KXVOTEGENERAL,enter,YES,60.5,0.08,0.3117,,yes_ask,yes
2026-09-24,longshot-lotto,KXVOTEGENERAL-KXHOUSERACE-UT04-26JGOT-2,KXVOTEGENERAL,enter,YES,125.06,0.08,0.6444,,yes_ask,yes
2026-09-24,longshot-lotto,KXVOTEGENERAL-KXHOUSERACE-WV01-26CMIL-72,KXVOTEGENERAL,enter,YES,0.6,0.17,0.006,,yes_ask,yes
2026-09-24,longshot-lotto,KXVOTEGENERAL-SENATEME-26TJAC-56,KXVOTEGENERAL,enter,YES,13.5,0.22,0.1622,,yes_ask,yes
2026-09-24,longshot-lotto,KXVOTEGENERAL-SENATEME-26TJAC-58,KXVOTEGENERAL,enter,YES,20.5,0.15,0.183,,yes_ask,yes
2026-09-24,longshot-lotto,KXVOTEGENERAL-SENATERI-26JREE-70,KXVOTEGENERAL,enter,YES,0.5,0.06,0.002,,yes_ask,yes
2026-09-24,longshot-lotto,KXVOTEGENERAL-SENATETX-26KPAX-52,KXVOTEGENERAL,enter,YES,3.21,0.14,0.0271,,yes_ask,yes
settlement,longshot-lotto,KXMAMDANIEO-26SEP26-T0,KXMAMDANIEO,settlement,YES,62.5,0,0,-5,official result (no) captured 2026-09-27T17:32:06.396749Z,
settlement,longshot-lotto,KXPRESSSECANNOUNCE-26AUG-OCT01,KXPRESSSECANNOUNCE,settlement,YES,88.14,0,0,-5.2884,official result (no) captured 2026-10-01T13:41:33.965467Z,
2026-09-25,longshot-lotto,HOUSECA21-26-R,HOUSECA21,enter,YES,2,0.099,0.0125,,yes_ask,yes
2026-09-25,longshot-lotto,HOUSENJ9-26-R,HOUSENJ9,enter,YES,20,0.084,0.1078,,yes_ask,yes
2026-09-25,longshot-lotto,HOUSENV3-26-R,HOUSENV3,enter,YES,3.2,0.098,0.0199,,yes_ask,yes
2026-09-25,longshot-lotto,KXATTYGENNV-26-R,KXATTYGENNV,enter,YES,2.7,0.24,0.0345,,yes_ask,yes
2026-09-25,longshot-lotto,KXBLUESTRSEN-27JAN03-MI,KXBLUESTRSEN,enter,YES,60.2,0.1,0.3793,,yes_ask,yes
2026-09-25,longshot-lotto,KXBLUESTRSEN-27JAN03-OH,KXBLUESTRSEN,enter,YES,97.6,0.11,0.6689,,yes_ask,yes
2026-09-25,longshot-lotto,KXCAELECTION-2629-ADUE,KXCAELECTION,enter,YES,3.5,0.15,0.0313,,yes_ask,yes
2026-09-25,longshot-lotto,KXCAELECTION-2637-SMOT,KXCAELECTION,enter,YES,84,0.1,0.5292,,yes_ask,yes
2026-09-25,longshot-lotto,KXCLOSESTSENATE-27JAN03-LA,KXCLOSESTSENATE,enter,YES,75.7,0.13,0.5994,,yes_ask,yes
2026-09-25,longshot-lotto,KXDFGOV-26OCT25-LGRA,KXDFGOV,enter,YES,25.9,0.13,0.2051,,yes_ask,yes
2026-09-25,longshot-lotto,KXDHOUSESEATSDIR-27-A247,KXDHOUSESEATSDIR,enter,YES,21.09,0.21,0.245,,yes_ask,yes
2026-09-25,longshot-lotto,KXFLMAILVOTE-26NOV03-AL2600000,KXFLMAILVOTE,enter,YES,143.27,0.17,1.4151,,yes_ask,yes
2026-09-25,longshot-lotto,KXGOPBLACKVOTE-26NOV06-A12,KXGOPBLACKVOTE,enter,YES,10.5,0.16,0.0988,,yes_ask,yes
2026-09-25,longshot-lotto,KXHOUSEPOPVOTEMARGIN-27NOV03-B15,KXHOUSEPOPVOTEMARGIN,enter,YES,24.14,0.06,0.0954,,yes_ask,yes
2026-09-25,longshot-lotto,KXHOUSERACE-AL01-26-D,KXHOUSERACE,enter,YES,1.9,0.085,0.0104,,yes_ask,yes
2026-09-25,longshot-lotto,KXHOUSERACE-CA24-26-R,KXHOUSERACE,enter,YES,16.31,0.37,0.2662,,yes_ask,yes
2026-09-25,longshot-lotto,KXHOUSERACE-CA28-26-R,KXHOUSERACE,enter,YES,2.22,0.077,0.0111,,yes_ask,yes
2026-09-25,longshot-lotto,KXHOUSERACE-CA36-26-R,KXHOUSERACE,enter,YES,1.8,0.069,0.0081,,yes_ask,yes
2026-09-25,longshot-lotto,KXHOUSERACE-CA46-26-R,KXHOUSERACE,enter,YES,2.31,0.089,0.0132,,yes_ask,yes
2026-09-25,longshot-lotto,KXHOUSERACE-FL03-26-D,KXHOUSERACE,enter,YES,1.56,0.093,0.0093,,yes_ask,yes
2026-09-25,longshot-lotto,KXHOUSERACE-FL06-26-D,KXHOUSERACE,enter,YES,2.5,0.24,0.032,,yes_ask,yes
2026-09-25,longshot-lotto,KXHOUSERACE-FL17-26-D,KXHOUSERACE,enter,YES,3.31,0.075,0.0161,,yes_ask,yes
2026-09-25,longshot-lotto,KXHOUSERACE-FL28-26-D,KXHOUSERACE,enter,YES,3.8,0.091,0.0221,,yes_ask,yes
2026-09-25,longshot-lotto,KXHOUSERACE-GA07-26-D,KXHOUSERACE,enter,YES,1,0.087,0.0056,,yes_ask,yes
2026-09-25,longshot-lotto,KXHOUSERACE-GA08-26-D,KXHOUSERACE,enter,YES,0.5,0.091,0.0029,,yes_ask,yes
2026-09-25,longshot-lotto,KXHOUSERACE-ID02-26-D,KXHOUSERACE,enter,YES,3.9,0.092,0.0229,,yes_ask,yes
2026-09-25,longshot-lotto,KXHOUSERACE-IL06-26-R,KXHOUSERACE,enter,YES,1.93,0.24,0.0247,,yes_ask,yes
2026-09-25,longshot-lotto,KXHOUSERACE-IL12-26-D,KXHOUSERACE,enter,YES,0.4,0.071,0.0019,,yes_ask,yes
2026-09-25,longshot-lotto,KXHOUSERACE-IL15-26-D,KXHOUSERACE,enter,YES,0.31,0.088,0.0018,,yes_ask,yes
2026-09-25,longshot-lotto,KXHOUSERACE-IN04-26-D,KXHOUSERACE,enter,YES,4.35,0.071,0.0201,,yes_ask,yes
2026-09-25,longshot-lotto,KXHOUSERACE-IN06-26-D,KXHOUSERACE,enter,YES,0.62,0.075,0.0031,,yes_ask,yes
2026-09-25,longshot-lotto,KXHOUSERACE-IN09-26-D,KXHOUSERACE,enter,YES,3.83,0.098,0.0237,,yes_ask,yes
2026-09-25,longshot-lotto,KXHOUSERACE-KS03-26-R,KXHOUSERACE,enter,YES,2.62,0.099,0.0164,,yes_ask,yes
2026-09-25,longshot-lotto,KXHOUSERACE-KY01-26-D,KXHOUSERACE,enter,YES,11.79,0.081,0.0615,,yes_ask,yes
2026-09-25,longshot-lotto,KXHOUSERACE-KY02-26-D,KXHOUSERACE,enter,YES,2.48,0.081,0.013,,yes_ask,yes
2026-09-25,longshot-lotto,KXHOUSERACE-LA04-26-D,KXHOUSERACE,enter,YES,0.6,0.098,0.0038,,yes_ask,yes
2026-09-25,longshot-lotto,KXHOUSERACE-MN04-26-R,KXHOUSERACE,enter,YES,12.2,0.1,0.0769,,yes_ask,yes
2026-09-25,longshot-lotto,KXHOUSERACE-MN07-26-D,KXHOUSERACE,enter,YES,2.32,0.083,0.0124,,yes_ask,yes
2026-09-25,longshot-lotto,KXHOUSERACE-MO03-26-D,KXHOUSERACE,enter,YES,1.5,0.089,0.0086,,yes_ask,yes
2026-09-25,longshot-lotto,KXHOUSERACE-MO04-26-D,KXHOUSERACE,enter,YES,2.14,0.1,0.0135,,yes_ask,yes
2026-09-25,longshot-lotto,KXHOUSERACE-NC14-26-D,KXHOUSERACE,enter,YES,3.2,0.15,0.0286,,yes_ask,yes
2026-09-25,longshot-lotto,KXHOUSERACE-NJ03-26-R,KXHOUSERACE,enter,YES,0.2,0.076,0.001,,yes_ask,yes
2026-09-25,longshot-lotto,KXHOUSERACE-NM03-26-R,KXHOUSERACE,enter,YES,2,0.088,0.0113,,yes_ask,yes
2026-09-25,longshot-lotto,KXHOUSERACE-NY02-26-D,KXHOUSERACE,enter,YES,2.16,0.16,0.0204,,yes_ask,yes
2026-09-25,longshot-lotto,KXHOUSERACE-OK04-26-D,KXHOUSERACE,enter,YES,2.31,0.071,0.0107,,yes_ask,yes
2026-09-25,longshot-lotto,KXHOUSERACE-OR04-26-R,KXHOUSERACE,enter,YES,3.07,0.08,0.0159,,yes_ask,yes
2026-09-25,longshot-lotto,KXHOUSERACE-PA04-26-R,KXHOUSERACE,enter,YES,2.54,0.086,0.014,,yes_ask,yes
2026-09-25,longshot-lotto,KXHOUSERACE-PA13-26-D,KXHOUSERACE,enter,YES,13.92,0.097,0.0854,,yes_ask,yes
2026-09-25,longshot-lotto,KXHOUSERACE-PA14-26-D,KXHOUSERACE,enter,YES,1,0.069,0.0045,,yes_ask,yes
2026-09-25,longshot-lotto,KXHOUSERACE-SC05-26-D,KXHOUSERACE,enter,YES,2.42,0.1,0.0153,,yes_ask,yes
2026-09-25,longshot-lotto,KXHOUSERACE-SC07-26-D,KXHOUSERACE,enter,YES,4.35,0.1,0.0275,,yes_ask,yes
2026-09-25,longshot-lotto,KXHOUSERACE-SDAL-26-D,KXHOUSERACE,enter,YES,6.01,0.097,0.0369,,yes_ask,yes
2026-09-25,longshot-lotto,KXHOUSERACE-TN08-26-D,KXHOUSERACE,enter,YES,11,0.089,0.0625,,yes_ask,yes
2026-09-25,longshot-lotto,KXHOUSERACE-TX06-26-D,KXHOUSERACE,enter,YES,0.58,0.094,0.0035,,yes_ask,yes
2026-09-25,longshot-lotto,KXHOUSERACE-TX22-26-D,KXHOUSERACE,enter,YES,0.5,0.1,0.0032,,yes_ask,yes
2026-09-25,longshot-lotto,KXHOUSERACE-TX27-26-D,KXHOUSERACE,enter,YES,5.22,0.11,0.0358,,yes_ask,yes
2026-09-25,longshot-lotto,KXHOUSERACE-TX29-26-R,KXHOUSERACE,enter,YES,3.22,0.089,0.0183,,yes_ask,yes
2026-09-25,longshot-lotto,KXHOUSERACE-VA09-26-D,KXHOUSERACE,enter,YES,10.47,0.087,0.0583,,yes_ask,yes
2026-09-25,longshot-lotto,KXHOUSERACE-WA02-26-R,KXHOUSERACE,enter,YES,6.24,0.069,0.0281,,yes_ask,yes
2026-09-25,longshot-lotto,KXHOUSERACE-WI05-26-D,KXHOUSERACE,enter,YES,4.3,0.073,0.0204,,yes_ask,yes
2026-09-25,longshot-lotto,KXHOUSEWINSTATE-FLD-A10,KXHOUSEWINSTATE,enter,YES,12.6,0.21,0.1464,,yes_ask,yes
2026-09-25,longshot-lotto,KXHOUSEWINSTATE-NCD-E6,KXHOUSEWINSTATE,enter,YES,11.2,0.1,0.0706,,yes_ask,yes
2026-09-25,longshot-lotto,KXHOUSEWINSTATE-PAD-E7,KXHOUSEWINSTATE,enter,YES,3.9,0.06,0.0154,,yes_ask,yes
2026-09-25,longshot-lotto,KXIDHB932-26-M1GA,KXIDHB932,enter,YES,2.6,0.1,0.0164,,yes_ask,yes
2026-09-25,longshot-lotto,KXIDHB932-26-REM700,KXIDHB932,enter,YES,0.1,0.09,0.0006,,yes_ask,yes
2026-09-25,longshot-lotto,KXIDHB932-26-W1894,KXIDHB932,enter,YES,0.1,0.09,0.0006,,yes_ask,yes
2026-09-25,longshot-lotto,KXKSSENGOVCOMBO-26NOV-DEMREP,KXKSSENGOVCOMBO,enter,YES,63.46,0.15,0.5664,,yes_ask,yes
2026-09-25,longshot-lotto,KXLTGOVVT-26-R,KXLTGOVVT,enter,YES,14,0.23,0.1736,,yes_ask,yes
2026-09-25,longshot-lotto,KXMAGASTAX-26-NOV03,KXMAGASTAX,enter,YES,300,0.07,1.3671,,yes_ask,yes
2026-09-25,longshot-lotto,KXMIDTERMMOV-KY02R-P45,KXMIDTERMMOV,enter,YES,12,0.22,0.1442,,yes_ask,yes
2026-09-25,longshot-lotto,KXMIDTERMMOV-KY06R-P18,KXMIDTERMMOV,enter,YES,17.3,0.12,0.1279,,yes_ask,yes
2026-09-25,longshot-lotto,KXMIDTERMMOV-KYSENR-P32,KXMIDTERMMOV,enter,YES,0.5,0.23,0.0062,,yes_ask,yes
2026-09-25,longshot-lotto,KXMIDTERMMOV-MASEND-P43,KXMIDTERMMOV,enter,YES,21.5,0.18,0.2222,,yes_ask,yes
2026-09-25,longshot-lotto,KXMIDTERMMOV-MO02R-P15,KXMIDTERMMOV,enter,YES,1.03,0.19,0.0111,,yes_ask,yes
2026-09-25,longshot-lotto,KXMIDTERMMOV-MT01R-P12,KXMIDTERMMOV,enter,YES,2,0.21,0.0233,,yes_ask,yes
2026-09-25,longshot-lotto,KXMIDTERMMOV-NC03R-P18,KXMIDTERMMOV,enter,YES,5,0.24,0.0639,,yes_ask,yes
2026-09-25,longshot-lotto,KXMIDTERMMOV-NEGOVR-P25,KXMIDTERMMOV,enter,YES,0.5,0.24,0.0064,,yes_ask,yes
2026-09-25,longshot-lotto,KXMIDTERMMOV-NHSEND-P14,KXMIDTERMMOV,enter,YES,0.1,0.21,0.0012,,yes_ask,yes
2026-09-25,longshot-lotto,KXMIDTERMMOV-NV03R-P3,KXMIDTERMMOV,enter,YES,5.17,0.13,0.041,,yes_ask,yes
2026-09-25,longshot-lotto,KXMIDTERMMOV-NVGOVD-P10,KXMIDTERMMOV,enter,YES,4.82,0.08,0.0249,,yes_ask,yes
2026-09-25,longshot-lotto,KXMIDTERMMOV-OH10D-P3,KXMIDTERMMOV,enter,YES,5.8,0.19,0.0625,,yes_ask,yes
2026-09-25,longshot-lotto,KXMIDTERMMOV-SDSENR-P25,KXMIDTERMMOV,enter,YES,30.08,0.21,0.3494,,yes_ask,yes
2026-09-25,longshot-lotto,KXMIDTERMMOV-TX15D-P5,KXMIDTERMMOV,enter,YES,1,0.29,0.0145,,yes_ask,yes
2026-09-25,longshot-lotto,KXMIDTERMMOV-TXSENR-P9,KXMIDTERMMOV,enter,YES,82.83,0.07,0.3775,,yes_ask,yes
2026-09-25,longshot-lotto,KXMIDTERMMOV-WVSENR-P46,KXMIDTERMMOV,enter,YES,0.5,0.14,0.0043,,yes_ask,yes
2026-09-25,longshot-lotto,KXMIDTERMVOTETURN-COSEN-3000000,KXMIDTERMVOTETURN,enter,YES,31.66,0.19,0.3411,,yes_ask,yes
2026-09-25,longshot-lotto,KXMIDTERMVOTETURN-CTGOV-1450000,KXMIDTERMVOTETURN,enter,YES,0.9,0.22,0.0109,,yes_ask,yes
2026-09-25,longshot-lotto,KXMIDTERMVOTETURN-CTGOV-1510000,KXMIDTERMVOTETURN,enter,YES,1.1,0.17,0.0109,,yes_ask,yes
2026-09-25,longshot-lotto,KXMIDTERMVOTETURN-DESEN-440000,KXMIDTERMVOTETURN,enter,YES,2.4,0.14,0.0203,,yes_ask,yes
2026-09-25,longshot-lotto,KXMIDTERMVOTETURN-MESEN-900000,KXMIDTERMVOTETURN,enter,YES,0.1,0.1,0.0007,,yes_ask,yes
2026-09-25,longshot-lotto,KXMIDTERMVOTETURN-MESEN-940000,KXMIDTERMVOTETURN,enter,YES,0.1,0.19,0.0011,,yes_ask,yes
2026-09-25,longshot-lotto,KXMIDTERMVOTETURN-MESEN-980000,KXMIDTERMVOTETURN,enter,YES,0.2,0.14,0.0017,,yes_ask,yes
2026-09-25,longshot-lotto,KXMIDTERMVOTETURN-NESEN-920000,KXMIDTERMVOTETURN,enter,YES,16.7,0.15,0.1491,,yes_ask,yes
2026-09-25,longshot-lotto,KXMIDTERMVOTETURN-VASEN-4000000,KXMIDTERMVOTETURN,enter,YES,1.72,0.11,0.0118,,yes_ask,yes
2026-09-25,longshot-lotto,KXMIDTERMVOTETURN-WVSEN-630000,KXMIDTERMVOTETURN,enter,YES,0.7,0.21,0.0082,,yes_ask,yes
2026-09-25,longshot-lotto,KXMIDTERMVOTETURN-WYAL-230000,KXMIDTERMVOTETURN,enter,YES,20,0.21,0.2323,,yes_ask,yes
2026-09-25,longshot-lotto,KXMIDTERMVOTETURN-WYGOV-220000,KXMIDTERMVOTETURN,enter,YES,10,0.22,0.1202,,yes_ask,yes
2026-09-25,longshot-lotto,KXMIDTERMVOTETURN-WYSEN-230000,KXMIDTERMVOTETURN,enter,YES,21.41,0.18,0.2213,,yes_ask,yes
2026-09-25,longshot-lotto,KXMIDTERMVOTETURN-WYSEN-250000,KXMIDTERMVOTETURN,enter,YES,84.53,0.11,0.5793,,yes_ask,yes
2026-09-25,longshot-lotto,KXNHSENGOVCOMBO-26NOV-DEMDEM,KXNHSENGOVCOMBO,enter,YES,0.5,0.11,0.0035,,yes_ask,yes
2026-09-25,longshot-lotto,KXPRESSBRIEFINGCOUNT-26SEP-A3,KXPRESSBRIEFINGCOUNT,enter,YES,21.1,0.2,0.2364,,yes_ask,yes
2026-09-25,longshot-lotto,KXREDDESTDSEN-27JAN03-IA,KXREDDESTDSEN,enter,YES,29.18,0.08,0.1504,,yes_ask,yes
2026-09-25,longshot-lotto,KXREDDESTDSEN-27JAN03-SC,KXREDDESTDSEN,enter,YES,36.28,0.09,0.208,,yes_ask,yes
2026-09-25,longshot-lotto,KXRGOVCOUNT-26JUL08-AL28,KXRGOVCOUNT,enter,YES,2.6,0.14,0.022,,yes_ask,yes
2026-09-25,longshot-lotto,KXSTATELAW-27-15MIN,KXSTATELAW,enter,YES,4.33,0.08,0.0224,,yes_ask,yes
2026-09-25,longshot-lotto,KXTHREESTATESEN-26NOV03-FTT,KXTHREESTATESEN,enter,YES,114.3,0.13,0.905,,yes_ask,yes
2026-09-25,longshot-lotto,KXTHREESTATESEN-26NOV03-TFF,KXTHREESTATESEN,enter,YES,114.3,0.06,0.4513,,yes_ask,yes
2026-09-25,longshot-lotto,KXTHREESTATESEN-26NOV03-TFT,KXTHREESTATESEN,enter,YES,114.3,0.14,0.9634,,yes_ask,yes
2026-09-25,longshot-lotto,KXTXHOUSEDEMSEATS-26NOV03-E10,KXTXHOUSEDEMSEATS,enter,YES,9.9,0.16,0.0932,,yes_ask,yes
2026-09-25,longshot-lotto,KXTXSUPREME7-26NOV03-KRISTEN,KXTXSUPREME7,enter,YES,18.87,0.18,0.195,,yes_ask,yes
2026-09-25,longshot-lotto,KXUSPSPORTALSUBMIT-26NOV03,KXUSPSPORTALSUBMIT,enter,YES,46.34,0.17,0.4578,,yes_ask,yes
2026-09-25,longshot-lotto,KXVOTECOUNTY-SENATETX26STARRJTAL-62,KXVOTECOUNTY,enter,YES,20,0.15,0.1785,,yes_ask,yes
2026-09-25,longshot-lotto,KXVOTEGENERAL-HOUSECO3-26CBRO-7,KXVOTEGENERAL,enter,YES,10.5,0.11,0.072,,yes_ask,yes
2026-09-25,longshot-lotto,KXVOTEGENERAL-HOUSEFL13-26LGRA-54,KXVOTEGENERAL,enter,YES,27.7,0.15,0.2473,,yes_ask,yes
2026-09-25,longshot-lotto,KXVOTEGENERAL-KXHOUSERACE-CA20-26VFON-66,KXVOTEGENERAL,enter,YES,10,0.14,0.0843,,yes_ask,yes
2026-09-25,longshot-lotto,KXVOTEGENERAL-KXHOUSERACE-SC05-26AKAP-2,KXVOTEGENERAL,enter,YES,0.05,0.26,0.0007,,yes_ask,yes
2026-09-25,longshot-lotto,KXVOTEGENERAL-KXHOUSERACE-TN05-26CMOL-48,KXVOTEGENERAL,enter,YES,2.15,0.24,0.0275,,yes_ask,yes
2026-09-25,longshot-lotto,KXVOTEGENERAL-KXHOUSERACE-TN05-26CMOL-50,KXVOTEGENERAL,enter,YES,3.36,0.15,0.03,,yes_ask,yes
2026-09-25,longshot-lotto,KXVOTEGENERAL-SENATETX-26TBRO-3,KXVOTEGENERAL,enter,YES,20.5,0.14,0.1728,,yes_ask,yes
settlement,longshot-lotto,KXPRESSBRIEFINGCOUNT-26SEP-A3,KXPRESSBRIEFINGCOUNT,settlement,YES,21.1,0,0,-4.22,official result (no) captured 2026-10-01T14:10:43.962823Z,
2026-09-26,longshot-lotto,HOUSEIL17-26-R,HOUSEIL17,enter,YES,31.7,0.073,0.1502,,yes_ask,yes
2026-09-26,longshot-lotto,HOUSEMI8-26-R,HOUSEMI8,enter,YES,2.97,0.089,0.0169,,yes_ask,yes
2026-09-26,longshot-lotto,HOUSENY18-26-R,HOUSENY18,enter,YES,0.6,0.075,0.003,,yes_ask,yes
2026-09-26,longshot-lotto,HOUSENY22-26-R,HOUSENY22,enter,YES,0.7,0.057,0.0027,,yes_ask,yes
2026-09-26,longshot-lotto,KXATTYGENRI-26-R,KXATTYGENRI,enter,YES,0.2,0.054,0.0008,,yes_ask,yes
2026-09-26,longshot-lotto,KXBERNIEENDORSE-26NOV03-JTUR,KXBERNIEENDORSE,enter,YES,20,0.13,0.1584,,yes_ask,yes
2026-09-26,longshot-lotto,KXBLANCHEDISBAR-27,KXBLANCHEDISBAR,enter,YES,4.08,0.12,0.0302,,yes_ask,yes
2026-09-26,longshot-lotto,KXCASEN26-26-SRAS,KXCASEN26,enter,YES,1.4,0.18,0.0145,,yes_ask,yes
2026-09-26,longshot-lotto,KXCAWEALTHTAXMOVD-CAWEALTHTAX26YES-YES-P4,KXCAWEALTHTAXMOVD,enter,YES,47.5,0.23,0.5889,,yes_ask,yes
2026-09-26,longshot-lotto,KXFLSENGOVCOMBO-26NOV-DEMDEM,KXFLSENGOVCOMBO,enter,YES,5,0.09,0.0287,,yes_ask,yes
2026-09-26,longshot-lotto,KXFOURSTATESEN-26NOV03-TFFF,KXFOURSTATESEN,enter,YES,7.72,0.079,0.0394,,yes_ask,yes
2026-09-26,longshot-lotto,KXHOUSERACE-LA06-26-D,KXHOUSERACE,enter,YES,0.4,0.079,0.0021,,yes_ask,yes
2026-09-26,longshot-lotto,KXHOUSERACE-MA09-26-R,KXHOUSERACE,enter,YES,43.38,0.097,0.266,,yes_ask,yes
2026-09-26,longshot-lotto,KXHOUSERACE-MD03-26-R,KXHOUSERACE,enter,YES,6,0.084,0.0324,,yes_ask,yes
2026-09-26,longshot-lotto,KXHOUSERACE-MI09-26-D,KXHOUSERACE,enter,YES,0.1,0.07,0.0005,,yes_ask,yes
2026-09-26,longshot-lotto,KXHOUSERACE-MO06-26-D,KXHOUSERACE,enter,YES,0.1,0.086,0.0006,,yes_ask,yes
2026-09-26,longshot-lotto,KXHOUSERACE-NC03-26-D,KXHOUSERACE,enter,YES,30,0.15,0.2678,,yes_ask,yes
2026-09-26,longshot-lotto,KXHOUSERACE-NH02-26-R,KXHOUSERACE,enter,YES,0.36,0.074,0.0018,,yes_ask,yes
2026-09-26,longshot-lotto,KXHOUSERACE-NY20-26-R,KXHOUSERACE,enter,YES,1.1,0.078,0.0056,,yes_ask,yes
2026-09-26,longshot-lotto,KXHOUSERACE-TX38-26-D,KXHOUSERACE,enter,YES,0.1,0.095,0.0007,,yes_ask,yes
2026-09-26,longshot-lotto,KXHOUSEWINSTATE-ALD-E2,KXHOUSEWINSTATE,enter,YES,2.6,0.21,0.0302,,yes_ask,yes
2026-09-26,longshot-lotto,KXHOUSEWINSTATE-FLD-9-9,KXHOUSEWINSTATE,enter,YES,4.6,0.11,0.0316,,yes_ask,yes
2026-09-26,longshot-lotto,KXKLOBSEAT-27FEB01-SSIM,KXKLOBSEAT,enter,YES,26.2,0.16,0.2465,,yes_ask,yes
2026-09-26,longshot-lotto,KXLAPRIMARY-05R26-MCOR,KXLAPRIMARY,enter,YES,20,0.06,0.079,,yes_ask,yes
2026-09-26,longshot-lotto,KXLAPRIMARY-05R26-MECH,KXLAPRIMARY,enter,YES,8.23,0.071,0.038,,yes_ask,yes
2026-09-26,longshot-lotto,KXMARTINDNCOUT-26MAY-26NOV01,KXMARTINDNCOUT,enter,YES,0.11,0.12,0.0009,,yes_ask,yes
2026-09-26,longshot-lotto,KXMIDTERMMOV-AL01R-P45,KXMIDTERMMOV,enter,YES,6.5,0.21,0.0755,,yes_ask,yes
2026-09-26,longshot-lotto,KXMIDTERMMOV-FL12R-P28,KXMIDTERMMOV,enter,YES,0.71,0.21,0.0083,,yes_ask,yes
2026-09-26,longshot-lotto,KXMIDTERMMOV-FL24D-P50,KXMIDTERMMOV,enter,YES,0.5,0.24,0.0064,,yes_ask,yes
2026-09-26,longshot-lotto,KXMIDTERMMOV-FL24D-P53,KXMIDTERMMOV,enter,YES,5,0.14,0.0422,,yes_ask,yes
2026-09-26,longshot-lotto,KXMIDTERMMOV-IDSENR-P25,KXMIDTERMMOV,enter,YES,20,0.24,0.2554,,yes_ask,yes
2026-09-26,longshot-lotto,KXMIDTERMMOV-KSGOVD-P4,KXMIDTERMMOV,enter,YES,11.4,0.15,0.1018,,yes_ask,yes
2026-09-26,longshot-lotto,KXMIDTERMMOV-MI10R-P10,KXMIDTERMMOV,enter,YES,0.4,0.2,0.0045,,yes_ask,yes
2026-09-26,longshot-lotto,KXMIDTERMMOV-NC01R-P11,KXMIDTERMMOV,enter,YES,0.9,0.11,0.0062,,yes_ask,yes
2026-09-26,longshot-lotto,KXMIDTERMMOV-NC01R-P8,KXMIDTERMMOV,enter,YES,0.5,0.15,0.0045,,yes_ask,yes
2026-09-26,longshot-lotto,KXMIDTERMMOV-NESENR-P9,KXMIDTERMMOV,enter,YES,24.73,0.2,0.277,,yes_ask,yes
2026-09-26,longshot-lotto,KXMIDTERMMOV-NH01D-P19,KXMIDTERMMOV,enter,YES,0.7,0.24,0.009,,yes_ask,yes
2026-09-26,longshot-lotto,KXMIDTERMMOV-ORGOVD-P17,KXMIDTERMMOV,enter,YES,0.19,0.19,0.0021,,yes_ask,yes
2026-09-26,longshot-lotto,KXMIDTERMMOV-SC06D-P40,KXMIDTERMMOV,enter,YES,0.3,0.24,0.0039,,yes_ask,yes
2026-09-26,longshot-lotto,KXMIDTERMMOV-VTGOVR-P23,KXMIDTERMMOV,enter,YES,20,0.12,0.1479,,yes_ask,yes
2026-09-26,longshot-lotto,KXMIDTERMMOV-WIGOVR-P5,KXMIDTERMMOV,enter,YES,2,0.059,0.0078,,yes_ask,yes
2026-09-26,longshot-lotto,KXMIDTERMVOTETURN-AZGOV-3100000,KXMIDTERMVOTETURN,enter,YES,0.2,0.19,0.0022,,yes_ask,yes
2026-09-26,longshot-lotto,KXMIDTERMVOTETURN-DESEN-470000,KXMIDTERMVOTETURN,enter,YES,0.2,0.09,0.0012,,yes_ask,yes
2026-09-26,longshot-lotto,KXMIDTERMVOTETURN-HIGOV-490000,KXMIDTERMVOTETURN,enter,YES,5.8,0.22,0.0697,,yes_ask,yes
2026-09-26,longshot-lotto,KXMIDTERMVOTETURN-ILSEN-4900000,KXMIDTERMVOTETURN,enter,YES,0.4,0.17,0.004,,yes_ask,yes
2026-09-26,longshot-lotto,KXMIDTERMVOTETURN-KSSEN-1210000,KXMIDTERMVOTETURN,enter,YES,20.9,0.22,0.2511,,yes_ask,yes
2026-09-26,longshot-lotto,KXMIDTERMVOTETURN-MASEN-3000000,KXMIDTERMVOTETURN,enter,YES,1.2,0.17,0.0119,,yes_ask,yes
2026-09-26,longshot-lotto,KXMIDTERMVOTETURN-MASEN-3200000,KXMIDTERMVOTETURN,enter,YES,0.2,0.12,0.0015,,yes_ask,yes
2026-09-26,longshot-lotto,KXMIDTERMVOTETURN-MTSEN-590000,KXMIDTERMVOTETURN,enter,YES,0.2,0.16,0.0019,,yes_ask,yes
2026-09-26,longshot-lotto,KXMIDTERMVOTETURN-NCSEN-4300000,KXMIDTERMVOTETURN,enter,YES,0.5,0.29,0.0073,,yes_ask,yes
2026-09-26,longshot-lotto,KXMIDTERMVOTETURN-NESEN-870000,KXMIDTERMVOTETURN,enter,YES,0.3,0.23,0.0038,,yes_ask,yes
2026-09-26,longshot-lotto,KXMIDTERMVOTETURN-NJSEN-3400000,KXMIDTERMVOTETURN,enter,YES,5.91,0.12,0.0437,,yes_ask,yes
2026-09-26,longshot-lotto,KXMIDTERMVOTETURN-PAGOV-6400000,KXMIDTERMVOTETURN,enter,YES,0.1,0.14,0.0009,,yes_ask,yes
2026-09-26,longshot-lotto,KXMIDTERMVOTETURN-RI02-230000,KXMIDTERMVOTETURN,enter,YES,20,0.2,0.224,,yes_ask,yes
2026-09-26,longshot-lotto,KXMIDTERMVOTETURN-RISEN-400000,KXMIDTERMVOTETURN,enter,YES,3.69,0.23,0.0458,,yes_ask,yes
2026-09-26,longshot-lotto,KXMIDTERMVOTETURN-TNSEN-2400000,KXMIDTERMVOTETURN,enter,YES,0.22,0.17,0.0022,,yes_ask,yes
2026-09-26,longshot-lotto,KXPAMAILMARGIN-26NOV03-AL40,KXPAMAILMARGIN,enter,YES,80,0.2,0.896,,yes_ask,yes
2026-09-26,longshot-lotto,KXRSENATEWON-26NOV03-AL20,KXRSENATEWON,enter,YES,197.46,0.19,2.1273,,yes_ask,yes
2026-09-26,longshot-lotto,KXSTATEBALLOTMEASURE-SD-AL,KXSTATEBALLOTMEASURE,enter,YES,19.9,0.22,0.2391,,yes_ask,yes
2026-09-26,longshot-lotto,KXSTATELEG-OHSEN26-D,KXSTATELEG,enter,YES,0.1,0.11,0.0007,,yes_ask,yes
2026-09-26,longshot-lotto,KXSTATELEG-TXHOUS26-D,KXSTATELEG,enter,YES,1.8,0.19,0.0194,,yes_ask,yes
2026-09-26,longshot-lotto,KXTHREESTATESEN-26NOV03-FFF,KXTHREESTATESEN,enter,YES,371.5,0.08,1.914,,yes_ask,yes
2026-09-26,longshot-lotto,KXVOTECOUNTY-GOVPARTYPA26PHILADELPHIAJSHA-90,KXVOTECOUNTY,enter,YES,20,0.18,0.2067,,yes_ask,yes
2026-09-26,longshot-lotto,KXVOTEGENERAL-GOVPARTYSC-26JJOH-52,KXVOTEGENERAL,enter,YES,9.37,0.08,0.0483,,yes_ask,yes
2026-09-26,longshot-lotto,KXVOTEGENERAL-GOVPARTYVT-26PSCO-60,KXVOTEGENERAL,enter,YES,20,0.25,0.2625,,yes_ask,yes
2026-09-26,longshot-lotto,KXVOTEGENERAL-HOUSECO8-26MRUT-62,KXVOTEGENERAL,enter,YES,18.76,0.13,0.1486,,yes_ask,yes
2026-09-26,longshot-lotto,KXVOTEGENERAL-HOUSENY17-26CCON-54,KXVOTEGENERAL,enter,YES,2.06,0.24,0.0264,,yes_ask,yes
2026-09-26,longshot-lotto,KXVOTEGENERAL-KXHOUSERACE-CO07-26JKRZ-6,KXVOTEGENERAL,enter,YES,1.5,0.1,0.0095,,yes_ask,yes
2026-09-26,longshot-lotto,KXVOTEGENERAL-SENATESC-26AAND-50,KXVOTEGENERAL,enter,YES,2.77,0.18,0.0287,,yes_ask,yes
2026-09-27,longshot-lotto,HOUSECA27-26-R,HOUSECA27,enter,YES,18.96,0.07,0.0865,,yes_ask,yes
2026-09-27,longshot-lotto,KXCAELECTION-2612-JJOY,KXCAELECTION,enter,YES,24.3,0.09,0.1394,,yes_ask,yes
2026-09-27,longshot-lotto,KXCAELECTION-2634-JGOM,KXCAELECTION,enter,YES,339.61,0.22,4.0794,,yes_ask,yes
2026-09-27,longshot-lotto,KXDHOUSEWON-26NOV03-AL246,KXDHOUSEWON,enter,YES,4,0.23,0.0496,,yes_ask,yes
2026-09-27,longshot-lotto,KXEXITPOLL-YOUMEN-REP,KXEXITPOLL,enter,YES,44.73,0.19,0.4819,,yes_ask,yes
2026-09-27,longshot-lotto,KXFLSENGOVCOMBO-26NOV-DEMREP,KXFLSENGOVCOMBO,enter,YES,3.14,0.15,0.0281,,yes_ask,yes
2026-09-27,longshot-lotto,KXHOUSERACE-CA01-26-R,KXHOUSERACE,enter,YES,388.98,0.088,2.1853,,yes_ask,yes
2026-09-27,longshot-lotto,KXHOUSERACE-CA06-26-KKIL,KXHOUSERACE,enter,YES,9.29,0.099,0.0581,,yes_ask,yes
2026-09-27,longshot-lotto,KXHOUSERACE-SC03-26-D,KXHOUSERACE,enter,YES,0.2,0.079,0.0011,,yes_ask,yes
2026-09-27,longshot-lotto,KXHOUSERACE-TN02-26-D,KXHOUSERACE,enter,YES,1.2,0.068,0.0054,,yes_ask,yes
2026-09-27,longshot-lotto,KXHOUSERACE-TX36-26-D,KXHOUSERACE,enter,YES,0.8,0.069,0.0036,,yes_ask,yes
2026-09-27,longshot-lotto,KXHOUSEWINSTATE-FLD-4-4,KXHOUSEWINSTATE,enter,YES,0.5,0.18,0.0052,,yes_ask,yes
2026-09-27,longshot-lotto,KXISENATEWON-26NOV03-AL1,KXISENATEWON,enter,YES,80,0.3,1.176,,yes_ask,yes
2026-09-27,longshot-lotto,KXMIDTERMMOV-AL06R-P45,KXMIDTERMMOV,enter,YES,16.4,0.12,0.1213,,yes_ask,yes
2026-09-27,longshot-lotto,KXMIDTERMMOV-CO08R-P1,KXMIDTERMMOV,enter,YES,20,0.21,0.2323,,yes_ask,yes
2026-09-27,longshot-lotto,KXMIDTERMMOV-GA12R-P20,KXMIDTERMMOV,enter,YES,11.8,0.22,0.1418,,yes_ask,yes
2026-09-27,longshot-lotto,KXMIDTERMMOV-MNGOVD-P23,KXMIDTERMMOV,enter,YES,5.29,0.12,0.0392,,yes_ask,yes
2026-09-27,longshot-lotto,KXMIDTERMMOV-MO01D-P70,KXMIDTERMMOV,enter,YES,6,0.21,0.0697,,yes_ask,yes
2026-09-27,longshot-lotto,KXMIDTERMMOV-MTSENR-P15,KXMIDTERMMOV,enter,YES,4.5,0.14,0.038,,yes_ask,yes
2026-09-27,longshot-lotto,KXMIDTERMMOV-NESENR-P12,KXMIDTERMMOV,enter,YES,9.32,0.17,0.0921,,yes_ask,yes
2026-09-27,longshot-lotto,KXMIDTERMMOV-NY17D-P9,KXMIDTERMMOV,enter,YES,1,0.21,0.0117,,yes_ask,yes
2026-09-27,longshot-lotto,KXMIDTERMMOV-TN05R-P20,KXMIDTERMMOV,enter,YES,3,0.2,0.0336,,yes_ask,yes
2026-09-27,longshot-lotto,KXMIDTERMMOV-TX09R-P19,KXMIDTERMMOV,enter,YES,5.9,0.13,0.0468,,yes_ask,yes
2026-09-27,longshot-lotto,KXMIDTERMMOV-WA06D-P35,KXMIDTERMMOV,enter,YES,0.6,0.25,0.0079,,yes_ask,yes
2026-09-27,longshot-lotto,KXMIDTERMVOTETURN-MESEN-860000,KXMIDTERMVOTETURN,enter,YES,20,0.25,0.2625,,yes_ask,yes
2026-09-27,longshot-lotto,KXMIDTERMVOTETURN-MIGOV-5300000,KXMIDTERMVOTETURN,enter,YES,20,0.3,0.294,,yes_ask,yes
2026-09-27,longshot-lotto,KXPRESSBRIEFINGCOUNT-26SEP-A2,KXPRESSBRIEFINGCOUNT,enter,YES,2.4,0.24,0.0307,,yes_ask,yes
2026-09-27,longshot-lotto,KXSECSTATEMN-26NOV03-TJUD,KXSECSTATEMN,enter,YES,4.7,0.07,0.0215,,yes_ask,yes
2026-09-27,longshot-lotto,KXSTATELEG-IAHOUSE26-D,KXSTATELEG,enter,YES,1.99,0.19,0.0215,,yes_ask,yes
2026-09-27,longshot-lotto,KXSUNNYSIDE-26SEP-27JUL01,KXSUNNYSIDE,enter,YES,230,0.2,2.576,,yes_ask,yes
2026-09-27,longshot-lotto,KXTALARICOPAXTONDEBATE-26,KXTALARICOPAXTONDEBATE,enter,YES,0.82,0.35,0.0131,,yes_ask,yes
2026-09-27,longshot-lotto,KXVOTEGENERAL-GOVPARTYMN-26AKLO-62,KXVOTEGENERAL,enter,YES,5.2,0.11,0.0357,,yes_ask,yes
2026-09-27,longshot-lotto,KXVOTEGENERAL-HOUSENY17-26MLAW-52,KXVOTEGENERAL,enter,YES,20,0.24,0.2554,,yes_ask,yes
2026-09-27,longshot-lotto,KXVOTEGENERAL-KXHOUSENC11-26JAGE-56,KXVOTEGENERAL,enter,YES,20.5,0.17,0.2025,,yes_ask,yes
2026-09-27,longshot-lotto,KXVOTEGENERAL-KXHOUSERACE-NY20-26PTON-70,KXVOTEGENERAL,enter,YES,0.3,0.13,0.0024,,yes_ask,yes
2026-09-27,longshot-lotto,KXVOTEGENERAL-SENATEKS-26AHAM-52,KXVOTEGENERAL,enter,YES,4,0.16,0.0377,,yes_ask,yes
2026-09-27,longshot-lotto,KXVOTEGENERAL-SENATENC-26RCOO-56,KXVOTEGENERAL,enter,YES,2.02,0.15,0.0181,,yes_ask,yes
2026-09-27,longshot-lotto,KXVOTEGENERAL-SENATENM-26BLUJ-66,KXVOTEGENERAL,enter,YES,8.7,0.15,0.0777,,yes_ask,yes
settlement,longshot-lotto,KXPRESSBRIEFINGCOUNT-26SEP-A2,KXPRESSBRIEFINGCOUNT,settlement,YES,2.4,0,0,-0.576,official result (no) captured 2026-10-01T14:10:43.962823Z,
2026-09-28,longshot-lotto,KXBANKHEADDROPOUT-26-YES,KXBANKHEADDROPOUT,enter,YES,0.11,0.18,0.0012,,yes_ask,yes
2026-09-28,longshot-lotto,KXCOOPERWHATLEYDEBATE-26,KXCOOPERWHATLEYDEBATE,enter,YES,21.5,0.16,0.2023,,yes_ask,yes
2026-09-28,longshot-lotto,KXFIVESTATESEN-26NOV03-TTTTF,KXFIVESTATESEN,enter,YES,0.01,0.12,0.0001,,yes_ask,yes
2026-09-28,longshot-lotto,KXFOURSTATESEN-26NOV03-TFTT,KXFOURSTATESEN,enter,YES,5,0.072,0.0234,,yes_ask,yes
2026-09-28,longshot-lotto,KXFOURSTATESEN-26NOV03-TTTF,KXFOURSTATESEN,enter,YES,1.44,0.069,0.0065,,yes_ask,yes
2026-09-28,longshot-lotto,KXHOUSERACE-CA23-26-D,KXHOUSERACE,enter,YES,1.1,0.1,0.007,,yes_ask,yes
2026-09-28,longshot-lotto,KXHOUSERACE-KY04-26-D,KXHOUSERACE,enter,YES,51.44,0.077,0.256,,yes_ask,yes
2026-09-28,longshot-lotto,KXHOUSERACE-OR02-26-D,KXHOUSERACE,enter,YES,0.2,0.084,0.0011,,yes_ask,yes
2026-09-28,longshot-lotto,KXHOUSERACE-TN03-26-D,KXHOUSERACE,enter,YES,0.5,0.073,0.0024,,yes_ask,yes
2026-09-28,longshot-lotto,KXHOUSERACE-TX11-26-D,KXHOUSERACE,enter,YES,0.13,0.069,0.0006,,yes_ask,yes
2026-09-28,longshot-lotto,KXHOUSERACE-WI07-26-D,KXHOUSERACE,enter,YES,11.9,0.075,0.0578,,yes_ask,yes
2026-09-28,longshot-lotto,KXJUSTICEGOV-28-26OCT01,KXJUSTICEGOV,enter,YES,74.61,0.08,0.3844,,yes_ask,yes
2026-09-28,longshot-lotto,KXLEAVETISCH-27JAN01,KXLEAVETISCH,enter,YES,57.51,0.18,0.5942,,yes_ask,yes
2026-09-28,longshot-lotto,KXMIDTERMMOV-AL06R-P36,KXMIDTERMMOV,enter,YES,20,0.2,0.224,,yes_ask,yes
2026-09-28,longshot-lotto,KXMIDTERMMOV-AZ06D-P10,KXMIDTERMMOV,enter,YES,20.5,0.21,0.2381,,yes_ask,yes
2026-09-28,longshot-lotto,KXMIDTERMMOV-AZ06R-P5,KXMIDTERMMOV,enter,YES,10,0.11,0.0686,,yes_ask,yes
2026-09-28,longshot-lotto,KXMIDTERMMOV-FL18R-P22,KXMIDTERMMOV,enter,YES,20,0.16,0.1882,,yes_ask,yes
2026-09-28,longshot-lotto,KXMIDTERMMOV-FL18R-P25,KXMIDTERMMOV,enter,YES,2,0.099,0.0125,,yes_ask,yes
2026-09-28,longshot-lotto,KXMIDTERMMOV-FL27D-P6,KXMIDTERMMOV,enter,YES,2,0.2,0.0224,,yes_ask,yes
2026-09-28,longshot-lotto,KXMIDTERMMOV-FLSENR-P18,KXMIDTERMMOV,enter,YES,17.12,0.08,0.0883,,yes_ask,yes
2026-09-28,longshot-lotto,KXMIDTERMMOV-GASEND-P16,KXMIDTERMMOV,enter,YES,3.5,0.076,0.0173,,yes_ask,yes
2026-09-28,longshot-lotto,KXMIDTERMMOV-IASEND-P4,KXMIDTERMMOV,enter,YES,6,0.23,0.0744,,yes_ask,yes
2026-09-28,longshot-lotto,KXMIDTERMMOV-IDSENR-P33,KXMIDTERMMOV,enter,YES,21,0.062,0.0855,,yes_ask,yes
2026-09-28,longshot-lotto,KXMIDTERMMOV-IL16R-P27,KXMIDTERMMOV,enter,YES,8.33,0.21,0.0968,,yes_ask,yes
2026-09-28,longshot-lotto,KXMIDTERMMOV-LA03R-P43,KXMIDTERMMOV,enter,YES,20,0.2,0.224,,yes_ask,yes
2026-09-28,longshot-lotto,KXMIDTERMMOV-LA04R-P39,KXMIDTERMMOV,enter,YES,40,0.07,0.1823,,yes_ask,yes
2026-09-28,longshot-lotto,KXMIDTERMMOV-LA05R-P42,KXMIDTERMMOV,enter,YES,25.7,0.21,0.2985,,yes_ask,yes
2026-09-28,longshot-lotto,KXMIDTERMMOV-MT01D-P3,KXMIDTERMMOV,enter,YES,2.65,0.21,0.0308,,yes_ask,yes
2026-09-28,longshot-lotto,KXMIDTERMMOV-NE03R-P60,KXMIDTERMMOV,enter,YES,2,0.13,0.0159,,yes_ask,yes
2026-09-28,longshot-lotto,KXMIDTERMMOV-NJ02R-P18,KXMIDTERMMOV,enter,YES,3.2,0.12,0.0237,,yes_ask,yes
2026-09-28,longshot-lotto,KXMIDTERMMOV-NJ07R-P1,KXMIDTERMMOV,enter,YES,20,0.12,0.1479,,yes_ask,yes
2026-09-28,longshot-lotto,KXMIDTERMMOV-OHGOVD-P12,KXMIDTERMMOV,enter,YES,1.03,0.11,0.0071,,yes_ask,yes
2026-09-28,longshot-lotto,KXMIDTERMMOV-OHGOVD-P9,KXMIDTERMMOV,enter,YES,1.15,0.15,0.0103,,yes_ask,yes
2026-09-28,longshot-lotto,KXMIDTERMMOV-OKGOVR-P19,KXMIDTERMMOV,enter,YES,30,0.22,0.3604,,yes_ask,yes
2026-09-28,longshot-lotto,KXMIDTERMMOV-OKGOVR-P22,KXMIDTERMMOV,enter,YES,1.57,0.1,0.0099,,yes_ask,yes
2026-09-28,longshot-lotto,KXMIDTERMMOV-OKGOVR-P25,KXMIDTERMMOV,enter,YES,4.2,0.07,0.0192,,yes_ask,yes
2026-09-28,longshot-lotto,KXMIDTERMMOV-PA07R-P6,KXMIDTERMMOV,enter,YES,8.29,0.1,0.0523,,yes_ask,yes
2026-09-28,longshot-lotto,KXMIDTERMMOV-TN06R-P25,KXMIDTERMMOV,enter,YES,20,0.13,0.1584,,yes_ask,yes
2026-09-28,longshot-lotto,KXMIDTERMMOV-TNGOVR-P18,KXMIDTERMMOV,enter,YES,0.09,0.23,0.0012,,yes_ask,yes
2026-09-28,longshot-lotto,KXMIDTERMMOV-TNGOVR-P21,KXMIDTERMMOV,enter,YES,0.04,0.14,0.0004,,yes_ask,yes
2026-09-28,longshot-lotto,KXMIDTERMMOV-TNGOVR-P30,KXMIDTERMMOV,enter,YES,0.2,0.053,0.0008,,yes_ask,yes
2026-09-28,longshot-lotto,KXMIDTERMMOV-TXSEND-P5,KXMIDTERMMOV,enter,YES,73,0.21,0.8478,,yes_ask,yes
2026-09-28,longshot-lotto,KXMIDTERMMOV-UT02R-P27,KXMIDTERMMOV,enter,YES,1.5,0.24,0.0192,,yes_ask,yes
2026-09-28,longshot-lotto,KXMIDTERMMOV-UT02R-P30,KXMIDTERMMOV,enter,YES,1.5,0.15,0.0134,,yes_ask,yes
2026-09-28,longshot-lotto,KXMIDTERMMOV-UT03R-P46,KXMIDTERMMOV,enter,YES,6,0.16,0.0565,,yes_ask,yes
2026-09-28,longshot-lotto,KXMIDTERMMOV-WA07D-P86,KXMIDTERMMOV,enter,YES,20,0.2,0.224,,yes_ask,yes
2026-09-28,longshot-lotto,KXMIDTERMMOV-WI03D-P10,KXMIDTERMMOV,enter,YES,2.97,0.16,0.028,,yes_ask,yes
2026-09-28,longshot-lotto,KXMIDTERMVOTETURN-MASEN-3400000,KXMIDTERMVOTETURN,enter,YES,0.85,0.11,0.0059,,yes_ask,yes
2026-09-28,longshot-lotto,KXMIDTERMVOTETURN-PA08-350000,KXMIDTERMVOTETURN,enter,YES,3.36,0.15,0.03,,yes_ask,yes
2026-09-28,longshot-lotto,KXMUSKCHALLENGERS-26-10,KXMUSKCHALLENGERS,enter,YES,1.01,0.095,0.0061,,yes_ask,yes
2026-09-28,longshot-lotto,KXPAFLOCKBAN-27JAN01,KXPAFLOCKBAN,enter,YES,41.54,0.23,0.515,,yes_ask,yes
2026-09-28,longshot-lotto,KXPRESSBRIEFINGCOUNT-26SEP-A2,KXPRESSBRIEFINGCOUNT,enter,YES,21.5,0.16,0.2023,,yes_ask,yes
2026-09-28,longshot-lotto,KXSTATEBALLOTMEASURE-WA-IP26645,KXSTATEBALLOTMEASURE,enter,YES,0.1,0.24,0.0013,,yes_ask,yes
2026-09-28,longshot-lotto,KXSTATELAW-27-DRAG,KXSTATELAW,enter,YES,22.06,0.12,0.1631,,yes_ask,yes
2026-09-28,longshot-lotto,KXSTATELEG-NCHOUSE26-D,KXSTATELEG,enter,YES,6.18,0.24,0.079,,yes_ask,yes
2026-09-28,longshot-lotto,KXVOTEGENERAL-GOVPARTYAZ-26KHOB-56,KXVOTEGENERAL,enter,YES,0.5,0.21,0.0059,,yes_ask,yes
2026-09-28,longshot-lotto,KXVOTEGENERAL-GOVPARTYFL-26DJOL-52,KXVOTEGENERAL,enter,YES,4.7,0.12,0.0348,,yes_ask,yes
2026-09-28,longshot-lotto,KXVOTEGENERAL-GOVPARTYKS-27CHOL-50,KXVOTEGENERAL,enter,YES,2.48,0.2,0.0278,,yes_ask,yes
2026-09-28,longshot-lotto,KXVOTEGENERAL-GOVPARTYNE-26JPIL-58,KXVOTEGENERAL,enter,YES,20.5,0.21,0.2381,,yes_ask,yes
2026-09-28,longshot-lotto,KXVOTEGENERAL-GOVPARTYNE-26JPIL-60,KXVOTEGENERAL,enter,YES,0.9,0.11,0.0062,,yes_ask,yes
2026-09-28,longshot-lotto,KXVOTEGENERAL-GOVPARTYOK-26MMAZ-58,KXVOTEGENERAL,enter,YES,60.5,0.18,0.6251,,yes_ask,yes
2026-09-28,longshot-lotto,KXVOTEGENERAL-GOVPARTYOK-26MMAZ-60,KXVOTEGENERAL,enter,YES,0.5,0.1,0.0032,,yes_ask,yes
2026-09-28,longshot-lotto,KXVOTEGENERAL-GOVPARTYTN-26MBLA-60,KXVOTEGENERAL,enter,YES,10.5,0.14,0.0885,,yes_ask,yes
2026-09-28,longshot-lotto,KXVOTEGENERAL-GOVPARTYTN-26MBLA-62,KXVOTEGENERAL,enter,YES,1.3,0.1,0.0082,,yes_ask,yes
2026-09-28,longshot-lotto,KXVOTEGENERAL-GOVPARTYTN-26MBLA-64,KXVOTEGENERAL,enter,YES,7.4,0.06,0.0293,,yes_ask,yes
2026-09-28,longshot-lotto,KXVOTEGENERAL-GOVPARTYTX-26GHIN-52,KXVOTEGENERAL,enter,YES,3.92,0.13,0.0311,,yes_ask,yes
2026-09-28,longshot-lotto,KXVOTEGENERAL-HOUSECO3-26CBRO-2,KXVOTEGENERAL,enter,YES,20.5,0.19,0.2209,,yes_ask,yes
2026-09-28,longshot-lotto,KXVOTEGENERAL-HOUSECO3-26CBRO-3,KXVOTEGENERAL,enter,YES,20.5,0.1,0.1292,,yes_ask,yes
2026-09-28,longshot-lotto,KXVOTEGENERAL-HOUSECO8-26MRUT-58,KXVOTEGENERAL,enter,YES,0.5,0.12,0.0037,,yes_ask,yes
2026-09-28,longshot-lotto,KXVOTEGENERAL-HOUSEMT1-26SFOR-50,KXVOTEGENERAL,enter,YES,0.5,0.22,0.0061,,yes_ask,yes
2026-09-28,longshot-lotto,KXVOTEGENERAL-HOUSEMT1-26SFOR-52,KXVOTEGENERAL,enter,YES,0.5,0.12,0.0037,,yes_ask,yes
2026-09-28,longshot-lotto,KXVOTEGENERAL-HOUSENJ7-26TKEA-50,KXVOTEGENERAL,enter,YES,10.5,0.15,0.0938,,yes_ask,yes
2026-09-28,longshot-lotto,KXVOTEGENERAL-HOUSENY4-26BTAR-3,KXVOTEGENERAL,enter,YES,0.5,0.14,0.0043,,yes_ask,yes
2026-09-28,longshot-lotto,KXVOTEGENERAL-HOUSENY4-26BTAR-4,KXVOTEGENERAL,enter,YES,20.5,0.09,0.1176,,yes_ask,yes
2026-09-28,longshot-lotto,KXVOTEGENERAL-KXHOUSERACE-AL06-26GPAL-68,KXVOTEGENERAL,enter,YES,0.5,0.16,0.0048,,yes_ask,yes
2026-09-28,longshot-lotto,KXVOTEGENERAL-KXHOUSERACE-AR02-26CJON-50,KXVOTEGENERAL,enter,YES,2.95,0.17,0.0292,,yes_ask,yes
2026-09-28,longshot-lotto,KXVOTEGENERAL-KXHOUSERACE-CA24-26BSMI-38,KXVOTEGENERAL,enter,YES,36.06,0.23,0.4471,,yes_ask,yes
2026-09-28,longshot-lotto,KXVOTEGENERAL-KXHOUSERACE-CO01-26SBLA-3,KXVOTEGENERAL,enter,YES,40.5,0.23,0.5021,,yes_ask,yes
2026-09-28,longshot-lotto,KXVOTEGENERAL-KXHOUSERACE-CO01-26SBLA-4,KXVOTEGENERAL,enter,YES,0.5,0.16,0.0048,,yes_ask,yes
2026-09-28,longshot-lotto,KXVOTEGENERAL-KXHOUSERACE-CO01-26SBLA-5,KXVOTEGENERAL,enter,YES,0.5,0.12,0.0037,,yes_ask,yes
2026-09-28,longshot-lotto,KXVOTEGENERAL-KXHOUSERACE-CO07-26JKRZ-4,KXVOTEGENERAL,enter,YES,2.55,0.09,0.0147,,yes_ask,yes
2026-09-28,longshot-lotto,KXVOTEGENERAL-KXHOUSERACE-CO07-26JKRZ-5,KXVOTEGENERAL,enter,YES,93.68,0.08,0.4827,,yes_ask,yes
2026-09-28,longshot-lotto,KXVOTEGENERAL-KXHOUSERACE-CT03-26CLAN-38,KXVOTEGENERAL,enter,YES,1,0.21,0.0117,,yes_ask,yes
2026-09-28,longshot-lotto,KXVOTEGENERAL-KXHOUSERACE-CT03-26CLAN-40,KXVOTEGENERAL,enter,YES,0.5,0.11,0.0035,,yes_ask,yes
2026-09-28,longshot-lotto,KXVOTEGENERAL-KXHOUSERACE-KS02-26DSCH-58,KXVOTEGENERAL,enter,YES,0.5,0.22,0.0061,,yes_ask,yes
2026-09-28,longshot-lotto,KXVOTEGENERAL-KXHOUSERACE-KS02-26DSCH-60,KXVOTEGENERAL,enter,YES,0.5,0.12,0.0037,,yes_ask,yes
2026-09-28,longshot-lotto,KXVOTEGENERAL-KXHOUSERACE-LA05-26DMCK-14,KXVOTEGENERAL,enter,YES,0.4,0.08,0.0021,,yes_ask,yes
2026-09-28,longshot-lotto,KXVOTEGENERAL-KXHOUSERACE-MA03-26GGRO-36,KXVOTEGENERAL,enter,YES,0.5,0.2,0.0056,,yes_ask,yes
2026-09-28,longshot-lotto,KXVOTEGENERAL-KXHOUSERACE-MA03-26GGRO-38,KXVOTEGENERAL,enter,YES,0.5,0.12,0.0037,,yes_ask,yes
2026-09-28,longshot-lotto,KXVOTEGENERAL-KXHOUSERACE-MD04-26GIVE-94,KXVOTEGENERAL,enter,YES,20.5,0.14,0.1728,,yes_ask,yes
2026-09-28,longshot-lotto,KXVOTEGENERAL-KXHOUSERACE-MD04-26GMCD-14,KXVOTEGENERAL,enter,YES,20.5,0.2,0.2296,,yes_ask,yes
2026-09-28,longshot-lotto,KXVOTEGENERAL-KXHOUSERACE-MS03-26MCHI-44,KXVOTEGENERAL,enter,YES,2.95,0.17,0.0292,,yes_ask,yes
2026-09-28,longshot-lotto,KXVOTEGENERAL-KXHOUSERACE-NY01-26JMAG-6,KXVOTEGENERAL,enter,YES,10.5,0.08,0.0541,,yes_ask,yes
2026-09-28,longshot-lotto,KXVOTEGENERAL-KXHOUSERACE-NY01-26JMAG-7,KXVOTEGENERAL,enter,YES,10.5,0.08,0.0541,,yes_ask,yes
2026-09-28,longshot-lotto,KXVOTEGENERAL-KXHOUSERACE-NY10-26NKAN-7,KXVOTEGENERAL,enter,YES,10.5,0.08,0.0541,,yes_ask,yes
2026-09-28,longshot-lotto,KXVOTEGENERAL-KXHOUSERACE-OR06-26DRUS-40,KXVOTEGENERAL,enter,YES,0.5,0.2,0.0056,,yes_ask,yes
2026-09-28,longshot-lotto,KXVOTEGENERAL-KXHOUSERACE-OR06-26DRUS-42,KXVOTEGENERAL,enter,YES,1.5,0.11,0.0103,,yes_ask,yes
2026-09-28,longshot-lotto,KXVOTEGENERAL-KXHOUSERACE-SC04-26JETH-4,KXVOTEGENERAL,enter,YES,20.5,0.15,0.183,,yes_ask,yes
2026-09-28,longshot-lotto,KXVOTEGENERAL-KXHOUSERACE-SC04-26JETH-5,KXVOTEGENERAL,enter,YES,2.2,0.12,0.0163,,yes_ask,yes
2026-09-28,longshot-lotto,KXVOTEGENERAL-KXHOUSERACE-SC05-26AKAP-6,KXVOTEGENERAL,enter,YES,10,0.26,0.1347,,yes_ask,yes
2026-09-28,longshot-lotto,KXVOTEGENERAL-KXHOUSERACE-TN06-26JGAR-62,KXVOTEGENERAL,enter,YES,1,0.14,0.0085,,yes_ask,yes
2026-09-28,longshot-lotto,KXVOTEGENERAL-KXHOUSERACE-UT04-26SBUR-4,KXVOTEGENERAL,enter,YES,20.5,0.2,0.2296,,yes_ask,yes
2026-09-28,longshot-lotto,KXVOTEGENERAL-KXHOUSERACE-VA06-26BCLI-60,KXVOTEGENERAL,enter,YES,0.5,0.21,0.0059,,yes_ask,yes
2026-09-28,longshot-lotto,KXVOTEGENERAL-KXHOUSERACE-VA06-26BCLI-62,KXVOTEGENERAL,enter,YES,0.5,0.11,0.0035,,yes_ask,yes
2026-09-28,longshot-lotto,KXVOTEGENERAL-KXHOUSERACE-VA06-26BCLI-64,KXVOTEGENERAL,enter,YES,0.5,0.08,0.0026,,yes_ask,yes
2026-09-28,longshot-lotto,KXVOTEGENERAL-KXHOUSERACE-WA07-26NSHE-16,KXVOTEGENERAL,enter,YES,0.5,0.08,0.0026,,yes_ask,yes
2026-09-28,longshot-lotto,KXVOTEGENERAL-KXHOUSERACE-WA07-26PJAY-94,KXVOTEGENERAL,enter,YES,2,0.09,0.0115,,yes_ask,yes
2026-09-28,longshot-lotto,KXVOTEGENERAL-KXHOUSEUT01-26JWES-6,KXVOTEGENERAL,enter,YES,20,0.11,0.1371,,yes_ask,yes
2026-09-28,longshot-lotto,KXVOTEGENERAL-KXHOUSEUT02-26BMOO-62,KXVOTEGENERAL,enter,YES,0.5,0.21,0.0059,,yes_ask,yes
2026-09-28,longshot-lotto,KXVOTEGENERAL-KXHOUSEUT02-26BMOO-64,KXVOTEGENERAL,enter,YES,0.5,0.13,0.004,,yes_ask,yes
2026-09-28,longshot-lotto,KXVOTEGENERAL-KXHOUSEUT02-26BMOO-66,KXVOTEGENERAL,enter,YES,0.5,0.08,0.0026,,yes_ask,yes
2026-09-28,longshot-lotto,KXVOTEGENERAL-KXHOUSEUT02-26CBOW-2,KXVOTEGENERAL,enter,YES,60.5,0.19,0.6518,,yes_ask,yes
2026-09-28,longshot-lotto,KXVOTEGENERAL-KXHOUSEUT02-26CBOW-3,KXVOTEGENERAL,enter,YES,0.5,0.08,0.0026,,yes_ask,yes
2026-09-28,longshot-lotto,KXVOTEGENERAL-KXHOUSEUT03-26AHOO-2,KXVOTEGENERAL,enter,YES,20.5,0.23,0.2542,,yes_ask,yes
2026-09-28,longshot-lotto,KXVOTEGENERAL-KXHOUSEUT03-26ASCO-2,KXVOTEGENERAL,enter,YES,20.5,0.23,0.2542,,yes_ask,yes
2026-09-28,longshot-lotto,KXVOTEGENERAL-KXHOUSEUT03-26CEAS-7,KXVOTEGENERAL,enter,YES,20.5,0.15,0.183,,yes_ask,yes
2026-09-28,longshot-lotto,KXVOTEGENERAL-KXHOUSEVA10-26DBEC-42,KXVOTEGENERAL,enter,YES,1,0.18,0.0104,,yes_ask,yes
2026-09-28,longshot-lotto,KXVOTEGENERAL-KXHOUSEVA10-26DBEC-44,KXVOTEGENERAL,enter,YES,0.5,0.1,0.0032,,yes_ask,yes
2026-09-28,longshot-lotto,KXVOTEGENERAL-SENATEGA-26JOSS-58,KXVOTEGENERAL,enter,YES,7.1,0.21,0.0825,,yes_ask,yes
2026-09-28,longshot-lotto,KXVOTEGENERAL-SENATEIA-26JTUR-52,KXVOTEGENERAL,enter,YES,3.14,0.14,0.0265,,yes_ask,yes
2026-09-28,longshot-lotto,KXVOTEGENERAL-SENATEKS-26AHAM-50,KXVOTEGENERAL,enter,YES,0.5,0.19,0.0054,,yes_ask,yes
2026-09-28,longshot-lotto,KXVOTEGENERAL-SENATEMS-26SCOL-50,KXVOTEGENERAL,enter,YES,4.27,0.12,0.0316,,yes_ask,yes
2026-09-28,longshot-lotto,KXVOTEGENERAL-SENATEMS-26TPIN-7,KXVOTEGENERAL,enter,YES,0.1,0.22,0.0013,,yes_ask,yes
2026-09-28,longshot-lotto,KXVOTEGENERAL-SENATENE26DOSB-51,KXVOTEGENERAL,enter,YES,2.95,0.17,0.0292,,yes_ask,yes
2026-09-28,longshot-lotto,KXVOTEGENERAL-SENATENM-26BLUJ-64,KXVOTEGENERAL,enter,YES,5,0.15,0.0447,,yes_ask,yes
2026-09-28,longshot-lotto,KXVOTEGENERAL-SENATENM-26LMAR-42,KXVOTEGENERAL,enter,YES,1.5,0.2,0.0168,,yes_ask,yes
2026-09-28,longshot-lotto,KXVOTEGENERAL-SENATENM-26LMAR-44,KXVOTEGENERAL,enter,YES,0.5,0.11,0.0035,,yes_ask,yes
2026-09-28,longshot-lotto,KXVOTEGENERAL-SENATEOHS-26SBRO-56,KXVOTEGENERAL,enter,YES,5,0.09,0.0287,,yes_ask,yes
2026-09-28,longshot-lotto,KXVOTEGENERAL-SENATERI-26JREE-68,KXVOTEGENERAL,enter,YES,3.92,0.13,0.0311,,yes_ask,yes
2026-09-28,longshot-lotto,KXVOTEGENERAL-SENATESC-26DGRA-56,KXVOTEGENERAL,enter,YES,0.5,0.17,0.005,,yes_ask,yes
settlement,longshot-lotto,KXJUSTICEGOV-28-26OCT01,KXJUSTICEGOV,settlement,YES,74.61,0,0,-5.9688,official result (no) captured 2026-10-01T14:08:13.964489Z,
settlement,longshot-lotto,KXPRESSBRIEFINGCOUNT-26SEP-A2,KXPRESSBRIEFINGCOUNT,settlement,YES,21.5,0,0,-3.44,official result (no) captured 2026-10-01T14:10:43.962823Z,
2026-09-29,longshot-lotto,KXAPCALLHOUSE-26AUG20-NOV0311P,KXAPCALLHOUSE,enter,YES,0.11,0.16,0.0011,,yes_ask,yes
2026-09-29,longshot-lotto,KXBEXARCOUNTYJUDGE-26-PVON,KXBEXARCOUNTYJUDGE,enter,YES,28.6,0.26,0.3852,,yes_ask,yes
2026-09-29,longshot-lotto,KXCLOSESTGOVERNOR-27JAN20-TX,KXCLOSESTGOVERNOR,enter,YES,0.41,0.06,0.0017,,yes_ask,yes
2026-09-29,longshot-lotto,KXGENERALCOUNTY-GOVPARTYAZ-26-COCH,KXGENERALCOUNTY,enter,YES,20,0.22,0.2403,,yes_ask,yes
2026-09-29,longshot-lotto,KXHOUSERACE-NC07-26-D,KXHOUSERACE,enter,YES,29.51,0.17,0.2915,,yes_ask,yes
2026-09-29,longshot-lotto,KXHOUSEWINSTATE-IAD-E1,KXHOUSEWINSTATE,enter,YES,20.3,0.17,0.2006,,yes_ask,yes
2026-09-29,longshot-lotto,KXHOUSEWINSTATE-MND-E3,KXHOUSEWINSTATE,enter,YES,31,0.06,0.1224,,yes_ask,yes
2026-09-29,longshot-lotto,KXHOUSEWINSTATE-NJD-B8,KXHOUSEWINSTATE,enter,YES,46.2,0.06,0.1824,,yes_ask,yes
2026-09-29,longshot-lotto,KXHOUSEWINSTATE-NJD-E8,KXHOUSEWINSTATE,enter,YES,40,0.08,0.2061,,yes_ask,yes
2026-09-29,longshot-lotto,KXHOUSEWINSTATE-OHD-A8,KXHOUSEWINSTATE,enter,YES,20,0.12,0.1479,,yes_ask,yes
2026-09-29,longshot-lotto,KXIHOUSEWON-26NOV03-AL3,KXIHOUSEWON,enter,YES,20,0.08,0.1031,,yes_ask,yes
2026-09-29,longshot-lotto,KXLAHOUSE1R-26NOV03-LA05,KXLAHOUSE1R,enter,YES,102.6,0.14,0.8648,,yes_ask,yes
2026-09-29,longshot-lotto,KXLOSEREELECTIONGOV-2026-3,KXLOSEREELECTIONGOV,enter,YES,3.92,0.12,0.029,,yes_ask,yes
2026-09-29,longshot-lotto,KXMICONSTITUTION-26,KXMICONSTITUTION,enter,YES,0.72,0.13,0.0058,,yes_ask,yes
2026-09-29,longshot-lotto,KXMIDTERMMOV-AZ08R-P18,KXMIDTERMMOV,enter,YES,2.77,0.22,0.0333,,yes_ask,yes
2026-09-29,longshot-lotto,KXMIDTERMMOV-CA34JGOM-P5,KXMIDTERMMOV,enter,YES,0.78,0.13,0.0062,,yes_ask,yes
2026-09-29,longshot-lotto,KXMIDTERMMOV-CA42D-P38,KXMIDTERMMOV,enter,YES,0.6,0.23,0.0075,,yes_ask,yes
2026-09-29,longshot-lotto,KXMIDTERMMOV-CA45D-P25,KXMIDTERMMOV,enter,YES,0.1,0.099,0.0007,,yes_ask,yes
2026-09-29,longshot-lotto,KXMIDTERMMOV-FL12R-P25,KXMIDTERMMOV,enter,YES,20,0.18,0.2067,,yes_ask,yes
2026-09-29,longshot-lotto,KXMIDTERMMOV-IDGOVR-P39,KXMIDTERMMOV,enter,YES,2,0.23,0.0248,,yes_ask,yes
2026-09-29,longshot-lotto,KXMIDTERMMOV-MD06D-P27,KXMIDTERMMOV,enter,YES,20.1,0.24,0.2567,,yes_ask,yes
2026-09-29,longshot-lotto,KXMIDTERMMOV-MESEND-P7,KXMIDTERMMOV,enter,YES,21.7,0.19,0.2338,,yes_ask,yes
2026-09-29,longshot-lotto,KXMIDTERMMOV-MI09R-P40,KXMIDTERMMOV,enter,YES,10,0.21,0.1162,,yes_ask,yes
2026-09-29,longshot-lotto,KXMIDTERMMOV-MSSENR-P17,KXMIDTERMMOV,enter,YES,20,0.38,0.3299,,yes_ask,yes
2026-09-29,longshot-lotto,KXMIDTERMMOV-NC09R-P18,KXMIDTERMMOV,enter,YES,0.2,0.1,0.0013,,yes_ask,yes
2026-09-29,longshot-lotto,KXMIDTERMMOV-NY02D-P2,KXMIDTERMMOV,enter,YES,30,0.2,0.336,,yes_ask,yes
2026-09-29,longshot-lotto,KXMIDTERMMOV-NY02R-P19,KXMIDTERMMOV,enter,YES,2.44,0.22,0.0294,,yes_ask,yes
2026-09-29,longshot-lotto,KXMIDTERMVOTETURN-CA42-280000,KXMIDTERMVOTETURN,enter,YES,8.17,0.17,0.0807,,yes_ask,yes
2026-09-29,longshot-lotto,KXMONTGOMERYCOUNTYJUDGE-26-JGRA,KXMONTGOMERYCOUNTYJUDGE,enter,YES,8.7,0.06,0.0344,,yes_ask,yes
2026-09-29,longshot-lotto,KXRUNBYMIDTERM-26NOV03-JPAU,KXRUNBYMIDTERM,enter,YES,8.04,0.087,0.0448,,yes_ask,yes
2026-09-29,longshot-lotto,KXSENATEWITHIN1-26NOV03-IA,KXSENATEWITHIN1,enter,YES,5.25,0.18,0.0543,,yes_ask,yes
2026-09-29,longshot-lotto,KXSENATEWITHIN1-26NOV03-KS,KXSENATEWITHIN1,enter,YES,16.9,0.16,0.159,,yes_ask,yes
2026-09-29,longshot-lotto,KXSENATEWITHIN1-26NOV03-NE,KXSENATEWITHIN1,enter,YES,5.9,0.17,0.0583,,yes_ask,yes
2026-09-29,longshot-lotto,KXSTATEBALLOTMEASURE-WY-I1,KXSTATEBALLOTMEASURE,enter,YES,13.89,0.17,0.1372,,yes_ask,yes
2026-09-29,longshot-lotto,KXUNDERHARRIS-27JAN04-AELS,KXUNDERHARRIS,enter,YES,42.5,0.24,0.5427,,yes_ask,yes
2026-09-29,longshot-lotto,KXUNDERHARRIS-27JAN04-ANIX,KXUNDERHARRIS,enter,YES,165,0.32,2.5133,,yes_ask,yes
2026-09-29,longshot-lotto,KXUNDERHARRIS-27JAN04-CPAP,KXUNDERHARRIS,enter,YES,50.19,0.23,0.6223,,yes_ask,yes
2026-09-29,longshot-lotto,KXUNDERHARRIS-27JAN04-DJOL,KXUNDERHARRIS,enter,YES,69.66,0.24,0.8895,,yes_ask,yes
2026-09-29,longshot-lotto,KXUNDERHARRIS-27JAN04-KHOC,KXUNDERHARRIS,enter,YES,116.26,0.3,1.7091,,yes_ask,yes
2026-09-29,longshot-lotto,KXVOTEGENERAL-GOVAK-26BWIL-30,KXVOTEGENERAL,enter,YES,20,0.19,0.2155,,yes_ask,yes
2026-09-29,longshot-lotto,KXVOTEGENERAL-GOVPARTYME-26BCHA-48,KXVOTEGENERAL,enter,YES,0.5,0.06,0.002,,yes_ask,yes
2026-09-29,longshot-lotto,KXVOTEGENERAL-HOUSENJ5-26SKIR-44,KXVOTEGENERAL,enter,YES,20.5,0.22,0.2463,,yes_ask,yes
2026-09-29,longshot-lotto,KXVOTEGENERAL-KXCA11PERSON-26SWIE-58,KXVOTEGENERAL,enter,YES,59.2,0.1,0.373,,yes_ask,yes
2026-09-29,longshot-lotto,KXVOTEGENERAL-KXCA11PERSON-26SWIE-60,KXVOTEGENERAL,enter,YES,20,0.07,0.0912,,yes_ask,yes
2026-09-29,longshot-lotto,KXVOTEGENERAL-KXHOUSERACE-CO07-26JKRZ-2,KXVOTEGENERAL,enter,YES,61.2,0.18,0.6324,,yes_ask,yes
2026-09-29,longshot-lotto,KXVOTEGENERAL-KXHOUSERACE-LA02-26TCAR-78,KXVOTEGENERAL,enter,YES,20.7,0.27,0.2856,,yes_ask,yes
2026-09-29,longshot-lotto,KXVOTEGENERAL-KXHOUSERACE-LA02-26TCAR-80,KXVOTEGENERAL,enter,YES,20.5,0.14,0.1728,,yes_ask,yes
2026-09-29,longshot-lotto,KXVOTEGENERAL-KXHOUSERACE-LA05-26DMCK-12,KXVOTEGENERAL,enter,YES,20,0.23,0.248,,yes_ask,yes
2026-09-29,longshot-lotto,KXVOTEGENERAL-KXHOUSERACE-MD06-26ADEL-64,KXVOTEGENERAL,enter,YES,0.1,0.15,0.0009,,yes_ask,yes
2026-09-29,longshot-lotto,KXVOTEGENERAL-KXHOUSERACE-MD06-26MLAN-3,KXVOTEGENERAL,enter,YES,40,0.17,0.3951,,yes_ask,yes
2026-09-29,longshot-lotto,KXVOTEGENERAL-KXHOUSERACE-MD06-26MLAN-4,KXVOTEGENERAL,enter,YES,20,0.12,0.1479,,yes_ask,yes
2026-09-29,longshot-lotto,KXVOTEGENERAL-KXHOUSERACE-MN07-26EOSB-42,KXVOTEGENERAL,enter,YES,2.63,0.19,0.0284,,yes_ask,yes
2026-09-29,longshot-lotto,KXVOTEGENERAL-KXHOUSERACE-NC14-26LWOM-50,KXVOTEGENERAL,enter,YES,3.36,0.15,0.03,,yes_ask,yes
2026-09-29,longshot-lotto,KXVOTEGENERAL-KXHOUSERACE-SC04-26JETH-3,KXVOTEGENERAL,enter,YES,20.5,0.23,0.2542,,yes_ask,yes
2026-09-29,longshot-lotto,KXVOTEGENERAL-KXHOUSEUT01-26ROWE-36,KXVOTEGENERAL,enter,YES,0.5,0.21,0.0059,,yes_ask,yes
2026-09-29,longshot-lotto,KXVOTEGENERAL-KXHOUSEUT01-26ROWE-38,KXVOTEGENERAL,enter,YES,0.5,0.13,0.004,,yes_ask,yes
2026-09-29,longshot-lotto,KXVOTEGENERAL-KXHOUSEUT01-26ROWE-40,KXVOTEGENERAL,enter,YES,0.5,0.08,0.0026,,yes_ask,yes
2026-09-29,longshot-lotto,KXVOTEGENERAL-SENATEID-26JRIS-58,KXVOTEGENERAL,enter,YES,4.36,0.17,0.0431,,yes_ask,yes
2026-09-29,longshot-lotto,KXVOTEGENERAL-SENATETX-26JTAL-52,KXVOTEGENERAL,enter,YES,4.94,0.18,0.0511,,yes_ask,yes
2026-09-30,longshot-lotto,HOUSECA47-26-R,HOUSECA47,enter,YES,73.4,0.086,0.4039,,yes_ask,yes
2026-09-30,longshot-lotto,KXDEMMENVOTE-26NOV06-A50,KXDEMMENVOTE,enter,YES,2.25,0.22,0.0271,,yes_ask,yes
2026-09-30,longshot-lotto,KXDEMTRUMPVOTERS-26NOV06-A10,KXDEMTRUMPVOTERS,enter,YES,1.64,0.24,0.021,,yes_ask,yes
2026-09-30,longshot-lotto,KXDEMWNCVOTE-26NOV06-A42,KXDEMWNCVOTE,enter,YES,0.73,0.18,0.0076,,yes_ask,yes
2026-09-30,longshot-lotto,KXELPASOCOUNTYJUDGE-26-MSHE,KXELPASOCOUNTYJUDGE,enter,YES,69.58,0.08,0.3585,,yes_ask,yes
2026-09-30,longshot-lotto,KXFULTONCHAIR-26-ETAT,KXFULTONCHAIR,enter,YES,25,0.08,0.1288,,yes_ask,yes
2026-09-30,longshot-lotto,KXHARRISSTATEGOP-26NOV03-E1,KXHARRISSTATEGOP,enter,YES,14.3,0.08,0.0737,,yes_ask,yes
2026-09-30,longshot-lotto,KXHARRISSTATEGOP-26NOV03-E4,KXHARRISSTATEGOP,enter,YES,68.1,0.11,0.4667,,yes_ask,yes
2026-09-30,longshot-lotto,KXHENDERSONMAYOR-26-HCHA,KXHENDERSONMAYOR,enter,YES,27.2,0.13,0.2154,,yes_ask,yes
2026-09-30,longshot-lotto,KXHOUSEPOPVOTEMARGIND-26NOV03-AL14,KXHOUSEPOPVOTEMARGIND,enter,YES,12.87,0.15,0.1149,,yes_ask,yes
2026-09-30,longshot-lotto,KXHOUSEPOPVOTEMARGIND-26NOV03-AL16,KXHOUSEPOPVOTEMARGIND,enter,YES,16.3,0.1,0.1027,,yes_ask,yes
2026-09-30,longshot-lotto,KXHOUSERACE-FL11-26-D,KXHOUSERACE,enter,YES,33.68,0.13,0.2667,,yes_ask,yes
2026-09-30,longshot-lotto,KXHOUSETURNOUT-26NOV03-110,KXHOUSETURNOUT,enter,YES,0.9,0.18,0.0093,,yes_ask,yes
2026-09-30,longshot-lotto,KXHOUSEWINSTATE-IAD-E0,KXHOUSEWINSTATE,enter,YES,58.8,0.12,0.4347,,yes_ask,yes
2026-09-30,longshot-lotto,KXHOUSEWINSTATE-MND-A5,KXHOUSEWINSTATE,enter,YES,121.44,0.08,0.6257,,yes_ask,yes
2026-09-30,longshot-lotto,KXHOUSEWINSTATE-NCD-E4,KXHOUSEWINSTATE,enter,YES,20,0.22,0.2403,,yes_ask,yes
2026-09-30,longshot-lotto,KXHOUSEWINSTATE-NJD-A10,KXHOUSEWINSTATE,enter,YES,512.94,0.14,4.3231,,yes_ask,yes
2026-09-30,longshot-lotto,KXHOUSEWINSTATE-NJD-E9,KXHOUSEWINSTATE,enter,YES,248.94,0.18,2.5721,,yes_ask,yes
2026-09-30,longshot-lotto,KXKLOBSEAT-27FEB01-AKLO,KXKLOBSEAT,enter,YES,3.92,0.13,0.0311,,yes_ask,yes
2026-09-30,longshot-lotto,KXLEXMAYOR-26-RCAR,KXLEXMAYOR,enter,YES,18.64,0.2,0.2088,,yes_ask,yes
2026-09-30,longshot-lotto,KXMAMDANIEO-26OCT03-T0,KXMAMDANIEO,enter,YES,92,0.11,0.6305,,yes_ask,yes
2026-09-30,longshot-lotto,KXMAMDANIWHVISIT-26SEP28-JAN01,KXMAMDANIWHVISIT,enter,YES,0.27,0.19,0.003,,yes_ask,yes
2026-09-30,longshot-lotto,KXMIDTERMMOV-CA34JGOM-P10,KXMIDTERMMOV,enter,YES,23.4,0.12,0.173,,yes_ask,yes
2026-09-30,longshot-lotto,KXMIDTERMMOV-CTGOVD-P23,KXMIDTERMMOV,enter,YES,21,0.22,0.2523,,yes_ask,yes
2026-09-30,longshot-lotto,KXMIDTERMMOV-IA01D-P12,KXMIDTERMMOV,enter,YES,20,0.23,0.248,,yes_ask,yes
2026-09-30,longshot-lotto,KXMIDTERMMOV-LA05R-P36,KXMIDTERMMOV,enter,YES,20.2,0.2,0.2263,,yes_ask,yes
2026-09-30,longshot-lotto,KXMIDTERMMOV-MIGOVD-P20,KXMIDTERMMOV,enter,YES,20,0.15,0.1785,,yes_ask,yes
2026-09-30,longshot-lotto,KXMIDTERMMOV-NHGOVR-P17,KXMIDTERMMOV,enter,YES,20,0.22,0.2403,,yes_ask,yes
2026-09-30,longshot-lotto,KXMIDTERMMOV-OH02R-P45,KXMIDTERMMOV,enter,YES,8.52,0.23,0.1057,,yes_ask,yes
2026-09-30,longshot-lotto,KXMIDTERMMOV-OH07R-P4,KXMIDTERMMOV,enter,YES,1.18,0.17,0.0117,,yes_ask,yes
2026-09-30,longshot-lotto,KXMIDTERMMOV-ORGOVD-P14,KXMIDTERMMOV,enter,YES,70.1,0.14,0.5909,,yes_ask,yes
2026-09-30,longshot-lotto,KXMIDTERMMOV-TX03R-P22,KXMIDTERMMOV,enter,YES,20,0.19,0.2155,,yes_ask,yes
2026-09-30,longshot-lotto,KXMIDTERMMOV-TX21R-P21,KXMIDTERMMOV,enter,YES,9.7,0.24,0.1239,,yes_ask,yes
2026-09-30,longshot-lotto,KXREDDESTDSEN-27JAN03-MS,KXREDDESTDSEN,enter,YES,14.82,0.09,0.085,,yes_ask,yes
2026-09-30,longshot-lotto,KXRHOUSEWON-26NOV03-AL210,KXRHOUSEWON,enter,YES,20,0.16,0.1882,,yes_ask,yes
2026-09-30,longshot-lotto,KXSECSTATEIA-26NOV03-RPET,KXSECSTATEIA,enter,YES,2.95,0.15,0.0264,,yes_ask,yes
2026-09-30,longshot-lotto,KXSENATEWITHIN1-26NOV03-AK,KXSENATEWITHIN1,enter,YES,4.2,0.13,0.0333,,yes_ask,yes
2026-09-30,longshot-lotto,KXSENATEWITHIN1-26NOV03-FL,KXSENATEWITHIN1,enter,YES,50,0.07,0.2279,,yes_ask,yes
2026-09-30,longshot-lotto,KXSENATEWITHIN1-26NOV03-ME,KXSENATEWITHIN1,enter,YES,29.9,0.13,0.2368,,yes_ask,yes
2026-09-30,longshot-lotto,KXSENATEWITHIN1-26NOV03-MI,KXSENATEWITHIN1,enter,YES,106.5,0.14,0.8976,,yes_ask,yes
2026-09-30,longshot-lotto,KXSENATEWITHIN1-26NOV03-NH,KXSENATEWITHIN1,enter,YES,9.1,0.09,0.0522,,yes_ask,yes
2026-09-30,longshot-lotto,KXSENATEWITHIN1-26NOV03-OH,KXSENATEWITHIN1,enter,YES,4,0.14,0.0338,,yes_ask,yes
2026-09-30,longshot-lotto,KXSENATEWITHIN1-26NOV03-SC,KXSENATEWITHIN1,enter,YES,4.2,0.1,0.0265,,yes_ask,yes
2026-09-30,longshot-lotto,KXSTATEBALLOTMEASURE-MA-Q8,KXSTATEBALLOTMEASURE,enter,YES,5.79,0.13,0.0459,,yes_ask,yes
2026-09-30,longshot-lotto,KXVOTEGENERAL-GOVAK-26DBRO-26,KXVOTEGENERAL,enter,YES,79.21,0.27,1.0929,,yes_ask,yes
2026-09-30,longshot-lotto,KXVOTEGENERAL-GOVAK-26JKRE-54,KXVOTEGENERAL,enter,YES,237.33,0.11,1.6265,,yes_ask,yes
2026-09-30,longshot-lotto,KXVOTEGENERAL-GOVAK-26TTAY-14,KXVOTEGENERAL,enter,YES,179.5,0.1,1.1309,,yes_ask,yes
2026-09-30,longshot-lotto,KXVOTEGENERAL-HOUSEFL23-26DADE-40,KXVOTEGENERAL,enter,YES,0.5,0.15,0.0045,,yes_ask,yes
2026-09-30,longshot-lotto,KXVOTEGENERAL-KXHOUSERACE-CO04-26DMAN-4,KXVOTEGENERAL,enter,YES,20,0.24,0.2554,,yes_ask,yes
2026-09-30,longshot-lotto,KXVOTEGENERAL-KXHOUSERACE-FL22-26CASK-54,KXVOTEGENERAL,enter,YES,0.5,0.17,0.005,,yes_ask,yes
2026-09-30,longshot-lotto,KXVOTEGENERAL-KXHOUSERACE-FL22-26CASK-56,KXVOTEGENERAL,enter,YES,0.5,0.09,0.0029,,yes_ask,yes
2026-09-30,longshot-lotto,KXVOTEGENERAL-KXHOUSERACE-LA04-26MJOH-64,KXVOTEGENERAL,enter,YES,0.5,0.21,0.0059,,yes_ask,yes
2026-09-30,longshot-lotto,KXVOTEGENERAL-KXHOUSERACE-LA04-26MJOH-66,KXVOTEGENERAL,enter,YES,0.7,0.1,0.0045,,yes_ask,yes
2026-09-30,longshot-lotto,KXVOTEGENERAL-KXHOUSERACE-LA04-26MJOH-68,KXVOTEGENERAL,enter,YES,0.5,0.07,0.0023,,yes_ask,yes
2026-09-30,longshot-lotto,KXVOTEGENERAL-KXHOUSERACE-LA05-26DMCK-10,KXVOTEGENERAL,enter,YES,20,0.23,0.248,,yes_ask,yes
2026-09-30,longshot-lotto,KXVOTEGENERAL-KXHOUSERACE-NDAL-26JFED-70,KXVOTEGENERAL,enter,YES,0.9,0.19,0.0097,,yes_ask,yes
2026-09-30,longshot-lotto,KXVOTEGENERAL-KXHOUSERACE-SC05-26AKAP-4,KXVOTEGENERAL,enter,YES,0.5,0.12,0.0037,,yes_ask,yes
2026-09-30,longshot-lotto,KXVOTEGENERAL-KXHOUSERACE-TX03-26KSEL-60,KXVOTEGENERAL,enter,YES,0.5,0.19,0.0054,,yes_ask,yes
2026-09-30,longshot-lotto,KXVOTEGENERAL-KXHOUSERACE-TX03-26KSEL-62,KXVOTEGENERAL,enter,YES,0.5,0.11,0.0035,,yes_ask,yes
2026-09-30,longshot-lotto,KXVOTEGENERAL-KXHOUSEUT03-26CEAS-6,KXVOTEGENERAL,enter,YES,20.5,0.13,0.1623,,yes_ask,yes
2026-09-30,longshot-lotto,KXVOTEGENERAL-SENATEAR-26HSHO-46,KXVOTEGENERAL,enter,YES,1.11,0.18,0.0115,,yes_ask,yes
2026-09-30,longshot-lotto,KXVOTEGENERAL-SENATECO-26AWIT-1,KXVOTEGENERAL,enter,YES,40.5,0.24,0.5172,,yes_ask,yes
2026-09-30,longshot-lotto,KXVOTEGENERAL-SENATEIA-26AHIN-52,KXVOTEGENERAL,enter,YES,2.02,0.15,0.0181,,yes_ask,yes
2026-09-30,longshot-lotto,KXVOTEGENERAL-SENATEMN-26MTAF-48,KXVOTEGENERAL,enter,YES,1,0.2,0.0112,,yes_ask,yes
2026-09-30,longshot-lotto,KXVOTEGENERAL-SENATEMS-26CHYD-56,KXVOTEGENERAL,enter,YES,0.5,0.11,0.0035,,yes_ask,yes
settlement,longshot-lotto,KXMAMDANIEO-26OCT03-T0,KXMAMDANIEO,settlement,YES,92,0,0,-10.12,official result (no) captured 2026-10-04T14:31:17.117756Z,
2026-10-01,longshot-lotto,HOUSETX15-26-R,HOUSETX15,enter,YES,1059.65,0.19,11.4157,,yes_ask,yes
2026-10-01,longshot-lotto,KXATTYGENNE-26-D,KXATTYGENNE,enter,YES,0.3,0.06,0.0012,,yes_ask,yes
2026-10-01,longshot-lotto,KXBEXARDA-26-LCHA,KXBEXARDA,enter,YES,14.18,0.18,0.1466,,yes_ask,yes
2026-10-01,longshot-lotto,KXCALIFORNIALEAVE-27-PLUC,KXCALIFORNIALEAVE,enter,YES,3.48,0.12,0.0258,,yes_ask,yes
2026-10-01,longshot-lotto,KXDJTENDORSENETANYAHU-26JUN30-OCT28,KXDJTENDORSENETANYAHU,enter,YES,45.06,0.12,0.3331,,yes_ask,yes
2026-10-01,longshot-lotto,KXENDORSECOLLINS-26NOV03-OSNO,KXENDORSECOLLINS,enter,YES,0.91,0.11,0.0063,,yes_ask,yes
2026-10-01,longshot-lotto,KXGOVAIKILLSWITCH-26SEP-27JUL01,KXGOVAIKILLSWITCH,enter,YES,53.08,0.13,0.4203,,yes_ask,yes
2026-10-01,longshot-lotto,KXHOUSEPOPVOTEMARGIN-27NOV03-B3,KXHOUSEPOPVOTEMARGIN,enter,YES,515.27,0.059,2.0026,,yes_ask,yes
2026-10-01,longshot-lotto,KXHOUSERACE-NC06-26-D,KXHOUSERACE,enter,YES,0.9,0.089,0.0052,,yes_ask,yes
2026-10-01,longshot-lotto,KXHOUSEUT02-26-D,KXHOUSEUT02,enter,YES,8.1,0.075,0.0394,,yes_ask,yes
2026-10-01,longshot-lotto,KXHOUSEWINSTATE-PAD-E10,KXHOUSEWINSTATE,enter,YES,0.39,0.24,0.005,,yes_ask,yes
2026-10-01,longshot-lotto,KXLOSEREELECTIONGOV-2026-2,KXLOSEREELECTIONGOV,enter,YES,19.97,0.18,0.2064,,yes_ask,yes
2026-10-01,longshot-lotto,KXMAMDANIWHVISIT-26SEP28-NOV01,KXMAMDANIWHVISIT,enter,YES,4.6,0.07,0.021,,yes_ask,yes
2026-10-01,longshot-lotto,KXMIDTERMMOV-FL04R-P18,KXMIDTERMMOV,enter,YES,3,0.2,0.0336,,yes_ask,yes
2026-10-01,longshot-lotto,KXMIDTERMMOV-MI07D-P10,KXMIDTERMMOV,enter,YES,20,0.17,0.1976,,yes_ask,yes
2026-10-01,longshot-lotto,KXMIDTERMMOV-MIGOVD-P17,KXMIDTERMMOV,enter,YES,0.4,0.2,0.0045,,yes_ask,yes
2026-10-01,longshot-lotto,KXMIDTERMMOV-NY19D-P21,KXMIDTERMMOV,enter,YES,7,0.13,0.0555,,yes_ask,yes
2026-10-01,longshot-lotto,KXMIDTERMMOV-OR02R-P32,KXMIDTERMMOV,enter,YES,4,0.24,0.0511,,yes_ask,yes
2026-10-01,longshot-lotto,KXMIDTERMMOV-SCSENR-P11,KXMIDTERMMOV,enter,YES,25,0.15,0.2232,,yes_ask,yes
2026-10-01,longshot-lotto,KXMIDTERMMOV-TX03R-P25,KXMIDTERMMOV,enter,YES,1.8,0.11,0.0124,,yes_ask,yes
2026-10-01,longshot-lotto,KXMIDTERMMOV-TX19R-P50,KXMIDTERMMOV,enter,YES,2.22,0.24,0.0284,,yes_ask,yes
2026-10-01,longshot-lotto,KXRICHMONDMAYOR-26OCT17-ALOO,KXRICHMONDMAYOR,enter,YES,11.26,0.15,0.1005,,yes_ask,yes
2026-10-01,longshot-lotto,KXRUNBYMIDTERM-26NOV03-MMCC,KXRUNBYMIDTERM,enter,YES,68.16,0.075,0.3311,,yes_ask,yes
2026-10-01,longshot-lotto,KXVOTEGENERAL-GOVPARTYCO-26VMAR-36,KXVOTEGENERAL,enter,YES,20.5,0.18,0.2119,,yes_ask,yes
2026-10-01,longshot-lotto,KXVOTEGENERAL-GOVPARTYCO-26VMAR-38,KXVOTEGENERAL,enter,YES,20.56,0.09,0.1179,,yes_ask,yes
2026-10-01,longshot-lotto,KXVOTEGENERAL-HOUSENY4-26BTAR-2,KXVOTEGENERAL,enter,YES,20.5,0.16,0.1929,,yes_ask,yes
2026-10-01,longshot-lotto,KXVOTEGENERAL-KXHOUSERACE-WV02-26APAR-38,KXVOTEGENERAL,enter,YES,0.99,0.19,0.0107,,yes_ask,yes
2026-10-01,longshot-lotto,KXVOTEGENERAL-KXHOUSEUT03-26MSTO-2,KXVOTEGENERAL,enter,YES,20,0.12,0.1479,,yes_ask,yes
2026-10-01,longshot-lotto,KXVOTEGENERAL-SENATEME-26SCOL-50,KXVOTEGENERAL,enter,YES,20,0.22,0.2403,,yes_ask,yes
2026-10-01,longshot-lotto,KXVOTEGENERAL-SENATEME-26SCOL-52,KXVOTEGENERAL,enter,YES,20,0.12,0.1479,,yes_ask,yes
2026-10-01,longshot-lotto,KXVOTEGENERAL-SENATEME-26SCOL-54,KXVOTEGENERAL,enter,YES,0.1,0.07,0.0005,,yes_ask,yes
2026-10-01,longshot-lotto,KXVOTEGENERAL-SENATEMS-26TPIN-8,KXVOTEGENERAL,enter,YES,20.5,0.11,0.1405,,yes_ask,yes
2026-10-02,longshot-lotto,KXATTYGENMN-26-R,KXATTYGENMN,enter,YES,31.67,0.19,0.3412,,yes_ask,yes
2026-10-02,longshot-lotto,KXDENTONCOUNTYJUDGE-26-NPAP,KXDENTONCOUNTYJUDGE,enter,YES,284,0.09,1.6282,,yes_ask,yes
2026-10-02,longshot-lotto,KXENDORSEAOC-26NOV03-DCHE,KXENDORSEAOC,enter,YES,50,0.1,0.315,,yes_ask,yes
2026-10-02,longshot-lotto,KXFIVESTATESEN-26NOV03-FFFFT,KXFIVESTATESEN,enter,YES,29.42,0.11,0.2017,,yes_ask,yes
2026-10-02,longshot-lotto,KXGOPTRIFECTA-26NOV03-AK,KXGOPTRIFECTA,enter,YES,140.6,0.1,0.8858,,yes_ask,yes
2026-10-02,longshot-lotto,KXHOUSEPOPVSGB-26NOV03-D5,KXHOUSEPOPVSGB,enter,YES,2.1,0.07,0.0096,,yes_ask,yes
2026-10-02,longshot-lotto,KXHOUSERACE-IL16-26-D,KXHOUSERACE,enter,YES,0.5,0.064,0.0021,,yes_ask,yes
2026-10-02,longshot-lotto,KXHOUSERACE-MT02-26-D,KXHOUSERACE,enter,YES,22.1,0.074,0.1061,,yes_ask,yes
2026-10-02,longshot-lotto,KXLOSEREELECTIONDHOUSE-2026-16,KXLOSEREELECTIONDHOUSE,enter,YES,0.6,0.23,0.0075,,yes_ask,yes
2026-10-02,longshot-lotto,KXLOSEREELECTIONGOV-2026-4,KXLOSEREELECTIONGOV,enter,YES,2.56,0.11,0.0176,,yes_ask,yes
2026-10-02,longshot-lotto,KXMAMDANIEO-26OCT03-T0,KXMAMDANIEO,enter,YES,29.35,0.18,0.3033,,yes_ask,yes
2026-10-02,longshot-lotto,KXMIDTERMMOV-FL07R-P14,KXMIDTERMMOV,enter,YES,4.3,0.21,0.05,,yes_ask,yes
2026-10-02,longshot-lotto,KXMIDTERMMOV-FL08R-P24,KXMIDTERMMOV,enter,YES,20,0.18,0.2067,,yes_ask,yes
2026-10-02,longshot-lotto,KXMIDTERMMOV-FL11R-P22,KXMIDTERMMOV,enter,YES,5.46,0.19,0.0589,,yes_ask,yes
2026-10-02,longshot-lotto,KXMIDTERMMOV-IDGOVR-P36,KXMIDTERMMOV,enter,YES,0.13,0.22,0.0016,,yes_ask,yes
2026-10-02,longshot-lotto,KXMIDTERMMOV-LA01R-P44,KXMIDTERMMOV,enter,YES,5,0.12,0.037,,yes_ask,yes
2026-10-02,longshot-lotto,KXMIDTERMMOV-MSSENR-P15,KXMIDTERMMOV,enter,YES,20,0.15,0.1785,,yes_ask,yes
2026-10-02,longshot-lotto,KXMIDTERMMOV-ORGOVD-P11,KXMIDTERMMOV,enter,YES,0.1,0.17,0.001,,yes_ask,yes
2026-10-02,longshot-lotto,KXMIDTERMMOV-SCSENR-P9,KXMIDTERMMOV,enter,YES,2.73,0.19,0.0295,,yes_ask,yes
2026-10-02,longshot-lotto,KXMIDTERMMOV-SDSENR-P21,KXMIDTERMMOV,enter,YES,7.4,0.2,0.0829,,yes_ask,yes
2026-10-02,longshot-lotto,KXMIDTERMMOV-SDSENR-P23,KXMIDTERMMOV,enter,YES,5.6,0.14,0.0472,,yes_ask,yes
2026-10-02,longshot-lotto,KXMIDTERMMOV-TX15R-P1,KXMIDTERMMOV,enter,YES,9,0.23,0.1116,,yes_ask,yes
2026-10-02,longshot-lotto,KXMIDTERMMOV-VTGOVR-P17,KXMIDTERMMOV,enter,YES,0.49,0.12,0.0037,,yes_ask,yes
2026-10-02,longshot-lotto,KXMIDTERMMOV-WI05R-P30,KXMIDTERMMOV,enter,YES,6.1,0.21,0.0709,,yes_ask,yes
2026-10-02,longshot-lotto,KXOHACTONBROWN-26DEC07-R-200,KXOHACTONBROWN,enter,YES,2,0.06,0.0079,,yes_ask,yes
2026-10-02,longshot-lotto,KXOHACTONBROWN-26DEC07-R3,KXOHACTONBROWN,enter,YES,4,0.16,0.0377,,yes_ask,yes
2026-10-02,longshot-lotto,KXPAMAILMARGIN-26NOV03-B38,KXPAMAILMARGIN,enter,YES,24.8,0.18,0.2563,,yes_ask,yes
2026-10-02,longshot-lotto,KXPRESSBRIEFINGCOUNT-26OCT-A4,KXPRESSBRIEFINGCOUNT,enter,YES,136,0.07,0.6198,,yes_ask,yes
2026-10-02,longshot-lotto,KXTAICHUNGMAYOR-26NOV28-HHCH,KXTAICHUNGMAYOR,enter,YES,20,0.12,0.1479,,yes_ask,yes
2026-10-02,longshot-lotto,KXVOTECOUNTY-SENATEOHS26FRANKLINSBRO-70,KXVOTECOUNTY,enter,YES,20,0.24,0.2554,,yes_ask,yes
2026-10-02,longshot-lotto,KXVOTEGENERAL-GOVAK-26DBRO-24,KXVOTEGENERAL,enter,YES,65,0.09,0.3727,,yes_ask,yes
2026-10-02,longshot-lotto,KXVOTEGENERAL-GOVPARTYCA-26SHIL-44,KXVOTEGENERAL,enter,YES,2.08,0.11,0.0143,,yes_ask,yes
2026-10-02,longshot-lotto,KXVOTEGENERAL-GOVPARTYCO-26VMAR-40,KXVOTEGENERAL,enter,YES,0.2,0.1,0.0013,,yes_ask,yes
2026-10-02,longshot-lotto,KXVOTEGENERAL-GOVPARTYNE-26LWAL-52,KXVOTEGENERAL,enter,YES,24.28,0.13,0.1923,,yes_ask,yes
2026-10-02,longshot-lotto,KXVOTEGENERAL-KXHOUSERACE-AR02-26CJON-48,KXVOTEGENERAL,enter,YES,20,0.2,0.224,,yes_ask,yes
2026-10-02,longshot-lotto,KXVOTEGENERAL-KXHOUSERACE-CO05-26SFUL-1,KXVOTEGENERAL,enter,YES,20,0.23,0.248,,yes_ask,yes
2026-10-02,longshot-lotto,KXVOTEGENERAL-KXHOUSERACE-VA06-26BMAC-48,KXVOTEGENERAL,enter,YES,2.5,0.21,0.0291,,yes_ask,yes
2026-10-02,longshot-lotto,KXVOTEGENERAL-SENATEID-26NFLE-7,KXVOTEGENERAL,enter,YES,40.2,0.17,0.3971,,yes_ask,yes
2026-10-02,longshot-lotto,KXVOTEGENERAL-SENATEID-26TACH-46,KXVOTEGENERAL,enter,YES,24.6,0.21,0.2857,,yes_ask,yes
2026-10-02,longshot-lotto,KXVOTEGENERAL-SENATESD-26MROU-60,KXVOTEGENERAL,enter,YES,0.5,0.17,0.005,,yes_ask,yes
settlement,longshot-lotto,KXMAMDANIEO-26OCT03-T0,KXMAMDANIEO,settlement,YES,29.35,0,0,-5.283,official result (no) captured 2026-10-04T14:31:17.117756Z,
2026-10-03,longshot-lotto,KXAKMOV-AKSENATE26NOV03-MPEL-P4,KXAKMOV,enter,YES,19.92,0.19,0.2146,,yes_ask,yes
2026-10-03,longshot-lotto,KXATTYGENSC-26-D,KXATTYGENSC,enter,YES,4,0.083,0.0214,,yes_ask,yes
2026-10-03,longshot-lotto,KXBERNIEENDORSE-26NOV03-JSTR,KXBERNIEENDORSE,enter,YES,0.11,0.19,0.0012,,yes_ask,yes
2026-10-03,longshot-lotto,KXCAWEALTHTAXMOVD-CAWEALTHTAX26YES-YES-P7,KXCAWEALTHTAXMOVD,enter,YES,20,0.22,0.2403,,yes_ask,yes
2026-10-03,longshot-lotto,KXCLOSESTGOVERNOR-27JAN20-AK,KXCLOSESTGOVERNOR,enter,YES,42.2,0.25,0.5539,,yes_ask,yes
2026-10-03,longshot-lotto,KXDSAMEMBERSHIP-26DEC31-A200000,KXDSAMEMBERSHIP,enter,YES,0.1,0.21,0.0012,,yes_ask,yes
2026-10-03,longshot-lotto,KXFOURSTATESEN-26NOV03-FFFT,KXFOURSTATESEN,enter,YES,2.8,0.059,0.0109,,yes_ask,yes
2026-10-03,longshot-lotto,KXGENERALCOUNTY-GOVPARTYCA-26-SBER,KXGENERALCOUNTY,enter,YES,20,0.38,0.3299,,yes_ask,yes
2026-10-03,longshot-lotto,KXHARRISSTATEGOP-26NOV03-E0,KXHARRISSTATEGOP,enter,YES,195.33,0.08,1.0064,,yes_ask,yes
2026-10-03,longshot-lotto,KXHOUSERACE-GA10-26-D,KXHOUSERACE,enter,YES,16.3,0.056,0.0604,,yes_ask,yes
2026-10-03,longshot-lotto,KXHOUSEWINSTATE-MND-E5,KXHOUSEWINSTATE,enter,YES,404.7,0.16,3.8075,,yes_ask,yes
2026-10-03,longshot-lotto,KXHOUSEWINSTATE-NVD-E2,KXHOUSEWINSTATE,enter,YES,559.47,0.06,2.2088,,yes_ask,yes
2026-10-03,longshot-lotto,KXHOUSEWINSTATE-OHD-E4,KXHOUSEWINSTATE,enter,YES,1,0.1,0.0063,,yes_ask,yes
2026-10-03,longshot-lotto,KXLAMOV-KXMAYORLA26KBAS-KBAS-P54,KXLAMOV,enter,YES,0.1,0.17,0.001,,yes_ask,yes
2026-10-03,longshot-lotto,KXLOSEREELECTIONGOV-2026-5,KXLOSEREELECTIONGOV,enter,YES,36.2,0.12,0.2676,,yes_ask,yes
2026-10-03,longshot-lotto,KXMIDTERMMOV-CA24D-P38,KXMIDTERMMOV,enter,YES,20,0.18,0.2067,,yes_ask,yes
2026-10-03,longshot-lotto,KXMIDTERMMOV-CA28D-P44,KXMIDTERMMOV,enter,YES,20,0.17,0.1976,,yes_ask,yes
2026-10-03,longshot-lotto,KXMIDTERMMOV-CA52D-P39,KXMIDTERMMOV,enter,YES,20,0.12,0.1479,,yes_ask,yes
2026-10-03,longshot-lotto,KXMIDTERMMOV-CO04R-P11,KXMIDTERMMOV,enter,YES,20,0.23,0.248,,yes_ask,yes
2026-10-03,longshot-lotto,KXMIDTERMMOV-GAGOVD-P10,KXMIDTERMMOV,enter,YES,12.19,0.09,0.0699,,yes_ask,yes
2026-10-03,longshot-lotto,KXMIDTERMMOV-GAGOVR-P5,KXMIDTERMMOV,enter,YES,11.77,0.17,0.1163,,yes_ask,yes
2026-10-03,longshot-lotto,KXMIDTERMMOV-GAGOVR-P8,KXMIDTERMMOV,enter,YES,11.9,0.13,0.0943,,yes_ask,yes
2026-10-03,longshot-lotto,KXMIDTERMMOV-IA03D-P11,KXMIDTERMMOV,enter,YES,29.2,0.2,0.3271,,yes_ask,yes
2026-10-03,longshot-lotto,KXMIDTERMMOV-IAGOVR-P6,KXMIDTERMMOV,enter,YES,7.81,0.07,0.0356,,yes_ask,yes
2026-10-03,longshot-lotto,KXMIDTERMMOV-IDSENR-P23,KXMIDTERMMOV,enter,YES,20,0.2,0.224,,yes_ask,yes
2026-10-03,longshot-lotto,KXMIDTERMMOV-IL14D-P29,KXMIDTERMMOV,enter,YES,24.8,0.16,0.2334,,yes_ask,yes
2026-10-03,longshot-lotto,KXMIDTERMMOV-LASENR-P27,KXMIDTERMMOV,enter,YES,11,0.14,0.0928,,yes_ask,yes
2026-10-03,longshot-lotto,KXMIDTERMMOV-MO05R-P9,KXMIDTERMMOV,enter,YES,40,0.21,0.4646,,yes_ask,yes
2026-10-03,longshot-lotto,KXMIDTERMMOV-MS04R-P46,KXMIDTERMMOV,enter,YES,1.5,0.24,0.0192,,yes_ask,yes
2026-10-03,longshot-lotto,KXMIDTERMMOV-TXSENR-P3,KXMIDTERMMOV,enter,YES,619.07,0.2,6.9336,,yes_ask,yes
2026-10-03,longshot-lotto,KXMIDTERMVOTETURN-AZ08-320000,KXMIDTERMVOTETURN,enter,YES,20,0.22,0.2403,,yes_ask,yes
2026-10-03,longshot-lotto,KXMIDTERMVOTETURN-MEGOV-840000,KXMIDTERMVOTETURN,enter,YES,20,0.21,0.2323,,yes_ask,yes
2026-10-03,longshot-lotto,KXMIDTERMVOTETURN-TXSEN-11800000,KXMIDTERMVOTETURN,enter,YES,10.65,0.09,0.0611,,yes_ask,yes
2026-10-03,longshot-lotto,KXMISSISSAUGAMAYOR-26OCT26-ATED,KXMISSISSAUGAMAYOR,enter,YES,21.2,0.1,0.1336,,yes_ask,yes
2026-10-03,longshot-lotto,KXOHACTONBROWN-26DEC07-R-5.99,KXOHACTONBROWN,enter,YES,32.7,0.15,0.2919,,yes_ask,yes
2026-10-03,longshot-lotto,KXOHACTONBROWN-26DEC07-R-8.99,KXOHACTONBROWN,enter,YES,32.7,0.06,0.1291,,yes_ask,yes
2026-10-03,longshot-lotto,KXPRESSBRIEFINGCOUNT-26OCT-A3,KXPRESSBRIEFINGCOUNT,enter,YES,75.6,0.24,0.9653,,yes_ask,yes
2026-10-03,longshot-lotto,KXSENATEWITHIN5-26NOV03-NC,KXSENATEWITHIN5,enter,YES,211.9,0.21,2.4608,,yes_ask,yes
2026-10-03,longshot-lotto,KXVOTECOUNTY-GOVPARTYFL26BROWARDDJOL-66,KXVOTECOUNTY,enter,YES,0.5,0.19,0.0054,,yes_ask,yes
2026-10-03,longshot-lotto,KXVOTECOUNTY-GOVPARTYWI26DANEDCRO-86,KXVOTECOUNTY,enter,YES,20,0.12,0.1479,,yes_ask,yes
2026-10-03,longshot-lotto,KXVOTECOUNTY-SENATEIA26SCOTTJTUR-56,KXVOTECOUNTY,enter,YES,20.5,0.17,0.2025,,yes_ask,yes
2026-10-03,longshot-lotto,KXVOTEGENERAL-GOVAK-26JKRE-52,KXVOTEGENERAL,enter,YES,45.6,0.1,0.2873,,yes_ask,yes
2026-10-03,longshot-lotto,KXVOTEGENERAL-GOVPARTYVT-26PSCO-57,KXVOTEGENERAL,enter,YES,20,0.28,0.2823,,yes_ask,yes
2026-10-03,longshot-lotto,KXVOTEGENERAL-KXHOUSERACE-AR02-26FHIL-56,KXVOTEGENERAL,enter,YES,20,0.22,0.2403,,yes_ask,yes
2026-10-03,longshot-lotto,KXVOTEGENERAL-KXHOUSERACE-SC01-26MELL-2,KXVOTEGENERAL,enter,YES,20,0.11,0.1371,,yes_ask,yes
2026-10-03,longshot-lotto,KXVOTEGENERAL-KXHOUSERACE-SC05-26AKAP-3,KXVOTEGENERAL,enter,YES,1.8,0.31,0.027,,yes_ask,yes
2026-10-03,longshot-lotto,KXVOTEGENERAL-KXHOUSERACE-TX23-26BHER-56,KXVOTEGENERAL,enter,YES,0.49,0.2,0.0055,,yes_ask,yes
2026-10-04,longshot-lotto,KXEXITPOLL-LATMEN-REP,KXEXITPOLL,enter,YES,8.42,0.22,0.1012,,yes_ask,yes
2026-10-04,longshot-lotto,KXFORTBENDCOUNTYJUDGE-26-DWON,KXFORTBENDCOUNTYJUDGE,enter,YES,40,0.14,0.3372,,yes_ask,yes
2026-10-04,longshot-lotto,KXHOUSERACE-OH04-26-D,KXHOUSERACE,enter,YES,5.37,0.084,0.029,,yes_ask,yes
2026-10-04,longshot-lotto,KXMAMDANIEO-26OCT10-T0,KXMAMDANIEO,enter,YES,36.79,0.17,0.3634,,yes_ask,yes
2026-10-04,longshot-lotto,KXMIDTERMMOV-ARSENR-P26,KXMIDTERMMOV,enter,YES,1.2,0.23,0.0149,,yes_ask,yes
2026-10-04,longshot-lotto,KXMIDTERMMOV-AZ06D-P13,KXMIDTERMMOV,enter,YES,18,0.21,0.2091,,yes_ask,yes
2026-10-04,longshot-lotto,KXMIDTERMMOV-CA11CCHA-P4,KXMIDTERMMOV,enter,YES,0.58,0.16,0.0055,,yes_ask,yes
2026-10-04,longshot-lotto,KXMIDTERMMOV-CA11SWIE-P16,KXMIDTERMMOV,enter,YES,5,0.17,0.0494,,yes_ask,yes
2026-10-04,longshot-lotto,KXMIDTERMMOV-CA11SWIE-P20,KXMIDTERMMOV,enter,YES,25,0.099,0.1561,,yes_ask,yes
2026-10-04,longshot-lotto,KXMIDTERMMOV-LASENR-P21,KXMIDTERMMOV,enter,YES,20,0.18,0.2067,,yes_ask,yes
2026-10-04,longshot-lotto,KXMIDTERMMOV-MN07R-P39,KXMIDTERMMOV,enter,YES,0.5,0.22,0.0061,,yes_ask,yes
2026-10-04,longshot-lotto,KXMIDTERMMOV-MO05R-P6,KXMIDTERMMOV,enter,YES,3.03,0.24,0.0387,,yes_ask,yes
2026-10-04,longshot-lotto,KXMIDTERMMOV-MSSENR-P23,KXMIDTERMMOV,enter,YES,17.39,0.098,0.1077,,yes_ask,yes
2026-10-04,longshot-lotto,KXMIDTERMMOV-TX18D-P70,KXMIDTERMMOV,enter,YES,8.5,0.22,0.1022,,yes_ask,yes
2026-10-04,longshot-lotto,KXMIDTERMVOTETURN-HIGOV-470000,KXMIDTERMVOTETURN,enter,YES,8.69,0.21,0.101,,yes_ask,yes
2026-10-04,longshot-lotto,KXMIDTERMVOTETURN-TXSEN-11200000,KXMIDTERMVOTETURN,enter,YES,1.99,0.19,0.0215,,yes_ask,yes
2026-10-04,longshot-lotto,KXMILEAD-26AUG17-A37500,KXMILEAD,enter,YES,9.8,0.21,0.1139,,yes_ask,yes
2026-10-04,longshot-lotto,KXOAKLANDMAYOR-26-BGRI,KXOAKLANDMAYOR,enter,YES,14.5,0.11,0.0994,,yes_ask,yes
2026-10-04,longshot-lotto,KXOBAMAENDORSE-26NOV03-DOSB,KXOBAMAENDORSE,enter,YES,20.5,0.15,0.183,,yes_ask,yes
2026-10-04,longshot-lotto,KXVOTEGENERAL-KXSENATELA-26NOVJLET-58,KXVOTEGENERAL,enter,YES,1.7,0.23,0.0211,,yes_ask,yes
2026-10-04,longshot-lotto,KXVOTEGENERAL-KXSENATELA-26NOVJLET-60,KXVOTEGENERAL,enter,YES,1.2,0.13,0.0096,,yes_ask,yes
2026-10-04,longshot-lotto,SENATETN-26-D,SENATETN,enter,YES,1571.81,0.086,8.6486,,yes_ask,yes
2026-10-05,longshot-lotto,KXCASUPT-26NOV03-SSHA,KXCASUPT,enter,YES,10.5,0.11,0.072,,yes_ask,yes
2026-10-05,longshot-lotto,KXESGOV-26OCT25-RFER,KXESGOV,enter,YES,1.25,0.17,0.0124,,yes_ask,yes
2026-10-05,longshot-lotto,KXFIVESTATESEN-26NOV03-FTTTT,KXFIVESTATESEN,enter,YES,20.5,0.15,0.183,,yes_ask,yes
2026-10-05,longshot-lotto,KXHARRISSTATEGOP-26NOV03-E5,KXHARRISSTATEGOP,enter,YES,1.1,0.09,0.0064,,yes_ask,yes
2026-10-05,longshot-lotto,KXHOUSERACE-NC09-26-D,KXHOUSERACE,enter,YES,8.8,0.2,0.0986,,yes_ask,yes
2026-10-05,longshot-lotto,KXKLOBSEAT-27FEB01-KMOR,KXKLOBSEAT,enter,YES,12.97,0.23,0.1608,,yes_ask,yes
2026-10-05,longshot-lotto,KXMIDTERMMOV-ALSENR-P21,KXMIDTERMMOV,enter,YES,10.3,0.21,0.1197,,yes_ask,yes
2026-10-05,longshot-lotto,KXMIDTERMMOV-ALSENR-P25,KXMIDTERMMOV,enter,YES,0.3,0.11,0.0021,,yes_ask,yes
2026-10-05,longshot-lotto,KXMIDTERMMOV-AZ01D-P11,KXMIDTERMMOV,enter,YES,39.65,0.21,0.4605,,yes_ask,yes
2026-10-05,longshot-lotto,KXMIDTERMMOV-AZ01D-P14,KXMIDTERMMOV,enter,YES,4,0.13,0.0317,,yes_ask,yes
2026-10-05,longshot-lotto,KXMIDTERMMOV-KSSENR-P7,KXMIDTERMMOV,enter,YES,128.66,0.23,1.595,,yes_ask,yes
2026-10-05,longshot-lotto,KXMIDTERMMOV-LASENR-P31,KXMIDTERMMOV,enter,YES,20.1,0.12,0.1486,,yes_ask,yes
2026-10-05,longshot-lotto,KXMIDTERMMOV-MSSENR-P13,KXMIDTERMMOV,enter,YES,40.5,0.18,0.4185,,yes_ask,yes
2026-10-05,longshot-lotto,KXMIDTERMMOV-SCGOVR-P22,KXMIDTERMMOV,enter,YES,3.41,0.24,0.0436,,yes_ask,yes
2026-10-05,longshot-lotto,KXMIDTERMMOV-TN08R-P37,KXMIDTERMMOV,enter,YES,20,0.14,0.1686,,yes_ask,yes
2026-10-05,longshot-lotto,KXMIDTERMMOV-VA02R-P4,KXMIDTERMMOV,enter,YES,6,0.11,0.0412,,yes_ask,yes
2026-10-05,longshot-lotto,KXMIDTERMVOTETURN-FL12-340000,KXMIDTERMVOTETURN,enter,YES,20,0.23,0.248,,yes_ask,yes
2026-10-05,longshot-lotto,KXMIDTERMVOTETURN-FL12-350000,KXMIDTERMVOTETURN,enter,YES,20,0.2,0.224,,yes_ask,yes
2026-10-05,longshot-lotto,KXMIDTERMVOTETURN-LA05-210000,KXMIDTERMVOTETURN,enter,YES,20,0.17,0.1976,,yes_ask,yes
2026-10-05,longshot-lotto,KXMIDTERMVOTETURN-LA05-220000,KXMIDTERMVOTETURN,enter,YES,20,0.17,0.1976,,yes_ask,yes
2026-10-05,longshot-lotto,KXMIDTERMVOTETURN-LA05-230000,KXMIDTERMVOTETURN,enter,YES,60,0.16,0.5645,,yes_ask,yes
2026-10-05,longshot-lotto,KXMIDTERMVOTETURN-LA06-193000,KXMIDTERMVOTETURN,enter,YES,10,0.21,0.1162,,yes_ask,yes
2026-10-05,longshot-lotto,KXMIDTERMVOTETURN-LA06-210000,KXMIDTERMVOTETURN,enter,YES,20,0.21,0.2323,,yes_ask,yes
2026-10-05,longshot-lotto,KXMIDTERMVOTETURN-LA06-230000,KXMIDTERMVOTETURN,enter,YES,60,0.18,0.62,,yes_ask,yes
2026-10-05,longshot-lotto,KXMIDTERMVOTETURN-MA02-240000,KXMIDTERMVOTETURN,enter,YES,40,0.21,0.4646,,yes_ask,yes
2026-10-05,longshot-lotto,KXMIDTERMVOTETURN-MA02-280000,KXMIDTERMVOTETURN,enter,YES,20,0.1,0.126,,yes_ask,yes
2026-10-05,longshot-lotto,KXMIDTERMVOTETURN-MA05-250000,KXMIDTERMVOTETURN,enter,YES,40,0.23,0.4959,,yes_ask,yes
2026-10-05,longshot-lotto,KXMIDTERMVOTETURN-MA05-260000,KXMIDTERMVOTETURN,enter,YES,40,0.17,0.3951,,yes_ask,yes
2026-10-05,longshot-lotto,KXMIDTERMVOTETURN-MA07-200000,KXMIDTERMVOTETURN,enter,YES,20,0.21,0.2323,,yes_ask,yes
2026-10-05,longshot-lotto,KXMIDTERMVOTETURN-MA07-210000,KXMIDTERMVOTETURN,enter,YES,20,0.17,0.1976,,yes_ask,yes
2026-10-05,longshot-lotto,KXMIDTERMVOTETURN-NJ07-340000,KXMIDTERMVOTETURN,enter,YES,20,0.16,0.1882,,yes_ask,yes
2026-10-05,longshot-lotto,KXMIDTERMVOTETURN-NJ07-350000,KXMIDTERMVOTETURN,enter,YES,20,0.12,0.1479,,yes_ask,yes
2026-10-05,longshot-lotto,KXMIDTERMVOTETURN-WI02-320000,KXMIDTERMVOTETURN,enter,YES,20,0.24,0.2554,,yes_ask,yes
2026-10-05,longshot-lotto,KXMIDTERMVOTETURN-WI02-340000,KXMIDTERMVOTETURN,enter,YES,60,0.18,0.62,,yes_ask,yes
2026-10-05,longshot-lotto,KXPAMAILMARGIN-26NOV03-B32,KXPAMAILMARGIN,enter,YES,1.8,0.21,0.021,,yes_ask,yes
2026-10-05,longshot-lotto,KXRGOVCOUNT-26JUL08-AL26,KXRGOVCOUNT,enter,YES,36.6,0.2,0.41,,yes_ask,yes
2026-10-05,longshot-lotto,KXSECSTATENV-26-R,KXSECSTATENV,enter,YES,0.3,0.17,0.003,,yes_ask,yes
2026-10-05,longshot-lotto,KXSTATEBALLOTMEASURE-CO-A87,KXSTATEBALLOTMEASURE,enter,YES,104.8,0.22,1.2589,,yes_ask,yes
2026-10-05,longshot-lotto,KXTXHOUSEDEMSEATS-26NOV03-E9,KXTXHOUSEDEMSEATS,enter,YES,5.96,0.091,0.0346,,yes_ask,yes
2026-10-05,longshot-lotto,KXUSINDEPENDENTCONGRESS-26NOV03,KXUSINDEPENDENTCONGRESS,enter,YES,1.7,0.38,0.0281,,yes_ask,yes
2026-10-05,longshot-lotto,KXVOTEGENERAL-GOVPARTYFL-26BDON-56,KXVOTEGENERAL,enter,YES,20.15,0.2,0.2257,,yes_ask,yes
2026-10-05,longshot-lotto,KXVOTEGENERAL-GOVPARTYIL-26DBAI-40,KXVOTEGENERAL,enter,YES,0.02,0.19,0.0003,,yes_ask,yes
2026-10-05,longshot-lotto,KXVOTEGENERAL-GOVPARTYIL-26DBAI-42,KXVOTEGENERAL,enter,YES,0.05,0.1,0.0004,,yes_ask,yes
2026-10-05,longshot-lotto,KXVOTEGENERAL-GOVPARTYPA-26JSHA-66,KXVOTEGENERAL,enter,YES,20.5,0.19,0.2209,,yes_ask,yes
2026-10-05,longshot-lotto,KXVOTEGENERAL-GOVPARTYTX-26GABB-56,KXVOTEGENERAL,enter,YES,0.08,0.11,0.0006,,yes_ask,yes
2026-10-05,longshot-lotto,KXVOTEGENERAL-HOUSENY19-26JRIL-62,KXVOTEGENERAL,enter,YES,6.6,0.18,0.0682,,yes_ask,yes
2026-10-05,longshot-lotto,KXVOTEGENERAL-HOUSENY19-26POBE-46,KXVOTEGENERAL,enter,YES,0.5,0.18,0.0052,,yes_ask,yes
2026-10-05,longshot-lotto,KXVOTEGENERAL-KXHOUSERACE-CA42-26RGAR-68,KXVOTEGENERAL,enter,YES,0.5,0.12,0.0037,,yes_ask,yes
2026-10-05,longshot-lotto,KXVOTEGENERAL-KXHOUSERACE-CO05-26CMIT-2,KXVOTEGENERAL,enter,YES,4.7,0.2,0.0527,,yes_ask,yes
2026-10-05,longshot-lotto,KXVOTEGENERAL-KXHOUSERACE-CO05-26CMIT-3,KXVOTEGENERAL,enter,YES,6.8,0.1,0.0429,,yes_ask,yes
2026-10-05,longshot-lotto,KXVOTEGENERAL-KXHOUSERACE-KS02-26DCOO-50,KXVOTEGENERAL,enter,YES,2.77,0.17,0.0274,,yes_ask,yes
2026-10-05,longshot-lotto,KXVOTEGENERAL-KXHOUSERACE-SC01-26BREE-3,KXVOTEGENERAL,enter,YES,20,0.13,0.1584,,yes_ask,yes
2026-10-05,longshot-lotto,KXVOTEGENERAL-KXHOUSERACE-TN08-26DKUS-66,KXVOTEGENERAL,enter,YES,20.5,0.13,0.1623,,yes_ask,yes
2026-10-05,longshot-lotto,KXVOTEGENERAL-KXHOUSERACE-TN09-26BTAY-58,KXVOTEGENERAL,enter,YES,0.5,0.14,0.0043,,yes_ask,yes
2026-10-05,longshot-lotto,KXVOTEGENERAL-KXHOUSERACE-WA05-26MBAU-58,KXVOTEGENERAL,enter,YES,0.5,0.16,0.0048,,yes_ask,yes
2026-10-05,longshot-lotto,KXVOTEGENERAL-KXHOUSERACE-WA05-26MBAU-60,KXVOTEGENERAL,enter,YES,0.5,0.09,0.0029,,yes_ask,yes
2026-10-05,longshot-lotto,KXVOTEGENERAL-KXSENATELA-26NOVJLET-62,KXVOTEGENERAL,enter,YES,0.5,0.08,0.0026,,yes_ask,yes
2026-10-05,longshot-lotto,KXVOTEGENERAL-SENATEAL-26BMOO-62,KXVOTEGENERAL,enter,YES,0.5,0.14,0.0043,,yes_ask,yes
2026-10-05,longshot-lotto,KXVOTEGENERAL-SENATEGA-26JOSS-56,KXVOTEGENERAL,enter,YES,20,0.22,0.2403,,yes_ask,yes
2026-10-05,longshot-lotto,KXVOTEGENERAL-SENATEMA-26EMAR-68,KXVOTEGENERAL,enter,YES,0.5,0.13,0.004,,yes_ask,yes
2026-10-05,longshot-lotto,KXVOTEGENERAL-SENATEOHS-26SBRO-54,KXVOTEGENERAL,enter,YES,0.21,0.13,0.0017,,yes_ask,yes
2026-10-05,longshot-lotto,KXVOTEGENERAL-SENATETX-26TBRO-4,KXVOTEGENERAL,enter,YES,0.1,0.1,0.0007,,yes_ask,yes
2026-10-06,longshot-lotto,KXCLOSESTGOVERNOR-27JAN20-FL,KXCLOSESTGOVERNOR,enter,YES,0.27,0.34,0.0043,,yes_ask,yes
2026-10-06,longshot-lotto,KXCLOSESTGOVERNOR-27JAN20-IA,KXCLOSESTGOVERNOR,enter,YES,23.19,0.081,0.1209,,yes_ask,yes
2026-10-06,longshot-lotto,KXGOPTRIFECTA-26NOV03-IA,KXGOPTRIFECTA,enter,YES,40,0.17,0.3951,,yes_ask,yes
2026-10-06,longshot-lotto,KXGOPTRIFECTA-26NOV03-WI,KXGOPTRIFECTA,enter,YES,41.3,0.2,0.4626,,yes_ask,yes
2026-10-06,longshot-lotto,KXLOSEREELECTIONGOV-2026-1,KXLOSEREELECTIONGOV,enter,YES,14.7,0.12,0.1087,,yes_ask,yes
2026-10-06,longshot-lotto,KXMIDTERMMOV-IAGOVD-P15,KXMIDTERMMOV,enter,YES,0.89,0.085,0.0049,,yes_ask,yes
2026-10-06,longshot-lotto,KXMIDTERMMOV-IL12R-P50,KXMIDTERMMOV,enter,YES,6.5,0.11,0.0446,,yes_ask,yes
2026-10-06,longshot-lotto,KXMIDTERMMOV-MSSENR-P11,KXMIDTERMMOV,enter,YES,0.2,0.21,0.0024,,yes_ask,yes
2026-10-06,longshot-lotto,KXMIDTERMMOV-NC08R-P20,KXMIDTERMMOV,enter,YES,3.5,0.14,0.0295,,yes_ask,yes
2026-10-06,longshot-lotto,KXMIDTERMMOV-OH15D-P4,KXMIDTERMMOV,enter,YES,8.97,0.18,0.0927,,yes_ask,yes
2026-10-06,longshot-lotto,KXMIDTERMMOV-OHGOVR-P3,KXMIDTERMMOV,enter,YES,20,0.22,0.2403,,yes_ask,yes
2026-10-06,longshot-lotto,KXMIDTERMMOV-OKGOVR-P13,KXMIDTERMMOV,enter,YES,20,0.33,0.3096,,yes_ask,yes
2026-10-06,longshot-lotto,KXMIDTERMMOV-VTGOVR-P20,KXMIDTERMMOV,enter,YES,0.61,0.099,0.0039,,yes_ask,yes
2026-10-06,longshot-lotto,KXMIDTERMMOV-WA05D-P1,KXMIDTERMMOV,enter,YES,0.02,0.2,0.0003,,yes_ask,yes
2026-10-06,longshot-lotto,KXMIDTERMVOTETURN-FLGOV-8900000,KXMIDTERMVOTETURN,enter,YES,0.5,0.16,0.0048,,yes_ask,yes
2026-10-06,longshot-lotto,KXMIDTERMVOTETURN-MNSEN-3400000,KXMIDTERMVOTETURN,enter,YES,0.1,0.11,0.0007,,yes_ask,yes
2026-10-06,longshot-lotto,KXMIDTERMVOTETURN-RISEN-460000,KXMIDTERMVOTETURN,enter,YES,6.4,0.14,0.054,,yes_ask,yes
2026-10-06,longshot-lotto,KXOBAMARALLY-26NOV03-AHAM,KXOBAMARALLY,enter,YES,107.3,0.22,1.2889,,yes_ask,yes
2026-10-06,longshot-lotto,KXOBAMARALLY-26NOV03-MPEL,KXOBAMARALLY,enter,YES,57.9,0.18,0.5983,,yes_ask,yes
2026-10-06,longshot-lotto,KXPRESSSECANNOUNCE-26AUG-NOV01,KXPRESSSECANNOUNCE,enter,YES,34.9,0.2,0.3909,,yes_ask,yes
2026-10-06,longshot-lotto,KXSTATELEG-MEHOUSE26-R,KXSTATELEG,enter,YES,14.77,0.21,0.1716,,yes_ask,yes
2026-10-06,longshot-lotto,KXVOTEGENERAL-GOVPARTYNV-26AFOR-52,KXVOTEGENERAL,enter,YES,1,0.24,0.0128,,yes_ask,yes
2026-10-06,longshot-lotto,KXVOTEGENERAL-GOVPARTYNV-26AFOR-54,KXVOTEGENERAL,enter,YES,1,0.12,0.0074,,yes_ask,yes
2026-10-06,longshot-lotto,KXVOTEGENERAL-HOUSEAZ1-26ASHA-56,KXVOTEGENERAL,enter,YES,0.5,0.19,0.0054,,yes_ask,yes
2026-10-06,longshot-lotto,KXVOTEGENERAL-HOUSENV1-26CBUC-46,KXVOTEGENERAL,enter,YES,16.7,0.17,0.165,,yes_ask,yes
2026-10-06,longshot-lotto,KXVOTEGENERAL-HOUSENV1-26CBUC-48,KXVOTEGENERAL,enter,YES,16.7,0.1,0.1053,,yes_ask,yes
2026-10-06,longshot-lotto,KXVOTEGENERAL-KXHOUSERACE-AZ05-26ELEE-50,KXVOTEGENERAL,enter,YES,1.8,0.14,0.0152,,yes_ask,yes
2026-10-06,longshot-lotto,KXVOTEGENERAL-KXHOUSERACE-CA24-26SCAR-66,KXVOTEGENERAL,enter,YES,0.5,0.15,0.0045,,yes_ask,yes
2026-10-06,longshot-lotto,KXVOTEGENERAL-KXHOUSERACE-CA24-26SCAR-68,KXVOTEGENERAL,enter,YES,0.5,0.08,0.0026,,yes_ask,yes
2026-10-06,longshot-lotto,KXVOTEGENERAL-KXHOUSERACE-NY02-26PHAL-50,KXVOTEGENERAL,enter,YES,10.06,0.19,0.1084,,yes_ask,yes
2026-10-06,longshot-lotto,KXVOTEGENERAL-KXHOUSERACE-SC02-26JWIL-58,KXVOTEGENERAL,enter,YES,0.5,0.23,0.0062,,yes_ask,yes
2026-10-06,longshot-lotto,KXVOTEGENERAL-KXHOUSERACE-SC02-26JWIL-60,KXVOTEGENERAL,enter,YES,0.5,0.12,0.0037,,yes_ask,yes
2026-10-06,longshot-lotto,KXVOTEGENERAL-SENATETX-26KPAX-50,KXVOTEGENERAL,enter,YES,14.2,0.21,0.165,,yes_ask,yes
2026-10-06,longshot-lotto,KXVOTEGENERAL-SENATEWY-26HHAG-72,KXVOTEGENERAL,enter,YES,0.5,0.16,0.0048,,yes_ask,yes
2026-10-07,longshot-lotto,HOUSEAZ1-26-R,HOUSEAZ1,enter,YES,19.02,0.21,0.2209,,yes_ask,yes
2026-10-07,longshot-lotto,KXCLOSESTSENATE-27JAN03-SC,KXCLOSESTSENATE,enter,YES,173.67,0.06,0.6857,,yes_ask,yes
2026-10-07,longshot-lotto,KXDCCCCHAIR-27MAR02-GSTA,KXDCCCCHAIR,enter,YES,19.06,0.098,0.118,,yes_ask,yes
2026-10-07,longshot-lotto,KXGOPTRIFECTA-26NOV03-MI,KXGOPTRIFECTA,enter,YES,4.84,0.11,0.0332,,yes_ask,yes
2026-10-07,longshot-lotto,KXHOUSERACE-HI02-26-R,KXHOUSERACE,enter,YES,1043.74,0.079,5.316,,yes_ask,yes
2026-10-07,longshot-lotto,KXHOUSERACE-IL04-26-CGET,KXHOUSERACE,enter,YES,27.8,0.08,0.1433,,yes_ask,yes
2026-10-07,longshot-lotto,KXHOUSERACE-UT04-26-D,KXHOUSERACE,enter,YES,42.96,0.089,0.2439,,yes_ask,yes
2026-10-07,longshot-lotto,KXIDGROUNDWATER-26AUG17-A1200,KXIDGROUNDWATER,enter,YES,0.2,0.12,0.0015,,yes_ask,yes
2026-10-07,longshot-lotto,KXMIDTERMMOV-AL01R-P33,KXMIDTERMMOV,enter,YES,0.5,0.2,0.0056,,yes_ask,yes
2026-10-07,longshot-lotto,KXMIDTERMMOV-CAGOVD-P30,KXMIDTERMMOV,enter,YES,11.9,0.18,0.123,,yes_ask,yes
2026-10-07,longshot-lotto,KXMIDTERMMOV-CO03D-P3,KXMIDTERMMOV,enter,YES,1.91,0.2,0.0214,,yes_ask,yes
2026-10-07,longshot-lotto,KXMIDTERMMOV-GAGOVR-P11,KXMIDTERMMOV,enter,YES,28.9,0.079,0.1472,,yes_ask,yes
2026-10-07,longshot-lotto,KXMIDTERMMOV-IAGOVR-P3,KXMIDTERMMOV,enter,YES,5.24,0.1,0.0331,,yes_ask,yes
2026-10-07,longshot-lotto,KXMIDTERMMOV-IL16R-P30,KXMIDTERMMOV,enter,YES,15,0.083,0.08,,yes_ask,yes
2026-10-07,longshot-lotto,KXMIDTERMMOV-IN01D-P24,KXMIDTERMMOV,enter,YES,11,0.16,0.1035,,yes_ask,yes
2026-10-07,longshot-lotto,KXMIDTERMMOV-MI03D-P25,KXMIDTERMMOV,enter,YES,20,0.22,0.2403,,yes_ask,yes
2026-10-07,longshot-lotto,KXMIDTERMMOV-NCSEND-P17,KXMIDTERMMOV,enter,YES,8,0.09,0.0459,,yes_ask,yes
2026-10-07,longshot-lotto,KXMIDTERMMOV-NY12D-P72,KXMIDTERMMOV,enter,YES,20,0.16,0.1882,,yes_ask,yes
2026-10-07,longshot-lotto,KXMIDTERMMOV-NY17R-P3,KXMIDTERMMOV,enter,YES,21.5,0.19,0.2317,,yes_ask,yes
2026-10-07,longshot-lotto,KXMIDTERMMOV-NY22D-P29,KXMIDTERMMOV,enter,YES,1,0.15,0.009,,yes_ask,yes
2026-10-07,longshot-lotto,KXMIDTERMMOV-OHGOVR-P12,KXMIDTERMMOV,enter,YES,4.27,0.069,0.0193,,yes_ask,yes
2026-10-07,longshot-lotto,KXMIDTERMMOV-SDSENR-P27,KXMIDTERMMOV,enter,YES,10.61,0.097,0.0651,,yes_ask,yes
2026-10-07,longshot-lotto,KXMIDTERMMOV-TX05R-P23,KXMIDTERMMOV,enter,YES,0.4,0.16,0.0038,,yes_ask,yes
2026-10-07,longshot-lotto,KXMIDTERMMOV-TX23D-P7,KXMIDTERMMOV,enter,YES,1.1,0.13,0.0088,,yes_ask,yes
2026-10-07,longshot-lotto,KXMIDTERMMOV-VA05D-P3,KXMIDTERMMOV,enter,YES,20,0.19,0.2155,,yes_ask,yes
2026-10-07,longshot-lotto,KXMIDTERMMOV-WYSENR-P46,KXMIDTERMMOV,enter,YES,0.1,0.19,0.0011,,yes_ask,yes
2026-10-07,longshot-lotto,KXMIDTERMVOTETURN-WA10-310000,KXMIDTERMVOTETURN,enter,YES,0.8,0.18,0.0083,,yes_ask,yes
2026-10-07,longshot-lotto,KXMOSD30-26-MSTI,KXMOSD30,enter,YES,3.14,0.15,0.0281,,yes_ask,yes
2026-10-07,longshot-lotto,KXSECSTATESD-26NOV03-TDAV,KXSECSTATESD,enter,YES,20.91,0.15,0.1867,,yes_ask,yes
2026-10-07,longshot-lotto,KXVOTEGENERAL-GOVAK-26TTAY-12,KXVOTEGENERAL,enter,YES,43.09,0.24,0.5502,,yes_ask,yes
2026-10-07,longshot-lotto,KXVOTEGENERAL-GOVPARTYCT-26RFAZ-40,KXVOTEGENERAL,enter,YES,1.02,0.1,0.0065,,yes_ask,yes
2026-10-07,longshot-lotto,KXVOTEGENERAL-GOVPARTYCT-26RFAZ-42,KXVOTEGENERAL,enter,YES,0.5,0.1,0.0032,,yes_ask,yes
2026-10-07,longshot-lotto,KXVOTEGENERAL-GOVPARTYIA-26ZLAH-48,KXVOTEGENERAL,enter,YES,0.9,0.21,0.0105,,yes_ask,yes
2026-10-07,longshot-lotto,KXVOTEGENERAL-GOVPARTYOR-26TKOT-54,KXVOTEGENERAL,enter,YES,1.42,0.21,0.0165,,yes_ask,yes
2026-10-07,longshot-lotto,KXVOTEGENERAL-HOUSEAZ6-26JMEN-54,KXVOTEGENERAL,enter,YES,0.04,0.22,0.0005,,yes_ask,yes
2026-10-07,longshot-lotto,KXVOTEGENERAL-HOUSECA45-26CVO-48,KXVOTEGENERAL,enter,YES,2.36,0.16,0.0223,,yes_ask,yes
2026-10-07,longshot-lotto,KXVOTEGENERAL-KXHOUSERACE-CA06-26KKIL-50,KXVOTEGENERAL,enter,YES,3.92,0.14,0.0331,,yes_ask,yes
2026-10-07,longshot-lotto,KXVOTEGENERAL-KXHOUSERACE-CO04-26DMAN-5,KXVOTEGENERAL,enter,YES,20.5,0.12,0.1516,,yes_ask,yes
2026-10-07,longshot-lotto,KXVOTEGENERAL-KXHOUSERACE-GA13-26JCHA-28,KXVOTEGENERAL,enter,YES,1.5,0.1,0.0095,,yes_ask,yes
2026-10-07,longshot-lotto,KXVOTEGENERAL-KXHOUSERACE-LA03-26CHIG-70,KXVOTEGENERAL,enter,YES,0.1,0.08,0.0006,,yes_ask,yes
2026-10-07,longshot-lotto,KXVOTEGENERAL-KXHOUSERACE-NV02-26TBEN-52,KXVOTEGENERAL,enter,YES,0.7,0.12,0.0052,,yes_ask,yes
2026-10-07,longshot-lotto,KXVOTEGENERAL-KXHOUSERACE-NY12-26KORT-2,KXVOTEGENERAL,enter,YES,14.7,0.14,0.1239,,yes_ask,yes
2026-10-07,longshot-lotto,KXVOTEGENERAL-KXHOUSERACE-NY12-26RHUH-1,KXVOTEGENERAL,enter,YES,20,0.13,0.1584,,yes_ask,yes
2026-10-07,longshot-lotto,KXVOTEGENERAL-KXHOUSERACE-NY12-26WNEG-1,KXVOTEGENERAL,enter,YES,84.1,0.22,1.0103,,yes_ask,yes
2026-10-07,longshot-lotto,KXVOTEGENERAL-KXHOUSERACE-NY12-26WNEG-2,KXVOTEGENERAL,enter,YES,10,0.14,0.0843,,yes_ask,yes
2026-10-07,longshot-lotto,KXVOTEGENERAL-KXHOUSERACE-NY12-26WNEG-3,KXVOTEGENERAL,enter,YES,0.5,0.1,0.0032,,yes_ask,yes
2026-10-07,longshot-lotto,KXVOTEGENERAL-KXHOUSERACE-TX05-26LGOO-62,KXVOTEGENERAL,enter,YES,0.5,0.12,0.0037,,yes_ask,yes
2026-10-07,longshot-lotto,KXVOTEGENERAL-SENATEAK-26MPELFIN-54,KXVOTEGENERAL,enter,YES,30.5,0.12,0.2255,,yes_ask,yes
2026-10-07,longshot-lotto,KXVOTEGENERAL-SENATEAL-26EWES-44,KXVOTEGENERAL,enter,YES,0.5,0.13,0.004,,yes_ask,yes
2026-10-07,longshot-lotto,KXVOTEGENERAL-SENATESD-26MROU-62,KXVOTEGENERAL,enter,YES,0.5,0.14,0.0043,,yes_ask,yes
2026-09-25,momentum-mule,GOVPARTYIA-26-D,GOVPARTYIA,enter,YES,9.91,0.83,0.0979,,yes_ask,yes
2026-09-25,momentum-mule,GOVPARTYIA-26-R,GOVPARTYIA,enter,NO,263.29,0.84,2.4771,,derived(1 - yes_bid),yes
2026-09-25,momentum-mule,HOUSECO8-26-R,HOUSECO8,enter,NO,43.12,0.81,0.4646,,derived(1 - yes_bid),yes
2026-09-25,momentum-mule,HOUSEIA1-26-D,HOUSEIA1,enter,YES,0.78,0.82,0.0081,,yes_ask,yes
2026-09-25,momentum-mule,HOUSEIA1-26-R,HOUSEIA1,enter,NO,1.34,0.82,0.0139,,derived(1 - yes_bid),yes
2026-09-25,momentum-mule,HOUSEME2-26-D,HOUSEME2,enter,NO,698.64,0.66,10.9743,,derived(1 - yes_bid),yes
2026-09-25,momentum-mule,HOUSEME2-26-R,HOUSEME2,enter,YES,468.64,0.64,7.5583,,yes_ask,yes
2026-09-25,momentum-mule,HOUSEMI7-26-D,HOUSEMI7,enter,YES,3.07,0.61,0.0512,,yes_ask,yes
2026-09-25,momentum-mule,HOUSEMI7-26-R,HOUSEMI7,enter,NO,11.26,0.61,0.1876,,derived(1 - yes_bid),yes
2026-09-25,momentum-mule,HOUSENY17-26-D,HOUSENY17,enter,YES,69.03,0.64,1.1134,,yes_ask,yes
2026-09-25,momentum-mule,HOUSENY17-26-R,HOUSENY17,enter,NO,15.62,0.64,0.252,,derived(1 - yes_bid),yes
2026-09-25,momentum-mule,HOUSETX15-26-D,HOUSETX15,enter,YES,90.34,0.74,1.2167,,yes_ask,yes
2026-09-25,momentum-mule,HOUSETX15-26-R,HOUSETX15,enter,NO,115.25,0.73,1.5902,,derived(1 - yes_bid),yes
2026-09-25,momentum-mule,HOUSETX28-26-R,HOUSETX28,enter,NO,1.17,0.88,0.0087,,derived(1 - yes_bid),yes
2026-09-25,momentum-mule,HOUSETX34-26-D,HOUSETX34,enter,YES,18.36,0.84,0.1728,,yes_ask,yes
2026-09-25,momentum-mule,HOUSETX34-26-R,HOUSETX34,enter,NO,4.93,0.84,0.0464,,derived(1 - yes_bid),yes
2026-09-25,momentum-mule,KXAKSENATE-26NOV03-MPEL,KXAKSENATE,enter,YES,72.55,0.73,1.001,,yes_ask,yes
2026-09-25,momentum-mule,KXATTYGENGA-26-D,KXATTYGENGA,enter,YES,1.49,0.68,0.0227,,yes_ask,yes
2026-09-25,momentum-mule,KXCABALLOTMEASURES-26NOV03-PR39,KXCABALLOTMEASURES,enter,NO,0.76,0.79,0.0089,,derived(1 - yes_bid),yes
2026-09-25,momentum-mule,KXCAELECTION-2604-MTHO,KXCAELECTION,enter,YES,0.67,0.8,0.0076,,yes_ask,yes
2026-09-25,momentum-mule,KXCAELECTION-2640-KCAL,KXCAELECTION,enter,YES,106.98,0.62,1.7644,,yes_ask,yes
2026-09-25,momentum-mule,KXCAGOVLAMAYOR-26NOV-RAM-BEC,KXCAGOVLAMAYOR,enter,YES,9.17,0.66,0.1441,,yes_ask,yes
2026-09-25,momentum-mule,KXCAWEALTHTAX-26,KXCAWEALTHTAX,enter,NO,1500.55,0.69,22.4678,,derived(1 - yes_bid),yes
2026-09-25,momentum-mule,KXDATACENTERMORATORIUM-27JAN012,KXDATACENTERMORATORIUM,enter,NO,0.15,0.98,0.0003,,derived(1 - yes_bid),yes
2026-09-25,momentum-mule,KXDHOUSESEATSDIR-27-A232,KXDHOUSESEATSDIR,enter,YES,11.2,0.66,0.176,,yes_ask,yes
2026-09-25,momentum-mule,KXDHOUSESEATSDIR-27-A235,KXDHOUSESEATSDIR,enter,YES,0.38,0.59,0.0065,,yes_ask,yes
2026-09-25,momentum-mule,KXDHOUSESEATSDIR-27-A247,KXDHOUSESEATSDIR,enter,NO,11.81,0.87,0.0935,,derived(1 - yes_bid),yes
2026-09-25,momentum-mule,KXEXITPOLL-WHIWOM-DEM,KXEXITPOLL,enter,YES,1.96,0.84,0.0185,,yes_ask,yes
2026-09-25,momentum-mule,KXFLPROPERTYTAX-26NOV03,KXFLPROPERTYTAX,enter,NO,27.12,0.67,0.4198,,derived(1 - yes_bid),yes
2026-09-25,momentum-mule,KXFOURSTATESEN-26NOV03-FFFF,KXFOURSTATESEN,enter,NO,1.4,0.938,0.0057,,derived(1 - yes_bid),yes
2026-09-25,momentum-mule,KXFOURSTATESEN-26NOV03-FTFF,KXFOURSTATESEN,enter,NO,1.4,0.96,0.0038,,derived(1 - yes_bid),yes
2026-09-25,momentum-mule,KXFOURSTATESEN-26NOV03-FTFT,KXFOURSTATESEN,enter,NO,1.4,0.9,0.0089,,derived(1 - yes_bid),yes
2026-09-25,momentum-mule,KXGOPBLACKVOTE-26NOV06-A12,KXGOPBLACKVOTE,enter,NO,5.88,0.86,0.0496,,derived(1 - yes_bid),yes
2026-09-25,momentum-mule,KXGOVWINS-27JAN01-R-50,KXGOVWINS,enter,YES,2.04,0.7,0.03,,yes_ask,yes
2026-09-25,momentum-mule,KXGOVWINS-27JAN01-R1,KXGOVWINS,enter,NO,1.43,0.82,0.0148,,derived(1 - yes_bid),yes
2026-09-25,momentum-mule,KXHOUSERACE-CA06-26-KKIL,KXHOUSERACE,enter,NO,49.09,0.978,0.074,,derived(1 - yes_bid),yes
2026-09-25,momentum-mule,KXHOUSERACE-CO05-26-D,KXHOUSERACE,enter,NO,4.59,0.72,0.0648,,derived(1 - yes_bid),yes
2026-09-25,momentum-mule,KXHOUSERACE-FL14-26-R,KXHOUSERACE,enter,NO,7.53,0.68,0.1147,,derived(1 - yes_bid),yes
2026-09-25,momentum-mule,KXHOUSERACE-FL22-26-D,KXHOUSERACE,enter,YES,176.11,0.53,3.0709,,yes_ask,yes
2026-09-25,momentum-mule,KXHOUSERACE-FL22-26-R,KXHOUSERACE,enter,NO,231.08,0.53,4.0294,,derived(1 - yes_bid),yes
2026-09-25,momentum-mule,KXHOUSERACE-IA02-26-R,KXHOUSERACE,enter,NO,1.97,0.56,0.034,,derived(1 - yes_bid),yes
2026-09-25,momentum-mule,KXHOUSERACE-KS02-26-D,KXHOUSERACE,enter,NO,34.91,0.924,0.1717,,derived(1 - yes_bid),yes
2026-09-25,momentum-mule,KXHOUSERACE-MO02-26-D,KXHOUSERACE,enter,NO,6.95,0.74,0.0937,,derived(1 - yes_bid),yes
2026-09-25,momentum-mule,KXHOUSERACE-MO02-26-R,KXHOUSERACE,enter,YES,13.7,0.75,0.1799,,yes_ask,yes
2026-09-25,momentum-mule,KXHOUSERACE-NM03-26-R,KXHOUSERACE,enter,NO,1.12,0.965,0.0027,,derived(1 - yes_bid),yes
2026-09-25,momentum-mule,KXHOUSERACE-NY01-26-D,KXHOUSERACE,enter,NO,192.41,0.82,1.988,,derived(1 - yes_bid),yes
2026-09-25,momentum-mule,KXHOUSERACE-SC01-26-D,KXHOUSERACE,enter,NO,0.39,0.74,0.0053,,derived(1 - yes_bid),yes
2026-09-25,momentum-mule,KXHOUSETX35-26-D,KXHOUSETX35,enter,YES,32.82,0.65,0.5227,,yes_ask,yes
2026-09-25,momentum-mule,KXHOUSETX35-26-R,KXHOUSETX35,enter,NO,5.17,0.64,0.0834,,derived(1 - yes_bid),yes
2026-09-25,momentum-mule,KXHOUSEWINSTATE-PAD-E9,KXHOUSEWINSTATE,enter,NO,0.56,0.69,0.0084,,derived(1 - yes_bid),yes
2026-09-25,momentum-mule,KXHOUSEWINSTATE-UTD-A2,KXHOUSEWINSTATE,enter,NO,0.28,0.99,0.0002,,derived(1 - yes_bid),yes
2026-09-25,momentum-mule,KXHOUSEWINSTATE-UTD-E0,KXHOUSEWINSTATE,enter,NO,0.28,0.99,0.0002,,derived(1 - yes_bid),yes
2026-09-25,momentum-mule,KXHOUSEWINSTATE-UTD-E2,KXHOUSEWINSTATE,enter,NO,0.28,0.99,0.0002,,derived(1 - yes_bid),yes
2026-09-25,momentum-mule,KXIASENGOVCOMBO-26NOV-DEMREP,KXIASENGOVCOMBO,enter,NO,18.3,0.63,0.2987,,derived(1 - yes_bid),yes
2026-09-25,momentum-mule,KXIASENGOVCOMBO-26NOV-REPREP,KXIASENGOVCOMBO,enter,NO,28.63,0.86,0.2413,,derived(1 - yes_bid),yes
2026-09-25,momentum-mule,KXKAMALARUN-28-27OCT01,KXKAMALARUN,enter,NO,0.05,0.74,0.0007,,derived(1 - yes_bid),yes
2026-09-25,momentum-mule,KXKSSENGOVCOMBO-26NOV-DEMDEM,KXKSSENGOVCOMBO,enter,NO,11.4,0.86,0.0961,,derived(1 - yes_bid),yes
2026-09-25,momentum-mule,KXKSSENGOVCOMBO-26NOV-DEMREP,KXKSSENGOVCOMBO,enter,NO,35.56,0.94,0.1404,,derived(1 - yes_bid),yes
2026-09-25,momentum-mule,KXLAMOV-KXMAYORLA26KBAS-KBAS-P51,KXLAMOV,enter,NO,3.48,0.68,0.0531,,derived(1 - yes_bid),yes
2026-09-25,momentum-mule,KXLOSEREELECTIONRSEN-2026-3,KXLOSEREELECTIONRSEN,enter,NO,1.33,0.89,0.0092,,derived(1 - yes_bid),yes
2026-09-25,momentum-mule,KXLOSEREELECTIONRSEN-2026-4,KXLOSEREELECTIONRSEN,enter,NO,26.37,0.82,0.2725,,derived(1 - yes_bid),yes
2026-09-25,momentum-mule,KXLOSEREELECTIONRSEN-2026-5,KXLOSEREELECTIONRSEN,enter,YES,0.36,0.6,0.0061,,yes_ask,yes
2026-09-25,momentum-mule,KXMANCHINCOMBO-26NOV03-LL,KXMANCHINCOMBO,enter,YES,0.22,0.59,0.0038,,yes_ask,yes
2026-09-25,momentum-mule,KXMANCHINCOMBO-26NOV03-WL,KXMANCHINCOMBO,enter,NO,0.39,0.92,0.0021,,derived(1 - yes_bid),yes
2026-09-25,momentum-mule,KXMARENTCONTROL-26,KXMARENTCONTROL,enter,NO,7.62,0.964,0.0186,,derived(1 - yes_bid),yes
2026-09-25,momentum-mule,KXMARTINDNCOUT-26MAY-JAN01,KXMARTINDNCOUT,enter,NO,1.9,0.79,0.0221,,derived(1 - yes_bid),yes
2026-09-25,momentum-mule,KXMAYORLA-26-KBAS,KXMAYORLA,enter,NO,3506.27,0.58,59.789,,derived(1 - yes_bid),yes
2026-09-25,momentum-mule,KXMAYORLA-26-NRAM,KXMAYORLA,enter,YES,2494.23,0.58,42.5317,,yes_ask,yes
2026-09-25,momentum-mule,KXMETXCOMBO-26NOVB-PAX-JAC,KXMETXCOMBO,enter,NO,366.48,0.85,3.2709,,derived(1 - yes_bid),yes
2026-09-25,momentum-mule,KXMIDTERMMOV-AL05R-P19,KXMIDTERMMOV,enter,YES,0.33,0.62,0.0055,,yes_ask,yes
2026-09-25,momentum-mule,KXMIDTERMMOV-CAGOVD-P30,KXMIDTERMMOV,enter,NO,0.05,0.82,0.0006,,derived(1 - yes_bid),yes
2026-09-25,momentum-mule,KXMIDTERMMOV-COGOVD-P27,KXMIDTERMMOV,enter,NO,1.9,0.6,0.032,,derived(1 - yes_bid),yes
2026-09-25,momentum-mule,KXMIDTERMMOV-FL13D-P5,KXMIDTERMMOV,enter,NO,0.7,0.92,0.0037,,derived(1 - yes_bid),yes
2026-09-25,momentum-mule,KXMIDTERMMOV-FL18R-P25,KXMIDTERMMOV,enter,NO,5.43,0.74,0.0732,,derived(1 - yes_bid),yes
2026-09-25,momentum-mule,KXMIDTERMMOV-FLSENR-P10,KXMIDTERMMOV,enter,NO,0.06,0.71,0.0009,,derived(1 - yes_bid),yes
2026-09-25,momentum-mule,KXMIDTERMMOV-FLSENR-P12,KXMIDTERMMOV,enter,NO,4.2,0.88,0.0311,,derived(1 - yes_bid),yes
2026-09-25,momentum-mule,KXMIDTERMMOV-FLSENR-P4,KXMIDTERMMOV,enter,YES,0.13,0.73,0.0018,,yes_ask,yes
2026-09-25,momentum-mule,KXMIDTERMMOV-GASEND-P10,KXMIDTERMMOV,enter,NO,55.61,0.64,0.8969,,derived(1 - yes_bid),yes
2026-09-25,momentum-mule,KXMIDTERMMOV-HI02D-P32,KXMIDTERMMOV,enter,YES,0.28,0.8,0.0032,,yes_ask,yes
2026-09-25,momentum-mule,KXMIDTERMMOV-IAGOVD-P3,KXMIDTERMMOV,enter,YES,3.58,0.71,0.0516,,yes_ask,yes
2026-09-25,momentum-mule,KXMIDTERMMOV-IAGOVD-P9,KXMIDTERMMOV,enter,NO,1.22,0.78,0.0147,,derived(1 - yes_bid),yes
2026-09-25,momentum-mule,KXMIDTERMMOV-IDSENR-P21,KXMIDTERMMOV,enter,NO,11.2,0.8,0.1255,,derived(1 - yes_bid),yes
2026-09-25,momentum-mule,KXMIDTERMMOV-KSSENR-P3,KXMIDTERMMOV,enter,NO,14.37,0.55,0.249,,derived(1 - yes_bid),yes
2026-09-25,momentum-mule,KXMIDTERMMOV-KSSENR-P5,KXMIDTERMMOV,enter,NO,11.48,0.65,0.1829,,derived(1 - yes_bid),yes
2026-09-25,momentum-mule,KXMIDTERMMOV-KY06R-P3,KXMIDTERMMOV,enter,YES,0.22,0.69,0.0033,,yes_ask,yes
2026-09-25,momentum-mule,KXMIDTERMMOV-MA06D-P34,KXMIDTERMMOV,enter,NO,0.5,0.7,0.0074,,derived(1 - yes_bid),yes
2026-09-25,momentum-mule,KXMIDTERMMOV-MESENR-P3,KXMIDTERMMOV,enter,NO,402.31,0.78,4.8326,,derived(1 - yes_bid),yes
2026-09-25,momentum-mule,KXMIDTERMMOV-MI01R-P10,KXMIDTERMMOV,enter,YES,3.08,0.61,0.0513,,yes_ask,yes
2026-09-25,momentum-mule,KXMIDTERMMOV-MI01R-P7,KXMIDTERMMOV,enter,YES,3.88,0.74,0.0523,,yes_ask,yes
2026-09-25,momentum-mule,KXMIDTERMMOV-MISEND-P1,KXMIDTERMMOV,enter,YES,1.99,0.69,0.0298,,yes_ask,yes
2026-09-25,momentum-mule,KXMIDTERMMOV-MISEND-P3,KXMIDTERMMOV,enter,YES,121.94,0.63,1.9897,,yes_ask,yes
2026-09-25,momentum-mule,KXMIDTERMMOV-MISENR-P1,KXMIDTERMMOV,enter,NO,13.76,0.8,0.1542,,derived(1 - yes_bid),yes
2026-09-25,momentum-mule,KXMIDTERMMOV-MN07R-P24,KXMIDTERMMOV,enter,YES,38.85,0.72,0.5483,,yes_ask,yes
2026-09-25,momentum-mule,KXMIDTERMMOV-MNGOVD-P17,KXMIDTERMMOV,enter,NO,0.11,0.909,0.0007,,derived(1 - yes_bid),yes
2026-09-25,momentum-mule,KXMIDTERMMOV-MNSEND-P5,KXMIDTERMMOV,enter,YES,14.62,0.84,0.1376,,yes_ask,yes
2026-09-25,momentum-mule,KXMIDTERMMOV-MO02R-P12,KXMIDTERMMOV,enter,NO,0.5,0.77,0.0062,,derived(1 - yes_bid),yes
2026-09-25,momentum-mule,KXMIDTERMMOV-MO04R-P20,KXMIDTERMMOV,enter,YES,0.61,0.82,0.0064,,yes_ask,yes
2026-09-25,momentum-mule,KXMIDTERMMOV-MO05R-P6,KXMIDTERMMOV,enter,NO,0.28,0.995,0.0001,,derived(1 - yes_bid),yes
2026-09-25,momentum-mule,KXMIDTERMMOV-MSSENR-P9,KXMIDTERMMOV,enter,NO,0.59,0.88,0.0044,,derived(1 - yes_bid),yes
2026-09-25,momentum-mule,KXMIDTERMMOV-NYGOVD-P16,KXMIDTERMMOV,enter,YES,0.56,0.77,0.007,,yes_ask,yes
2026-09-25,momentum-mule,KXMIDTERMMOV-OHSEND-P2,KXMIDTERMMOV,enter,YES,53.74,0.53,0.9371,,yes_ask,yes
2026-09-25,momentum-mule,KXMIDTERMMOV-SCSENR-P1,KXMIDTERMMOV,enter,YES,0.28,0.89,0.002,,yes_ask,yes
2026-09-25,momentum-mule,KXMIDTERMMOV-TX09R-P4,KXMIDTERMMOV,enter,YES,3.08,0.69,0.0462,,yes_ask,yes
2026-09-25,momentum-mule,KXMIDTERMMOV-TX23R-P2,KXMIDTERMMOV,enter,YES,0.45,0.64,0.0073,,yes_ask,yes
2026-09-25,momentum-mule,KXMIDTERMMOV-TX28D-P8,KXMIDTERMMOV,enter,YES,0.84,0.64,0.0136,,yes_ask,yes
2026-09-25,momentum-mule,KXMIDTERMMOV-TXGOVR-P6,KXMIDTERMMOV,enter,NO,10.87,0.64,0.1754,,derived(1 - yes_bid),yes
2026-09-25,momentum-mule,KXMIDTERMVOTETURN-AKGOV-290000,KXMIDTERMVOTETURN,enter,YES,11.2,0.65,0.1784,,yes_ask,yes
2026-09-25,momentum-mule,KXMIDTERMVOTETURN-CAGOV-13100000,KXMIDTERMVOTETURN,enter,NO,1.56,0.81,0.0169,,derived(1 - yes_bid),yes
2026-09-25,momentum-mule,KXMIDTERMVOTETURN-CTGOV-1380000,KXMIDTERMVOTETURN,enter,NO,0.28,0.79,0.0033,,derived(1 - yes_bid),yes
2026-09-25,momentum-mule,KXMIDTERMVOTETURN-CTGOV-1510000,KXMIDTERMVOTETURN,enter,NO,0.61,0.92,0.0032,,derived(1 - yes_bid),yes
2026-09-25,momentum-mule,KXMIDTERMVOTETURN-DESEN-440000,KXMIDTERMVOTETURN,enter,NO,1.34,0.95,0.0045,,derived(1 - yes_bid),yes
2026-09-25,momentum-mule,KXMIDTERMVOTETURN-GAGOV-4100000,KXMIDTERMVOTETURN,enter,YES,22.41,0.55,0.3883,,yes_ask,yes
2026-09-25,momentum-mule,KXMIDTERMVOTETURN-HIGOV-410000,KXMIDTERMVOTETURN,enter,YES,0.28,0.56,0.0049,,yes_ask,yes
2026-09-25,momentum-mule,KXMIDTERMVOTETURN-HIGOV-430000,KXMIDTERMVOTETURN,enter,NO,16.58,0.62,0.2735,,derived(1 - yes_bid),yes
2026-09-25,momentum-mule,KXMIDTERMVOTETURN-MESEN-820000,KXMIDTERMVOTETURN,enter,NO,0.03,0.66,0.0005,,derived(1 - yes_bid),yes
2026-09-25,momentum-mule,KXMIDTERMVOTETURN-MESEN-980000,KXMIDTERMVOTETURN,enter,NO,0.11,0.94,0.0005,,derived(1 - yes_bid),yes
2026-09-25,momentum-mule,KXMIDTERMVOTETURN-NJSEN-3600000,KXMIDTERMVOTETURN,enter,NO,0.39,0.98,0.0006,,derived(1 - yes_bid),yes
2026-09-25,momentum-mule,KXMIDTERMVOTETURN-OKSEN-1100000,KXMIDTERMVOTETURN,enter,YES,0.37,0.75,0.0049,,yes_ask,yes
2026-09-25,momentum-mule,KXMIDTERMVOTETURN-ORSEN-2200000,KXMIDTERMVOTETURN,enter,NO,14.02,0.79,0.1629,,derived(1 - yes_bid),yes
2026-09-25,momentum-mule,KXMIDTERMVOTETURN-TNGOV-1820000,KXMIDTERMVOTETURN,enter,NO,0.22,0.59,0.0038,,derived(1 - yes_bid),yes
2026-09-25,momentum-mule,KXMIDTERMVOTETURN-WIGOV-2800000,KXMIDTERMVOTETURN,enter,NO,0.39,0.81,0.0043,,derived(1 - yes_bid),yes
2026-09-25,momentum-mule,KXMIDTERMVOTETURN-WIGOV-3000000,KXMIDTERMVOTETURN,enter,NO,0.05,0.98,0.0001,,derived(1 - yes_bid),yes
2026-09-25,momentum-mule,KXMISENATE-26-AELS,KXMISENATE,enter,YES,111.03,0.72,1.5669,,yes_ask,yes
2026-09-25,momentum-mule,KXMISENATE-26-MROG,KXMISENATE,enter,NO,293.11,0.72,4.1364,,derived(1 - yes_bid),yes
2026-09-25,momentum-mule,KXMISENGOVCOMBO-26NOV-DEMREP,KXMISENGOVCOMBO,enter,NO,0.16,0.85,0.0015,,derived(1 - yes_bid),yes
2026-09-25,momentum-mule,KXNCCOURT-26-AEAR,KXNCCOURT,enter,YES,2.63,0.8,0.0295,,yes_ask,yes
2026-09-25,momentum-mule,KXNYCPROPERTYTAX-27JAN01,KXNYCPROPERTYTAX,enter,NO,2.15,0.925,0.0105,,derived(1 - yes_bid),yes
2026-09-25,momentum-mule,KXOHSENGOVCOMBO-26NOV-DEMREP,KXOHSENGOVCOMBO,enter,NO,16.67,0.92,0.0859,,derived(1 - yes_bid),yes
2026-09-25,momentum-mule,KXOHSENGOVCOMBO-26NOV-REPREP,KXOHSENGOVCOMBO,enter,NO,30.41,0.8,0.3406,,derived(1 - yes_bid),yes
2026-09-25,momentum-mule,KXPRESSSECANNOUNCE-26AUG-NOV01,KXPRESSSECANNOUNCE,enter,NO,2.79,0.6,0.0469,,derived(1 - yes_bid),yes
2026-09-25,momentum-mule,KXPRESSSECANNOUNCE-26AUG-OCT01,KXPRESSSECANNOUNCE,enter,NO,5.26,0.96,0.0142,,derived(1 - yes_bid),yes
2026-09-25,momentum-mule,KXRGOVCOUNT-26JUL08-AL21,KXRGOVCOUNT,enter,YES,5.6,0.93,0.0256,,yes_ask,yes
2026-09-25,momentum-mule,KXRGOVCOUNT-26JUL08-AL22,KXRGOVCOUNT,enter,YES,8.18,0.79,0.095,,yes_ask,yes
2026-09-25,momentum-mule,KXRGOVCOUNT-26JUL08-AL23,KXRGOVCOUNT,enter,YES,8.4,0.65,0.1338,,yes_ask,yes
2026-09-25,momentum-mule,KXRICHMONDMAYOR-26OCT17-RHOW,KXRICHMONDMAYOR,enter,YES,9.13,0.56,0.1575,,yes_ask,yes
2026-09-25,momentum-mule,KXSENATEREC-26JUN-27JAN01,KXSENATEREC,enter,NO,0.61,0.81,0.0066,,derived(1 - yes_bid),yes
2026-09-25,momentum-mule,KXSTATEBALLOTMEASURE-AZ-P318,KXSTATEBALLOTMEASURE,enter,NO,9.25,0.59,0.1567,,derived(1 - yes_bid),yes
2026-09-25,momentum-mule,KXSTATEBALLOTMEASURE-MA-Q3,KXSTATEBALLOTMEASURE,enter,NO,0.58,0.87,0.0046,,derived(1 - yes_bid),yes
2026-09-25,momentum-mule,KXTAIPEIMAYOR-26NOV28-CWAN,KXTAIPEIMAYOR,enter,YES,69.38,0.77,0.8602,,yes_ask,yes
2026-09-25,momentum-mule,KXTAIPEIMAYOR-26NOV28-SPY,KXTAIPEIMAYOR,enter,NO,31.61,0.78,0.3797,,derived(1 - yes_bid),yes
2026-09-25,momentum-mule,KXTRUMPAVENUE-27-27JAN01,KXTRUMPAVENUE,enter,NO,2.8,0.97,0.0058,,derived(1 - yes_bid),yes
2026-09-25,momentum-mule,KXTRUMPDEMDISTRICTS-26NOV03-AL40,KXTRUMPDEMDISTRICTS,enter,NO,1.56,0.98,0.0022,,derived(1 - yes_bid),yes
2026-09-25,momentum-mule,KXTRUMPFLAVIO-26OCT26,KXTRUMPFLAVIO,enter,NO,0.02,0.73,0.0003,,derived(1 - yes_bid),yes
2026-09-25,momentum-mule,KXVANCERUN-28-27JAN01,KXVANCERUN,enter,NO,0.33,0.949,0.0012,,derived(1 - yes_bid),yes
2026-09-25,momentum-mule,KXVOTEGENERAL-GOVPARTYFL-26BDON-50,KXVOTEGENERAL,enter,YES,0.56,0.75,0.0074,,yes_ask,yes
2026-09-25,momentum-mule,KXVOTEGENERAL-GOVPARTYTX-26GHIN-48,KXVOTEGENERAL,enter,NO,0.59,0.92,0.0031,,derived(1 - yes_bid),yes
2026-09-25,momentum-mule,KXVOTEGENERAL-KXHOUSERACE-FL17-26GSTE-58,KXVOTEGENERAL,enter,NO,0.89,0.57,0.0153,,derived(1 - yes_bid),yes
2026-09-25,momentum-mule,KXVOTEGENERAL-KXHOUSERACE-MD05-26BJOR-3,KXVOTEGENERAL,enter,NO,56.03,0.96,0.1507,,derived(1 - yes_bid),yes
2026-09-25,momentum-mule,KXVOTEGENERAL-KXHOUSERACE-NC04-26VFOU-72,KXVOTEGENERAL,enter,YES,0.28,0.74,0.0038,,yes_ask,yes
2026-09-25,momentum-mule,KXVOTEGENERAL-KXHOUSERACE-NY26-26TKEN-66,KXVOTEGENERAL,enter,YES,0.39,0.81,0.0043,,yes_ask,yes
2026-09-25,momentum-mule,KXVOTEGENERAL-KXHOUSERACE-UT04-26JGOT-1,KXVOTEGENERAL,enter,NO,11.2,0.97,0.0229,,derived(1 - yes_bid),yes
2026-09-25,momentum-mule,KXVOTEGENERAL-SENATEID-26TACH-40,KXVOTEGENERAL,enter,NO,3.36,0.68,0.0512,,derived(1 - yes_bid),yes
2026-09-25,momentum-mule,RSENATESEATS-27-E50,RSENATESEATS,enter,NO,118.08,0.92,0.6084,,derived(1 - yes_bid),yes
2026-09-25,momentum-mule,SENATEMI-26-D,SENATEMI,enter,YES,609.25,0.73,8.4059,,yes_ask,yes
2026-09-25,momentum-mule,SENATEMI-26-R,SENATEMI,enter,NO,1150.72,0.73,15.8765,,derived(1 - yes_bid),yes
2026-09-25,momentum-mule,SENATEOHS-26-D,SENATEOHS,enter,YES,16010.67,0.59,271.1087,,yes_ask,yes
2026-09-25,momentum-mule,SENATEOHS-26-R,SENATEOHS,enter,NO,1938.01,0.59,32.8164,,derived(1 - yes_bid),yes
settlement,momentum-mule,KXPRESSSECANNOUNCE-26AUG-OCT01,KXPRESSSECANNOUNCE,settlement,NO,5.26,1,0,0.2104,official result (no) captured 2026-10-01T13:41:33.965467Z,
2026-09-26,momentum-mule,KXCAELECTION-2640-KCAL,KXCAELECTION,exit,YES,106.98,0.5,1.8722,-14.7098,yes_bid,
2026-09-26,momentum-mule,KXLOSEREELECTIONRSEN-2026-3,KXLOSEREELECTIONRSEN,exit,NO,1.33,0.84,0.0126,-0.0791,derived(1 - yes_ask),
2026-09-26,momentum-mule,KXMIDTERMMOV-FLSENR-P12,KXMIDTERMMOV,exit,NO,4.2,0.8,0.0471,-0.3831,derived(1 - yes_ask),
2026-09-26,momentum-mule,KXMIDTERMMOV-IAGOVD-P9,KXMIDTERMMOV,exit,NO,1.22,0.72,0.0173,-0.0905,derived(1 - yes_ask),
2026-09-26,momentum-mule,KXMIDTERMMOV-IDSENR-P21,KXMIDTERMMOV,exit,NO,11.2,0.47,0.1953,-3.8913,derived(1 - yes_ask),
2026-09-26,momentum-mule,KXMIDTERMMOV-KSSENR-P3,KXMIDTERMMOV,exit,NO,14.37,0.42,0.2451,-2.1132,derived(1 - yes_ask),
2026-09-26,momentum-mule,KXMIDTERMMOV-MESENR-P3,KXMIDTERMMOV,exit,NO,402.31,0.66,6.3195,-54.5967,derived(1 - yes_ask),
2026-09-26,momentum-mule,KXMIDTERMMOV-OHSEND-P2,KXMIDTERMMOV,exit,YES,53.74,0.46,0.9345,-4.6963,yes_bid,
2026-09-26,momentum-mule,KXMIDTERMMOV-TXGOVR-P6,KXMIDTERMMOV,exit,NO,10.87,0.53,0.1896,-1.3853,derived(1 - yes_ask),
2026-09-26,momentum-mule,KXMIDTERMVOTETURN-ORSEN-2200000,KXMIDTERMVOTETURN,exit,NO,14.02,0.44,0.2419,-5.1489,derived(1 - yes_ask),
2026-09-26,momentum-mule,KXOHSENGOVCOMBO-26NOV-DEMREP,KXOHSENGOVCOMBO,exit,NO,16.67,0.87,0.132,-0.9655,derived(1 - yes_ask),
2026-09-26,momentum-mule,KXSTATEBALLOTMEASURE-AZ-P318,KXSTATEBALLOTMEASURE,exit,NO,9.25,0.47,0.1613,-1.2713,derived(1 - yes_ask),
2026-09-26,momentum-mule,KXTAIPEIMAYOR-26NOV28-SPY,KXTAIPEIMAYOR,exit,NO,31.61,0.7,0.4647,-2.9935,derived(1 - yes_ask),
2026-09-26,momentum-mule,KXTRUMPAVENUE-27-27JAN01,KXTRUMPAVENUE,exit,NO,2.8,0.71,0.0404,-0.7684,derived(1 - yes_ask),
2026-09-26,momentum-mule,KXVOTEGENERAL-GOVPARTYTX-26GHIN-48,KXVOTEGENERAL,exit,NO,0.59,0.6,0.01,-0.1988,derived(1 - yes_ask),
2026-09-26,momentum-mule,HOUSEMT1-26-D,HOUSEMT1,enter,NO,48.99,0.71,0.7061,,derived(1 - yes_bid),yes
2026-09-26,momentum-mule,KXATTYGENAZ-26-D,KXATTYGENAZ,enter,YES,8.1,0.8,0.0908,,yes_ask,yes
2026-09-26,momentum-mule,KXATTYGENNV-26-D,KXATTYGENNV,enter,YES,1.9,0.8,0.0213,,yes_ask,yes
2026-09-26,momentum-mule,KXATTYGENOH-26-R,KXATTYGENOH,enter,YES,1.08,0.926,0.0052,,yes_ask,yes
2026-09-26,momentum-mule,KXBLANCHEDISBAR-27,KXBLANCHEDISBAR,enter,NO,4.08,0.97,0.0084,,derived(1 - yes_bid),yes
2026-09-26,momentum-mule,KXCABALLOTMEASURES-26NOV03-PR37,KXCABALLOTMEASURES,enter,YES,0.99,0.67,0.0154,,yes_ask,yes
2026-09-26,momentum-mule,KXCABALLOTMEASURES-26NOV03-PR45,KXCABALLOTMEASURES,enter,YES,0.5,0.66,0.0079,,yes_ask,yes
2026-09-26,momentum-mule,KXCAELECTION-2604-EJON,KXCAELECTION,enter,NO,5.9,0.81,0.0636,,derived(1 - yes_bid),yes
2026-09-26,momentum-mule,KXCAGOVLAMAYOR-26NOV-BAS-BEC,KXCAGOVLAMAYOR,enter,NO,0.07,0.68,0.0011,,derived(1 - yes_bid),yes
2026-09-26,momentum-mule,KXCALIFORNIALEAVE-27-LPAG,KXCALIFORNIALEAVE,enter,NO,1.54,0.63,0.0252,,derived(1 - yes_bid),yes
2026-09-26,momentum-mule,KXDHOUSESEATSDIR-27-A241,KXDHOUSESEATSDIR,enter,NO,0.12,0.75,0.0016,,derived(1 - yes_bid),yes
2026-09-26,momentum-mule,KXEXITPOLL-YOUMEN-REP,KXEXITPOLL,enter,NO,40.4,0.82,0.4175,,derived(1 - yes_bid),yes
2026-09-26,momentum-mule,KXGENERALCOUNTY-GOVPARTYCA-26-SBER,KXGENERALCOUNTY,enter,NO,20,0.68,0.3047,,derived(1 - yes_bid),yes
2026-09-26,momentum-mule,KXGENERALCOUNTY-GOVPARTYCA-26-SJOA,KXGENERALCOUNTY,enter,NO,21,0.74,0.2829,,derived(1 - yes_bid),yes
2026-09-26,momentum-mule,KXGENERALCOUNTY-SENATEFLS-26-DUV,KXGENERALCOUNTY,enter,YES,0.59,0.85,0.0053,,yes_ask,yes
2026-09-26,momentum-mule,KXGENERALCOUNTY-SENATEFLS-26-HIL,KXGENERALCOUNTY,enter,YES,20,0.73,0.276,,yes_ask,yes
2026-09-26,momentum-mule,KXGENERALCOUNTY-SENATETX-26-DENT,KXGENERALCOUNTY,enter,YES,7.29,0.69,0.1092,,yes_ask,yes
2026-09-26,momentum-mule,KXGENERALCOUNTY-SENATETX-26-FTBE,KXGENERALCOUNTY,enter,YES,25.75,0.93,0.1174,,yes_ask,yes
2026-09-26,momentum-mule,KXHOUSEPOPVOTEMARGIND-26NOV03-AL6,KXHOUSEPOPVOTEMARGIND,enter,YES,84,0.94,0.3317,,yes_ask,yes
2026-09-26,momentum-mule,KXHOUSERACE-FL14-26-D,KXHOUSERACE,enter,YES,0.28,0.69,0.0042,,yes_ask,yes
2026-09-26,momentum-mule,KXHOUSERACE-IA02-26-D,KXHOUSERACE,enter,YES,16.38,0.56,0.2826,,yes_ask,yes
2026-09-26,momentum-mule,KXHOUSERACE-TX10-26-D,KXHOUSERACE,enter,NO,0.1,0.953,0.0004,,derived(1 - yes_bid),yes
2026-09-26,momentum-mule,KXHOUSEWINSTATE-OHD-E5,KXHOUSEWINSTATE,enter,NO,0.5,0.76,0.0064,,derived(1 - yes_bid),yes
2026-09-26,momentum-mule,KXLAMOV-KXMAYORLA26KBAS-KBAS-P55,KXLAMOV,enter,NO,0.1,0.92,0.0006,,derived(1 - yes_bid),yes
2026-09-26,momentum-mule,KXLASHERIFF-26-AVIL,KXLASHERIFF,enter,NO,37.2,0.96,0.1,,derived(1 - yes_bid),yes
2026-09-26,momentum-mule,KXMAMDANIEO-26SEP26-T0,KXMAMDANIEO,enter,NO,492.48,0.99,0.3413,,derived(1 - yes_bid),yes
2026-09-26,momentum-mule,KXMIDTERMMOV-AL05R-P10,KXMIDTERMMOV,enter,YES,2.3,0.81,0.0248,,yes_ask,yes
2026-09-26,momentum-mule,KXMIDTERMMOV-FL24D-P41,KXMIDTERMMOV,enter,YES,0.2,0.65,0.0032,,yes_ask,yes
2026-09-26,momentum-mule,KXMIDTERMMOV-GASEND-P8,KXMIDTERMMOV,enter,YES,0.1,0.55,0.0018,,yes_ask,yes
2026-09-26,momentum-mule,KXMIDTERMMOV-IDSENR-P23,KXMIDTERMMOV,enter,NO,40,0.8,0.448,,derived(1 - yes_bid),yes
2026-09-26,momentum-mule,KXMIDTERMMOV-IDSENR-P25,KXMIDTERMMOV,enter,NO,20,0.84,0.1882,,derived(1 - yes_bid),yes
2026-09-26,momentum-mule,KXMIDTERMMOV-MESEND-P9,KXMIDTERMMOV,enter,NO,0.76,0.89,0.0053,,derived(1 - yes_bid),yes
2026-09-26,momentum-mule,KXMIDTERMMOV-MI10R-P1,KXMIDTERMMOV,enter,NO,0.5,0.76,0.0064,,derived(1 - yes_bid),yes
2026-09-26,momentum-mule,KXMIDTERMMOV-MISENR-P3,KXMIDTERMMOV,enter,NO,5.8,0.88,0.0429,,derived(1 - yes_bid),yes
2026-09-26,momentum-mule,KXMIDTERMMOV-MNGOVD-P11,KXMIDTERMMOV,enter,YES,1.3,0.66,0.0205,,yes_ask,yes
2026-09-26,momentum-mule,KXMIDTERMMOV-MNGOVD-P14,KXMIDTERMMOV,enter,NO,0.1,0.74,0.0014,,derived(1 - yes_bid),yes
2026-09-26,momentum-mule,KXMIDTERMMOV-MNSEND-P11,KXMIDTERMMOV,enter,NO,0.1,0.84,0.001,,derived(1 - yes_bid),yes
2026-09-26,momentum-mule,KXMIDTERMMOV-MNSEND-P13,KXMIDTERMMOV,enter,NO,0.1,0.93,0.0005,,derived(1 - yes_bid),yes
2026-09-26,momentum-mule,KXMIDTERMMOV-MNSEND-P9,KXMIDTERMMOV,enter,NO,0.1,0.65,0.0016,,derived(1 - yes_bid),yes
2026-09-26,momentum-mule,KXMIDTERMMOV-MO02R-P3,KXMIDTERMMOV,enter,YES,1.4,0.59,0.0238,,yes_ask,yes
2026-09-26,momentum-mule,KXMIDTERMMOV-MO06R-P15,KXMIDTERMMOV,enter,YES,0.41,0.919,0.0022,,yes_ask,yes
2026-09-26,momentum-mule,KXMIDTERMMOV-NC01R-P11,KXMIDTERMMOV,enter,NO,0.9,0.94,0.0036,,derived(1 - yes_bid),yes
2026-09-26,momentum-mule,KXMIDTERMMOV-NC01R-P8,KXMIDTERMMOV,enter,NO,0.5,0.909,0.0029,,derived(1 - yes_bid),yes
2026-09-26,momentum-mule,KXMIDTERMMOV-NCSEND-P7,KXMIDTERMMOV,enter,YES,15.57,0.63,0.2541,,yes_ask,yes
2026-09-26,momentum-mule,KXMIDTERMMOV-NESENR-P3,KXMIDTERMMOV,enter,YES,0.16,0.58,0.0028,,yes_ask,yes
2026-09-26,momentum-mule,KXMIDTERMMOV-NESENR-P9,KXMIDTERMMOV,enter,NO,24.73,0.83,0.2443,,derived(1 - yes_bid),yes
2026-09-26,momentum-mule,KXMIDTERMMOV-NH02D-P7,KXMIDTERMMOV,enter,YES,0.7,0.8,0.0079,,yes_ask,yes
2026-09-26,momentum-mule,KXMIDTERMMOV-NYGOVD-P10,KXMIDTERMMOV,enter,YES,2.9,0.85,0.0259,,yes_ask,yes
2026-09-26,momentum-mule,KXMIDTERMMOV-NYGOVD-P13,KXMIDTERMMOV,enter,YES,10,0.83,0.0988,,yes_ask,yes
2026-09-26,momentum-mule,KXMIDTERMMOV-NYGOVD-P19,KXMIDTERMMOV,enter,NO,0.19,0.69,0.0029,,derived(1 - yes_bid),yes
2026-09-26,momentum-mule,KXMIDTERMMOV-SCSENR-P3,KXMIDTERMMOV,enter,YES,0.06,0.81,0.0007,,yes_ask,yes
2026-09-26,momentum-mule,KXMIDTERMMOV-TX15D-P11,KXMIDTERMMOV,enter,NO,0.5,0.79,0.0059,,derived(1 - yes_bid),yes
2026-09-26,momentum-mule,KXMIDTERMMOV-TXGOVR-P9,KXMIDTERMMOV,enter,NO,13,0.82,0.1344,,derived(1 - yes_bid),yes
2026-09-26,momentum-mule,KXMIDTERMVOTETURN-AKSEN-270000,KXMIDTERMVOTETURN,enter,YES,0.5,0.78,0.0061,,yes_ask,yes
2026-09-26,momentum-mule,KXMIDTERMVOTETURN-ALSEN-1480000,KXMIDTERMVOTETURN,enter,YES,1.17,0.77,0.0146,,yes_ask,yes
2026-09-26,momentum-mule,KXMIDTERMVOTETURN-ALSEN-1560000,KXMIDTERMVOTETURN,enter,YES,1.44,0.67,0.0223,,yes_ask,yes
2026-09-26,momentum-mule,KXMIDTERMVOTETURN-CAGOV-12600000,KXMIDTERMVOTETURN,enter,NO,5,0.69,0.0749,,derived(1 - yes_bid),yes
2026-09-26,momentum-mule,KXMIDTERMVOTETURN-DESEN-320000,KXMIDTERMVOTETURN,enter,YES,1.3,0.71,0.0188,,yes_ask,yes
2026-09-26,momentum-mule,KXMIDTERMVOTETURN-DESEN-470000,KXMIDTERMVOTETURN,enter,NO,0.2,0.98,0.0003,,derived(1 - yes_bid),yes
2026-09-26,momentum-mule,KXMIDTERMVOTETURN-ILSEN-3700000,KXMIDTERMVOTETURN,enter,YES,0.1,0.8,0.0012,,yes_ask,yes
2026-09-26,momentum-mule,KXMIDTERMVOTETURN-ILSEN-3900000,KXMIDTERMVOTETURN,enter,YES,2.1,0.7,0.0309,,yes_ask,yes
2026-09-26,momentum-mule,KXMIDTERMVOTETURN-LASEN-1490000,KXMIDTERMVOTETURN,enter,YES,0.3,0.65,0.0048,,yes_ask,yes
2026-09-26,momentum-mule,KXMIDTERMVOTETURN-MDGOV-2000000,KXMIDTERMVOTETURN,enter,YES,0.4,0.68,0.0061,,yes_ask,yes
2026-09-26,momentum-mule,KXMIDTERMVOTETURN-MESEN-700000,KXMIDTERMVOTETURN,enter,YES,1.19,0.74,0.0161,,yes_ask,yes
2026-09-26,momentum-mule,KXMIDTERMVOTETURN-MNSEN-2400000,KXMIDTERMVOTETURN,enter,YES,2.2,0.74,0.0297,,yes_ask,yes
2026-09-26,momentum-mule,KXMIDTERMVOTETURN-MNSEN-2600000,KXMIDTERMVOTETURN,enter,YES,0.6,0.57,0.0103,,yes_ask,yes
2026-09-26,momentum-mule,KXMIDTERMVOTETURN-NCSEN-4300000,KXMIDTERMVOTETURN,enter,NO,0.5,0.93,0.0023,,derived(1 - yes_bid),yes
2026-09-26,momentum-mule,KXMIDTERMVOTETURN-PAGOV-6200000,KXMIDTERMVOTETURN,enter,NO,0.4,0.92,0.0021,,derived(1 - yes_bid),yes
2026-09-26,momentum-mule,KXMIDTERMVOTETURN-VTGOV-300000,KXMIDTERMVOTETURN,enter,YES,0.6,0.76,0.0077,,yes_ask,yes
2026-09-26,momentum-mule,KXNHSENGOVCOMBO-26NOV-REPDEM,KXNHSENGOVCOMBO,enter,YES,50,0.83,0.4939,,yes_ask,yes
2026-09-26,momentum-mule,KXNUMREDISTRICTING-26NOV03-U8,KXNUMREDISTRICTING,enter,YES,11.4,0.84,0.1073,,yes_ask,yes
2026-09-26,momentum-mule,KXPRESSSECANNOUNCE-26AUG-JAN01,KXPRESSSECANNOUNCE,enter,YES,0.12,0.82,0.0013,,yes_ask,yes
2026-09-26,momentum-mule,KXSECSTATEIN-26-GOP,KXSECSTATEIN,enter,NO,100.78,0.59,1.7066,,derived(1 - yes_bid),yes
2026-09-26,momentum-mule,KXSTATEBALLOTMEASURE-AZ-P317,KXSTATEBALLOTMEASURE,enter,YES,30.5,0.86,0.2571,,yes_ask,yes
2026-09-26,momentum-mule,KXSTATEBALLOTMEASURE-AZ-P319,KXSTATEBALLOTMEASURE,enter,YES,2.91,0.83,0.0288,,yes_ask,yes
2026-09-26,momentum-mule,KXSTATEBALLOTMEASURE-MD-Q3,KXSTATEBALLOTMEASURE,enter,YES,0.9,0.77,0.0112,,yes_ask,yes
2026-09-26,momentum-mule,KXSTATELEG-TXHOUS26-D,KXSTATELEG,enter,NO,1.8,0.87,0.0143,,derived(1 - yes_bid),yes
2026-09-26,momentum-mule,KXTRUMPDEMDISTRICTS-26NOV03-AL46,KXTRUMPDEMDISTRICTS,enter,NO,50,0.76,0.6384,,derived(1 - yes_bid),yes
2026-09-26,momentum-mule,KXTXHOUSE-26-R,KXTXHOUSE,enter,YES,1.43,0.77,0.0178,,yes_ask,yes
2026-09-26,momentum-mule,KXVOTECOUNTY-SENATEMI26GENESEEAELS-52,KXVOTECOUNTY,enter,YES,20,0.74,0.2694,,yes_ask,yes
2026-09-26,momentum-mule,KXVOTECOUNTY-SENATETX26STARRJTAL-52,KXVOTECOUNTY,enter,YES,24.73,0.83,0.2443,,yes_ask,yes
2026-09-26,momentum-mule,KXVOTECOUNTY-SENATETX26WEBBJTAL-60,KXVOTECOUNTY,enter,YES,20,0.82,0.2067,,yes_ask,yes
2026-09-26,momentum-mule,KXVOTEGENERAL-GOVPARTYAL-26DJON-42,KXVOTEGENERAL,enter,YES,20,0.92,0.1031,,yes_ask,yes
2026-09-26,momentum-mule,KXVOTEGENERAL-GOVPARTYAL-26DJON-44,KXVOTEGENERAL,enter,YES,1.09,0.69,0.0164,,yes_ask,yes
2026-09-26,momentum-mule,KXVOTEGENERAL-GOVPARTYGA-26KBOT-50,KXVOTEGENERAL,enter,YES,15.8,0.65,0.2517,,yes_ask,yes
2026-09-26,momentum-mule,KXVOTEGENERAL-GOVPARTYTX-26GHIN-46,KXVOTEGENERAL,enter,YES,0.1,0.66,0.0016,,yes_ask,yes
2026-09-26,momentum-mule,KXVOTEGENERAL-GOVPARTYWI-26DCRO-54,KXVOTEGENERAL,enter,NO,0.5,0.73,0.0069,,derived(1 - yes_bid),yes
2026-09-26,momentum-mule,KXVOTEGENERAL-GOVPARTYWI-26DCRO-58,KXVOTEGENERAL,enter,NO,1,0.97,0.0021,,derived(1 - yes_bid),yes
2026-09-26,momentum-mule,KXVOTEGENERAL-KXHOUSERACE-MN01-26BFIN-50,KXVOTEGENERAL,enter,YES,7.5,0.68,0.1143,,yes_ask,yes
2026-09-26,momentum-mule,KXVOTEGENERAL-SENATEKS-26AHAM-46,KXVOTEGENERAL,enter,YES,47.87,0.71,0.69,,yes_ask,yes
2026-09-26,momentum-mule,KXVOTEGENERAL-SENATETX-26TBRO-3,KXVOTEGENERAL,enter,NO,40.5,0.93,0.1846,,derived(1 - yes_bid),yes
settlement,momentum-mule,KXMAMDANIEO-26SEP26-T0,KXMAMDANIEO,settlement,NO,492.48,1,0,4.9248,official result (no) captured 2026-09-27T17:32:06.396749Z,
2026-09-27,momentum-mule,KXATTYGENGA-26-D,KXATTYGENGA,exit,YES,1.49,0.44,0.0257,-0.3833,yes_bid,
2026-09-27,momentum-mule,KXDHOUSESEATSDIR-27-A235,KXDHOUSESEATSDIR,exit,YES,0.38,0.19,0.0041,-0.1561,yes_bid,
2026-09-27,momentum-mule,KXFLPROPERTYTAX-26NOV03,KXFLPROPERTYTAX,exit,NO,27.12,0.55,0.4699,-3.7243,derived(1 - yes_ask),
2026-09-27,momentum-mule,KXGENERALCOUNTY-SENATETX-26-DENT,KXGENERALCOUNTY,exit,YES,7.29,0.31,0.1092,-2.8794,yes_bid,
2026-09-27,momentum-mule,KXGOVWINS-27JAN01-R-50,KXGOVWINS,exit,YES,2.04,0.65,0.0325,-0.1345,yes_bid,
2026-09-27,momentum-mule,KXGOVWINS-27JAN01-R1,KXGOVWINS,exit,NO,1.43,0.71,0.0207,-0.178,derived(1 - yes_ask),
2026-09-27,momentum-mule,KXHOUSERACE-CA06-26-KKIL,KXHOUSERACE,exit,NO,49.09,0.901,0.3066,-4.08653,derived(1 - yes_ask),
2026-09-27,momentum-mule,KXHOUSERACE-KS02-26-D,KXHOUSERACE,exit,NO,34.91,0.84,0.3285,-3.26094,derived(1 - yes_ask),
2026-09-27,momentum-mule,KXKAMALARUN-28-27OCT01,KXKAMALARUN,exit,NO,0.05,0.38,0.0009,-0.0189,derived(1 - yes_ask),
2026-09-27,momentum-mule,KXLOSEREELECTIONRSEN-2026-5,KXLOSEREELECTIONRSEN,exit,YES,0.36,0.51,0.0063,-0.0387,yes_bid,
2026-09-27,momentum-mule,KXMARTINDNCOUT-26MAY-JAN01,KXMARTINDNCOUT,exit,NO,1.9,0.71,0.0274,-0.1794,derived(1 - yes_ask),
2026-09-27,momentum-mule,KXMIDTERMMOV-MISEND-P3,KXMIDTERMMOV,exit,YES,121.94,0.55,2.1127,-11.8679,yes_bid,
2026-09-27,momentum-mule,KXMIDTERMMOV-MNGOVD-P14,KXMIDTERMMOV,exit,NO,0.1,0.59,0.0017,-0.0167,derived(1 - yes_ask),
2026-09-27,momentum-mule,KXMIDTERMMOV-MNGOVD-P17,KXMIDTERMMOV,exit,NO,0.11,0.73,0.0016,-0.02129,derived(1 - yes_ask),
2026-09-27,momentum-mule,KXMIDTERMMOV-MNSEND-P11,KXMIDTERMMOV,exit,NO,0.1,0.71,0.0015,-0.0145,derived(1 - yes_ask),
2026-09-27,momentum-mule,KXMIDTERMMOV-MNSEND-P13,KXMIDTERMMOV,exit,NO,0.1,0.8,0.0012,-0.0142,derived(1 - yes_ask),
2026-09-27,momentum-mule,KXMIDTERMMOV-MNSEND-P9,KXMIDTERMMOV,exit,NO,0.1,0.57,0.0018,-0.0098,derived(1 - yes_ask),
2026-09-27,momentum-mule,KXMIDTERMMOV-SCSENR-P3,KXMIDTERMMOV,exit,YES,0.06,0.7,0.0009,-0.0075,yes_bid,
2026-09-27,momentum-mule,KXMIDTERMMOV-TXGOVR-P9,KXMIDTERMMOV,exit,NO,13,0.77,0.1612,-0.8112,derived(1 - yes_ask),
2026-09-27,momentum-mule,KXMIDTERMVOTETURN-AKGOV-290000,KXMIDTERMVOTETURN,exit,YES,11.2,0.07,0.0511,-6.5471,yes_bid,
2026-09-27,momentum-mule,KXMIDTERMVOTETURN-LASEN-1490000,KXMIDTERMVOTETURN,exit,YES,0.3,0.26,0.0041,-0.1211,yes_bid,
2026-09-27,momentum-mule,KXMIDTERMVOTETURN-MESEN-820000,KXMIDTERMVOTETURN,exit,NO,0.03,0.12,0.0003,-0.0165,derived(1 - yes_ask),
2026-09-27,momentum-mule,KXMIDTERMVOTETURN-NCSEN-4300000,KXMIDTERMVOTETURN,exit,NO,0.5,0.71,0.0073,-0.1173,derived(1 - yes_ask),
2026-09-27,momentum-mule,KXOHSENGOVCOMBO-26NOV-REPREP,KXOHSENGOVCOMBO,exit,NO,30.41,0.61,0.5065,-6.2844,derived(1 - yes_ask),
2026-09-27,momentum-mule,KXRICHMONDMAYOR-26OCT17-RHOW,KXRICHMONDMAYOR,exit,YES,9.13,0.02,0.0126,-4.9428,yes_bid,
2026-09-27,momentum-mule,KXSTATEBALLOTMEASURE-AZ-P317,KXSTATEBALLOTMEASURE,exit,YES,30.5,0.78,0.3664,-2.8064,yes_bid,
2026-09-27,momentum-mule,KXVOTEGENERAL-GOVPARTYGA-26KBOT-50,KXVOTEGENERAL,exit,YES,15.8,0.52,0.2761,-2.3301,yes_bid,
2026-09-27,momentum-mule,HOUSEAZ1-26-D,HOUSEAZ1,enter,YES,33.79,0.78,0.4059,,yes_ask,yes
2026-09-27,momentum-mule,HOUSEAZ1-26-R,HOUSEAZ1,enter,NO,0.1,0.78,0.0013,,derived(1 - yes_bid),yes
2026-09-27,momentum-mule,HOUSEPA8-26-D,HOUSEPA8,enter,YES,74.33,0.67,1.1505,,yes_ask,yes
2026-09-27,momentum-mule,KXALASKAHOUSE-26-BHIL,KXALASKAHOUSE,enter,NO,10.3,0.88,0.0762,,derived(1 - yes_bid),yes
2026-09-27,momentum-mule,KXANYDEMWINTEXAS-26NOV03,KXANYDEMWINTEXAS,enter,YES,1.03,0.63,0.0169,,yes_ask,yes
2026-09-27,momentum-mule,KXATTYGENDE-26-D,KXATTYGENDE,enter,YES,2.82,0.949,0.0096,,yes_ask,yes
2026-09-27,momentum-mule,KXATTYGENFL-26-R,KXATTYGENFL,enter,YES,4.96,0.82,0.0513,,yes_ask,yes
2026-09-27,momentum-mule,KXATTYGENGA-26-R,KXATTYGENGA,enter,NO,0.5,0.51,0.0088,,derived(1 - yes_bid),yes
2026-09-27,momentum-mule,KXATTYGENIA-26-D,KXATTYGENIA,enter,NO,45,0.67,0.6965,,derived(1 - yes_bid),yes
2026-09-27,momentum-mule,KXATTYGENMI-26-R,KXATTYGENMI,enter,NO,2.01,0.77,0.025,,derived(1 - yes_bid),yes
2026-09-27,momentum-mule,KXATTYGENOK-26-D,KXATTYGENOK,enter,NO,8.1,0.965,0.0192,,derived(1 - yes_bid),yes
2026-09-27,momentum-mule,KXCAATTORNEYGENERAL-26-MGAT,KXCAATTORNEYGENERAL,enter,NO,51.59,0.96,0.1387,,derived(1 - yes_bid),yes
2026-09-27,momentum-mule,KXCABILLIONAIRETAX-26NOV03,KXCABILLIONAIRETAX,enter,YES,9.3,0.987,0.0084,,yes_ask,yes
2026-09-27,momentum-mule,KXDEMSWINGSTATEGOVSWEEP-26NOV03,KXDEMSWINGSTATEGOVSWEEP,enter,NO,0.2,0.72,0.0029,,derived(1 - yes_bid),yes
2026-09-27,momentum-mule,KXDJTENDORSENETANYAHU-26JUN30-OCT28,KXDJTENDORSENETANYAHU,enter,NO,2.54,0.89,0.0175,,derived(1 - yes_bid),yes
2026-09-27,momentum-mule,KXGENERALCOUNTY-GOVPARTYNY-26-NASS,KXGENERALCOUNTY,enter,NO,1.93,0.69,0.0289,,derived(1 - yes_bid),yes
2026-09-27,momentum-mule,KXGENERALCOUNTY-SENATEMI-26-GRA,KXGENERALCOUNTY,enter,YES,0.5,0.66,0.0079,,yes_ask,yes
2026-09-27,momentum-mule,KXGENERALCOUNTY-SENATEMI-26-SAG,KXGENERALCOUNTY,enter,YES,1.65,0.67,0.0256,,yes_ask,yes
2026-09-27,momentum-mule,KXHOUSERACE-TN04-26-D,KXHOUSERACE,enter,NO,20,0.997,0.0042,,derived(1 - yes_bid),yes
2026-09-27,momentum-mule,KXHOUSEWINSTATE-ALD-E2,KXHOUSEWINSTATE,enter,NO,30,0.8,0.336,,derived(1 - yes_bid),yes
2026-09-27,momentum-mule,KXIDGROUNDWATER-26AUG17-A900,KXIDGROUNDWATER,enter,YES,31,0.61,0.5163,,yes_ask,yes
2026-09-27,momentum-mule,KXIDHB932-26-W1873,KXIDHB932,enter,YES,37.9,0.74,0.5105,,yes_ask,yes
2026-09-27,momentum-mule,KXMIDTERMMOV-GAGOVD-P1,KXMIDTERMMOV,enter,NO,0.1,0.6,0.0017,,derived(1 - yes_bid),yes
2026-09-27,momentum-mule,KXMIDTERMMOV-GAGOVD-P4,KXMIDTERMMOV,enter,NO,0.1,0.76,0.0013,,derived(1 - yes_bid),yes
2026-09-27,momentum-mule,KXMIDTERMMOV-IA01D-P3,KXMIDTERMMOV,enter,YES,0.5,0.76,0.0064,,yes_ask,yes
2026-09-27,momentum-mule,KXMIDTERMMOV-IDSENR-P19,KXMIDTERMMOV,enter,NO,0.3,0.71,0.0044,,derived(1 - yes_bid),yes
2026-09-27,momentum-mule,KXMIDTERMMOV-KSSENR-P7,KXMIDTERMMOV,enter,NO,60.38,0.76,0.771,,derived(1 - yes_bid),yes
2026-09-27,momentum-mule,KXMIDTERMMOV-MESEND-P5,KXMIDTERMMOV,enter,NO,75.26,0.72,1.0621,,derived(1 - yes_bid),yes
2026-09-27,momentum-mule,KXMIDTERMMOV-MI08D-P20,KXMIDTERMMOV,enter,NO,0.5,0.72,0.0071,,derived(1 - yes_bid),yes
2026-09-27,momentum-mule,KXMIDTERMMOV-MISENR-P5,KXMIDTERMMOV,enter,NO,48.15,0.934,0.2078,,derived(1 - yes_bid),yes
2026-09-27,momentum-mule,KXMIDTERMMOV-MNSEND-P7,KXMIDTERMMOV,enter,YES,6.7,0.61,0.1116,,yes_ask,yes
2026-09-27,momentum-mule,KXMIDTERMMOV-MTSENR-P15,KXMIDTERMMOV,enter,NO,4.5,0.958,0.0127,,derived(1 - yes_bid),yes
2026-09-27,momentum-mule,KXMIDTERMMOV-NC04D-P43,KXMIDTERMMOV,enter,YES,22,0.9,0.1386,,yes_ask,yes
2026-09-27,momentum-mule,KXMIDTERMMOV-NESENR-P12,KXMIDTERMMOV,enter,NO,9.32,0.919,0.0486,,derived(1 - yes_bid),yes
2026-09-27,momentum-mule,KXMIDTERMMOV-NHSEND-P6,KXMIDTERMMOV,enter,YES,12.1,0.61,0.2016,,yes_ask,yes
2026-09-27,momentum-mule,KXMIDTERMMOV-NJ05D-P25,KXMIDTERMMOV,enter,NO,3.9,0.8,0.0437,,derived(1 - yes_bid),yes
2026-09-27,momentum-mule,KXMIDTERMMOV-NY17D-P3,KXMIDTERMMOV,enter,YES,41,0.69,0.6139,,yes_ask,yes
2026-09-27,momentum-mule,KXMIDTERMMOV-NYGOVD-P22,KXMIDTERMMOV,enter,NO,0.1,0.85,0.0009,,derived(1 - yes_bid),yes
2026-09-27,momentum-mule,KXMIDTERMMOV-TXGOVR-P3,KXMIDTERMMOV,enter,YES,15.45,0.64,0.2492,,yes_ask,yes
2026-09-27,momentum-mule,KXMIDTERMMOV-WIGOVD-P7,KXMIDTERMMOV,enter,NO,18.9,0.65,0.301,,derived(1 - yes_bid),yes
2026-09-27,momentum-mule,KXMIDTERMVOTETURN-AKSEN-300000,KXMIDTERMVOTETURN,enter,YES,20,0.55,0.3465,,yes_ask,yes
2026-09-27,momentum-mule,KXMIDTERMVOTETURN-CAGOV-12000000,KXMIDTERMVOTETURN,enter,YES,10.1,0.8,0.1132,,yes_ask,yes
2026-09-27,momentum-mule,KXMIDTERMVOTETURN-LASEN-1220000,KXMIDTERMVOTETURN,enter,YES,20,0.96,0.0538,,yes_ask,yes
2026-09-27,momentum-mule,KXMIDTERMVOTETURN-LASEN-1360000,KXMIDTERMVOTETURN,enter,YES,20,0.73,0.276,,yes_ask,yes
2026-09-27,momentum-mule,KXMIDTERMVOTETURN-MNGOV-2500000,KXMIDTERMVOTETURN,enter,YES,20,0.98,0.0275,,yes_ask,yes
2026-09-27,momentum-mule,KXPRESSSECANNOUNCE-26AUG-OCT01,KXPRESSSECANNOUNCE,enter,NO,31.82,0.96,0.0856,,derived(1 - yes_bid),yes
2026-09-27,momentum-mule,KXSTATELEG-AZSEN26-R,KXSTATELEG,enter,YES,20,0.56,0.345,,yes_ask,yes
2026-09-27,momentum-mule,KXSTATELEG-MNSEN26-D,KXSTATELEG,enter,YES,2.87,0.86,0.0242,,yes_ask,yes
2026-09-27,momentum-mule,KXSTATELEG-WIASSEMBLY26-R,KXSTATELEG,enter,NO,27,0.65,0.43,,derived(1 - yes_bid),yes
2026-09-27,momentum-mule,KXTXRAILROAD-26-BFRE,KXTXRAILROAD,enter,YES,141.63,0.54,2.4627,,yes_ask,yes
2026-09-27,momentum-mule,KXTXRAILROAD-26-JROS,KXTXRAILROAD,enter,NO,121.07,0.52,2.1154,,derived(1 - yes_bid),yes
2026-09-27,momentum-mule,KXUSPSPORTALSUBMIT-26NOV03,KXUSPSPORTALSUBMIT,enter,NO,7.91,0.91,0.0454,,derived(1 - yes_bid),yes
2026-09-27,momentum-mule,KXVOTEGENERAL-KXHOUSERACE-FL25-26JMOS-48,KXVOTEGENERAL,enter,YES,20.5,0.9,0.1292,,yes_ask,yes
2026-09-27,momentum-mule,KXVOTEGENERAL-KXHOUSERACE-FL25-26SSIN-50,KXVOTEGENERAL,enter,NO,20,0.8,0.224,,derived(1 - yes_bid),yes
2026-09-27,momentum-mule,KXVOTEGENERAL-SENATENC-26RCOO-52,KXVOTEGENERAL,enter,YES,20,0.74,0.2694,,yes_ask,yes
2026-09-27,momentum-mule,KXVOTEGENERAL-SENATETX-26KPAX-50,KXVOTEGENERAL,enter,NO,3.28,0.8,0.0368,,derived(1 - yes_bid),yes
settlement,momentum-mule,KXPRESSSECANNOUNCE-26AUG-OCT01,KXPRESSSECANNOUNCE,settlement,NO,31.82,1,0,1.2728,official result (no) captured 2026-10-01T13:41:33.965467Z,
2026-09-28,momentum-mule,KXCAELECTION-2604-EJON,KXCAELECTION,exit,NO,5.9,0.76,0.0754,-0.3704,derived(1 - yes_ask),
2026-09-28,momentum-mule,KXFOURSTATESEN-26NOV03-FTFF,KXFOURSTATESEN,exit,NO,1.4,0.9,0.0089,-0.0929,derived(1 - yes_ask),
2026-09-28,momentum-mule,KXHOUSERACE-FL14-26-D,KXHOUSERACE,exit,YES,0.28,0.65,0.0045,-0.0157,yes_bid,
2026-09-28,momentum-mule,KXMIDTERMMOV-FLSENR-P10,KXMIDTERMMOV,exit,NO,0.06,0.61,0.001,-0.007,derived(1 - yes_ask),
2026-09-28,momentum-mule,KXMIDTERMMOV-KY06R-P3,KXMIDTERMMOV,exit,YES,0.22,0.57,0.0038,-0.0302,yes_bid,
2026-09-28,momentum-mule,KXMIDTERMMOV-MTSENR-P15,KXMIDTERMMOV,exit,NO,4.5,0.83,0.0445,-0.6205,derived(1 - yes_ask),
2026-09-28,momentum-mule,KXMIDTERMVOTETURN-CTGOV-1380000,KXMIDTERMVOTETURN,exit,NO,0.28,0.62,0.0047,-0.0523,derived(1 - yes_ask),
2026-09-28,momentum-mule,KXMIDTERMVOTETURN-MESEN-700000,KXMIDTERMVOTETURN,exit,YES,1.19,0.59,0.0202,-0.1987,yes_bid,
2026-09-28,momentum-mule,KXMIDTERMVOTETURN-MNGOV-2500000,KXMIDTERMVOTETURN,exit,YES,20,0.61,0.3331,-7.7331,yes_bid,
2026-09-28,momentum-mule,KXSTATELEG-TXHOUS26-D,KXSTATELEG,exit,NO,1.8,0.78,0.0217,-0.1837,derived(1 - yes_ask),
2026-09-28,momentum-mule,KXTXRAILROAD-26-BFRE,KXTXRAILROAD,exit,YES,141.63,0.48,2.4746,-10.9724,yes_bid,
2026-09-28,momentum-mule,KXVOTEGENERAL-GOVPARTYAL-26DJON-42,KXVOTEGENERAL,exit,YES,20,0.54,0.3478,-7.9478,yes_bid,
2026-09-28,momentum-mule,KXVOTEGENERAL-GOVPARTYAL-26DJON-44,KXVOTEGENERAL,exit,YES,1.09,0.35,0.0174,-0.388,yes_bid,
2026-09-28,momentum-mule,HOUSENJ7-26-D,HOUSENJ7,enter,YES,105.4,0.88,0.7792,,yes_ask,yes
2026-09-28,momentum-mule,HOUSENJ7-26-R,HOUSENJ7,enter,NO,31.49,0.88,0.2328,,derived(1 - yes_bid),yes
2026-09-28,momentum-mule,KXATTYGENIA-26-R,KXATTYGENIA,enter,YES,0.5,0.68,0.0077,,yes_ask,yes
2026-09-28,momentum-mule,KXCABALLOTMEASURES-26NOV03-PR38,KXCABALLOTMEASURES,enter,YES,22,0.94,0.0869,,yes_ask,yes
2026-09-28,momentum-mule,KXCABALLOTMEASURES-26NOV03-PR42,KXCABALLOTMEASURES,enter,YES,40.94,0.95,0.1362,,yes_ask,yes
2026-09-28,momentum-mule,KXCAELECTION-2634-AGON,KXCAELECTION,enter,YES,4.4,0.81,0.0475,,yes_ask,yes
2026-09-28,momentum-mule,KXCAELECTION-2634-JGOM,KXCAELECTION,enter,NO,2,0.83,0.0198,,derived(1 - yes_bid),yes
2026-09-28,momentum-mule,KXCALIFORNIALEAVE-27-PTHI,KXCALIFORNIALEAVE,enter,YES,3.04,0.61,0.0507,,yes_ask,yes
2026-09-28,momentum-mule,KXCAVOTERID-26,KXCAVOTERID,enter,NO,29.95,0.8,0.3355,,derived(1 - yes_bid),yes
2026-09-28,momentum-mule,KXDSENATEWON-26NOV03-AL15,KXDSENATEWON,enter,YES,2.5,0.88,0.0185,,yes_ask,yes
2026-09-28,momentum-mule,KXDSENATEWON-26NOV03-AL18,KXDSENATEWON,enter,YES,1.05,0.67,0.0163,,yes_ask,yes
2026-09-28,momentum-mule,KXDSENATEWON-26NOV03-AL20,KXDSENATEWON,enter,NO,19,0.85,0.1696,,derived(1 - yes_bid),yes
2026-09-28,momentum-mule,KXFOURSTATESEN-26NOV03-TTTT,KXFOURSTATESEN,enter,NO,5,0.71,0.0721,,derived(1 - yes_bid),yes
2026-09-28,momentum-mule,KXHOUSEMO5-26-D,KXHOUSEMO5,enter,YES,2.41,0.948,0.0084,,yes_ask,yes
2026-09-28,momentum-mule,KXHOUSEMO5-26-R,KXHOUSEMO5,enter,NO,61.86,0.985,0.064,,derived(1 - yes_bid),yes
2026-09-28,momentum-mule,KXHOUSERACE-AL02-26-D,KXHOUSERACE,enter,NO,2.5,0.77,0.031,,derived(1 - yes_bid),yes
2026-09-28,momentum-mule,KXHOUSERACE-AL02-26-R,KXHOUSERACE,enter,YES,6.1,0.76,0.0779,,yes_ask,yes
2026-09-28,momentum-mule,KXHOUSERACE-FL25-26-D,KXHOUSERACE,enter,YES,138.01,0.73,1.9042,,yes_ask,yes
2026-09-28,momentum-mule,KXHOUSERACE-NC05-26-D,KXHOUSERACE,enter,NO,40.09,0.933,0.1755,,derived(1 - yes_bid),yes
2026-09-28,momentum-mule,KXISENATEWON-26NOV03-AL2,KXISENATEWON,enter,NO,5.71,0.94,0.0226,,derived(1 - yes_bid),yes
2026-09-28,momentum-mule,KXJUSTICEGOV-28-26OCT01,KXJUSTICEGOV,enter,NO,74.61,0.97,0.152,,derived(1 - yes_bid),yes
2026-09-28,momentum-mule,KXLAMOV-KXMAYORLA26NRAM-NRAM-P51,KXLAMOV,enter,YES,1.1,0.68,0.0168,,yes_ask,yes
2026-09-28,momentum-mule,KXMETXCOMBO-26NOVB-TAL-JAC,KXMETXCOMBO,enter,NO,840.16,0.55,14.5558,,derived(1 - yes_bid),yes
2026-09-28,momentum-mule,KXMIDTERMMOV-GASEND-P6,KXMIDTERMMOV,enter,YES,0.5,0.74,0.0068,,yes_ask,yes
2026-09-28,momentum-mule,KXMIDTERMMOV-HI02D-P35,KXMIDTERMMOV,enter,YES,1.41,0.68,0.0215,,yes_ask,yes
2026-09-28,momentum-mule,KXMIDTERMMOV-IASENR-P2,KXMIDTERMMOV,enter,NO,20.7,0.61,0.3448,,derived(1 - yes_bid),yes
2026-09-28,momentum-mule,KXMIDTERMMOV-IDSENR-P33,KXMIDTERMMOV,enter,NO,21,0.952,0.0672,,derived(1 - yes_bid),yes
2026-09-28,momentum-mule,KXMIDTERMMOV-IL14D-P5,KXMIDTERMMOV,enter,YES,4,0.96,0.0108,,yes_ask,yes
2026-09-28,momentum-mule,KXMIDTERMMOV-KYSENR-P18,KXMIDTERMMOV,enter,YES,0.86,0.55,0.0149,,yes_ask,yes
2026-09-28,momentum-mule,KXMIDTERMMOV-LA02D-P38,KXMIDTERMMOV,enter,YES,20,0.88,0.1479,,yes_ask,yes
2026-09-28,momentum-mule,KXMIDTERMMOV-LA02D-P47,KXMIDTERMMOV,enter,YES,27.1,0.57,0.465,,yes_ask,yes
2026-09-28,momentum-mule,KXMIDTERMMOV-LA04R-P39,KXMIDTERMMOV,enter,NO,40,0.97,0.0815,,derived(1 - yes_bid),yes
2026-09-28,momentum-mule,KXMIDTERMMOV-MA03D-P25,KXMIDTERMMOV,enter,YES,5,0.938,0.0204,,yes_ask,yes
2026-09-28,momentum-mule,KXMIDTERMMOV-MESEND-P3,KXMIDTERMMOV,enter,NO,27.15,0.62,0.4478,,derived(1 - yes_bid),yes
2026-09-28,momentum-mule,KXMIDTERMMOV-MISEND-P7,KXMIDTERMMOV,enter,NO,19.14,0.82,0.1978,,derived(1 - yes_bid),yes
2026-09-28,momentum-mule,KXMIDTERMMOV-MNGOVD-P14,KXMIDTERMMOV,enter,NO,0.4,0.74,0.0054,,derived(1 - yes_bid),yes
2026-09-28,momentum-mule,KXMIDTERMMOV-MNSEND-P11,KXMIDTERMMOV,enter,NO,0.4,0.8,0.0045,,derived(1 - yes_bid),yes
2026-09-28,momentum-mule,KXMIDTERMMOV-MT01D-P3,KXMIDTERMMOV,enter,NO,2.65,0.86,0.0224,,derived(1 - yes_bid),yes
2026-09-28,momentum-mule,KXMIDTERMMOV-NC04D-P37,KXMIDTERMMOV,enter,YES,9.5,0.976,0.0156,,yes_ask,yes
2026-09-28,momentum-mule,KXMIDTERMMOV-NESENR-P6,KXMIDTERMMOV,enter,NO,4,0.66,0.0629,,derived(1 - yes_bid),yes
2026-09-28,momentum-mule,KXMIDTERMMOV-NHSEND-P10,KXMIDTERMMOV,enter,NO,9.31,0.7,0.1369,,derived(1 - yes_bid),yes
2026-09-28,momentum-mule,KXMIDTERMMOV-NM02D-P10,KXMIDTERMMOV,enter,YES,5.1,0.59,0.0864,,yes_ask,yes
2026-09-28,momentum-mule,KXMIDTERMMOV-NMSEND-P17,KXMIDTERMMOV,enter,YES,20,0.68,0.3047,,yes_ask,yes
2026-09-28,momentum-mule,KXMIDTERMMOV-OHSEND-P4,KXMIDTERMMOV,enter,NO,5.52,0.68,0.0841,,derived(1 - yes_bid),yes
2026-09-28,momentum-mule,KXMIDTERMMOV-OR06D-P25,KXMIDTERMMOV,enter,YES,4.01,0.56,0.0692,,yes_ask,yes
2026-09-28,momentum-mule,KXMIDTERMMOV-TXGOVR-P6,KXMIDTERMMOV,enter,NO,63.03,0.64,1.0166,,derived(1 - yes_bid),yes
2026-09-28,momentum-mule,KXMIDTERMMOV-UT03R-P40,KXMIDTERMMOV,enter,NO,6,0.75,0.0788,,derived(1 - yes_bid),yes
2026-09-28,momentum-mule,KXMIDTERMMOV-VA06R-P6,KXMIDTERMMOV,enter,YES,21.1,0.83,0.2085,,yes_ask,yes
2026-09-28,momentum-mule,KXMIDTERMMOV-VA10D-P16,KXMIDTERMMOV,enter,YES,8,0.83,0.0791,,yes_ask,yes
2026-09-28,momentum-mule,KXMIDTERMVOTETURN-CA11-230000,KXMIDTERMVOTETURN,enter,NO,40,0.57,0.6863,,derived(1 - yes_bid),yes
2026-09-28,momentum-mule,KXMIDTERMVOTETURN-COSEN-2500000,KXMIDTERMVOTETURN,enter,YES,2,0.64,0.0323,,yes_ask,yes
2026-09-28,momentum-mule,KXMIDTERMVOTETURN-IL07-210000,KXMIDTERMVOTETURN,enter,NO,10,0.7,0.147,,derived(1 - yes_bid),yes
2026-09-28,momentum-mule,KXMIDTERMVOTETURN-ILGOV-4100000,KXMIDTERMVOTETURN,enter,YES,0.82,0.59,0.0139,,yes_ask,yes
2026-09-28,momentum-mule,KXMIDTERMVOTETURN-MEGOV-750000,KXMIDTERMVOTETURN,enter,YES,2.18,0.59,0.037,,yes_ask,yes
2026-09-28,momentum-mule,KXMIDTERMVOTETURN-MISEN-4700000,KXMIDTERMVOTETURN,enter,YES,0.38,0.6,0.0064,,yes_ask,yes
2026-09-28,momentum-mule,KXMIDTERMVOTETURN-OKSEN-1200000,KXMIDTERMVOTETURN,enter,YES,2,0.54,0.0348,,yes_ask,yes
2026-09-28,momentum-mule,KXMIDTERMVOTETURN-OR01-330000,KXMIDTERMVOTETURN,enter,NO,2.7,0.67,0.0418,,derived(1 - yes_bid),yes
2026-09-28,momentum-mule,KXMIDTERMVOTETURN-ORSEN-2000000,KXMIDTERMVOTETURN,enter,NO,0.7,0.58,0.012,,derived(1 - yes_bid),yes
2026-09-28,momentum-mule,KXOHSENGOVCOMBO-26NOV-REPDEM,KXOHSENGOVCOMBO,enter,NO,23.87,0.89,0.1636,,derived(1 - yes_bid),yes
2026-09-28,momentum-mule,KXPRESSBRIEFINGCOUNT-26SEP-A2,KXPRESSBRIEFINGCOUNT,enter,NO,21.5,0.92,0.1108,,derived(1 - yes_bid),yes
2026-09-28,momentum-mule,KXRHOUSEWON-26NOV03-AL206,KXRHOUSEWON,enter,NO,0.41,0.69,0.0062,,derived(1 - yes_bid),yes
2026-09-28,momentum-mule,KXRHOUSEWON-26NOV03-AL214,KXRHOUSEWON,enter,NO,250,0.9,1.575,,derived(1 - yes_bid),yes
2026-09-28,momentum-mule,KXRHOUSEWON-26NOV03-AL218,KXRHOUSEWON,enter,NO,3,0.95,0.01,,derived(1 - yes_bid),yes
2026-09-28,momentum-mule,KXRSENATEWON-26NOV03-AL17,KXRSENATEWON,enter,YES,20.2,0.67,0.3127,,yes_ask,yes
2026-09-28,momentum-mule,KXRSENATEWON-26NOV03-AL19,KXRSENATEWON,enter,NO,10.24,0.69,0.1534,,derived(1 - yes_bid),yes
2026-09-28,momentum-mule,KXRSENATEWON-26NOV03-AL20,KXRSENATEWON,enter,NO,26.6,0.79,0.309,,derived(1 - yes_bid),yes
2026-09-28,momentum-mule,KXSECSTATEGA-26-R,KXSECSTATEGA,enter,NO,0.1,0.56,0.0018,,derived(1 - yes_bid),yes
2026-09-28,momentum-mule,KXSTATEBALLOTMEASURE-AZ-P144,KXSTATEBALLOTMEASURE,enter,YES,1.64,0.94,0.0065,,yes_ask,yes
2026-09-28,momentum-mule,KXTALLAHASSEEMAYOR-26-JMAT,KXTALLAHASSEEMAYOR,enter,NO,35.92,0.53,0.6264,,derived(1 - yes_bid),yes
2026-09-28,momentum-mule,KXVOTECOUNTY-SENATETX26STARRJTAL-54,KXVOTECOUNTY,enter,YES,7.62,0.61,0.1269,,yes_ask,yes
2026-09-28,momentum-mule,KXVOTEGENERAL-GOVPARTYID-26BLIT-58,KXVOTEGENERAL,enter,YES,10,0.97,0.0204,,yes_ask,yes
2026-09-28,momentum-mule,KXVOTEGENERAL-GOVPARTYKS-27CHOL-50,KXVOTEGENERAL,enter,NO,2.48,0.88,0.0184,,derived(1 - yes_bid),yes
2026-09-28,momentum-mule,KXVOTEGENERAL-HOUSETX15-26BPUL-52,KXVOTEGENERAL,enter,YES,20,0.56,0.345,,yes_ask,yes
2026-09-28,momentum-mule,KXVOTEGENERAL-HOUSETX15-26MCRU-48,KXVOTEGENERAL,enter,NO,20,0.59,0.3387,,derived(1 - yes_bid),yes
2026-09-28,momentum-mule,KXVOTEGENERAL-KXHOUSEMO5-26ECLE-52,KXVOTEGENERAL,enter,YES,7.1,0.98,0.0098,,yes_ask,yes
2026-09-28,momentum-mule,KXVOTEGENERAL-KXHOUSEMO5-26ECLE-54,KXVOTEGENERAL,enter,YES,0.5,0.98,0.0007,,yes_ask,yes
2026-09-28,momentum-mule,KXVOTEGENERAL-KXHOUSEMO5-26ECLE-56,KXVOTEGENERAL,enter,YES,20,0.97,0.0408,,yes_ask,yes
2026-09-28,momentum-mule,KXVOTEGENERAL-KXHOUSERACE-NE03-26ASMI-74,KXVOTEGENERAL,enter,NO,20,0.66,0.3142,,derived(1 - yes_bid),yes
2026-09-28,momentum-mule,KXVOTEGENERAL-KXHOUSERACE-VA05-26JMCG-54,KXVOTEGENERAL,enter,NO,20.5,0.73,0.2829,,derived(1 - yes_bid),yes
2026-09-28,momentum-mule,KXVOTEGENERAL-KXHOUSERACE-VA05-26TPER-44,KXVOTEGENERAL,enter,YES,20,0.82,0.2067,,yes_ask,yes
2026-09-28,momentum-mule,KXVOTEGENERAL-SENATEMT26SBOD-35,KXVOTEGENERAL,enter,YES,30,0.76,0.3831,,yes_ask,yes
2026-09-28,momentum-mule,KXVOTEGENERAL-SENATEOHS-26SBRO-50,KXVOTEGENERAL,enter,NO,40,0.58,0.6821,,derived(1 - yes_bid),yes
settlement,momentum-mule,KXJUSTICEGOV-28-26OCT01,KXJUSTICEGOV,settlement,NO,74.61,1,0,2.2383,official result (no) captured 2026-10-01T14:08:13.964489Z,
settlement,momentum-mule,KXPRESSBRIEFINGCOUNT-26SEP-A2,KXPRESSBRIEFINGCOUNT,settlement,NO,21.5,1,0,1.72,official result (no) captured 2026-10-01T14:10:43.962823Z,
2026-09-29,momentum-mule,KXCAGOVLAMAYOR-26NOV-RAM-BEC,KXCAGOVLAMAYOR,exit,YES,9.17,0.55,0.1589,-1.1676,yes_bid,
2026-09-29,momentum-mule,KXCAVOTERID-26,KXCAVOTERID,exit,NO,29.95,0.69,0.4485,-3.743,derived(1 - yes_ask),
2026-09-29,momentum-mule,KXDHOUSESEATSDIR-27-A241,KXDHOUSESEATSDIR,exit,NO,0.12,0.65,0.002,-0.014,derived(1 - yes_ask),
2026-09-29,momentum-mule,KXDJTENDORSENETANYAHU-26JUN30-OCT28,KXDJTENDORSENETANYAHU,exit,NO,2.54,0.6,0.0427,-0.7793,derived(1 - yes_ask),
2026-09-29,momentum-mule,KXDSENATEWON-26NOV03-AL18,KXDSENATEWON,exit,YES,1.05,0.53,0.0184,-0.1654,yes_bid,
2026-09-29,momentum-mule,KXFOURSTATESEN-26NOV03-FFFF,KXFOURSTATESEN,exit,NO,1.4,0.86,0.0118,-0.121,derived(1 - yes_ask),
2026-09-29,momentum-mule,KXFOURSTATESEN-26NOV03-TTTT,KXFOURSTATESEN,exit,NO,5,0.63,0.0816,-0.4816,derived(1 - yes_ask),
2026-09-29,momentum-mule,KXGENERALCOUNTY-SENATEMI-26-SAG,KXGENERALCOUNTY,exit,YES,1.65,0.53,0.0288,-0.2598,yes_bid,
2026-09-29,momentum-mule,KXHOUSEPOPVOTEMARGIND-26NOV03-AL6,KXHOUSEPOPVOTEMARGIND,exit,YES,84,0.87,0.6651,-6.5451,yes_bid,
2026-09-29,momentum-mule,KXMANCHINCOMBO-26NOV03-LL,KXMANCHINCOMBO,exit,YES,0.22,0.51,0.0039,-0.0215,yes_bid,
2026-09-29,momentum-mule,KXMIDTERMMOV-IDSENR-P19,KXMIDTERMMOV,exit,NO,0.3,0.27,0.0042,-0.1362,derived(1 - yes_ask),
2026-09-29,momentum-mule,KXMIDTERMMOV-MNGOVD-P11,KXMIDTERMMOV,exit,YES,1.3,0.58,0.0222,-0.1262,yes_bid,
2026-09-29,momentum-mule,KXMIDTERMMOV-MNSEND-P5,KXMIDTERMMOV,exit,YES,14.62,0.75,0.1919,-1.5077,yes_bid,
2026-09-29,momentum-mule,KXMIDTERMVOTETURN-CA11-230000,KXMIDTERMVOTETURN,exit,NO,40,0.41,0.6774,-7.0774,derived(1 - yes_ask),
2026-09-29,momentum-mule,KXMIDTERMVOTETURN-MEGOV-750000,KXMIDTERMVOTETURN,exit,YES,2.18,0.45,0.0378,-0.343,yes_bid,
2026-09-29,momentum-mule,KXPRESSSECANNOUNCE-26AUG-JAN01,KXPRESSSECANNOUNCE,exit,YES,0.12,0.71,0.0018,-0.015,yes_bid,
2026-09-29,momentum-mule,KXTRUMPFLAVIO-26OCT26,KXTRUMPFLAVIO,exit,NO,0.02,0.66,0.0004,-0.0018,derived(1 - yes_ask),
2026-09-29,momentum-mule,KXVOTEGENERAL-SENATETX-26TBRO-3,KXVOTEGENERAL,exit,NO,40.5,0.69,0.6065,-10.3265,derived(1 - yes_ask),
2026-09-29,momentum-mule,GOVPARTYFL-26-D,GOVPARTYFL,enter,NO,2076.7,0.78,24.9454,,derived(1 - yes_bid),yes
2026-09-29,momentum-mule,GOVPARTYFL-26-R,GOVPARTYFL,enter,YES,2581.53,0.78,31.0094,,yes_ask,yes
2026-09-29,momentum-mule,GOVPARTYGA-26-D,GOVPARTYGA,enter,NO,182.69,0.51,3.1958,,derived(1 - yes_bid),yes
2026-09-29,momentum-mule,GOVPARTYGA-26-R,GOVPARTYGA,enter,YES,917.07,0.52,16.0231,,yes_ask,yes
2026-09-29,momentum-mule,GOVPARTYTX-26-D,GOVPARTYTX,enter,NO,2030.22,0.79,23.577,,derived(1 - yes_bid),yes
2026-09-29,momentum-mule,GOVPARTYTX-26-R,GOVPARTYTX,enter,YES,451.59,0.79,5.2444,,yes_ask,yes
2026-09-29,momentum-mule,HOUSEVA1-26-D,HOUSEVA1,enter,NO,342.44,0.66,5.3791,,derived(1 - yes_bid),yes
2026-09-29,momentum-mule,HOUSEVA1-26-R,HOUSEVA1,enter,YES,298.24,0.64,4.8101,,yes_ask,yes
2026-09-29,momentum-mule,KXCAELECTION-2629-LRIV,KXCAELECTION,enter,YES,12.8,0.94,0.0506,,yes_ask,yes
2026-09-29,momentum-mule,KXDFGOV-26OCT25-CLEA,KXDFGOV,enter,YES,23.2,0.95,0.0772,,yes_ask,yes
2026-09-29,momentum-mule,KXDHOUSEWON-26NOV03-AL222,KXDHOUSEWON,enter,YES,20,0.87,0.1584,,yes_ask,yes
2026-09-29,momentum-mule,KXDHOUSEWON-26NOV03-AL226,KXDHOUSEWON,enter,YES,26.86,0.78,0.3227,,yes_ask,yes
2026-09-29,momentum-mule,KXDHOUSEWON-26NOV03-AL250,KXDHOUSEWON,enter,NO,30.06,0.87,0.238,,derived(1 - yes_bid),yes
2026-09-29,momentum-mule,KXDSENATEWON-26NOV03-AL19,KXDSENATEWON,enter,NO,5.5,0.71,0.0793,,derived(1 - yes_bid),yes
2026-09-29,momentum-mule,KXEXITPOLL-WCOLMEN-REP,KXEXITPOLL,enter,NO,0.5,0.94,0.002,,derived(1 - yes_bid),yes
2026-09-29,momentum-mule,KXGENERALCOUNTY-SENATEFLS-26-STL,KXGENERALCOUNTY,enter,NO,46.43,0.64,0.7489,,derived(1 - yes_bid),yes
2026-09-29,momentum-mule,KXGENERALCOUNTY-SENATEMI-26-KEN,KXGENERALCOUNTY,enter,YES,1.61,0.96,0.0044,,yes_ask,yes
2026-09-29,momentum-mule,KXGENERALCOUNTY-SENATETX-26-BAST,KXGENERALCOUNTY,enter,NO,11,0.63,0.1795,,derived(1 - yes_bid),yes
2026-09-29,momentum-mule,KXGOVTSHUTDOWN-26DEC12,KXGOVTSHUTDOWN,enter,NO,331.06,0.69,4.957,,derived(1 - yes_bid),yes
2026-09-29,momentum-mule,KXHOUSEPOPVOTEMARGIND-26NOV03-AL8,KXHOUSEPOPVOTEMARGIND,enter,YES,60.5,0.75,0.7941,,yes_ask,yes
2026-09-29,momentum-mule,KXJUSTICEGOV-28-26NOV01,KXJUSTICEGOV,enter,NO,20.5,0.62,0.3381,,derived(1 - yes_bid),yes
2026-09-29,momentum-mule,KXLAMOV-KXMAYORLA26KBAS-KBAS-P53,KXLAMOV,enter,NO,0.68,0.86,0.0058,,derived(1 - yes_bid),yes
2026-09-29,momentum-mule,KXLEAGUECITYFLOCK-26NOV03,KXLEAGUECITYFLOCK,enter,YES,0.5,0.63,0.0082,,yes_ask,yes
2026-09-29,momentum-mule,KXLEAVETISCH-27JAN01,KXLEAVETISCH,enter,NO,0.96,0.86,0.0081,,derived(1 - yes_bid),yes
2026-09-29,momentum-mule,KXMIDTERMHAPPEN-2026-T50,KXMIDTERMHAPPEN,enter,YES,71.79,0.87,0.5684,,yes_ask,yes
2026-09-29,momentum-mule,KXMIDTERMMOV-CO02D-P55,KXMIDTERMMOV,enter,NO,3.5,0.92,0.0181,,derived(1 - yes_bid),yes
2026-09-29,momentum-mule,KXMIDTERMMOV-FL13R-P7,KXMIDTERMMOV,enter,NO,6.82,0.59,0.1155,,derived(1 - yes_bid),yes
2026-09-29,momentum-mule,KXMIDTERMMOV-FLSENR-P6,KXMIDTERMMOV,enter,YES,9.36,0.61,0.1559,,yes_ask,yes
2026-09-29,momentum-mule,KXMIDTERMMOV-FLSENR-P8,KXMIDTERMMOV,enter,YES,0.98,0.52,0.0172,,yes_ask,yes
2026-09-29,momentum-mule,KXMIDTERMMOV-GA05D-P71,KXMIDTERMMOV,enter,YES,1,0.63,0.0164,,yes_ask,yes
2026-09-29,momentum-mule,KXMIDTERMMOV-IDGOVR-P30,KXMIDTERMMOV,enter,YES,6,0.59,0.1016,,yes_ask,yes
2026-09-29,momentum-mule,KXMIDTERMMOV-ILGOVD-P30,KXMIDTERMMOV,enter,NO,2,0.89,0.0138,,derived(1 - yes_bid),yes
2026-09-29,momentum-mule,KXMIDTERMMOV-MASEND-P35,KXMIDTERMMOV,enter,NO,1.7,0.6,0.0286,,derived(1 - yes_bid),yes
2026-09-29,momentum-mule,KXMIDTERMMOV-MESEND-P7,KXMIDTERMMOV,enter,NO,21.7,0.82,0.2243,,derived(1 - yes_bid),yes
2026-09-29,momentum-mule,KXMIDTERMMOV-MISEND-P11,KXMIDTERMMOV,enter,NO,36.02,0.94,0.1423,,derived(1 - yes_bid),yes
2026-09-29,momentum-mule,KXMIDTERMMOV-MISEND-P5,KXMIDTERMMOV,enter,NO,176.96,0.63,2.8875,,derived(1 - yes_bid),yes
2026-09-29,momentum-mule,KXMIDTERMMOV-MISEND-P9,KXMIDTERMMOV,enter,NO,120.56,0.87,0.9545,,derived(1 - yes_bid),yes
2026-09-29,momentum-mule,KXMIDTERMMOV-NESENDOSB-P3,KXMIDTERMMOV,enter,NO,23.66,0.949,0.0802,,derived(1 - yes_bid),yes
2026-09-29,momentum-mule,KXMIDTERMMOV-NJ02D-P3,KXMIDTERMMOV,enter,NO,14.03,0.87,0.1111,,derived(1 - yes_bid),yes
2026-09-29,momentum-mule,KXMIDTERMMOV-NY02R-P13,KXMIDTERMMOV,enter,NO,3.2,0.68,0.0488,,derived(1 - yes_bid),yes
2026-09-29,momentum-mule,KXMIDTERMMOV-OHSEND-P2,KXMIDTERMMOV,enter,NO,24.55,0.55,0.4254,,derived(1 - yes_bid),yes
2026-09-29,momentum-mule,KXMIDTERMMOV-OKGOVR-P13,KXMIDTERMMOV,enter,NO,20,0.7,0.294,,derived(1 - yes_bid),yes
2026-09-29,momentum-mule,KXMIDTERMMOV-OKGOVR-P19,KXMIDTERMMOV,enter,NO,10,0.88,0.074,,derived(1 - yes_bid),yes
2026-09-29,momentum-mule,KXMIDTERMMOV-OKGOVR-P25,KXMIDTERMMOV,enter,NO,5,0.95,0.0167,,derived(1 - yes_bid),yes
2026-09-29,momentum-mule,KXMIDTERMMOV-TX01R-P50,KXMIDTERMMOV,enter,NO,2,0.66,0.0315,,derived(1 - yes_bid),yes
2026-09-29,momentum-mule,KXMIDTERMMOV-TX35D-P2,KXMIDTERMMOV,enter,YES,16.75,0.62,0.2763,,yes_ask,yes
2026-09-29,momentum-mule,KXMIDTERMVOTETURN-AKGOV-270000,KXMIDTERMVOTETURN,enter,YES,20,0.72,0.2823,,yes_ask,yes
2026-09-29,momentum-mule,KXMIDTERMVOTETURN-MNGOV-2500000,KXMIDTERMVOTETURN,enter,YES,28.2,0.65,0.4491,,yes_ask,yes
2026-09-29,momentum-mule,KXMIDTERMVOTETURN-SCSEN-1680000,KXMIDTERMVOTETURN,enter,YES,2.98,0.75,0.0392,,yes_ask,yes
2026-09-29,momentum-mule,KXMIDTERMVOTETURN-WA03-350000,KXMIDTERMVOTETURN,enter,NO,5,0.65,0.0797,,derived(1 - yes_bid),yes
2026-09-29,momentum-mule,KXPAFLOCKBAN-27JAN01,KXPAFLOCKBAN,enter,NO,41.54,0.83,0.4103,,derived(1 - yes_bid),yes
2026-09-29,momentum-mule,KXREDISTRICTING-26-MIS,KXREDISTRICTING,enter,NO,8.31,0.986,0.0081,,derived(1 - yes_bid),yes
2026-09-29,momentum-mule,KXREPRODUCTIVEMEASURES-26-MO,KXREPRODUCTIVEMEASURES,enter,YES,1.03,0.57,0.0177,,yes_ask,yes
2026-09-29,momentum-mule,KXSECSTATEGA-26-D,KXSECSTATEGA,enter,YES,10.6,0.55,0.1837,,yes_ask,yes
2026-09-29,momentum-mule,KXSECSTATEIN-26-DEM,KXSECSTATEIN,enter,YES,19.34,0.58,0.3298,,yes_ask,yes
2026-09-29,momentum-mule,KXSTATEBALLOTMEASURE-AK-BM2,KXSTATEBALLOTMEASURE,enter,NO,20,0.6,0.336,,derived(1 - yes_bid),yes
2026-09-29,momentum-mule,KXSTATEBALLOTMEASURE-CO-I110,KXSTATEBALLOTMEASURE,enter,NO,0.5,0.93,0.0023,,derived(1 - yes_bid),yes
2026-09-29,momentum-mule,KXSTATELAW-27-DRAG,KXSTATELAW,enter,NO,22.06,0.96,0.0593,,derived(1 - yes_bid),yes
2026-09-29,momentum-mule,KXSTATELEG-NCHOUSE26-D,KXSTATELEG,enter,NO,15.82,0.75,0.2077,,derived(1 - yes_bid),yes
2026-09-29,momentum-mule,KXTXRAILROADCOMBO-26NOV03-BFTL,KXTXRAILROADCOMBO,enter,NO,21.95,0.83,0.2169,,derived(1 - yes_bid),yes
2026-09-29,momentum-mule,KXVOTECOUNTY-GOVPARTYFL26MIAMIDADEBDON-46,KXVOTECOUNTY,enter,YES,10,0.77,0.124,,yes_ask,yes
2026-09-29,momentum-mule,KXVOTEGENERAL-GOVPARTYNY-26BBLA-44,KXVOTEGENERAL,enter,NO,3.95,0.79,0.0459,,derived(1 - yes_bid),yes
2026-09-29,momentum-mule,KXVOTEGENERAL-HOUSENY4-26BTAR-3,KXVOTEGENERAL,enter,NO,0.5,0.94,0.002,,derived(1 - yes_bid),yes
2026-09-29,momentum-mule,KXVOTEGENERAL-HOUSETX15-26BPUL-50,KXVOTEGENERAL,enter,YES,2.72,0.72,0.0384,,yes_ask,yes
2026-09-29,momentum-mule,KXVOTEGENERAL-KXHOUSERACE-CA06-26KKIL-42,KXVOTEGENERAL,enter,YES,0.5,0.59,0.0085,,yes_ask,yes
2026-09-29,momentum-mule,KXVOTEGENERAL-KXHOUSERACE-CA24-26BSMI-36,KXVOTEGENERAL,enter,NO,58.56,0.91,0.3358,,derived(1 - yes_bid),yes
2026-09-29,momentum-mule,KXVOTEGENERAL-KXHOUSERACE-CO01-26CHUM-1,KXVOTEGENERAL,enter,YES,20,0.8,0.224,,yes_ask,yes
2026-09-29,momentum-mule,KXVOTEGENERAL-KXHOUSERACE-CO07-26JKRZ-2,KXVOTEGENERAL,enter,NO,61.2,0.89,0.4195,,derived(1 - yes_bid),yes
2026-09-29,momentum-mule,KXVOTEGENERAL-KXHOUSERACE-FL25-26JMOS-50,KXVOTEGENERAL,enter,YES,10,0.72,0.1412,,yes_ask,yes
2026-09-29,momentum-mule,KXVOTEGENERAL-KXHOUSERACE-LA01-26LJEW-32,KXVOTEGENERAL,enter,YES,20,0.6,0.336,,yes_ask,yes
2026-09-29,momentum-mule,KXVOTEGENERAL-KXHOUSERACE-LA02-26TCAR-70,KXVOTEGENERAL,enter,YES,20.5,0.93,0.0935,,yes_ask,yes
2026-09-29,momentum-mule,KXVOTEGENERAL-KXHOUSERACE-LA02-26TCAR-76,KXVOTEGENERAL,enter,YES,21,0.74,0.2829,,yes_ask,yes
2026-09-29,momentum-mule,KXVOTEGENERAL-KXHOUSERACE-LA05-26DMCK-14,KXVOTEGENERAL,enter,NO,0.1,0.96,0.0003,,derived(1 - yes_bid),yes
2026-09-29,momentum-mule,KXVOTEGENERAL-KXHOUSEUT03-26CEAS-2,KXVOTEGENERAL,enter,YES,40.2,0.77,0.4984,,yes_ask,yes
2026-09-29,momentum-mule,KXVOTEGENERAL-SENATEFLS-26AMOO-50,KXVOTEGENERAL,enter,YES,9,0.84,0.0847,,yes_ask,yes
2026-09-29,momentum-mule,KXVOTEGENERAL-SENATEIA-26AHIN-50,KXVOTEGENERAL,enter,NO,40,0.62,0.6597,,derived(1 - yes_bid),yes
2026-09-29,momentum-mule,KXVOTEGENERAL-SENATEID-26JRIS-58,KXVOTEGENERAL,enter,NO,4.36,0.92,0.0225,,derived(1 - yes_bid),yes
2026-09-29,momentum-mule,KXVOTEGENERAL-SENATENE26PRIC-52,KXVOTEGENERAL,enter,NO,2.52,0.7,0.0371,,derived(1 - yes_bid),yes
2026-09-29,momentum-mule,KXVOTEGENERAL-SENATESC-26DGRA-54,KXVOTEGENERAL,enter,NO,0.5,0.75,0.0066,,derived(1 - yes_bid),yes
2026-09-29,momentum-mule,KXVOTEGENERAL-SENATETX-26JTAL-52,KXVOTEGENERAL,enter,NO,4.94,0.88,0.0366,,derived(1 - yes_bid),yes
2026-09-30,momentum-mule,HOUSEMT1-26-D,HOUSEMT1,exit,NO,48.99,0.66,0.7696,-3.2191,derived(1 - yes_ask),
2026-09-30,momentum-mule,HOUSEVA1-26-D,HOUSEVA1,exit,NO,342.44,0.6,5.753,-26.2994,derived(1 - yes_ask),
2026-09-30,momentum-mule,HOUSEVA1-26-R,HOUSEVA1,exit,YES,298.24,0.6,5.0105,-16.9401,yes_bid,
2026-09-30,momentum-mule,KXCAELECTION-2634-JGOM,KXCAELECTION,exit,NO,2,0.77,0.0248,-0.1448,derived(1 - yes_ask),
2026-09-30,momentum-mule,KXGENERALCOUNTY-SENATEMI-26-GRA,KXGENERALCOUNTY,exit,YES,0.5,0.58,0.0086,-0.0486,yes_bid,
2026-09-30,momentum-mule,KXHOUSEPOPVOTEMARGIND-26NOV03-AL8,KXHOUSEPOPVOTEMARGIND,exit,YES,60.5,0.67,0.9364,-5.7764,yes_bid,
2026-09-30,momentum-mule,KXLAMOV-KXMAYORLA26NRAM-NRAM-P51,KXLAMOV,exit,YES,1.1,0.59,0.0187,-0.1177,yes_bid,
2026-09-30,momentum-mule,KXLEAVETISCH-27JAN01,KXLEAVETISCH,exit,NO,0.96,0.78,0.0116,-0.0884,derived(1 - yes_ask),
2026-09-30,momentum-mule,KXMIDTERMMOV-FLSENR-P6,KXMIDTERMMOV,exit,YES,9.36,0.56,0.1615,-0.6295,yes_bid,
2026-09-30,momentum-mule,KXMIDTERMMOV-GASEND-P10,KXMIDTERMMOV,exit,NO,55.61,0.58,0.9483,-4.2849,derived(1 - yes_ask),
2026-09-30,momentum-mule,KXMIDTERMMOV-IASENR-P2,KXMIDTERMMOV,exit,NO,20.7,0.53,0.361,-2.017,derived(1 - yes_ask),
2026-09-30,momentum-mule,KXMIDTERMMOV-MISEND-P7,KXMIDTERMMOV,exit,NO,19.14,0.76,0.2444,-1.3928,derived(1 - yes_ask),
2026-09-30,momentum-mule,KXMIDTERMMOV-MNSEND-P11,KXMIDTERMMOV,exit,NO,0.4,0.68,0.0061,-0.0541,derived(1 - yes_ask),
2026-09-30,momentum-mule,KXMIDTERMMOV-MNSEND-P7,KXMIDTERMMOV,exit,YES,6.7,0.47,0.1169,-1.0549,yes_bid,
2026-09-30,momentum-mule,KXMIDTERMMOV-OHSEND-P2,KXMIDTERMMOV,exit,NO,24.55,0.48,0.429,-2.1475,derived(1 - yes_ask),
2026-09-30,momentum-mule,KXMIDTERMMOV-OHSEND-P4,KXMIDTERMMOV,exit,NO,5.52,0.6,0.0928,-0.5344,derived(1 - yes_ask),
2026-09-30,momentum-mule,KXMIDTERMVOTETURN-CAGOV-12600000,KXMIDTERMVOTETURN,exit,NO,5,0.59,0.0847,-0.5847,derived(1 - yes_ask),
2026-09-30,momentum-mule,KXMIDTERMVOTETURN-HIGOV-410000,KXMIDTERMVOTETURN,exit,YES,0.28,0.37,0.0046,-0.0578,yes_bid,
2026-09-30,momentum-mule,KXTXRAILROAD-26-JROS,KXTXRAILROAD,exit,NO,121.07,0.45,2.0976,-10.5725,derived(1 - yes_ask),
2026-09-30,momentum-mule,KXVANCERUN-28-27JAN01,KXVANCERUN,exit,NO,0.33,0.85,0.003,-0.03567,derived(1 - yes_ask),
2026-09-30,momentum-mule,HOUSECO8-26-D,HOUSECO8,enter,YES,7.41,0.88,0.0548,,yes_ask,yes
2026-09-30,momentum-mule,KXATTYGENOH-26-D,KXATTYGENOH,enter,NO,16.67,0.84,0.1569,,derived(1 - yes_bid),yes
2026-09-30,momentum-mule,KXCABALLOTMEASURES-26NOV03-PR04,KXCABALLOTMEASURES,enter,NO,0.15,0.87,0.0012,,derived(1 - yes_bid),yes
2026-09-30,momentum-mule,KXCAVOTERID-26,KXCAVOTERID,enter,NO,26.71,0.67,0.4134,,derived(1 - yes_bid),yes
2026-09-30,momentum-mule,KXDHOUSEWON-26NOV03-AL242,KXDHOUSEWON,enter,NO,10,0.74,0.1347,,derived(1 - yes_bid),yes
2026-09-30,momentum-mule,KXDHOUSEWON-26NOV03-AL246,KXDHOUSEWON,enter,NO,10,0.83,0.0988,,derived(1 - yes_bid),yes
2026-09-30,momentum-mule,KXDJTENDORSENETANYAHU-26JUN30-OCT28,KXDJTENDORSENETANYAHU,enter,NO,1.35,0.67,0.0209,,derived(1 - yes_bid),yes
2026-09-30,momentum-mule,KXGOVPARTYAK-26-D,KXGOVPARTYAK,enter,YES,12.37,0.8,0.1386,,yes_ask,yes
2026-09-30,momentum-mule,KXGOVPARTYAK-26-R,KXGOVPARTYAK,enter,NO,1.73,0.8,0.0194,,derived(1 - yes_bid),yes
2026-09-30,momentum-mule,KXHOUSERACE-AZ09-26-R,KXHOUSERACE,enter,YES,0.6,0.959,0.0017,,yes_ask,yes
2026-09-30,momentum-mule,KXHOUSERACE-OK04-26-D,KXHOUSERACE,enter,NO,4.5,0.997,0.001,,derived(1 - yes_bid),yes
2026-09-30,momentum-mule,KXHOUSERACE-TN02-26-R,KXHOUSERACE,enter,YES,0.2,0.96,0.0006,,yes_ask,yes
2026-09-30,momentum-mule,KXIASENGOVCOMBO-26NOV-DEMDEM,KXIASENGOVCOMBO,enter,NO,0.4,0.55,0.007,,derived(1 - yes_bid),yes
2026-09-30,momentum-mule,KXIDGROUNDWATER-26AUG17-A1000,KXIDGROUNDWATER,enter,NO,17.88,0.57,0.3068,,derived(1 - yes_bid),yes
2026-09-30,momentum-mule,KXISENATEWON-26NOV03-AL1,KXISENATEWON,enter,NO,0.02,0.75,0.0003,,derived(1 - yes_bid),yes
2026-09-30,momentum-mule,KXJUSTICEGOV-28-26OCT01,KXJUSTICEGOV,enter,NO,18.2,0.99,0.0127,,derived(1 - yes_bid),yes
2026-09-30,momentum-mule,KXKLOBSEAT-27FEB01-ACRA,KXKLOBSEAT,enter,NO,16,0.81,0.1724,,derived(1 - yes_bid),yes
2026-09-30,momentum-mule,KXKLOBSEAT-27FEB01-AKLO,KXKLOBSEAT,enter,NO,3.92,0.95,0.0131,,derived(1 - yes_bid),yes
2026-09-30,momentum-mule,KXMIDTERMMOV-AZ03D-P63,KXMIDTERMMOV,enter,YES,30.5,0.909,0.1767,,yes_ask,yes
2026-09-30,momentum-mule,KXMIDTERMMOV-FLGOVR-P3,KXMIDTERMMOV,enter,YES,40.66,0.62,0.6706,,yes_ask,yes
2026-09-30,momentum-mule,KXMIDTERMMOV-ILGOVD-P12,KXMIDTERMMOV,enter,YES,0.1,0.909,0.0006,,yes_ask,yes
2026-09-30,momentum-mule,KXMIDTERMMOV-MASEND-P33,KXMIDTERMMOV,enter,NO,20,0.58,0.3411,,derived(1 - yes_bid),yes
2026-09-30,momentum-mule,KXMIDTERMMOV-MD06D-P15,KXMIDTERMMOV,enter,YES,20.5,0.69,0.307,,yes_ask,yes
2026-09-30,momentum-mule,KXMIDTERMMOV-MI07R-P2,KXMIDTERMMOV,enter,NO,20.26,0.79,0.2353,,derived(1 - yes_bid),yes
2026-09-30,momentum-mule,KXMIDTERMMOV-MSSENR-P11,KXMIDTERMMOV,enter,NO,40.2,0.83,0.3971,,derived(1 - yes_bid),yes
2026-09-30,momentum-mule,KXMIDTERMMOV-MSSENR-P7,KXMIDTERMMOV,enter,NO,61.7,0.58,1.0522,,derived(1 - yes_bid),yes
2026-09-30,momentum-mule,KXMIDTERMMOV-NDALR-P39,KXMIDTERMMOV,enter,NO,5.44,0.92,0.0281,,derived(1 - yes_bid),yes
2026-09-30,momentum-mule,KXMIDTERMMOV-NHSEND-P12,KXMIDTERMMOV,enter,NO,0.2,0.84,0.0019,,derived(1 - yes_bid),yes
2026-09-30,momentum-mule,KXMIDTERMMOV-NHSEND-P8,KXMIDTERMMOV,enter,NO,0.1,0.59,0.0017,,derived(1 - yes_bid),yes
2026-09-30,momentum-mule,KXMIDTERMMOV-OH07R-P4,KXMIDTERMMOV,enter,NO,1.18,0.92,0.0061,,derived(1 - yes_bid),yes
2026-09-30,momentum-mule,KXMIDTERMMOV-OHSENR-P2,KXMIDTERMMOV,enter,NO,173.1,0.77,2.146,,derived(1 - yes_bid),yes
2026-09-30,momentum-mule,KXMIDTERMMOV-SC04R-P15,KXMIDTERMMOV,enter,YES,4,0.64,0.0646,,yes_ask,yes
2026-09-30,momentum-mule,KXMIDTERMMOV-SCSENR-P13,KXMIDTERMMOV,enter,NO,121.2,0.89,0.8306,,derived(1 - yes_bid),yes
2026-09-30,momentum-mule,KXMIDTERMMOV-SCSENR-P7,KXMIDTERMMOV,enter,NO,104.32,0.55,1.8074,,derived(1 - yes_bid),yes
2026-09-30,momentum-mule,KXMIDTERMMOV-SCSENR-P9,KXMIDTERMMOV,enter,NO,63.83,0.69,0.9558,,derived(1 - yes_bid),yes
2026-09-30,momentum-mule,KXMIDTERMMOV-TX21R-P21,KXMIDTERMMOV,enter,NO,9.7,0.84,0.0913,,derived(1 - yes_bid),yes
2026-09-30,momentum-mule,KXMIDTERMMOV-TXSEND-P1,KXMIDTERMMOV,enter,YES,110.94,0.55,1.9221,,yes_ask,yes
2026-09-30,momentum-mule,KXMIDTERMVOTETURN-IASEN-1280000,KXMIDTERMVOTETURN,enter,YES,2.8,0.73,0.0387,,yes_ask,yes
2026-09-30,momentum-mule,KXMIDTERMVOTETURN-MISEN-5600000,KXMIDTERMVOTETURN,enter,NO,4.6,0.89,0.0316,,derived(1 - yes_bid),yes
2026-09-30,momentum-mule,KXNEWSOMRUN-28-27OCT01,KXNEWSOMRUN,enter,YES,0.25,0.73,0.0035,,yes_ask,yes
2026-09-30,momentum-mule,KXNHSENGOVCOMBO-26NOV-REPREP,KXNHSENGOVCOMBO,enter,NO,23.54,0.91,0.135,,derived(1 - yes_bid),yes
2026-09-30,momentum-mule,KXOHSENGOVCOMBO-26NOV-DEMDEM,KXOHSENGOVCOMBO,enter,YES,11.48,0.54,0.1997,,yes_ask,yes
2026-09-30,momentum-mule,KXSECSTATEOH-26-R,KXSECSTATEOH,enter,YES,1.7,0.57,0.0292,,yes_ask,yes
2026-09-30,momentum-mule,KXSTATEBALLOTMEASURE-AZ-P317,KXSTATEBALLOTMEASURE,enter,NO,2,0.96,0.0054,,derived(1 - yes_bid),yes
2026-09-30,momentum-mule,KXSTATEBALLOTMEASURE-AZ-P318,KXSTATEBALLOTMEASURE,enter,YES,4,0.75,0.0525,,yes_ask,yes
2026-09-30,momentum-mule,KXVOTECOUNTY-SENATEMI26OAKLANDAELS-52,KXVOTECOUNTY,enter,YES,0.94,0.98,0.0013,,yes_ask,yes
2026-09-30,momentum-mule,KXVOTECOUNTY-SENATEMI26WASHTENAWAELS-72,KXVOTECOUNTY,enter,YES,1.37,0.96,0.0037,,yes_ask,yes
2026-09-30,momentum-mule,KXVOTEGENERAL-GOVPARTYOH-26VRAM-53,KXVOTEGENERAL,enter,NO,22.38,0.82,0.2313,,derived(1 - yes_bid),yes
2026-09-30,momentum-mule,KXVOTEGENERAL-HOUSEVA1-26RWIT-48,KXVOTEGENERAL,enter,YES,10.5,0.72,0.1482,,yes_ask,yes
2026-09-30,momentum-mule,KXVOTEGENERAL-KXHOUSERACE-CO01-26SBLA-2,KXVOTEGENERAL,enter,YES,20,0.61,0.3331,,yes_ask,yes
2026-09-30,momentum-mule,KXVOTEGENERAL-KXHOUSERACE-MO04-26MALF-56,KXVOTEGENERAL,enter,YES,2.7,0.98,0.0038,,yes_ask,yes
2026-09-30,momentum-mule,KXVOTEGENERAL-KXHOUSERACE-MO04-26MALF-58,KXVOTEGENERAL,enter,YES,1.3,0.93,0.006,,yes_ask,yes
2026-09-30,momentum-mule,KXVOTEGENERAL-SENATEFLS-26AMOO-52,KXVOTEGENERAL,enter,YES,69.2,0.69,1.0362,,yes_ask,yes
2026-09-30,momentum-mule,KXVOTEGENERAL-SENATEID-26NFLE-1,KXVOTEGENERAL,enter,YES,20,0.9,0.126,,yes_ask,yes
settlement,momentum-mule,KXJUSTICEGOV-28-26OCT01,KXJUSTICEGOV,settlement,NO,18.2,1,0,0.182,official result (no) captured 2026-10-01T14:08:13.964489Z,
2026-10-01,momentum-mule,KXMIDTERMMOV-COGOVD-P27,KXMIDTERMMOV,exit,NO,1.9,0.24,0.0243,-0.7083,derived(1 - yes_ask),
2026-10-01,momentum-mule,KXMIDTERMMOV-NESENR-P3,KXMIDTERMMOV,exit,YES,0.16,0.47,0.0028,-0.0204,yes_bid,
2026-10-01,momentum-mule,KXMIDTERMMOV-NYGOVD-P13,KXMIDTERMMOV,exit,YES,10,0.74,0.1347,-1.0347,yes_bid,
2026-10-01,momentum-mule,KXMIDTERMMOV-NYGOVD-P16,KXMIDTERMMOV,exit,YES,0.56,0.4,0.0095,-0.2167,yes_bid,
2026-10-01,momentum-mule,KXMIDTERMMOV-SC04R-P15,KXMIDTERMMOV,exit,YES,4,0.49,0.07,-0.67,yes_bid,
2026-10-01,momentum-mule,KXAOCRUN-28-27JUL01,KXAOCRUN,enter,NO,2.05,0.61,0.0342,,derived(1 - yes_bid),yes
2026-10-01,momentum-mule,KXATTYGENFL-26-D,KXATTYGENFL,enter,NO,5.47,0.84,0.0515,,derived(1 - yes_bid),yes
2026-10-01,momentum-mule,KXATTYGENID-26-D,KXATTYGENID,enter,NO,7.6,0.969,0.016,,derived(1 - yes_bid),yes
2026-10-01,momentum-mule,KXATTYGENID-26-R,KXATTYGENID,enter,YES,7.6,0.973,0.014,,yes_ask,yes
2026-10-01,momentum-mule,KXATTYGENKS-26-D,KXATTYGENKS,enter,NO,2.5,0.61,0.0417,,derived(1 - yes_bid),yes
2026-10-01,momentum-mule,KXATTYGENMI-26-D,KXATTYGENMI,enter,YES,17.23,0.74,0.2321,,yes_ask,yes
2026-10-01,momentum-mule,KXATTYGENMN-26-D,KXATTYGENMN,enter,YES,103.53,0.78,1.2437,,yes_ask,yes
2026-10-01,momentum-mule,KXATTYGENMN-26-R,KXATTYGENMN,enter,NO,100.67,0.77,1.2481,,derived(1 - yes_bid),yes
2026-10-01,momentum-mule,KXATTYGENNE-26-D,KXATTYGENNE,enter,NO,0.3,0.941,0.0012,,derived(1 - yes_bid),yes
2026-10-01,momentum-mule,KXATTYGENNE-26-R,KXATTYGENNE,enter,YES,0.3,0.923,0.0015,,yes_ask,yes
2026-10-01,momentum-mule,KXCA11PERSON-26-CCHA,KXCA11PERSON,enter,NO,21.15,0.76,0.2701,,derived(1 - yes_bid),yes
2026-10-01,momentum-mule,KXCA11PERSON-26-SWIE,KXCA11PERSON,enter,YES,6.29,0.72,0.0888,,yes_ask,yes
2026-10-01,momentum-mule,KXCAATTORNEYGENERAL-26-RBON,KXCAATTORNEYGENERAL,enter,YES,7.7,0.97,0.0157,,yes_ask,yes
2026-10-01,momentum-mule,KXCAELECTION-2634-JGOM,KXCAELECTION,enter,NO,1.2,0.8,0.0135,,derived(1 - yes_bid),yes
2026-10-01,momentum-mule,KXFLSENGOVCOMBO-26NOV-REPREP,KXFLSENGOVCOMBO,enter,YES,10,0.81,0.1078,,yes_ask,yes
2026-10-01,momentum-mule,KXHARRISCOUNTYJUDGE-26-OSAN,KXHARRISCOUNTYJUDGE,enter,NO,5.3,0.85,0.0474,,derived(1 - yes_bid),yes
2026-10-01,momentum-mule,KXHOUSERACE-FL09-26-D,KXHOUSERACE,enter,NO,40.1,0.71,0.578,,derived(1 - yes_bid),yes
2026-10-01,momentum-mule,KXHOUSERACE-IL16-26-D,KXHOUSERACE,enter,NO,3.3,0.962,0.0085,,derived(1 - yes_bid),yes
2026-10-01,momentum-mule,KXHOUSERACE-TX23-26-D,KXHOUSERACE,enter,NO,366.37,0.66,5.755,,derived(1 - yes_bid),yes
2026-10-01,momentum-mule,KXHOUSERACE-TX23-26-R,KXHOUSERACE,enter,YES,1014.79,0.64,16.3666,,yes_ask,yes
2026-10-01,momentum-mule,KXHOUSEWINSTATE-PAD-E10,KXHOUSEWINSTATE,enter,NO,0.39,0.84,0.0037,,derived(1 - yes_bid),yes
2026-10-01,momentum-mule,KXKAMALARUN-28-27OCT01,KXKAMALARUN,enter,YES,0.21,0.55,0.0037,,yes_ask,yes
2026-10-01,momentum-mule,KXKLOBSEAT-27FEB01-SSIM,KXKLOBSEAT,enter,NO,20,0.85,0.1785,,derived(1 - yes_bid),yes
2026-10-01,momentum-mule,KXLAMOV-KXMAYORLA26NRAM-NRAM-P55,KXLAMOV,enter,NO,3,0.8,0.0336,,derived(1 - yes_bid),yes
2026-10-01,momentum-mule,KXLOCALLAW-COSB26189-27FEB01,KXLOCALLAW,enter,YES,30,0.84,0.2823,,yes_ask,yes
2026-10-01,momentum-mule,KXMIDTERMMOV-ALSENR-P21,KXMIDTERMMOV,enter,NO,0.62,0.63,0.0102,,derived(1 - yes_bid),yes
2026-10-01,momentum-mule,KXMIDTERMMOV-IAGOVD-P12,KXMIDTERMMOV,enter,NO,3.55,0.88,0.0263,,derived(1 - yes_bid),yes
2026-10-01,momentum-mule,KXMIDTERMMOV-IAGOVD-P6,KXMIDTERMMOV,enter,YES,0.1,0.53,0.0018,,yes_ask,yes
2026-10-01,momentum-mule,KXMIDTERMMOV-IASEND-P4,KXMIDTERMMOV,enter,NO,0.1,0.84,0.001,,derived(1 - yes_bid),yes
2026-10-01,momentum-mule,KXMIDTERMMOV-IASENR-P4,KXMIDTERMMOV,enter,NO,3.5,0.77,0.0434,,derived(1 - yes_bid),yes
2026-10-01,momentum-mule,KXMIDTERMMOV-KSSENR-P9,KXMIDTERMMOV,enter,NO,100,0.87,0.7917,,derived(1 - yes_bid),yes
2026-10-01,momentum-mule,KXMIDTERMMOV-KY06R-P6,KXMIDTERMMOV,enter,NO,17.32,0.61,0.2885,,derived(1 - yes_bid),yes
2026-10-01,momentum-mule,KXMIDTERMMOV-MIGOVD-P17,KXMIDTERMMOV,enter,NO,0.4,0.87,0.0032,,derived(1 - yes_bid),yes
2026-10-01,momentum-mule,KXMIDTERMMOV-MNSEND-P7,KXMIDTERMMOV,enter,NO,0.19,0.56,0.0033,,derived(1 - yes_bid),yes
2026-10-01,momentum-mule,KXMIDTERMMOV-MO02D-P3,KXMIDTERMMOV,enter,NO,2,0.79,0.0233,,derived(1 - yes_bid),yes
2026-10-01,momentum-mule,KXMIDTERMMOV-MO04R-P29,KXMIDTERMMOV,enter,NO,0.5,0.54,0.0087,,derived(1 - yes_bid),yes
2026-10-01,momentum-mule,KXMIDTERMMOV-NHSEND-P14,KXMIDTERMMOV,enter,NO,1.17,0.92,0.0061,,derived(1 - yes_bid),yes
2026-10-01,momentum-mule,KXMIDTERMMOV-NJ07D-P2,KXMIDTERMMOV,enter,YES,0.5,0.8,0.0056,,yes_ask,yes
2026-10-01,momentum-mule,KXMIDTERMMOV-NJ07D-P8,KXMIDTERMMOV,enter,YES,2.18,0.63,0.0356,,yes_ask,yes
2026-10-01,momentum-mule,KXMIDTERMMOV-OH01R-P1,KXMIDTERMMOV,enter,NO,6.2,0.89,0.0425,,derived(1 - yes_bid),yes
2026-10-01,momentum-mule,KXMIDTERMMOV-OK03R-P39,KXMIDTERMMOV,enter,NO,0.4,0.61,0.0067,,derived(1 - yes_bid),yes
2026-10-01,momentum-mule,KXMIDTERMMOV-OKGOVR-P16,KXMIDTERMMOV,enter,NO,8,0.71,0.1154,,derived(1 - yes_bid),yes
2026-10-01,momentum-mule,KXMIDTERMMOV-ORGOVD-P11,KXMIDTERMMOV,enter,NO,0.2,0.81,0.0022,,derived(1 - yes_bid),yes
2026-10-01,momentum-mule,KXMIDTERMMOV-ORGOVD-P17,KXMIDTERMMOV,enter,NO,18.9,0.987,0.017,,derived(1 - yes_bid),yes
2026-10-01,momentum-mule,KXMIDTERMMOV-TX03R-P25,KXMIDTERMMOV,enter,NO,1.8,0.97,0.0037,,derived(1 - yes_bid),yes
2026-10-01,momentum-mule,KXMIDTERMMOV-TX37D-P67,KXMIDTERMMOV,enter,NO,0.5,0.72,0.0071,,derived(1 - yes_bid),yes
2026-10-01,momentum-mule,KXMIDTERMMOV-VTGOVR-P11,KXMIDTERMMOV,enter,NO,2,0.73,0.0276,,derived(1 - yes_bid),yes
2026-10-01,momentum-mule,KXMIDTERMVOTETURN-CTGOV-1260000,KXMIDTERMVOTETURN,enter,YES,1.59,0.61,0.0265,,yes_ask,yes
2026-10-01,momentum-mule,KXMIDTERMVOTETURN-LASEN-1630000,KXMIDTERMVOTETURN,enter,NO,3.7,0.63,0.0604,,derived(1 - yes_bid),yes
2026-10-01,momentum-mule,KXMIDTERMVOTETURN-MISEN-5000000,KXMIDTERMVOTETURN,enter,NO,0.5,0.65,0.008,,derived(1 - yes_bid),yes
2026-10-01,momentum-mule,KXMIDTERMVOTETURN-WIGOV-2600000,KXMIDTERMVOTETURN,enter,YES,12.9,0.61,0.2149,,yes_ask,yes
2026-10-01,momentum-mule,KXMUSKCHALLENGERS-26-1,KXMUSKCHALLENGERS,enter,NO,0.47,0.8,0.0053,,derived(1 - yes_bid),yes
2026-10-01,momentum-mule,KXPRESSSECANNOUNCE-26AUG-DEC01,KXPRESSSECANNOUNCE,enter,YES,49.55,0.79,0.5755,,yes_ask,yes
2026-10-01,momentum-mule,KXRHOUSESEATS-27-193,KXRHOUSESEATS,enter,NO,731.65,0.71,10.5453,,derived(1 - yes_bid),yes
2026-10-01,momentum-mule,KXSTATEBALLOTMEASURE-ID-HJR4,KXSTATEBALLOTMEASURE,enter,NO,44.29,0.99,0.0307,,derived(1 - yes_bid),yes
2026-10-01,momentum-mule,KXSTATEBALLOTMEASURE-MA-Q1,KXSTATEBALLOTMEASURE,enter,YES,0.3,0.95,0.001,,yes_ask,yes
2026-10-01,momentum-mule,KXSTATEBALLOTMEASURE-MA-Q9,KXSTATEBALLOTMEASURE,enter,YES,3,0.85,0.0268,,yes_ask,yes
2026-10-01,momentum-mule,KXSTATEBALLOTMEASURE-WA-IP26645,KXSTATEBALLOTMEASURE,enter,NO,0.2,0.84,0.0019,,derived(1 - yes_bid),yes
2026-10-01,momentum-mule,KXTX23SPECIALDATE-26,KXTX23SPECIALDATE,enter,NO,17.7,0.99,0.0123,,derived(1 - yes_bid),yes
2026-10-01,momentum-mule,KXTXSENGOVCOMBO-26NOV-REPDEM,KXTXSENGOVCOMBO,enter,YES,33.55,0.53,0.5851,,yes_ask,yes
2026-10-01,momentum-mule,KXVOTECOUNTY-SENATEGA26FULTONJOSS-78,KXVOTECOUNTY,enter,NO,0.01,0.81,0.0002,,derived(1 - yes_bid),yes
2026-10-01,momentum-mule,KXVOTEGENERAL-GOVPARTYNY-26BBLA-46,KXVOTEGENERAL,enter,NO,24.37,0.89,0.1671,,derived(1 - yes_bid),yes
2026-10-01,momentum-mule,KXVOTEGENERAL-KXHOUSEUT03-26MSTO-2,KXVOTEGENERAL,enter,NO,20,0.93,0.0912,,derived(1 - yes_bid),yes
2026-10-01,momentum-mule,SENATEKS-26-D,SENATEKS,enter,NO,1495.38,0.7,21.9821,,derived(1 - yes_bid),yes
2026-10-01,momentum-mule,SENATEKS-26-R,SENATEKS,enter,YES,2611.94,0.7,38.3956,,yes_ask,yes
2026-10-02,momentum-mule,HOUSEME2-26-D,HOUSEME2,exit,NO,698.64,0.62,11.522,-39.4676,derived(1 - yes_ask),
2026-10-02,momentum-mule,KXATTYGENFL-26-D,KXATTYGENFL,exit,NO,5.47,0.79,0.0636,-0.3371,derived(1 - yes_ask),
2026-10-02,momentum-mule,KXATTYGENIA-26-D,KXATTYGENIA,exit,NO,45,0.55,0.7797,-6.1797,derived(1 - yes_ask),
2026-10-02,momentum-mule,KXATTYGENIA-26-R,KXATTYGENIA,exit,YES,0.5,0.52,0.0088,-0.0888,yes_bid,
2026-10-02,momentum-mule,KXCABALLOTMEASURES-26NOV03-PR39,KXCABALLOTMEASURES,exit,NO,0.76,0.66,0.012,-0.1108,derived(1 - yes_ask),
2026-10-02,momentum-mule,KXCABALLOTMEASURES-26NOV03-PR45,KXCABALLOTMEASURES,exit,YES,0.5,0.53,0.0088,-0.0738,yes_bid,
2026-10-02,momentum-mule,KXDSENATEWON-26NOV03-AL15,KXDSENATEWON,exit,YES,2.5,0.82,0.0259,-0.1759,yes_bid,
2026-10-02,momentum-mule,KXGOVPARTYAK-26-R,KXGOVPARTYAK,exit,NO,1.73,0.74,0.0233,-0.1271,derived(1 - yes_ask),
2026-10-02,momentum-mule,KXHOUSERACE-NC05-26-D,KXHOUSERACE,exit,NO,40.09,0.86,0.3379,-3.26447,derived(1 - yes_ask),
2026-10-02,momentum-mule,KXHOUSETX35-26-D,KXHOUSETX35,exit,YES,32.82,0.61,0.5466,-1.8594,yes_bid,
2026-10-02,momentum-mule,KXHOUSETX35-26-R,KXHOUSETX35,exit,NO,5.17,0.58,0.0882,-0.3984,derived(1 - yes_ask),
2026-10-02,momentum-mule,KXIDHB932-26-W1873,KXIDHB932,exit,YES,37.9,0.5,0.6633,-9.7593,yes_bid,
2026-10-02,momentum-mule,KXLOSEREELECTIONRSEN-2026-4,KXLOSEREELECTIONRSEN,exit,NO,26.37,0.73,0.3639,-2.7372,derived(1 - yes_ask),
2026-10-02,momentum-mule,KXMIDTERMHAPPEN-2026-T50,KXMIDTERMHAPPEN,exit,YES,71.79,0.82,0.7418,-4.3313,yes_bid,
2026-10-02,momentum-mule,KXMIDTERMMOV-FLSENR-P8,KXMIDTERMMOV,exit,YES,0.98,0.42,0.0168,-0.1148,yes_bid,
2026-10-02,momentum-mule,KXMIDTERMMOV-MI01R-P7,KXMIDTERMMOV,exit,YES,3.88,0.62,0.064,-0.5296,yes_bid,
2026-10-02,momentum-mule,KXMIDTERMMOV-NJ07D-P8,KXMIDTERMMOV,exit,YES,2.18,0.52,0.0381,-0.2779,yes_bid,
2026-10-02,momentum-mule,KXMIDTERMMOV-OKGOVR-P13,KXMIDTERMMOV,exit,NO,20,0.54,0.3478,-3.5478,derived(1 - yes_ask),
2026-10-02,momentum-mule,KXMIDTERMMOV-SCSENR-P1,KXMIDTERMMOV,exit,YES,0.28,0.79,0.0033,-0.0313,yes_bid,
2026-10-02,momentum-mule,KXRSENATEWON-26NOV03-AL19,KXRSENATEWON,exit,NO,10.24,0.6,0.1721,-1.0937,derived(1 - yes_ask),
2026-10-02,momentum-mule,KXTXSENGOVCOMBO-26NOV-REPDEM,KXTXSENGOVCOMBO,exit,YES,33.55,0.45,0.5813,-3.2653,yes_bid,
2026-10-02,momentum-mule,KXVOTEGENERAL-KXHOUSERACE-CA24-26BSMI-36,KXVOTEGENERAL,exit,NO,58.56,0.41,0.9916,-30.2716,derived(1 - yes_ask),
2026-10-02,momentum-mule,KXVOTEGENERAL-SENATENC-26RCOO-52,KXVOTEGENERAL,exit,YES,20,0.6,0.336,-3.136,yes_bid,
2026-10-02,momentum-mule,SENATEKS-26-D,SENATEKS,exit,NO,1495.38,0.66,23.4895,-83.3047,derived(1 - yes_ask),
2026-10-02,momentum-mule,HOUSECO3-26-D,HOUSECO3,enter,NO,557.52,0.75,7.3175,,derived(1 - yes_bid),yes
2026-10-02,momentum-mule,HOUSECO3-26-R,HOUSECO3,enter,YES,285.88,0.71,4.1204,,yes_ask,yes
2026-10-02,momentum-mule,KXAKSENGOVCOMBO-26NOV-DEMREP,KXAKSENGOVCOMBO,enter,NO,3,0.89,0.0206,,derived(1 - yes_bid),yes
2026-10-02,momentum-mule,KXAOCRUN-28-27JAN01,KXAOCRUN,enter,NO,0.04,0.93,0.0002,,derived(1 - yes_bid),yes
2026-10-02,momentum-mule,KXBERNIEENDORSE-26NOV03-JTAL,KXBERNIEENDORSE,enter,NO,22.54,0.83,0.2227,,derived(1 - yes_bid),yes
2026-10-02,momentum-mule,KXBERNIEENDORSE-26NOV03-NRAM,KXBERNIEENDORSE,enter,NO,20.98,0.57,0.36,,derived(1 - yes_bid),yes
2026-10-02,momentum-mule,KXBLUESTRSEN-27JAN03-FL,KXBLUESTRSEN,enter,NO,33.16,0.7,0.4875,,derived(1 - yes_bid),yes
2026-10-02,momentum-mule,KXCAELECTION-2612-JJOY,KXCAELECTION,enter,NO,0.4,0.98,0.0006,,derived(1 - yes_bid),yes
2026-10-02,momentum-mule,KXCAELECTION-2614-MHER,KXCAELECTION,enter,NO,11.2,0.84,0.1054,,derived(1 - yes_bid),yes
2026-10-02,momentum-mule,KXCAELECTION-2640-KCAL,KXCAELECTION,enter,YES,45.76,0.65,0.7288,,yes_ask,yes
2026-10-02,momentum-mule,KXCAELECTION-2640-YKIM,KXCAELECTION,enter,NO,1,0.64,0.0162,,derived(1 - yes_bid),yes
2026-10-02,momentum-mule,KXCORNYNTALARICO-26NOV03-YES,KXCORNYNTALARICO,enter,NO,2.52,0.93,0.0115,,derived(1 - yes_bid),yes
2026-10-02,momentum-mule,KXDHOUSEWON-26NOV03-AL234,KXDHOUSEWON,enter,YES,52.2,0.6,0.877,,yes_ask,yes
2026-10-02,momentum-mule,KXFOURSTATESEN-26NOV03-TTFF,KXFOURSTATESEN,enter,NO,11.54,0.917,0.0615,,derived(1 - yes_bid),yes
2026-10-02,momentum-mule,KXGENERALCOUNTY-SENATETX-26-COLL,KXGENERALCOUNTY,enter,YES,24,0.79,0.2788,,yes_ask,yes
2026-10-02,momentum-mule,KXHOUSENC11-26-GOP,KXHOUSENC11,enter,NO,2,0.68,0.0305,,derived(1 - yes_bid),yes
2026-10-02,momentum-mule,KXHOUSEPOPVOTEMARGIND-26NOV03-AL10,KXHOUSEPOPVOTEMARGIND,enter,NO,76.71,0.59,1.299,,derived(1 - yes_bid),yes
2026-10-02,momentum-mule,KXLOSEREELECTIONGOV-2026-1,KXLOSEREELECTIONGOV,enter,NO,40,0.58,0.6821,,derived(1 - yes_bid),yes
2026-10-02,momentum-mule,KXLOSEREELECTIONGOV-2026-2,KXLOSEREELECTIONGOV,enter,NO,2.99,0.99,0.0021,,derived(1 - yes_bid),yes
2026-10-02,momentum-mule,KXMIDTERMMOV-CA48D-P12,KXMIDTERMMOV,enter,YES,0.8,0.61,0.0134,,yes_ask,yes
2026-10-02,momentum-mule,KXMIDTERMMOV-CO08D-P2,KXMIDTERMMOV,enter,YES,0.49,0.8,0.0055,,yes_ask,yes
2026-10-02,momentum-mule,KXMIDTERMMOV-COGOVD-P27,KXMIDTERMMOV,enter,YES,22.1,0.57,0.3792,,yes_ask,yes
2026-10-02,momentum-mule,KXMIDTERMMOV-FL24D-P47,KXMIDTERMMOV,enter,NO,2.9,0.68,0.0442,,derived(1 - yes_bid),yes
2026-10-02,momentum-mule,KXMIDTERMMOV-GASEND-P4,KXMIDTERMMOV,enter,YES,0.62,0.87,0.005,,yes_ask,yes
2026-10-02,momentum-mule,KXMIDTERMMOV-IASENR-P6,KXMIDTERMMOV,enter,NO,45,0.938,0.1832,,derived(1 - yes_bid),yes
2026-10-02,momentum-mule,KXMIDTERMMOV-KSGOVR-P8,KXMIDTERMMOV,enter,NO,0.26,0.73,0.0036,,derived(1 - yes_bid),yes
2026-10-02,momentum-mule,KXMIDTERMMOV-KY06R-P9,KXMIDTERMMOV,enter,NO,1.2,0.72,0.017,,derived(1 - yes_bid),yes
2026-10-02,momentum-mule,KXMIDTERMMOV-LA05R-P42,KXMIDTERMMOV,enter,NO,20,0.94,0.079,,derived(1 - yes_bid),yes
2026-10-02,momentum-mule,KXMIDTERMMOV-MIGOVD-P14,KXMIDTERMMOV,enter,NO,5,0.78,0.0601,,derived(1 - yes_bid),yes
2026-10-02,momentum-mule,KXMIDTERMMOV-MSSENR-P15,KXMIDTERMMOV,enter,NO,20,0.92,0.1031,,derived(1 - yes_bid),yes
2026-10-02,momentum-mule,KXMIDTERMMOV-MSSENR-P5,KXMIDTERMMOV,enter,NO,4.38,0.6,0.0736,,derived(1 - yes_bid),yes
2026-10-02,momentum-mule,KXMIDTERMMOV-NEGOVR-P13,KXMIDTERMMOV,enter,NO,0.14,0.65,0.0023,,derived(1 - yes_bid),yes
2026-10-02,momentum-mule,KXMIDTERMMOV-NJ07R-P1,KXMIDTERMMOV,enter,NO,1.44,0.954,0.0045,,derived(1 - yes_bid),yes
2026-10-02,momentum-mule,KXMIDTERMMOV-NYGOVD-P16,KXMIDTERMMOV,enter,NO,77.59,0.69,1.1618,,derived(1 - yes_bid),yes
2026-10-02,momentum-mule,KXMIDTERMMOV-OH07D-P10,KXMIDTERMMOV,enter,NO,1.47,0.74,0.0198,,derived(1 - yes_bid),yes
2026-10-02,momentum-mule,KXMIDTERMMOV-ORGOVD-P5,KXMIDTERMMOV,enter,NO,0.4,0.57,0.0069,,derived(1 - yes_bid),yes
2026-10-02,momentum-mule,KXMIDTERMMOV-ORGOVD-P8,KXMIDTERMMOV,enter,NO,0.2,0.74,0.0027,,derived(1 - yes_bid),yes
2026-10-02,momentum-mule,KXMIDTERMMOV-SCSEND-P1,KXMIDTERMMOV,enter,NO,4.72,0.89,0.0324,,derived(1 - yes_bid),yes
2026-10-02,momentum-mule,KXMIDTERMMOV-SCSENR-P11,KXMIDTERMMOV,enter,NO,75,0.954,0.2304,,derived(1 - yes_bid),yes
2026-10-02,momentum-mule,KXMIDTERMMOV-SCSENR-P5,KXMIDTERMMOV,enter,NO,54.07,0.6,0.9084,,derived(1 - yes_bid),yes
2026-10-02,momentum-mule,KXMIDTERMMOV-SDGOVR-P27,KXMIDTERMMOV,enter,NO,20,0.73,0.276,,derived(1 - yes_bid),yes
2026-10-02,momentum-mule,KXMIDTERMMOV-SDGOVR-P30,KXMIDTERMMOV,enter,NO,3.6,0.82,0.0372,,derived(1 - yes_bid),yes
2026-10-02,momentum-mule,KXMIDTERMMOV-TX23R-P5,KXMIDTERMMOV,enter,NO,9.28,0.66,0.1458,,derived(1 - yes_bid),yes
2026-10-02,momentum-mule,KXMIDTERMMOV-VTGOVR-P14,KXMIDTERMMOV,enter,NO,0.34,0.81,0.0037,,derived(1 - yes_bid),yes
2026-10-02,momentum-mule,KXMIDTERMVOTETURN-AKSEN-310000,KXMIDTERMVOTETURN,enter,NO,20,0.64,0.3226,,derived(1 - yes_bid),yes
2026-10-02,momentum-mule,KXMIDTERMVOTETURN-NCSEN-4500000,KXMIDTERMVOTETURN,enter,NO,8.6,0.96,0.0232,,derived(1 - yes_bid),yes
2026-10-02,momentum-mule,KXMIDTERMVOTETURN-TXSEN-8800000,KXMIDTERMVOTETURN,enter,YES,0.1,0.95,0.0004,,yes_ask,yes
2026-10-02,momentum-mule,KXMIDTERMVOTETURN-VASEN-3200000,KXMIDTERMVOTETURN,enter,YES,20,0.59,0.3387,,yes_ask,yes
2026-10-02,momentum-mule,KXMIDTERMVOTETURN-WA03-330000,KXMIDTERMVOTETURN,enter,YES,5,0.6,0.084,,yes_ask,yes
2026-10-02,momentum-mule,KXMOVGANCSEN-26NOV03-GASEN,KXMOVGANCSEN,enter,YES,0.47,0.61,0.0079,,yes_ask,yes
2026-10-02,momentum-mule,KXMOVKSNESEN-26NOV03-KSSEN,KXMOVKSNESEN,enter,NO,20.5,0.67,0.3173,,derived(1 - yes_bid),yes
2026-10-02,momentum-mule,KXPAMAILMARGIN-26NOV03-B38,KXPAMAILMARGIN,enter,NO,24.8,0.87,0.1964,,derived(1 - yes_bid),yes
2026-10-02,momentum-mule,KXPRESSSECANNOUNCE-26AUG-JAN01,KXPRESSSECANNOUNCE,enter,YES,0.26,0.9,0.0017,,yes_ask,yes
2026-10-02,momentum-mule,KXRHOUSEWON-26NOV03-AL202,KXRHOUSEWON,enter,NO,20.29,0.54,0.3529,,derived(1 - yes_bid),yes
2026-10-02,momentum-mule,KXRHOUSEWON-26NOV03-AL210,KXRHOUSEWON,enter,NO,9.02,0.8,0.1011,,derived(1 - yes_bid),yes
2026-10-02,momentum-mule,KXRSENATEWON-26NOV03-AL18,KXRSENATEWON,enter,YES,4.1,0.54,0.0713,,yes_ask,yes
2026-10-02,momentum-mule,KXSTATEBALLOTMEASURE-ID-P1,KXSTATEBALLOTMEASURE,enter,YES,0.53,0.96,0.0015,,yes_ask,yes
2026-10-02,momentum-mule,KXSTATELAW-27-15MIN,KXSTATELAW,enter,NO,2.56,0.98,0.0036,,derived(1 - yes_bid),yes
2026-10-02,momentum-mule,KXTAIPEIMAYOR-26NOV28-SPY,KXTAIPEIMAYOR,enter,NO,113.25,0.8,1.2684,,derived(1 - yes_bid),yes
2026-10-02,momentum-mule,KXTXRAILROAD-26-BFRE,KXTXRAILROAD,enter,NO,24.39,0.54,0.4241,,derived(1 - yes_bid),yes
2026-10-02,momentum-mule,KXTXRAILROAD-26-JROS,KXTXRAILROAD,enter,YES,2.23,0.53,0.0389,,yes_ask,yes
2026-10-02,momentum-mule,KXVOTEGENERAL-GOVPARTYCO-26PWEI-60,KXVOTEGENERAL,enter,YES,0.11,0.8,0.0013,,yes_ask,yes
2026-10-02,momentum-mule,KXVOTEGENERAL-GOVPARTYCO-26VMAR-40,KXVOTEGENERAL,enter,NO,0.2,0.96,0.0006,,derived(1 - yes_bid),yes
2026-10-02,momentum-mule,KXVOTEGENERAL-GOVPARTYID-26BLIT-62,KXVOTEGENERAL,enter,YES,20,0.55,0.3465,,yes_ask,yes
2026-10-02,momentum-mule,KXVOTEGENERAL-GOVPARTYOK-26CMUN-44,KXVOTEGENERAL,enter,NO,20.5,0.65,0.3265,,derived(1 - yes_bid),yes
2026-10-02,momentum-mule,KXVOTEGENERAL-GOVPARTYVT-26PSCO-54,KXVOTEGENERAL,enter,NO,21.27,0.8,0.2383,,derived(1 - yes_bid),yes
2026-10-02,momentum-mule,KXVOTEGENERAL-GOVPARTYVT-26PSCO-57,KXVOTEGENERAL,enter,NO,20,0.96,0.0538,,derived(1 - yes_bid),yes
2026-10-02,momentum-mule,KXVOTEGENERAL-HOUSEVA1-26STAY-50,KXVOTEGENERAL,enter,YES,20,0.55,0.3465,,yes_ask,yes
2026-10-02,momentum-mule,KXVOTEGENERAL-KXHOUSERACE-CA24-26BSMI-38,KXVOTEGENERAL,enter,NO,17.11,0.68,0.2607,,derived(1 - yes_bid),yes
2026-10-02,momentum-mule,KXVOTEGENERAL-KXHOUSERACE-CA24-26BSMI-40,KXVOTEGENERAL,enter,NO,20,0.83,0.1976,,derived(1 - yes_bid),yes
2026-10-02,momentum-mule,KXVOTEGENERAL-KXHOUSERACE-MD04-26GIVE-94,KXVOTEGENERAL,enter,NO,20.5,0.88,0.1516,,derived(1 - yes_bid),yes
2026-10-02,momentum-mule,KXVOTEGENERAL-KXHOUSERACE-MD04-26GMCD-6,KXVOTEGENERAL,enter,YES,20,0.79,0.2323,,yes_ask,yes
2026-10-02,momentum-mule,KXVOTEGENERAL-KXHOUSERACE-UT04-26SBUR-3,KXVOTEGENERAL,enter,NO,20.5,0.7,0.3014,,derived(1 - yes_bid),yes
2026-10-02,momentum-mule,KXVOTEGENERAL-SENATEGA-26MCOL-42,KXVOTEGENERAL,enter,YES,20,0.7,0.294,,yes_ask,yes
2026-10-02,momentum-mule,KXVOTEGENERAL-SENATEID-26JRIS-52,KXVOTEGENERAL,enter,YES,4,0.63,0.0653,,yes_ask,yes
2026-10-02,momentum-mule,KXVOTEGENERAL-SENATEID-26NFLE-2,KXVOTEGENERAL,enter,YES,20.5,0.79,0.2381,,yes_ask,yes
2026-10-02,momentum-mule,KXVOTEGENERAL-SENATEMS-26SCOL-44,KXVOTEGENERAL,enter,YES,10,0.65,0.1593,,yes_ask,yes
2026-10-02,momentum-mule,KXVOTEGENERAL-SENATEMT26ABAN-10,KXVOTEGENERAL,enter,YES,20,0.95,0.0665,,yes_ask,yes
2026-10-02,momentum-mule,KXVOTEGENERAL-SENATETX-26JTAL-54,KXVOTEGENERAL,enter,NO,21.25,0.97,0.0433,,derived(1 - yes_bid),yes
2026-10-03,momentum-mule,GOVPARTYTX-26-D,GOVPARTYTX,exit,NO,2030.22,0.72,28.6505,-170.7659,derived(1 - yes_ask),
2026-10-03,momentum-mule,GOVPARTYTX-26-R,GOVPARTYTX,exit,YES,451.59,0.74,6.0821,-28.6616,yes_bid,
2026-10-03,momentum-mule,KXCAELECTION-2640-KCAL,KXCAELECTION,exit,YES,45.76,0.47,0.798,-9.0348,yes_bid,
2026-10-03,momentum-mule,KXCAELECTION-2640-YKIM,KXCAELECTION,exit,NO,1,0.55,0.0174,-0.1074,derived(1 - yes_ask),
2026-10-03,momentum-mule,KXDATACENTERMORATORIUM-27JAN012,KXDATACENTERMORATORIUM,exit,NO,0.15,0.24,0.002,-0.113,derived(1 - yes_ask),
2026-10-03,momentum-mule,KXDHOUSEWON-26NOV03-AL242,KXDHOUSEWON,exit,NO,10,0.65,0.1593,-1.0593,derived(1 - yes_ask),
2026-10-03,momentum-mule,KXDSENATEWON-26NOV03-AL19,KXDSENATEWON,exit,NO,5.5,0.64,0.0888,-0.4738,derived(1 - yes_ask),
2026-10-03,momentum-mule,KXGENERALCOUNTY-GOVPARTYCA-26-SJOA,KXGENERALCOUNTY,exit,NO,21,0.05,0.0699,-14.5599,derived(1 - yes_ask),
2026-10-03,momentum-mule,KXGENERALCOUNTY-SENATEMI-26-KEN,KXGENERALCOUNTY,exit,YES,1.61,0.82,0.0167,-0.2421,yes_bid,
2026-10-03,momentum-mule,KXGOVPARTYAK-26-D,KXGOVPARTYAK,exit,YES,12.37,0.75,0.1624,-0.7809,yes_bid,
2026-10-03,momentum-mule,KXHOUSEWINSTATE-PAD-E10,KXHOUSEWINSTATE,exit,NO,0.39,0.73,0.0054,-0.0483,derived(1 - yes_ask),
2026-10-03,momentum-mule,KXIDGROUNDWATER-26AUG17-A900,KXIDGROUNDWATER,exit,YES,31,0.52,0.5417,-3.3317,yes_bid,
2026-10-03,momentum-mule,KXLOSEREELECTIONGOV-2026-2,KXLOSEREELECTIONGOV,exit,NO,2.99,0.71,0.0431,-0.8803,derived(1 - yes_ask),
2026-10-03,momentum-mule,KXMIDTERMMOV-CA48D-P12,KXMIDTERMMOV,exit,YES,0.8,0.46,0.014,-0.134,yes_bid,
2026-10-03,momentum-mule,KXMIDTERMMOV-FL24D-P47,KXMIDTERMMOV,exit,NO,2.9,0.52,0.0507,-0.5147,derived(1 - yes_ask),
2026-10-03,momentum-mule,KXMIDTERMMOV-IASENR-P4,KXMIDTERMMOV,exit,NO,3.5,0.71,0.0505,-0.2605,derived(1 - yes_ask),
2026-10-03,momentum-mule,KXMIDTERMMOV-IASENR-P6,KXMIDTERMMOV,exit,NO,45,0.84,0.4234,-4.8334,derived(1 - yes_ask),
2026-10-03,momentum-mule,KXMIDTERMMOV-MNGOVD-P14,KXMIDTERMMOV,exit,NO,0.4,0.63,0.0066,-0.0506,derived(1 - yes_ask),
2026-10-03,momentum-mule,KXMIDTERMMOV-MO04R-P29,KXMIDTERMMOV,exit,NO,0.5,0.42,0.0086,-0.0686,derived(1 - yes_ask),
2026-10-03,momentum-mule,KXMIDTERMMOV-MSSENR-P11,KXMIDTERMMOV,exit,NO,40.2,0.56,0.6934,-11.5474,derived(1 - yes_ask),
2026-10-03,momentum-mule,KXMIDTERMMOV-NYGOVD-P16,KXMIDTERMMOV,exit,NO,77.59,0.58,1.3231,-9.858,derived(1 - yes_ask),
2026-10-03,momentum-mule,KXMIDTERMMOV-SCSENR-P5,KXMIDTERMMOV,exit,NO,54.07,0.5,0.9463,-6.3533,derived(1 - yes_ask),
2026-10-03,momentum-mule,KXMIDTERMMOV-TXGOVR-P3,KXMIDTERMMOV,exit,YES,15.45,0.59,0.2617,-1.0342,yes_bid,
2026-10-03,momentum-mule,KXMIDTERMMOV-VTGOVR-P11,KXMIDTERMMOV,exit,NO,2,0.56,0.0345,-0.3745,derived(1 - yes_ask),
2026-10-03,momentum-mule,KXPAMAILMARGIN-26NOV03-B38,KXPAMAILMARGIN,exit,NO,24.8,0.02,0.0341,-21.1141,derived(1 - yes_ask),
2026-10-03,momentum-mule,KXRGOVCOUNT-26JUL08-AL22,KXRGOVCOUNT,exit,YES,8.18,0.73,0.1129,-0.6037,yes_bid,
2026-10-03,momentum-mule,KXSTATEBALLOTMEASURE-AZ-P144,KXSTATEBALLOTMEASURE,exit,YES,1.64,0.69,0.0246,-0.4346,yes_bid,
2026-10-03,momentum-mule,KXSTATELEG-AZSEN26-R,KXSTATELEG,exit,YES,20,0.38,0.3299,-3.9299,yes_bid,
2026-10-03,momentum-mule,KXSTATELEG-NCHOUSE26-D,KXSTATELEG,exit,NO,15.82,0.61,0.2635,-2.4783,derived(1 - yes_ask),
2026-10-03,momentum-mule,KXVOTEGENERAL-GOVPARTYID-26BLIT-58,KXVOTEGENERAL,exit,YES,10,0.71,0.1442,-2.7442,yes_bid,
2026-10-03,momentum-mule,KXVOTEGENERAL-GOVPARTYID-26BLIT-62,KXVOTEGENERAL,exit,YES,20,0.42,0.3411,-2.9411,yes_bid,
2026-10-03,momentum-mule,KXVOTEGENERAL-KXHOUSERACE-CA24-26BSMI-38,KXVOTEGENERAL,exit,NO,17.11,0.53,0.2984,-2.8649,derived(1 - yes_ask),
2026-10-03,momentum-mule,KXVOTEGENERAL-KXHOUSEUT03-26MSTO-2,KXVOTEGENERAL,exit,NO,20,0.8,0.224,-2.824,derived(1 - yes_ask),
2026-10-03,momentum-mule,SENATEKS-26-R,SENATEKS,exit,YES,2611.94,0.63,42.6191,-225.4549,yes_bid,
2026-10-03,momentum-mule,HOUSECA13-26-D,HOUSECA13,enter,YES,42.9,0.966,0.0987,,yes_ask,yes
2026-10-03,momentum-mule,KXAKMOV-AKSENATE26NOV03-DSUL-P1,KXAKMOV,enter,NO,20,0.82,0.2067,,derived(1 - yes_bid),yes
2026-10-03,momentum-mule,KXATTYGENTX-26-R,KXATTYGENTX,enter,YES,19.7,0.76,0.2516,,yes_ask,yes
2026-10-03,momentum-mule,KXBANKHEADDROPOUT-26-YES,KXBANKHEADDROPOUT,enter,NO,10.83,0.8,0.1213,,derived(1 - yes_bid),yes
2026-10-03,momentum-mule,KXBLUETSUNAMICOMBO-27FEB,KXBLUETSUNAMICOMBO,enter,YES,514.05,0.51,8.9923,,yes_ask,yes
2026-10-03,momentum-mule,KXCABALLOTMEASURES-26NOV03-PR03,KXCABALLOTMEASURES,enter,YES,20,0.93,0.0912,,yes_ask,yes
2026-10-03,momentum-mule,KXCABALLOTMEASURES-26NOV03-PR05,KXCABALLOTMEASURES,enter,NO,0.3,0.95,0.001,,derived(1 - yes_bid),yes
2026-10-03,momentum-mule,KXCAWEALTHTAXMOVD-CAWEALTHTAX26NO-NO-P1,KXCAWEALTHTAXMOVD,enter,YES,151,0.59,2.5569,,yes_ask,yes
2026-10-03,momentum-mule,KXCAWEALTHTAXMOVD-CAWEALTHTAX26YES-YES-P10,KXCAWEALTHTAXMOVD,enter,NO,20,0.96,0.0538,,derived(1 - yes_bid),yes
2026-10-03,momentum-mule,KXDHOUSESEATSDIR-27-A229,KXDHOUSESEATSDIR,enter,YES,0.1,0.77,0.0013,,yes_ask,yes
2026-10-03,momentum-mule,KXDHOUSEWON-26NOV03-AL238,KXDHOUSEWON,enter,NO,20.93,0.58,0.3569,,derived(1 - yes_bid),yes
2026-10-03,momentum-mule,KXDSENATEWON-26NOV03-AL18,KXDSENATEWON,enter,NO,8.65,0.55,0.1499,,derived(1 - yes_bid),yes
2026-10-03,momentum-mule,KXENDORSEAOC-26NOV03-DCHE,KXENDORSEAOC,enter,NO,25,0.9,0.1575,,derived(1 - yes_bid),yes
2026-10-03,momentum-mule,KXFLPROPERTYTAX-26NOV03,KXFLPROPERTYTAX,enter,NO,95.07,0.63,1.5513,,derived(1 - yes_bid),yes
2026-10-03,momentum-mule,KXFLSENGOVCOMBO-26NOV-DEMREP,KXFLSENGOVCOMBO,enter,NO,7.84,0.93,0.0358,,derived(1 - yes_bid),yes
2026-10-03,momentum-mule,KXGENERALCOUNTY-GOVPARTYCA-26-FRES,KXGENERALCOUNTY,enter,YES,0.5,0.92,0.0026,,yes_ask,yes
2026-10-03,momentum-mule,KXGENERALCOUNTY-SENATEMI-26-GEN,KXGENERALCOUNTY,enter,YES,3.7,0.93,0.0169,,yes_ask,yes
2026-10-03,momentum-mule,KXGENERALCOUNTY-SENATETX-26-DENT,KXGENERALCOUNTY,enter,YES,25.06,0.67,0.3879,,yes_ask,yes
2026-10-03,momentum-mule,KXGOVWINS-27JAN01-R1,KXGOVWINS,enter,NO,22.15,0.8,0.2481,,derived(1 - yes_bid),yes
2026-10-03,momentum-mule,KXHOUSERACE-OH07-26-R,KXHOUSERACE,enter,NO,20.01,0.8,0.2242,,derived(1 - yes_bid),yes
2026-10-03,momentum-mule,KXHOUSEWINSTATE-FLD-5-5,KXHOUSEWINSTATE,enter,NO,6.2,0.9,0.0391,,derived(1 - yes_bid),yes
2026-10-03,momentum-mule,KXLAMOV-KXMAYORLA26NRAM-NRAM-P53,KXLAMOV,enter,NO,0.05,0.64,0.0009,,derived(1 - yes_bid),yes
2026-10-03,momentum-mule,KXLAMOV-KXMAYORLA26NRAM-NRAM-P54,KXLAMOV,enter,NO,6.64,0.71,0.0958,,derived(1 - yes_bid),yes
2026-10-03,momentum-mule,KXLEAVETISCH-27JAN01,KXLEAVETISCH,enter,NO,1.26,0.85,0.0113,,derived(1 - yes_bid),yes
2026-10-03,momentum-mule,KXLTGOVVT-26-D,KXLTGOVVT,enter,YES,12,0.94,0.0474,,yes_ask,yes
2026-10-03,momentum-mule,KXLTGOVVT-26-R,KXLTGOVVT,enter,NO,10.4,0.95,0.0346,,derived(1 - yes_bid),yes
2026-10-03,momentum-mule,KXMIDTERMMOV-AZGOVD-P8,KXMIDTERMMOV,enter,NO,0.2,0.52,0.0035,,derived(1 - yes_bid),yes
2026-10-03,momentum-mule,KXMIDTERMMOV-CA24D-P35,KXMIDTERMMOV,enter,NO,20,0.78,0.2403,,derived(1 - yes_bid),yes
2026-10-03,momentum-mule,KXMIDTERMMOV-CA48D-P9,KXMIDTERMMOV,enter,YES,1.6,0.69,0.024,,yes_ask,yes
2026-10-03,momentum-mule,KXMIDTERMMOV-CO04R-P11,KXMIDTERMMOV,enter,NO,20,0.85,0.1785,,derived(1 - yes_bid),yes
2026-10-03,momentum-mule,KXMIDTERMMOV-CO04R-P5,KXMIDTERMMOV,enter,NO,20,0.62,0.3299,,derived(1 - yes_bid),yes
2026-10-03,momentum-mule,KXMIDTERMMOV-COSEND-P26,KXMIDTERMMOV,enter,YES,8,0.62,0.132,,yes_ask,yes
2026-10-03,momentum-mule,KXMIDTERMMOV-CT03D-P35,KXMIDTERMMOV,enter,NO,2,0.78,0.0241,,derived(1 - yes_bid),yes
2026-10-03,momentum-mule,KXMIDTERMMOV-FLGOVR-P6,KXMIDTERMMOV,enter,NO,56.63,0.61,0.9431,,derived(1 - yes_bid),yes
2026-10-03,momentum-mule,KXMIDTERMMOV-FLSENR-P12,KXMIDTERMMOV,enter,NO,359.5,0.79,4.1749,,derived(1 - yes_bid),yes
2026-10-03,momentum-mule,KXMIDTERMMOV-FLSENR-P6,KXMIDTERMMOV,enter,YES,393.52,0.63,6.4211,,yes_ask,yes
2026-10-03,momentum-mule,KXMIDTERMMOV-IDSENR-P19,KXMIDTERMMOV,enter,NO,20,0.7,0.294,,derived(1 - yes_bid),yes
2026-10-03,momentum-mule,KXMIDTERMMOV-KS02R-P13,KXMIDTERMMOV,enter,NO,0.5,0.69,0.0075,,derived(1 - yes_bid),yes
2026-10-03,momentum-mule,KXMIDTERMMOV-KSSENR-P3,KXMIDTERMMOV,enter,NO,11.18,0.51,0.1956,,derived(1 - yes_bid),yes
2026-10-03,momentum-mule,KXMIDTERMMOV-ME02D-P3,KXMIDTERMMOV,enter,NO,1.6,0.78,0.0193,,derived(1 - yes_bid),yes
2026-10-03,momentum-mule,KXMIDTERMMOV-MNGOVD-P17,KXMIDTERMMOV,enter,NO,81.49,0.79,0.9464,,derived(1 - yes_bid),yes
2026-10-03,momentum-mule,KXMIDTERMMOV-MNGOVD-P20,KXMIDTERMMOV,enter,NO,159.1,0.86,1.3409,,derived(1 - yes_bid),yes
2026-10-03,momentum-mule,KXMIDTERMMOV-MO05D-P3,KXMIDTERMMOV,enter,YES,20,0.969,0.0421,,yes_ask,yes
2026-10-03,momentum-mule,KXMIDTERMMOV-MO05D-P6,KXMIDTERMMOV,enter,YES,0.1,0.959,0.0003,,yes_ask,yes
2026-10-03,momentum-mule,KXMIDTERMMOV-NCSEND-P9,KXMIDTERMMOV,enter,YES,138.42,0.51,2.4214,,yes_ask,yes
2026-10-03,momentum-mule,KXMIDTERMMOV-NJ07D-P8,KXMIDTERMMOV,enter,YES,29.73,0.56,0.5128,,yes_ask,yes
2026-10-03,momentum-mule,KXMIDTERMMOV-NY04D-P15,KXMIDTERMMOV,enter,NO,9.8,0.55,0.1698,,derived(1 - yes_bid),yes
2026-10-03,momentum-mule,KXMIDTERMMOV-NY04D-P18,KXMIDTERMMOV,enter,NO,10,0.67,0.1548,,derived(1 - yes_bid),yes
2026-10-03,momentum-mule,KXMIDTERMMOV-OHSEND-P2,KXMIDTERMMOV,enter,YES,252.73,0.58,4.3096,,yes_ask,yes
2026-10-03,momentum-mule,KXMIDTERMMOV-ORGOVD-P14,KXMIDTERMMOV,enter,NO,5.82,0.966,0.0134,,derived(1 - yes_bid),yes
2026-10-03,momentum-mule,KXMIDTERMMOV-SDGOVR-P21,KXMIDTERMMOV,enter,NO,5,0.58,0.0853,,derived(1 - yes_bid),yes
2026-10-03,momentum-mule,KXMIDTERMMOV-SDSENR-P25,KXMIDTERMMOV,enter,NO,20,0.89,0.1371,,derived(1 - yes_bid),yes
2026-10-03,momentum-mule,KXMIDTERMMOV-TX15D-P5,KXMIDTERMMOV,enter,NO,6.22,0.58,0.1061,,derived(1 - yes_bid),yes
2026-10-03,momentum-mule,KXMIDTERMVOTETURN-GASEN-3900000,KXMIDTERMVOTETURN,enter,YES,20,0.67,0.3096,,yes_ask,yes
2026-10-03,momentum-mule,KXMIDTERMVOTETURN-KSSEN-1000000,KXMIDTERMVOTETURN,enter,YES,0.72,0.67,0.0112,,yes_ask,yes
2026-10-03,momentum-mule,KXMIDTERMVOTETURN-MNGOV-2700000,KXMIDTERMVOTETURN,enter,NO,3.86,0.57,0.0663,,derived(1 - yes_bid),yes
2026-10-03,momentum-mule,KXMIDTERMVOTETURN-OKSEN-1320000,KXMIDTERMVOTETURN,enter,NO,1.3,0.79,0.0151,,derived(1 - yes_bid),yes
2026-10-03,momentum-mule,KXMIDTERMVOTETURN-TXSEN-11800000,KXMIDTERMVOTETURN,enter,NO,10.65,0.99,0.0074,,derived(1 - yes_bid),yes
2026-10-03,momentum-mule,KXMISSISSAUGAMAYOR-26OCT26-CPAR,KXMISSISSAUGAMAYOR,enter,YES,1.2,0.56,0.0207,,yes_ask,yes
2026-10-03,momentum-mule,KXMOVKSNESEN-26NOV03-NESEN,KXMOVKSNESEN,enter,YES,21,0.56,0.3623,,yes_ask,yes
2026-10-03,momentum-mule,KXPRESOVMAYOR-26OCT24-RMOC,KXPRESOVMAYOR,enter,NO,9.3,0.77,0.1153,,derived(1 - yes_bid),yes
2026-10-03,momentum-mule,KXRHOUSEWON-26NOV03-AL190,KXRHOUSEWON,enter,YES,0.22,0.79,0.0026,,yes_ask,yes
2026-10-03,momentum-mule,KXRHOUSEWON-26NOV03-AL194,KXRHOUSEWON,enter,YES,0.33,0.7,0.0049,,yes_ask,yes
2026-10-03,momentum-mule,KXRICHMONDMAYOR-26OCT17-RHOW,KXRICHMONDMAYOR,enter,YES,1.7,0.6,0.0286,,yes_ask,yes
2026-10-03,momentum-mule,KXSTATEBALLOTMEASURE-AZ-P142,KXSTATEBALLOTMEASURE,enter,YES,20,0.68,0.3047,,yes_ask,yes
2026-10-03,momentum-mule,KXSUNNYSIDE-26SEP-27JUL01,KXSUNNYSIDE,enter,NO,20,0.97,0.0408,,derived(1 - yes_bid),yes
2026-10-03,momentum-mule,KXTRUMPDEMDISTRICTS-26NOV03-AL25,KXTRUMPDEMDISTRICTS,enter,YES,20,0.85,0.1785,,yes_ask,yes
2026-10-03,momentum-mule,KXTRUMPDEMDISTRICTS-26NOV03-AL31,KXTRUMPDEMDISTRICTS,enter,YES,20,0.67,0.3096,,yes_ask,yes
2026-10-03,momentum-mule,KXTXHOUSEDEMSEATS-26NOV03-E10,KXTXHOUSEDEMSEATS,enter,NO,6.13,0.9,0.0387,,derived(1 - yes_bid),yes
2026-10-03,momentum-mule,KXVANCERUN-28-27APR01,KXVANCERUN,enter,YES,17.62,0.975,0.0301,,yes_ask,yes
2026-10-03,momentum-mule,KXVOTECOUNTY-SENATEGA26GWINNETTJOSS-66,KXVOTECOUNTY,enter,NO,40.5,0.97,0.0825,,derived(1 - yes_bid),yes
2026-10-03,momentum-mule,KXVOTECOUNTY-SENATEMI26OAKLANDAELS-58,KXVOTECOUNTY,enter,NO,41,0.75,0.5382,,derived(1 - yes_bid),yes
2026-10-03,momentum-mule,KXVOTEGENERAL-GOVPARTYAL-26DJON-46,KXVOTEGENERAL,enter,NO,0.3,0.8,0.0034,,derived(1 - yes_bid),yes
2026-10-03,momentum-mule,KXVOTEGENERAL-GOVPARTYOR-26CDRA-44,KXVOTEGENERAL,enter,YES,20.5,0.97,0.0418,,yes_ask,yes
2026-10-03,momentum-mule,KXVOTEGENERAL-KXHOUSERACE-MA04-26JAUC-62,KXVOTEGENERAL,enter,YES,0.4,0.9,0.0026,,yes_ask,yes
2026-10-03,momentum-mule,KXVOTEGENERAL-KXHOUSERACE-MA04-26TSTA-34,KXVOTEGENERAL,enter,NO,40,0.57,0.6863,,derived(1 - yes_bid),yes
2026-10-03,momentum-mule,KXVOTEGENERAL-KXHOUSERACE-TX23-26BHER-52,KXVOTEGENERAL,enter,NO,0.2,0.61,0.0034,,derived(1 - yes_bid),yes
2026-10-03,momentum-mule,KXVOTEGENERAL-KXHOUSERACE-TX23-26BHER-54,KXVOTEGENERAL,enter,NO,0.3,0.78,0.0037,,derived(1 - yes_bid),yes
2026-10-03,momentum-mule,KXVOTEGENERAL-KXHOUSERACE-UT04-26TWRI-2,KXVOTEGENERAL,enter,YES,20,0.76,0.2554,,yes_ask,yes
2026-10-03,momentum-mule,KXVOTEGENERAL-SENATEAR-26HSHO-42,KXVOTEGENERAL,enter,YES,20.85,0.57,0.3578,,yes_ask,yes
2026-10-03,momentum-mule,KXVOTEGENERAL-SENATEIA-26JTUR-48,KXVOTEGENERAL,enter,YES,7.62,0.66,0.1197,,yes_ask,yes
2026-10-03,momentum-mule,KXVOTEGENERAL-SENATEID-26NFLE-7,KXVOTEGENERAL,enter,NO,20.2,0.91,0.1159,,derived(1 - yes_bid),yes
2026-10-03,momentum-mule,KXVOTEGENERAL-SENATEKS-26AHAM-52,KXVOTEGENERAL,enter,NO,9.66,0.97,0.0197,,derived(1 - yes_bid),yes
2026-10-03,momentum-mule,KXVOTEGENERAL-SENATESC-26AAND-44,KXVOTEGENERAL,enter,YES,0.55,0.89,0.0038,,yes_ask,yes
2026-10-03,momentum-mule,KXVOTEGENERAL-SENATESC-26AAND-50,KXVOTEGENERAL,enter,NO,5.56,0.96,0.015,,derived(1 - yes_bid),yes
2026-10-04,momentum-mule,KXATTYGENFL-26-R,KXATTYGENFL,exit,YES,4.96,0.75,0.0651,-0.4123,yes_bid,
2026-10-04,momentum-mule,KXATTYGENOH-26-D,KXATTYGENOH,exit,NO,16.67,0.74,0.2246,-1.8916,derived(1 - yes_ask),
2026-10-04,momentum-mule,KXDHOUSEWON-26NOV03-AL238,KXDHOUSEWON,exit,NO,20.93,0.48,0.3657,-2.4587,derived(1 - yes_ask),
2026-10-04,momentum-mule,KXHOUSEPOPVOTEMARGIND-26NOV03-AL10,KXHOUSEPOPVOTEMARGIND,exit,NO,76.71,0.34,1.205,-20.3825,derived(1 - yes_ask),
2026-10-04,momentum-mule,KXKSSENGOVCOMBO-26NOV-DEMDEM,KXKSSENGOVCOMBO,exit,NO,11.4,0.74,0.1536,-1.5216,derived(1 - yes_ask),
2026-10-04,momentum-mule,KXLAMOV-KXMAYORLA26NRAM-NRAM-P53,KXLAMOV,exit,NO,0.05,0.47,0.0009,-0.0094,derived(1 - yes_ask),
2026-10-04,momentum-mule,KXMARENTCONTROL-26,KXMARENTCONTROL,exit,NO,7.62,0.86,0.0643,-0.85678,derived(1 - yes_ask),
2026-10-04,momentum-mule,KXMIDTERMMOV-CO02D-P55,KXMIDTERMMOV,exit,NO,3.5,0.82,0.0362,-0.3862,derived(1 - yes_ask),
2026-10-04,momentum-mule,KXMIDTERMMOV-COSEND-P26,KXMIDTERMMOV,exit,YES,8,0.5,0.14,-1.1,yes_bid,
2026-10-04,momentum-mule,KXMIDTERMMOV-FLSENR-P6,KXMIDTERMMOV,exit,YES,393.52,0.57,6.7517,-30.3629,yes_bid,
2026-10-04,momentum-mule,KXMIDTERMMOV-IDGOVR-P30,KXMIDTERMMOV,exit,YES,6,0.26,0.0809,-2.0609,yes_bid,
2026-10-04,momentum-mule,KXMIDTERMMOV-IDSENR-P19,KXMIDTERMMOV,exit,NO,20,0.56,0.345,-3.145,derived(1 - yes_ask),
2026-10-04,momentum-mule,KXMIDTERMMOV-MO05R-P6,KXMIDTERMMOV,exit,NO,0.28,0.76,0.0036,-0.0694,derived(1 - yes_ask),
2026-10-04,momentum-mule,KXMIDTERMMOV-MSSENR-P5,KXMIDTERMMOV,exit,NO,4.38,0.32,0.0668,-1.2932,derived(1 - yes_ask),
2026-10-04,momentum-mule,KXMIDTERMMOV-OHSENR-P2,KXMIDTERMMOV,exit,NO,173.1,0.72,2.4428,-11.0978,derived(1 - yes_ask),
2026-10-04,momentum-mule,KXMIDTERMMOV-SCSENR-P11,KXMIDTERMMOV,exit,NO,75,0.86,0.6321,-7.6821,derived(1 - yes_ask),
2026-10-04,momentum-mule,KXMISSISSAUGAMAYOR-26OCT26-CPAR,KXMISSISSAUGAMAYOR,exit,YES,1.2,0.45,0.0208,-0.1528,yes_bid,
2026-10-04,momentum-mule,KXMOVKSNESEN-26NOV03-KSSEN,KXMOVKSNESEN,exit,NO,20.5,0.6,0.3444,-1.7794,derived(1 - yes_ask),
2026-10-04,momentum-mule,KXRGOVCOUNT-26JUL08-AL23,KXRGOVCOUNT,exit,YES,8.4,0.57,0.1442,-0.8162,yes_bid,
2026-10-04,momentum-mule,KXSTATEBALLOTMEASURE-ID-P1,KXSTATEBALLOTMEASURE,exit,YES,0.53,0.43,0.0091,-0.29,yes_bid,
2026-10-04,momentum-mule,KXTAIPEIMAYOR-26NOV28-SPY,KXTAIPEIMAYOR,exit,NO,113.25,0.73,1.5626,-9.4901,derived(1 - yes_ask),
2026-10-04,momentum-mule,KXVOTEGENERAL-GOVPARTYNY-26BBLA-44,KXVOTEGENERAL,exit,NO,3.95,0.68,0.0602,-0.4947,derived(1 - yes_ask),
2026-10-04,momentum-mule,KXVOTEGENERAL-GOVPARTYVT-26PSCO-54,KXVOTEGENERAL,exit,NO,21.27,0.34,0.3342,-10.1184,derived(1 - yes_ask),
2026-10-04,momentum-mule,KXVOTEGENERAL-KXHOUSERACE-LA02-26TCAR-76,KXVOTEGENERAL,exit,YES,21,0.37,0.3427,-8.1127,yes_bid,
2026-10-04,momentum-mule,KXVOTEGENERAL-SENATEFLS-26AMOO-52,KXVOTEGENERAL,exit,YES,69.2,0.37,1.1292,-23.2732,yes_bid,
2026-10-04,momentum-mule,KXVOTEGENERAL-SENATETX-26JTAL-52,KXVOTEGENERAL,exit,NO,4.94,0.74,0.0666,-0.7582,derived(1 - yes_ask),
2026-10-04,momentum-mule,HOUSEAZ2-26-R,HOUSEAZ2,enter,YES,9.66,0.69,0.1447,,yes_ask,yes
2026-10-04,momentum-mule,KXATTYGENAZ-26-R,KXATTYGENAZ,enter,NO,55.62,0.84,0.5233,,derived(1 - yes_bid),yes
2026-10-04,momentum-mule,KXBERNIEENDORSE-26NOV03-DOSB,KXBERNIEENDORSE,enter,NO,3.4,0.87,0.027,,derived(1 - yes_bid),yes
2026-10-04,momentum-mule,KXDATACENTERMORATORIUM-27JAN012,KXDATACENTERMORATORIUM,enter,YES,2.16,0.79,0.0251,,yes_ask,yes
2026-10-04,momentum-mule,KXGASENGOVCOMBO-26NOV-DEMDEM,KXGASENGOVCOMBO,enter,NO,8.08,0.55,0.14,,derived(1 - yes_bid),yes
2026-10-04,momentum-mule,KXHOUSEPOPVOTEMARGIN-27NOV03-B13,KXHOUSEPOPVOTEMARGIN,enter,NO,46.3,0.902,0.2865,,derived(1 - yes_bid),yes
2026-10-04,momentum-mule,KXHOUSEPOPVOTEMARGIND-26NOV03-AL12,KXHOUSEPOPVOTEMARGIND,enter,NO,0.97,0.87,0.0077,,derived(1 - yes_bid),yes
2026-10-04,momentum-mule,KXHOUSERACE-CO05-26-R,KXHOUSERACE,enter,YES,537.51,0.77,6.6636,,yes_ask,yes
2026-10-04,momentum-mule,KXHOUSETX32-26-D,KXHOUSETX32,enter,NO,69.79,0.906,0.4161,,derived(1 - yes_bid),yes
2026-10-04,momentum-mule,KXKSSENGOVCOMBO-26NOV-REPREP,KXKSSENGOVCOMBO,enter,NO,5.08,0.57,0.0872,,derived(1 - yes_bid),yes
2026-10-04,momentum-mule,KXMIDTERMMOV-ARSENR-P26,KXMIDTERMMOV,enter,NO,0.82,0.84,0.0078,,derived(1 - yes_bid),yes
2026-10-04,momentum-mule,KXMIDTERMMOV-CA11CCHA-P4,KXMIDTERMMOV,enter,NO,0.39,0.937,0.0017,,derived(1 - yes_bid),yes
2026-10-04,momentum-mule,KXMIDTERMMOV-CA11SWIE-P4,KXMIDTERMMOV,enter,YES,17.14,0.66,0.2693,,yes_ask,yes
2026-10-04,momentum-mule,KXMIDTERMMOV-COSEND-P20,KXMIDTERMMOV,enter,YES,15.09,0.79,0.1753,,yes_ask,yes
2026-10-04,momentum-mule,KXMIDTERMMOV-FLSENR-P8,KXMIDTERMMOV,enter,NO,1.3,0.59,0.0221,,derived(1 - yes_bid),yes
2026-10-04,momentum-mule,KXMIDTERMMOV-NCSEND-P3,KXMIDTERMMOV,enter,YES,0.13,0.92,0.0007,,yes_ask,yes
2026-10-04,momentum-mule,KXMIDTERMMOV-NE02D-P18,KXMIDTERMMOV,enter,NO,1.71,0.83,0.0169,,derived(1 - yes_bid),yes
2026-10-04,momentum-mule,KXMIDTERMMOV-NJ07D-P5,KXMIDTERMMOV,enter,YES,2.05,0.71,0.0296,,yes_ask,yes
2026-10-04,momentum-mule,KXMIDTERMMOV-NY04D-P12,KXMIDTERMMOV,enter,YES,1.43,0.61,0.0239,,yes_ask,yes
2026-10-04,momentum-mule,KXMIDTERMMOV-NY19D-P12,KXMIDTERMMOV,enter,YES,14.06,0.83,0.1389,,yes_ask,yes
2026-10-04,momentum-mule,KXMIDTERMMOV-OHGOVR-P3,KXMIDTERMMOV,enter,NO,1.15,0.79,0.0134,,derived(1 - yes_bid),yes
2026-10-04,momentum-mule,KXMIDTERMMOV-SCSENR-P5,KXMIDTERMMOV,enter,NO,32.38,0.52,0.5658,,derived(1 - yes_bid),yes
2026-10-04,momentum-mule,KXMIDTERMMOV-SDSENR-P21,KXMIDTERMMOV,enter,NO,13.85,0.85,0.1237,,derived(1 - yes_bid),yes
2026-10-04,momentum-mule,KXMIDTERMMOV-TN02R-P24,KXMIDTERMMOV,enter,YES,2.46,0.6,0.0414,,yes_ask,yes
2026-10-04,momentum-mule,KXMIDTERMMOV-TXGOVR-P9,KXMIDTERMMOV,enter,NO,4.67,0.909,0.0271,,derived(1 - yes_bid),yes
2026-10-04,momentum-mule,KXMIDTERMMOV-TXSENR-P1,KXMIDTERMMOV,enter,NO,67.17,0.68,1.0232,,derived(1 - yes_bid),yes
2026-10-04,momentum-mule,KXMIDTERMMOV-TXSENR-P3,KXMIDTERMMOV,enter,NO,304.92,0.82,3.1505,,derived(1 - yes_bid),yes
2026-10-04,momentum-mule,KXMIDTERMVOTETURN-TXSEN-10000000,KXMIDTERMVOTETURN,enter,NO,0.48,0.75,0.0063,,derived(1 - yes_bid),yes
2026-10-04,momentum-mule,KXMIDTERMVOTETURN-TXSEN-11200000,KXMIDTERMVOTETURN,enter,NO,1.36,0.84,0.0128,,derived(1 - yes_bid),yes
2026-10-04,momentum-mule,KXSTATEBALLOTMEASURE-CO-A87,KXSTATEBALLOTMEASURE,enter,NO,4.63,0.56,0.0799,,derived(1 - yes_bid),yes
2026-10-04,momentum-mule,KXTRUMPAVENUE-27-27SEP01,KXTRUMPAVENUE,enter,NO,0.83,0.7,0.0123,,derived(1 - yes_bid),yes
2026-10-04,momentum-mule,KXTXRAILROADCOMBO-26NOV03-JRKP,KXTXRAILROADCOMBO,enter,NO,1.6,0.98,0.0022,,derived(1 - yes_bid),yes
2026-10-04,momentum-mule,KXVANCERUN-28-27JUL01,KXVANCERUN,enter,NO,0.73,0.981,0.001,,derived(1 - yes_bid),yes
2026-10-04,momentum-mule,KXVOTECOUNTY-GOVPARTYAZ26PIMAKHOB-66,KXVOTECOUNTY,enter,NO,0.06,0.76,0.0008,,derived(1 - yes_bid),yes
2026-10-04,momentum-mule,KXVOTECOUNTY-SENATEOHS26FRANKLINSBRO-66,KXVOTECOUNTY,enter,YES,2.08,0.81,0.0225,,yes_ask,yes
2026-10-04,momentum-mule,KXVOTECOUNTY-SENATEOHS26HAMILTONSBRO-62,KXVOTECOUNTY,enter,NO,0.12,0.56,0.0021,,derived(1 - yes_bid),yes
2026-10-04,momentum-mule,KXVOTEGENERAL-GOVPARTYMA-26MMIN-36,KXVOTEGENERAL,enter,YES,1.04,0.64,0.0168,,yes_ask,yes
2026-10-04,momentum-mule,KXVOTEGENERAL-GOVPARTYTN-26MBLA-54,KXVOTEGENERAL,enter,YES,20.92,0.64,0.3374,,yes_ask,yes
2026-10-04,momentum-mule,KXVOTEGENERAL-GOVPARTYTN-26MBLA-56,KXVOTEGENERAL,enter,NO,17.45,0.68,0.2658,,derived(1 - yes_bid),yes
2026-10-04,momentum-mule,KXVOTEGENERAL-KXCA11PERSON-26SWIE-58,KXVOTEGENERAL,enter,NO,2.4,0.9,0.0152,,derived(1 - yes_bid),yes
2026-10-04,momentum-mule,KXVOTEGENERAL-KXHOUSERACE-LA03-26CWAL-6,KXVOTEGENERAL,enter,YES,14.06,0.92,0.0725,,yes_ask,yes
2026-10-04,momentum-mule,KXVOTEGENERAL-SENATEAK-26DSUL-42,KXVOTEGENERAL,enter,YES,4.54,0.98,0.0063,,yes_ask,yes
2026-10-04,momentum-mule,SENATETX-26-D,SENATETX,enter,YES,15555.34,0.65,247.7188,,yes_ask,yes
2026-10-04,momentum-mule,SENATETX-26-R,SENATETX,enter,NO,13328.75,0.65,212.2604,,derived(1 - yes_bid),yes
2026-10-05,momentum-mule,KXATTYGENAZ-26-R,KXATTYGENAZ,exit,NO,55.62,0.79,0.646,-3.427,derived(1 - yes_ask),
2026-10-05,momentum-mule,KXATTYGENKS-26-D,KXATTYGENKS,exit,NO,2.5,0.5,0.0438,-0.3188,derived(1 - yes_ask),
2026-10-05,momentum-mule,KXBANKHEADDROPOUT-26-YES,KXBANKHEADDROPOUT,exit,NO,10.83,0.7,0.1593,-1.2423,derived(1 - yes_ask),
2026-10-05,momentum-mule,KXDSENATEWON-26NOV03-AL18,KXDSENATEWON,exit,NO,8.65,0.47,0.1509,-0.8429,derived(1 - yes_ask),
2026-10-05,momentum-mule,KXGENERALCOUNTY-SENATETX-26-COLL,KXGENERALCOUNTY,exit,YES,24,0.62,0.3959,-4.4759,yes_bid,
2026-10-05,momentum-mule,KXGENERALCOUNTY-SENATETX-26-DENT,KXGENERALCOUNTY,exit,YES,25.06,0.45,0.4342,-5.9474,yes_bid,
2026-10-05,momentum-mule,KXHOUSERACE-CO05-26-R,KXHOUSERACE,exit,YES,537.51,0.73,7.4161,-28.9165,yes_bid,
2026-10-05,momentum-mule,KXKSSENGOVCOMBO-26NOV-REPREP,KXKSSENGOVCOMBO,exit,NO,5.08,0.44,0.0877,-0.7481,derived(1 - yes_ask),
2026-10-05,momentum-mule,KXMIDTERMMOV-IAGOVD-P12,KXMIDTERMMOV,exit,NO,3.55,0.72,0.0501,-0.6181,derived(1 - yes_ask),
2026-10-05,momentum-mule,KXMIDTERMMOV-MESEND-P3,KXMIDTERMMOV,exit,NO,27.15,0.57,0.4659,-1.8234,derived(1 - yes_ask),
2026-10-05,momentum-mule,KXMIDTERMMOV-NY19D-P12,KXMIDTERMMOV,exit,YES,14.06,0.65,0.224,-2.7548,yes_bid,
2026-10-05,momentum-mule,KXMIDTERMMOV-TX23R-P2,KXMIDTERMMOV,exit,YES,0.45,0.47,0.0079,-0.0844,yes_bid,
2026-10-05,momentum-mule,KXMIDTERMMOV-TX23R-P5,KXMIDTERMMOV,exit,NO,9.28,0.52,0.1622,-1.4614,derived(1 - yes_ask),
2026-10-05,momentum-mule,KXMIDTERMMOV-TXGOVR-P9,KXMIDTERMMOV,exit,NO,4.67,0.81,0.0504,-0.51273,derived(1 - yes_ask),
2026-10-05,momentum-mule,KXMIDTERMVOTETURN-CAGOV-12000000,KXMIDTERMVOTETURN,exit,YES,10.1,0.58,0.1723,-2.3943,yes_bid,
2026-10-05,momentum-mule,KXMIDTERMVOTETURN-GAGOV-4100000,KXMIDTERMVOTETURN,exit,YES,22.41,0.42,0.3822,-3.2955,yes_bid,
2026-10-05,momentum-mule,KXMIDTERMVOTETURN-KSSEN-1000000,KXMIDTERMVOTETURN,exit,YES,0.72,0.53,0.0126,-0.1134,yes_bid,
2026-10-05,momentum-mule,KXMOVGANCSEN-26NOV03-GASEN,KXMOVGANCSEN,exit,YES,0.47,0.52,0.0083,-0.0506,yes_bid,
2026-10-05,momentum-mule,KXNHSENGOVCOMBO-26NOV-REPREP,KXNHSENGOVCOMBO,exit,NO,23.54,0.84,0.2215,-1.8693,derived(1 - yes_ask),
2026-10-05,momentum-mule,KXPRESSSECANNOUNCE-26AUG-DEC01,KXPRESSSECANNOUNCE,exit,YES,49.55,0.64,0.7992,-8.2317,yes_bid,
2026-10-05,momentum-mule,KXPRESSSECANNOUNCE-26AUG-JAN01,KXPRESSSECANNOUNCE,exit,YES,0.26,0.78,0.0032,-0.0344,yes_bid,
2026-10-05,momentum-mule,KXSTATEBALLOTMEASURE-CO-I110,KXSTATEBALLOTMEASURE,exit,NO,0.5,0.38,0.0083,-0.2833,derived(1 - yes_ask),
2026-10-05,momentum-mule,KXTAIPEIMAYOR-26NOV28-CWAN,KXTAIPEIMAYOR,exit,YES,69.38,0.69,1.0389,-6.5893,yes_bid,
2026-10-05,momentum-mule,KXVOTEGENERAL-KXHOUSEUT03-26CEAS-2,KXVOTEGENERAL,exit,YES,40.2,0.6,0.6754,-7.5094,yes_bid,
2026-10-05,momentum-mule,KXVOTEGENERAL-SENATEMT26SBOD-35,KXVOTEGENERAL,exit,YES,30,0.34,0.4713,-13.0713,yes_bid,
2026-10-05,momentum-mule,KXVOTEGENERAL-SENATESC-26AAND-44,KXVOTEGENERAL,exit,YES,0.55,0.78,0.0067,-0.0672,yes_bid,
2026-10-05,momentum-mule,GOVPARTYOH-26-D,GOVPARTYOH,enter,YES,755.19,0.67,11.6881,,yes_ask,yes
2026-10-05,momentum-mule,GOVPARTYOH-26-R,GOVPARTYOH,enter,NO,1106.27,0.67,17.1218,,derived(1 - yes_bid),yes
2026-10-05,momentum-mule,KXARCRYPTO-JLLC27,KXARCRYPTO,enter,NO,0.1,0.55,0.0018,,derived(1 - yes_bid),yes
2026-10-05,momentum-mule,KXBERNIEENDORSE-26NOV03-JSTR,KXBERNIEENDORSE,enter,NO,1.31,0.908,0.0077,,derived(1 - yes_bid),yes
2026-10-05,momentum-mule,KXCABALLOTMEASURES-26NOV03-PR02,KXCABALLOTMEASURES,enter,YES,0.5,0.98,0.0007,,yes_ask,yes
2026-10-05,momentum-mule,KXCAGOVLAMAYOR-26NOV-RAM-BEC,KXCAGOVLAMAYOR,enter,YES,0.4,0.64,0.0065,,yes_ask,yes
2026-10-05,momentum-mule,KXCAWEALTHTAXMOVD-CAWEALTHTAX26YES-YES-P1,KXCAWEALTHTAXMOVD,enter,NO,65.27,0.64,1.0527,,derived(1 - yes_bid),yes
2026-10-05,momentum-mule,KXCAWEALTHTAXMOVD-CAWEALTHTAX26YES-YES-P13,KXCAWEALTHTAXMOVD,enter,NO,30,0.97,0.0612,,derived(1 - yes_bid),yes
2026-10-05,momentum-mule,KXCROCKETTCAMPAIGN-26-26NOV03,KXCROCKETTCAMPAIGN,enter,NO,76.97,0.71,1.1094,,derived(1 - yes_bid),yes
2026-10-05,momentum-mule,KXDHOUSEWON-26NOV03-AL218,KXDHOUSEWON,enter,YES,10,0.96,0.0269,,yes_ask,yes
2026-10-05,momentum-mule,KXDHOUSEWON-26NOV03-AL238,KXDHOUSEWON,enter,YES,2.01,0.54,0.035,,yes_ask,yes
2026-10-05,momentum-mule,KXENDORSEAOC-26NOV03-CVAL,KXENDORSEAOC,enter,NO,58.7,0.65,0.9348,,derived(1 - yes_bid),yes
2026-10-05,momentum-mule,KXFLMAILVOTE-26NOV03-AL2600000,KXFLMAILVOTE,enter,NO,0.5,0.86,0.0043,,derived(1 - yes_bid),yes
2026-10-05,momentum-mule,KXFORTBENDCOUNTYJUDGE-26-DMCC,KXFORTBENDCOUNTYJUDGE,enter,YES,2.48,0.89,0.017,,yes_ask,yes
2026-10-05,momentum-mule,KXFOURSTATESEN-26NOV03-TTTT,KXFOURSTATESEN,enter,NO,0.2,0.72,0.0029,,derived(1 - yes_bid),yes
2026-10-05,momentum-mule,KXGASENGOVCOMBO-26NOV-REPDEM,KXGASENGOVCOMBO,enter,YES,77.15,0.56,1.3307,,yes_ask,yes
2026-10-05,momentum-mule,KXGENERALCOUNTY-SENATETX-26-TARR,KXGENERALCOUNTY,enter,YES,72.5,0.97,0.1477,,yes_ask,yes
2026-10-05,momentum-mule,KXHOUSENC11-26-DEM,KXHOUSENC11,enter,YES,709.73,0.69,10.6268,,yes_ask,yes
2026-10-05,momentum-mule,KXLAMOV-KXMAYORLA26KBAS-KBAS-P52,KXLAMOV,enter,NO,40.5,0.85,0.3615,,derived(1 - yes_bid),yes
2026-10-05,momentum-mule,KXLAMOV-KXMAYORLA26NRAM-NRAM-P51,KXLAMOV,enter,NO,0.08,0.72,0.0012,,derived(1 - yes_bid),yes
2026-10-05,momentum-mule,KXLEXMAYOR-26-LGOR,KXLEXMAYOR,enter,YES,0.12,0.8,0.0014,,yes_ask,yes
2026-10-05,momentum-mule,KXMANCHINCOMBO-26NOV03-WW,KXMANCHINCOMBO,enter,NO,30,0.83,0.2964,,derived(1 - yes_bid),yes
2026-10-05,momentum-mule,KXMIDTERMMOV-ALSENR-P25,KXMIDTERMMOV,enter,NO,0.3,0.978,0.0005,,derived(1 - yes_bid),yes
2026-10-05,momentum-mule,KXMIDTERMMOV-ALSENR-P27,KXMIDTERMMOV,enter,NO,0.3,0.999,0.0001,,derived(1 - yes_bid),yes
2026-10-05,momentum-mule,KXMIDTERMMOV-AZ06D-P4,KXMIDTERMMOV,enter,YES,19.9,0.6,0.3344,,yes_ask,yes
2026-10-05,momentum-mule,KXMIDTERMMOV-FLSENR-P10,KXMIDTERMMOV,enter,NO,192.05,0.73,2.6498,,derived(1 - yes_bid),yes
2026-10-05,momentum-mule,KXMIDTERMMOV-IDSENR-P19,KXMIDTERMMOV,enter,NO,5.14,0.8,0.0576,,derived(1 - yes_bid),yes
2026-10-05,momentum-mule,KXMIDTERMMOV-MASEND-P31,KXMIDTERMMOV,enter,NO,19.69,0.57,0.3379,,derived(1 - yes_bid),yes
2026-10-05,momentum-mule,KXMIDTERMMOV-MSSENR-P11,KXMIDTERMMOV,enter,NO,0.5,0.83,0.005,,derived(1 - yes_bid),yes
2026-10-05,momentum-mule,KXMIDTERMMOV-MSSENR-P13,KXMIDTERMMOV,enter,NO,40.5,0.89,0.2776,,derived(1 - yes_bid),yes
2026-10-05,momentum-mule,KXMIDTERMMOV-MTSENR-P10,KXMIDTERMMOV,enter,YES,20.5,0.7,0.3014,,yes_ask,yes
2026-10-05,momentum-mule,KXMIDTERMMOV-MTSENR-P5,KXMIDTERMMOV,enter,YES,0.5,0.82,0.0052,,yes_ask,yes
2026-10-05,momentum-mule,KXMIDTERMMOV-NHSEND-P4,KXMIDTERMMOV,enter,YES,33.41,0.69,0.5003,,yes_ask,yes
2026-10-05,momentum-mule,KXMIDTERMMOV-NY19D-P6,KXMIDTERMMOV,enter,YES,0.5,0.932,0.0023,,yes_ask,yes
2026-10-05,momentum-mule,KXMIDTERMMOV-NY19D-P9,KXMIDTERMMOV,enter,YES,0.5,0.82,0.0052,,yes_ask,yes
2026-10-05,momentum-mule,KXMIDTERMMOV-OH07D-P8,KXMIDTERMMOV,enter,NO,20,0.64,0.3226,,derived(1 - yes_bid),yes
2026-10-05,momentum-mule,KXMIDTERMMOV-PAGOVD-P25,KXMIDTERMMOV,enter,YES,20.88,0.58,0.3561,,yes_ask,yes
2026-10-05,momentum-mule,KXMIDTERMMOV-RIGOVD-P13,KXMIDTERMMOV,enter,YES,11.5,0.86,0.097,,yes_ask,yes
2026-10-05,momentum-mule,KXMIDTERMMOV-SCSENR-P11,KXMIDTERMMOV,enter,NO,30,0.87,0.2376,,derived(1 - yes_bid),yes
2026-10-05,momentum-mule,KXMIDTERMMOV-TX23R-P11,KXMIDTERMMOV,enter,NO,0.5,0.918,0.0027,,derived(1 - yes_bid),yes
2026-10-05,momentum-mule,KXMIDTERMMOV-TX23R-P8,KXMIDTERMMOV,enter,NO,8.79,0.82,0.0909,,derived(1 - yes_bid),yes
2026-10-05,momentum-mule,KXMIDTERMMOV-TXGOVR-P12,KXMIDTERMMOV,enter,NO,2.2,0.94,0.0087,,derived(1 - yes_bid),yes
2026-10-05,momentum-mule,KXMIDTERMMOV-TXSENR-P5,KXMIDTERMMOV,enter,NO,58.23,0.9,0.3669,,derived(1 - yes_bid),yes
2026-10-05,momentum-mule,KXMIDTERMMOV-WA05R-P8,KXMIDTERMMOV,enter,NO,29.28,0.61,0.4876,,derived(1 - yes_bid),yes
2026-10-05,momentum-mule,KXMIDTERMMOV-WIGOVD-P10,KXMIDTERMMOV,enter,NO,1,0.83,0.0099,,derived(1 - yes_bid),yes
2026-10-05,momentum-mule,KXMIDTERMVOTETURN-LA06-193000,KXMIDTERMVOTETURN,enter,NO,10,0.87,0.0792,,derived(1 - yes_bid),yes
2026-10-05,momentum-mule,KXMIDTERMVOTETURN-LA06-230000,KXMIDTERMVOTETURN,enter,NO,60,0.9,0.378,,derived(1 - yes_bid),yes
2026-10-05,momentum-mule,KXMIDTERMVOTETURN-MNSEN-2200000,KXMIDTERMVOTETURN,enter,YES,2,0.92,0.0104,,yes_ask,yes
2026-10-05,momentum-mule,KXMIDTERMVOTETURN-NCSEN-3800000,KXMIDTERMVOTETURN,enter,YES,20,0.85,0.1785,,yes_ask,yes
2026-10-05,momentum-mule,KXPAMAILMARGIN-26NOV03-AL40,KXPAMAILMARGIN,enter,NO,0.5,0.9,0.0032,,derived(1 - yes_bid),yes
2026-10-05,momentum-mule,KXPAPPASSUNUNUDEBATE-26,KXPAPPASSUNUNUDEBATE,enter,YES,3.6,0.92,0.0186,,yes_ask,yes
2026-10-05,momentum-mule,KXPASEN-262-D,KXPASEN,enter,NO,15.22,0.58,0.2596,,derived(1 - yes_bid),yes
2026-10-05,momentum-mule,KXPASEN-262-R,KXPASEN,enter,YES,1.24,0.58,0.0212,,yes_ask,yes
2026-10-05,momentum-mule,KXSENATEWITHIN5-26NOV03-AK,KXSENATEWITHIN5,enter,NO,3.6,0.57,0.0618,,derived(1 - yes_bid),yes
2026-10-05,momentum-mule,KXSENATEWITHIN5-26NOV03-TX,KXSENATEWITHIN5,enter,YES,34.7,0.89,0.2378,,yes_ask,yes
2026-10-05,momentum-mule,KXSTATELEG-AZHOUSE26-R,KXSTATELEG,enter,NO,0.34,0.59,0.0058,,derived(1 - yes_bid),yes
2026-10-05,momentum-mule,KXSTATELEG-AZSEN26-D,KXSTATELEG,enter,YES,1.57,0.59,0.0266,,yes_ask,yes
2026-10-05,momentum-mule,KXTHREESTATESEN-26NOV03-FFT,KXTHREESTATESEN,enter,NO,7.01,0.9,0.0442,,derived(1 - yes_bid),yes
2026-10-05,momentum-mule,KXUNDERHARRIS-27JAN04-TKOT,KXUNDERHARRIS,enter,YES,2,0.96,0.0054,,yes_ask,yes
2026-10-05,momentum-mule,KXUSINDEPENDENTCONGRESS-26NOV03,KXUSINDEPENDENTCONGRESS,enter,NO,1.7,0.99,0.0012,,derived(1 - yes_bid),yes
2026-10-05,momentum-mule,KXVOTECOUNTY-SENATETX26COLLINJTAL-48,KXVOTECOUNTY,enter,YES,20.55,0.81,0.2214,,yes_ask,yes
2026-10-05,momentum-mule,KXVOTEGENERAL-GOVPARTYID-26BLIT-62,KXVOTEGENERAL,enter,NO,20.7,0.7,0.3043,,derived(1 - yes_bid),yes
2026-10-05,momentum-mule,KXVOTEGENERAL-HOUSENY4-26BTAR-2,KXVOTEGENERAL,enter,NO,20,0.87,0.1584,,derived(1 - yes_bid),yes
2026-10-05,momentum-mule,KXVOTEGENERAL-SENATEKS-26AHAM-44,KXVOTEGENERAL,enter,YES,2.16,0.89,0.0149,,yes_ask,yes
2026-10-05,momentum-mule,KXVOTEGENERAL-SENATEME-26SCOL-46,KXVOTEGENERAL,enter,YES,2.24,0.64,0.0362,,yes_ask,yes
2026-10-05,momentum-mule,KXVOTEGENERAL-SENATEOHS-26SBRO-46,KXVOTEGENERAL,enter,YES,10.7,0.76,0.1367,,yes_ask,yes
2026-10-05,momentum-mule,KXVOTEGENERAL-SENATEOHS-26SBRO-48,KXVOTEGENERAL,enter,YES,5.81,0.66,0.0913,,yes_ask,yes
2026-10-06,momentum-mule,KXCABALLOTMEASURES-26NOV03-PR38,KXCABALLOTMEASURES,exit,YES,22,0.39,0.3664,-12.4664,yes_bid,
2026-10-06,momentum-mule,KXCAGOVLAMAYOR-26NOV-RAM-BEC,KXCAGOVLAMAYOR,exit,YES,0.4,0.58,0.0069,-0.0309,yes_bid,
2026-10-06,momentum-mule,KXCROCKETTCAMPAIGN-26-26NOV03,KXCROCKETTCAMPAIGN,exit,NO,76.97,0.55,1.3336,-13.6488,derived(1 - yes_ask),
2026-10-06,momentum-mule,KXFLPROPERTYTAX-26NOV03,KXFLPROPERTYTAX,exit,NO,95.07,0.58,1.6212,-6.3747,derived(1 - yes_ask),
2026-10-06,momentum-mule,KXFOURSTATESEN-26NOV03-TTTT,KXFOURSTATESEN,exit,NO,0.2,0.64,0.0033,-0.0193,derived(1 - yes_ask),
2026-10-06,momentum-mule,KXIASENGOVCOMBO-26NOV-DEMREP,KXIASENGOVCOMBO,exit,NO,18.3,0.53,0.3191,-2.1491,derived(1 - yes_ask),
2026-10-06,momentum-mule,KXLAMOV-KXMAYORLA26NRAM-NRAM-P54,KXLAMOV,exit,NO,6.64,0.54,0.1155,-1.2443,derived(1 - yes_ask),
2026-10-06,momentum-mule,KXMETXCOMBO-26NOVB-TAL-JAC,KXMETXCOMBO,exit,NO,840.16,0.49,14.697,-65.1066,derived(1 - yes_ask),
2026-10-06,momentum-mule,KXMIDTERMMOV-CA24D-P35,KXMIDTERMMOV,exit,NO,20,0.21,0.2323,-11.6323,derived(1 - yes_ask),
2026-10-06,momentum-mule,KXMIDTERMMOV-LA05R-P42,KXMIDTERMMOV,exit,NO,20,0.7,0.294,-5.094,derived(1 - yes_ask),
2026-10-06,momentum-mule,KXMIDTERMMOV-NY17D-P3,KXMIDTERMMOV,exit,YES,41,0.42,0.6992,-11.7692,yes_bid,
2026-10-06,momentum-mule,KXMIDTERMMOV-TX35D-P2,KXMIDTERMMOV,exit,YES,16.75,0.47,0.2921,-2.8046,yes_bid,
2026-10-06,momentum-mule,KXMIDTERMVOTETURN-CAGOV-13100000,KXMIDTERMVOTETURN,exit,NO,1.56,0.62,0.0258,-0.3222,derived(1 - yes_ask),
2026-10-06,momentum-mule,KXSENATEWITHIN5-26NOV03-AK,KXSENATEWITHIN5,exit,NO,3.6,0.47,0.0628,-0.4228,derived(1 - yes_ask),
2026-10-06,momentum-mule,KXSTATEBALLOTMEASURE-MA-Q3,KXSTATEBALLOTMEASURE,exit,NO,0.58,0.59,0.0099,-0.1723,derived(1 - yes_ask),
2026-10-06,momentum-mule,KXUSINDEPENDENTCONGRESS-26NOV03,KXUSINDEPENDENTCONGRESS,exit,NO,1.7,0.61,0.0284,-0.6744,derived(1 - yes_ask),
2026-10-06,momentum-mule,KXVOTEGENERAL-GOVPARTYFL-26BDON-50,KXVOTEGENERAL,exit,YES,0.56,0.67,0.0087,-0.0535,yes_bid,
2026-10-06,momentum-mule,GOVPARTYNV-26-D,GOVPARTYNV,enter,YES,1390.64,0.51,24.3265,,yes_ask,yes
2026-10-06,momentum-mule,GOVPARTYNV-26-R,GOVPARTYNV,enter,NO,235.14,0.51,4.1134,,derived(1 - yes_bid),yes
2026-10-06,momentum-mule,HOUSENC1-26-D,HOUSENC1,enter,YES,19.16,0.63,0.3127,,yes_ask,yes
2026-10-06,momentum-mule,HOUSEVA1-26-D,HOUSEVA1,enter,YES,1469.23,0.52,25.6704,,yes_ask,yes
2026-10-06,momentum-mule,HOUSEVA1-26-R,HOUSEVA1,enter,NO,21.44,0.52,0.3746,,derived(1 - yes_bid),yes
2026-10-06,momentum-mule,KXATTYGENCO-26-R,KXATTYGENCO,enter,NO,353.66,0.987,0.3177,,derived(1 - yes_bid),yes
2026-10-06,momentum-mule,KXATTYGENDE-26-R,KXATTYGENDE,enter,NO,254.6,0.985,0.2634,,derived(1 - yes_bid),yes
2026-10-06,momentum-mule,KXCABALLOTMEASURES-26NOV03-PR01,KXCABALLOTMEASURES,enter,NO,2,0.87,0.0159,,derived(1 - yes_bid),yes
2026-10-06,momentum-mule,KXCLOSESTGOVERNOR-27JAN20-FL,KXCLOSESTGOVERNOR,enter,NO,0.27,0.95,0.0009,,derived(1 - yes_bid),yes
2026-10-06,momentum-mule,KXCLOSESTSENATE-27JAN03-TX,KXCLOSESTSENATE,enter,NO,16.39,0.88,0.1212,,derived(1 - yes_bid),yes
2026-10-06,momentum-mule,KXDEMTRIFECTA-26NOV03-PA,KXDEMTRIFECTA,enter,YES,41.13,0.6,0.691,,yes_ask,yes
2026-10-06,momentum-mule,KXENDORSEMAMDANI-26NOV03,KXENDORSEMAMDANI,enter,YES,42.66,0.6,0.7167,,yes_ask,yes
2026-10-06,momentum-mule,KXGENERALCOUNTY-GOVPARTYNV-26-WASH,KXGENERALCOUNTY,enter,YES,1.55,0.66,0.0244,,yes_ask,yes
2026-10-06,momentum-mule,KXGENERALCOUNTY-SENATETX-26-COLL,KXGENERALCOUNTY,enter,YES,19.79,0.83,0.1955,,yes_ask,yes
2026-10-06,momentum-mule,KXHARRISSTATEGOP-26NOV03-E2,KXHARRISSTATEGOP,enter,NO,0.8,0.61,0.0134,,derived(1 - yes_bid),yes
2026-10-06,momentum-mule,KXHOUSEPOPVOTEMARGIND-26NOV03-AL14,KXHOUSEPOPVOTEMARGIND,enter,NO,0.02,0.98,0.0001,,derived(1 - yes_bid),yes
2026-10-06,momentum-mule,KXHOUSEPOPVOTEMARGIND-26NOV03-AL16,KXHOUSEPOPVOTEMARGIND,enter,NO,0.06,0.99,0.0001,,derived(1 - yes_bid),yes
2026-10-06,momentum-mule,KXHOUSERACE-AZ08-26-D,KXHOUSERACE,enter,NO,30,0.85,0.2678,,derived(1 - yes_bid),yes
2026-10-06,momentum-mule,KXHOUSERACE-CO05-26-R,KXHOUSERACE,enter,YES,1345.64,0.75,17.6616,,yes_ask,yes
2026-10-06,momentum-mule,KXHOUSERACE-NC09-26-D,KXHOUSERACE,enter,NO,0.49,0.85,0.0044,,derived(1 - yes_bid),yes
2026-10-06,momentum-mule,KXHOUSERACE-NC09-26-R,KXHOUSERACE,enter,YES,2.9,0.85,0.0259,,yes_ask,yes
2026-10-06,momentum-mule,KXHOUSEWINSTATE-NJD-E9,KXHOUSEWINSTATE,enter,NO,4,0.95,0.0133,,derived(1 - yes_bid),yes
2026-10-06,momentum-mule,KXLAMOV-KXMAYORLA26NRAM-NRAM-P53,KXLAMOV,enter,YES,0.21,0.54,0.0037,,yes_ask,yes
2026-10-06,momentum-mule,KXMIDTERMMOV-AL01R-P33,KXMIDTERMMOV,enter,NO,20.2,0.997,0.0043,,derived(1 - yes_bid),yes
2026-10-06,momentum-mule,KXMIDTERMMOV-ALSENR-P17,KXMIDTERMMOV,enter,NO,0.5,0.65,0.008,,derived(1 - yes_bid),yes
2026-10-06,momentum-mule,KXMIDTERMMOV-ALSENR-P19,KXMIDTERMMOV,enter,NO,0.5,0.75,0.0066,,derived(1 - yes_bid),yes
2026-10-06,momentum-mule,KXMIDTERMMOV-AZ01D-P11,KXMIDTERMMOV,enter,NO,20.5,0.86,0.1728,,derived(1 - yes_bid),yes
2026-10-06,momentum-mule,KXMIDTERMMOV-CO06D-P18,KXMIDTERMMOV,enter,NO,3.72,0.951,0.0122,,derived(1 - yes_bid),yes
2026-10-06,momentum-mule,KXMIDTERMMOV-CO06D-P24,KXMIDTERMMOV,enter,YES,0.5,0.91,0.0029,,yes_ask,yes
2026-10-06,momentum-mule,KXMIDTERMMOV-IASENR-P2,KXMIDTERMMOV,enter,NO,5.36,0.62,0.0884,,derived(1 - yes_bid),yes
2026-10-06,momentum-mule,KXMIDTERMMOV-MNSEND-P9,KXMIDTERMMOV,enter,NO,20,0.69,0.2995,,derived(1 - yes_bid),yes
2026-10-06,momentum-mule,KXMIDTERMMOV-NC08R-P14,KXMIDTERMMOV,enter,YES,20,0.85,0.1785,,yes_ask,yes
2026-10-06,momentum-mule,KXMIDTERMMOV-NCSEND-P5,KXMIDTERMMOV,enter,YES,0.5,0.87,0.004,,yes_ask,yes
2026-10-06,momentum-mule,KXMIDTERMMOV-NESENR-P3,KXMIDTERMMOV,enter,NO,21.04,0.54,0.3659,,derived(1 - yes_bid),yes
2026-10-06,momentum-mule,KXMIDTERMMOV-NV01D-P4,KXMIDTERMMOV,enter,YES,1,0.911,0.0057,,yes_ask,yes
2026-10-06,momentum-mule,KXMIDTERMMOV-TN02R-P21,KXMIDTERMMOV,enter,YES,1,0.7,0.0147,,yes_ask,yes
2026-10-06,momentum-mule,KXMIDTERMMOV-WA03D-P13,KXMIDTERMMOV,enter,NO,0.1,0.82,0.0011,,derived(1 - yes_bid),yes
2026-10-06,momentum-mule,KXMIDTERMVOTETURN-CA04-180000,KXMIDTERMVOTETURN,enter,YES,21.9,0.97,0.0447,,yes_ask,yes
2026-10-06,momentum-mule,KXMIDTERMVOTETURN-CA04-210000,KXMIDTERMVOTETURN,enter,YES,41,0.76,0.5235,,yes_ask,yes
2026-10-06,momentum-mule,KXMIDTERMVOTETURN-CA11-220000,KXMIDTERMVOTETURN,enter,YES,0.9,0.78,0.0109,,yes_ask,yes
2026-10-06,momentum-mule,KXMIDTERMVOTETURN-NJ07-290000,KXMIDTERMVOTETURN,enter,YES,61.2,0.88,0.4524,,yes_ask,yes
2026-10-06,momentum-mule,KXMILEAD-26AUG17-A37500,KXMILEAD,enter,NO,20,0.85,0.1785,,derived(1 - yes_bid),yes
2026-10-06,momentum-mule,KXOBAMAENDORSE-26NOV03-MPEL,KXOBAMAENDORSE,enter,NO,40,0.57,0.6863,,derived(1 - yes_bid),yes
2026-10-06,momentum-mule,KXPRESSSECANNOUNCE-26AUG-JAN01,KXPRESSSECANNOUNCE,enter,YES,7.9,0.81,0.0852,,yes_ask,yes
2026-10-06,momentum-mule,KXREDDESTDSEN-27JAN03-NC,KXREDDESTDSEN,enter,NO,12.79,0.94,0.0505,,derived(1 - yes_bid),yes
2026-10-06,momentum-mule,KXRSENATEWON-26NOV03-AL16,KXRSENATEWON,enter,YES,25.2,0.79,0.2927,,yes_ask,yes
2026-10-06,momentum-mule,KXSAMEPARTYCONGRESS-27FEB01,KXSAMEPARTYCONGRESS,enter,YES,0.4,0.72,0.0057,,yes_ask,yes
2026-10-06,momentum-mule,KXSTATEBALLOTMEASURE-CO-I110,KXSTATEBALLOTMEASURE,enter,YES,4.8,0.92,0.0248,,yes_ask,yes
2026-10-06,momentum-mule,KXTRUMPFLAVIO-26OCT26,KXTRUMPFLAVIO,enter,YES,71.81,0.57,1.2321,,yes_ask,yes
2026-10-06,momentum-mule,KXUNDERHARRIS-27JAN04-TJAC,KXUNDERHARRIS,enter,YES,0.2,0.85,0.0018,,yes_ask,yes
2026-10-06,momentum-mule,KXVOTEGENERAL-GOVPARTYAL-26DJON-40,KXVOTEGENERAL,enter,YES,0.2,0.78,0.0025,,yes_ask,yes
2026-10-06,momentum-mule,KXVOTEGENERAL-GOVPARTYOK-26MMAZ-56,KXVOTEGENERAL,enter,NO,21,0.8,0.2352,,derived(1 - yes_bid),yes
2026-10-06,momentum-mule,KXVOTEGENERAL-KXHOUSERACE-TX23-26BHER-58,KXVOTEGENERAL,enter,NO,0.7,0.97,0.0015,,derived(1 - yes_bid),yes
2026-10-06,momentum-mule,KXVOTEGENERAL-SENATENH-26JSUN-46,KXVOTEGENERAL,enter,NO,0.1,0.7,0.0015,,derived(1 - yes_bid),yes
2026-10-06,momentum-mule,KXVOTEGENERAL-SENATESC-26DGRA-52,KXVOTEGENERAL,enter,NO,0.23,0.67,0.0036,,derived(1 - yes_bid),yes
2026-10-07,momentum-mule,HOUSENY17-26-D,HOUSENY17,exit,YES,69.03,0.6,1.1598,-3.921,yes_bid,
2026-10-07,momentum-mule,HOUSENY17-26-R,HOUSENY17,exit,NO,15.62,0.59,0.2645,-1.0455,derived(1 - yes_ask),
2026-10-07,momentum-mule,KXCAELECTION-2634-AGON,KXCAELECTION,exit,YES,4.4,0.75,0.0578,-0.3218,yes_bid,
2026-10-07,momentum-mule,KXCAELECTION-2634-JGOM,KXCAELECTION,exit,NO,1.2,0.75,0.0158,-0.0758,derived(1 - yes_ask),
2026-10-07,momentum-mule,KXGASENGOVCOMBO-26NOV-REPDEM,KXGASENGOVCOMBO,exit,YES,77.15,0.49,1.3496,-6.7501,yes_bid,
2026-10-07,momentum-mule,KXGENERALCOUNTY-GOVPARTYNY-26-NASS,KXGENERALCOUNTY,exit,NO,1.93,0.46,0.0336,-0.4775,derived(1 - yes_ask),
2026-10-07,momentum-mule,KXGENERALCOUNTY-SENATETX-26-TARR,KXGENERALCOUNTY,exit,YES,72.5,0.77,0.8988,-15.3988,yes_bid,
2026-10-07,momentum-mule,KXLAMOV-KXMAYORLA26NRAM-NRAM-P51,KXLAMOV,exit,NO,0.08,0.29,0.0012,-0.0356,derived(1 - yes_ask),
2026-10-07,momentum-mule,KXMIDTERMMOV-CO06D-P18,KXMIDTERMMOV,exit,NO,3.72,0.021,0.0054,-3.465,derived(1 - yes_ask),
2026-10-07,momentum-mule,KXMIDTERMMOV-FLSENR-P10,KXMIDTERMMOV,exit,NO,192.05,0.64,3.0974,-20.3819,derived(1 - yes_ask),
2026-10-07,momentum-mule,KXMIDTERMMOV-IASEND-P4,KXMIDTERMMOV,exit,NO,0.1,0.77,0.0013,-0.0083,derived(1 - yes_ask),
2026-10-07,momentum-mule,KXMIDTERMMOV-MSSENR-P11,KXMIDTERMMOV,exit,NO,0.5,0.69,0.0075,-0.0775,derived(1 - yes_ask),
2026-10-07,momentum-mule,KXMIDTERMMOV-NESENR-P3,KXMIDTERMMOV,exit,NO,21.04,0.41,0.3563,-3.0915,derived(1 - yes_ask),
2026-10-07,momentum-mule,KXMIDTERMMOV-NHSEND-P12,KXMIDTERMMOV,exit,NO,0.2,0.76,0.0026,-0.0186,derived(1 - yes_ask),
2026-10-07,momentum-mule,KXMIDTERMMOV-NHSEND-P14,KXMIDTERMMOV,exit,NO,1.17,0.85,0.0105,-0.0924,derived(1 - yes_ask),
2026-10-07,momentum-mule,KXMIDTERMMOV-NHSEND-P8,KXMIDTERMMOV,exit,NO,0.1,0.52,0.0018,-0.0088,derived(1 - yes_ask),
2026-10-07,momentum-mule,KXMIDTERMMOV-NY04D-P12,KXMIDTERMMOV,exit,YES,1.43,0.42,0.0244,-0.2961,yes_bid,
2026-10-07,momentum-mule,KXMIDTERMMOV-TX23R-P11,KXMIDTERMMOV,exit,NO,0.5,0.8,0.0056,-0.0646,derived(1 - yes_ask),
2026-10-07,momentum-mule,KXMIDTERMVOTETURN-AKSEN-310000,KXMIDTERMVOTETURN,exit,NO,20,0.46,0.3478,-3.9478,derived(1 - yes_ask),
2026-10-07,momentum-mule,KXMIDTERMVOTETURN-CTGOV-1260000,KXMIDTERMVOTETURN,exit,YES,1.59,0.37,0.026,-0.4076,yes_bid,
2026-10-07,momentum-mule,KXMIDTERMVOTETURN-TXSEN-11800000,KXMIDTERMVOTETURN,exit,NO,10.65,0.25,0.1398,-8.0208,derived(1 - yes_ask),
2026-10-07,momentum-mule,KXPAMAILMARGIN-26NOV03-AL40,KXPAMAILMARGIN,exit,NO,0.5,0.8,0.0056,-0.0556,derived(1 - yes_ask),
2026-10-07,momentum-mule,KXRSENATEWON-26NOV03-AL16,KXRSENATEWON,exit,YES,25.2,0.64,0.4065,-4.1865,yes_bid,
2026-10-07,momentum-mule,KXSTATEBALLOTMEASURE-MD-Q3,KXSTATEBALLOTMEASURE,exit,YES,0.9,0.63,0.0147,-0.1407,yes_bid,
2026-10-07,momentum-mule,KXTALLAHASSEEMAYOR-26-JMAT,KXTALLAHASSEEMAYOR,exit,NO,35.92,0.48,0.6276,-2.4236,derived(1 - yes_ask),
2026-10-07,momentum-mule,KXTHREESTATESEN-26NOV03-FFT,KXTHREESTATESEN,exit,NO,7.01,0.83,0.0693,-0.56,derived(1 - yes_ask),
2026-10-07,momentum-mule,KXTRUMPFLAVIO-26OCT26,KXTRUMPFLAVIO,exit,YES,71.81,0.28,1.0134,-21.8383,yes_bid,
2026-10-07,momentum-mule,KXVANCERUN-28-27JUL01,KXVANCERUN,exit,NO,0.73,0.22,0.0088,-0.56433,derived(1 - yes_ask),
2026-10-07,momentum-mule,KXVOTEGENERAL-HOUSENY4-26BTAR-2,KXVOTEGENERAL,exit,NO,20,0.71,0.2883,-3.4883,derived(1 - yes_ask),
2026-10-07,momentum-mule,KXVOTEGENERAL-KXHOUSERACE-TX23-26BHER-52,KXVOTEGENERAL,exit,NO,0.2,0.36,0.0033,-0.0533,derived(1 - yes_ask),
2026-10-07,momentum-mule,KXVOTEGENERAL-KXHOUSERACE-TX23-26BHER-54,KXVOTEGENERAL,exit,NO,0.3,0.37,0.0049,-0.1279,derived(1 - yes_ask),
2026-10-07,momentum-mule,KXVOTEGENERAL-KXHOUSERACE-TX23-26BHER-58,KXVOTEGENERAL,exit,NO,0.7,0.11,0.0048,-0.6068,derived(1 - yes_ask),
2026-10-07,momentum-mule,KXVOTEGENERAL-SENATEID-26NFLE-7,KXVOTEGENERAL,exit,NO,20.2,0.79,0.2346,-2.6586,derived(1 - yes_ask),
2026-10-07,momentum-mule,HOUSECA27-26-R,HOUSECA27,enter,NO,7.5,0.99,0.0052,,derived(1 - yes_bid),yes
2026-10-07,momentum-mule,KXAKSENATE-26NOV03-DSUL,KXAKSENATE,enter,NO,759.9,0.77,9.4205,,derived(1 - yes_bid),yes
2026-10-07,momentum-mule,KXATTYGENKS-26-D,KXATTYGENKS,enter,YES,46.53,0.51,0.814,,yes_ask,yes
2026-10-07,momentum-mule,KXATTYGENKS-26-R,KXATTYGENKS,enter,NO,55.94,0.54,0.9727,,derived(1 - yes_bid),yes
2026-10-07,momentum-mule,KXATTYGENSD-26-R,KXATTYGENSD,enter,YES,300.2,0.966,0.6902,,yes_ask,yes
2026-10-07,momentum-mule,KXBEXARCOUNTYJUDGE-26-PVON,KXBEXARCOUNTYJUDGE,enter,NO,6.79,0.99,0.0048,,derived(1 - yes_bid),yes
2026-10-07,momentum-mule,KXCALIFORNIALEAVE-27-MZUC,KXCALIFORNIALEAVE,enter,NO,15.41,0.69,0.2308,,derived(1 - yes_bid),yes
2026-10-07,momentum-mule,KXCLOSESTGOVERNOR-27JAN20-AK,KXCLOSESTGOVERNOR,enter,NO,1.5,0.98,0.0021,,derived(1 - yes_bid),yes
2026-10-07,momentum-mule,KXCROCKETTCAMPAIGN-26-26NOV03,KXCROCKETTCAMPAIGN,enter,NO,30.89,0.59,0.5231,,derived(1 - yes_bid),yes
2026-10-07,momentum-mule,KXDHOUSESEATSDIR-27-A223,KXDHOUSESEATSDIR,enter,YES,0.5,0.86,0.0043,,yes_ask,yes
2026-10-07,momentum-mule,KXGENERALCOUNTY-SENATEMI-26-GRA,KXGENERALCOUNTY,enter,YES,0.25,0.66,0.004,,yes_ask,yes
2026-10-07,momentum-mule,KXHOUSERACE-FL27-26-D,KXHOUSERACE,enter,NO,41.36,0.65,0.6587,,derived(1 - yes_bid),yes
2026-10-07,momentum-mule,KXHOUSERACE-FL27-26-R,KXHOUSERACE,enter,YES,88.39,0.65,1.4077,,yes_ask,yes
2026-10-07,momentum-mule,KXHOUSERACE-OK01-26-D,KXHOUSERACE,enter,NO,18.3,0.996,0.0052,,derived(1 - yes_bid),yes
2026-10-07,momentum-mule,KXHOUSERACE-OK05-26-R,KXHOUSERACE,enter,YES,10.8,0.9,0.0681,,yes_ask,yes
2026-10-07,momentum-mule,KXHOUSEWINSTATE-ALD-E0,KXHOUSEWINSTATE,enter,NO,3.5,0.98,0.0049,,derived(1 - yes_bid),yes
2026-10-07,momentum-mule,KXHOUSEWINSTATE-ALD-E1,KXHOUSEWINSTATE,enter,YES,0.9,0.75,0.0119,,yes_ask,yes
2026-10-07,momentum-mule,KXHOUSEWINSTATE-AZD-E5,KXHOUSEWINSTATE,enter,YES,0.17,0.52,0.003,,yes_ask,yes
2026-10-07,momentum-mule,KXHOUSEWINSTATE-MND-E4,KXHOUSEWINSTATE,enter,YES,0.5,0.75,0.0066,,yes_ask,yes
2026-10-07,momentum-mule,KXHOUSEWINSTATE-MND-E5,KXHOUSEWINSTATE,enter,NO,1,0.87,0.008,,derived(1 - yes_bid),yes
2026-10-07,momentum-mule,KXHOUSEWINSTATE-NVD-E3,KXHOUSEWINSTATE,enter,YES,1.6,0.71,0.0231,,yes_ask,yes
2026-10-07,momentum-mule,KXHOUSEWINSTATE-NYD-E19,KXHOUSEWINSTATE,enter,NO,32,0.73,0.4416,,derived(1 - yes_bid),yes
2026-10-07,momentum-mule,KXMIDTERMMOV-AZ01D-P14,KXMIDTERMMOV,enter,NO,20.5,0.87,0.1623,,derived(1 - yes_bid),yes
2026-10-07,momentum-mule,KXMIDTERMMOV-CAGOVD-P21,KXMIDTERMMOV,enter,NO,4.83,0.56,0.0834,,derived(1 - yes_bid),yes
2026-10-07,momentum-mule,KXMIDTERMMOV-CAGOVD-P27,KXMIDTERMMOV,enter,NO,6.47,0.81,0.0698,,derived(1 - yes_bid),yes
2026-10-07,momentum-mule,KXMIDTERMMOV-CO03D-P3,KXMIDTERMMOV,enter,NO,1.91,0.87,0.0152,,derived(1 - yes_bid),yes
2026-10-07,momentum-mule,KXMIDTERMMOV-CO06D-P21,KXMIDTERMMOV,enter,YES,3,0.969,0.0064,,yes_ask,yes
2026-10-07,momentum-mule,KXMIDTERMMOV-COSEND-P28,KXMIDTERMMOV,enter,NO,0.94,0.58,0.0161,,derived(1 - yes_bid),yes
2026-10-07,momentum-mule,KXMIDTERMMOV-CTGOVD-P14,KXMIDTERMMOV,enter,YES,2.08,0.95,0.007,,yes_ask,yes
2026-10-07,momentum-mule,KXMIDTERMMOV-CTGOVD-P20,KXMIDTERMMOV,enter,YES,63.29,0.69,0.9477,,yes_ask,yes
2026-10-07,momentum-mule,KXMIDTERMMOV-GASEND-P14,KXMIDTERMMOV,enter,NO,7.68,0.84,0.0723,,derived(1 - yes_bid),yes
2026-10-07,momentum-mule,KXMIDTERMMOV-GASEND-P18,KXMIDTERMMOV,enter,NO,0.72,0.98,0.001,,derived(1 - yes_bid),yes
2026-10-07,momentum-mule,KXMIDTERMMOV-IDGOVR-P39,KXMIDTERMMOV,enter,NO,10.1,0.97,0.0206,,derived(1 - yes_bid),yes
2026-10-07,momentum-mule,KXMIDTERMMOV-LA02D-P44,KXMIDTERMMOV,enter,YES,5.3,0.82,0.0548,,yes_ask,yes
2026-10-07,momentum-mule,KXMIDTERMMOV-MA06D-P25,KXMIDTERMMOV,enter,YES,5.5,0.86,0.0464,,yes_ask,yes
2026-10-07,momentum-mule,KXMIDTERMMOV-MO01D-P55,KXMIDTERMMOV,enter,YES,5.5,0.89,0.0377,,yes_ask,yes
2026-10-07,momentum-mule,KXMIDTERMMOV-MO04R-P29,KXMIDTERMMOV,enter,YES,0.5,0.59,0.0085,,yes_ask,yes
2026-10-07,momentum-mule,KXMIDTERMMOV-NC08R-P11,KXMIDTERMMOV,enter,YES,5,0.78,0.0601,,yes_ask,yes
2026-10-07,momentum-mule,KXMIDTERMMOV-NC08R-P17,KXMIDTERMMOV,enter,YES,10.9,0.53,0.1901,,yes_ask,yes
2026-10-07,momentum-mule,KXMIDTERMMOV-NC08R-P8,KXMIDTERMMOV,enter,YES,16.15,0.87,0.1279,,yes_ask,yes
2026-10-07,momentum-mule,KXMIDTERMMOV-NY03D-P11,KXMIDTERMMOV,enter,NO,0.5,0.56,0.0087,,derived(1 - yes_bid),yes
2026-10-07,momentum-mule,KXMIDTERMMOV-OHSEND-P4,KXMIDTERMMOV,enter,NO,10.61,0.6,0.1783,,derived(1 - yes_bid),yes
2026-10-07,momentum-mule,KXMIDTERMMOV-SDSENR-P23,KXMIDTERMMOV,enter,NO,4.7,0.9,0.0297,,derived(1 - yes_bid),yes
2026-10-07,momentum-mule,KXMIDTERMMOV-TX28D-P5,KXMIDTERMMOV,enter,YES,1.23,0.79,0.0143,,yes_ask,yes
2026-10-07,momentum-mule,KXMIDTERMMOV-TX35D-P5,KXMIDTERMMOV,enter,NO,22.56,0.73,0.3113,,derived(1 - yes_bid),yes
2026-10-07,momentum-mule,KXMIDTERMMOV-WYSENR-P46,KXMIDTERMMOV,enter,NO,0.1,0.89,0.0007,,derived(1 - yes_bid),yes
2026-10-07,momentum-mule,KXMIDTERMVOTETURN-AKSEN-260000,KXMIDTERMVOTETURN,enter,YES,12.9,0.85,0.1152,,yes_ask,yes
2026-10-07,momentum-mule,KXMIDTERMVOTETURN-ARSEN-990000,KXMIDTERMVOTETURN,enter,NO,32.3,0.7,0.4749,,derived(1 - yes_bid),yes
2026-10-07,momentum-mule,KXMIDTERMVOTETURN-CAGOV-11500000,KXMIDTERMVOTETURN,enter,YES,1.92,0.81,0.0207,,yes_ask,yes
2026-10-07,momentum-mule,KXMIDTERMVOTETURN-NCSEN-3900000,KXMIDTERMVOTETURN,enter,YES,0.01,0.76,0.0002,,yes_ask,yes
2026-10-07,momentum-mule,KXMOPROPA-26NOV03-YES,KXMOPROPA,enter,NO,0.8,0.64,0.013,,derived(1 - yes_bid),yes
2026-10-07,momentum-mule,KXMORATORIUMCOUNT-26DEC31-AL3,KXMORATORIUMCOUNT,enter,YES,5.8,0.77,0.072,,yes_ask,yes
2026-10-07,momentum-mule,KXPRESSBRIEFINGCOUNT-26OCT-A1,KXPRESSBRIEFINGCOUNT,enter,NO,20.2,0.58,0.3445,,derived(1 - yes_bid),yes
2026-10-07,momentum-mule,KXPRESSSECANNOUNCE-26AUG-DEC01,KXPRESSSECANNOUNCE,enter,NO,20.6,0.58,0.3513,,derived(1 - yes_bid),yes
2026-10-07,momentum-mule,KXRGOVCOUNT-26JUL08-AL26,KXRGOVCOUNT,enter,NO,44.52,0.87,0.3525,,derived(1 - yes_bid),yes
2026-10-07,momentum-mule,KXRSENATEWON-26NOV03-AL21,KXRSENATEWON,enter,NO,22,0.9,0.1386,,derived(1 - yes_bid),yes
2026-10-07,momentum-mule,KXSENATEWITHIN5-26NOV03-NC,KXSENATEWITHIN5,enter,NO,23.8,0.85,0.2125,,derived(1 - yes_bid),yes
2026-10-07,momentum-mule,KXSENATEWITHIN5-26NOV03-NH,KXSENATEWITHIN5,enter,NO,3.1,0.73,0.0428,,derived(1 - yes_bid),yes
2026-10-07,momentum-mule,KXTXAGCOM-26-CTUC,KXTXAGCOM,enter,NO,0.2,0.62,0.0033,,derived(1 - yes_bid),yes
2026-10-07,momentum-mule,KXVOTEGENERAL-GOVPARTYCO-26VMAR-32,KXVOTEGENERAL,enter,YES,20.5,0.75,0.2691,,yes_ask,yes
2026-10-07,momentum-mule,KXVOTEGENERAL-GOVPARTYCO-26VMAR-34,KXVOTEGENERAL,enter,YES,0.5,0.59,0.0085,,yes_ask,yes
2026-10-07,momentum-mule,KXVOTEGENERAL-GOVPARTYOR-26TKOT-54,KXVOTEGENERAL,enter,NO,1.42,0.87,0.0113,,derived(1 - yes_bid),yes
2026-10-07,momentum-mule,KXVOTEGENERAL-GOVPARTYVT-26PSCO-54,KXVOTEGENERAL,enter,NO,0.09,0.77,0.0012,,derived(1 - yes_bid),yes
2026-10-07,momentum-mule,KXVOTEGENERAL-KXHOUSERACE-CA24-26BSMI-36,KXVOTEGENERAL,enter,YES,51.75,0.61,0.8618,,yes_ask,yes
2026-10-07,momentum-mule,KXVOTEGENERAL-KXHOUSERACE-NE03-26BSTI-28,KXVOTEGENERAL,enter,NO,20,0.86,0.1686,,derived(1 - yes_bid),yes
2026-10-07,momentum-mule,KXVOTEGENERAL-KXHOUSERACE-NH02-26MGOO-58,KXVOTEGENERAL,enter,NO,1.33,0.72,0.0188,,derived(1 - yes_bid),yes
2026-10-07,momentum-mule,KXVOTEGENERAL-KXHOUSERACE-NY12-26MLAS-82,KXVOTEGENERAL,enter,NO,18.52,0.74,0.2495,,derived(1 - yes_bid),yes
2026-10-07,momentum-mule,KXVOTEGENERAL-KXHOUSERACE-NY12-26WNEG-1,KXVOTEGENERAL,enter,NO,84.1,0.86,0.7088,,derived(1 - yes_bid),yes
2026-10-07,momentum-mule,KXVOTEGENERAL-KXHOUSERACE-OK01-26MTED-56,KXVOTEGENERAL,enter,NO,40,0.56,0.69,,derived(1 - yes_bid),yes
2026-10-07,momentum-mule,KXVOTEGENERAL-KXHOUSEUT01-26EMON-1,KXVOTEGENERAL,enter,YES,20.7,0.71,0.2984,,yes_ask,yes
2026-10-07,momentum-mule,KXVOTEGENERAL-SENATEFLS-26ANIX-46,KXVOTEGENERAL,enter,YES,20.94,0.59,0.3546,,yes_ask,yes
2026-10-07,momentum-mule,KXVOTEGENERAL-SENATEID-26NFLE-6,KXVOTEGENERAL,enter,NO,20.5,0.77,0.2542,,derived(1 - yes_bid),yes
2026-10-07,momentum-mule,KXVOTEGENERAL-SENATEMT26SBOD-35,KXVOTEGENERAL,enter,NO,1.09,0.61,0.0182,,derived(1 - yes_bid),yes
2026-10-07,momentum-mule,KXVOTEGENERAL-SENATEMT26SBOD-40,KXVOTEGENERAL,enter,NO,4.29,0.96,0.0116,,derived(1 - yes_bid),yes
2026-10-07,momentum-mule,KXVOTEGENERAL-SENATESD-26MROU-62,KXVOTEGENERAL,enter,NO,0.5,0.94,0.002,,derived(1 - yes_bid),yes
2026-10-07,momentum-mule,KXVOTEGENERAL-SENATETX-26KPAX-48,KXVOTEGENERAL,enter,NO,1.05,0.58,0.018,,derived(1 - yes_bid),yes
2026-10-07,momentum-mule,SENATEAK-26-D,SENATEAK,enter,YES,3950.22,0.77,48.9709,,yes_ask,yes
2026-10-07,momentum-mule,SENATEAK-26-R,SENATEAK,enter,NO,2158.99,0.76,27.566,,derived(1 - yes_bid),yes
2026-10-03,fader-flipper,GOVPARTYGA-26-D,GOVPARTYGA,enter,YES,373.54,0.48,6.5265,,yes_ask,yes
2026-10-03,fader-flipper,GOVPARTYOR-26-D,GOVPARTYOR,enter,YES,133.09,0.74,1.7925,,yes_ask,yes
2026-10-03,fader-flipper,GOVPARTYVT-26-R,GOVPARTYVT,enter,YES,3105.11,0.78,37.2986,,yes_ask,yes
2026-10-03,fader-flipper,HOUSETX15-26-R,HOUSETX15,enter,YES,808.1,0.21,9.3845,,yes_ask,yes
2026-10-03,fader-flipper,HOUSEVA1-26-R,HOUSEVA1,enter,YES,381.88,0.55,6.6161,,yes_ask,yes
2026-10-03,fader-flipper,KXAKMOV-AKSENATE26NOV03-DSUL-P1,KXAKMOV,enter,YES,20,0.23,0.248,,yes_ask,yes
2026-10-03,fader-flipper,KXATTYGENIA-26-R,KXATTYGENIA,enter,YES,32.9,0.58,0.5611,,yes_ask,yes
2026-10-03,fader-flipper,KXATTYGENMN-26-R,KXATTYGENMN,enter,YES,438.45,0.17,4.3306,,yes_ask,yes
2026-10-03,fader-flipper,KXBERNIEENDORSE-26NOV03-JTAL,KXBERNIEENDORSE,enter,YES,51.33,0.21,0.5961,,yes_ask,yes
2026-10-03,fader-flipper,KXCA11PERSON-26-CCHA,KXCA11PERSON,enter,YES,17.2,0.28,0.2428,,yes_ask,yes
2026-10-03,fader-flipper,KXCABALLOTMEASURES-26NOV03-PR45,KXCABALLOTMEASURES,enter,YES,24,0.54,0.4174,,yes_ask,yes
2026-10-03,fader-flipper,KXCORNYNTALARICO-26NOV03-YES,KXCORNYNTALARICO,enter,YES,18.7,0.09,0.1073,,yes_ask,yes
2026-10-03,fader-flipper,KXCROCKETTCAMPAIGN-26-26NOV03,KXCROCKETTCAMPAIGN,enter,YES,0.1,0.56,0.0018,,yes_ask,yes
2026-10-03,fader-flipper,KXDJTENDORSENETANYAHU-26JUN30-OCT28,KXDJTENDORSENETANYAHU,enter,YES,20.9,0.15,0.1866,,yes_ask,yes
2026-10-03,fader-flipper,KXENDORSEAOC-26NOV03-DCHE,KXENDORSEAOC,enter,YES,25,0.17,0.247,,yes_ask,yes
2026-10-03,fader-flipper,KXFLPROPERTYTAX-26NOV03,KXFLPROPERTYTAX,enter,YES,95.07,0.39,1.5833,,yes_ask,yes
2026-10-03,fader-flipper,KXFOURSTATESEN-26NOV03-FTFT,KXFOURSTATESEN,enter,YES,9.31,0.081,0.0486,,yes_ask,yes
2026-10-03,fader-flipper,KXFOURSTATESEN-26NOV03-TTFF,KXFOURSTATESEN,enter,YES,178.17,0.15,1.5902,,yes_ask,yes
2026-10-03,fader-flipper,KXGENERALCOUNTY-GOVPARTYNY-26-NASS,KXGENERALCOUNTY,enter,YES,25.41,0.38,0.4191,,yes_ask,yes
2026-10-03,fader-flipper,KXGENERALCOUNTY-GOVPARTYNY-26-SARA,KXGENERALCOUNTY,enter,YES,24.4,0.7,0.3587,,yes_ask,yes
2026-10-03,fader-flipper,KXGENERALCOUNTY-SENATEFLS-26-PIN,KXGENERALCOUNTY,enter,YES,20,0.61,0.3331,,yes_ask,yes
2026-10-03,fader-flipper,KXGOVWINS-27JAN01-R1,KXGOVWINS,enter,YES,22.15,0.23,0.2746,,yes_ask,yes
2026-10-03,fader-flipper,KXHOUSENC11-26-GOP,KXHOUSENC11,enter,YES,30.3,0.33,0.469,,yes_ask,yes
2026-10-03,fader-flipper,KXHOUSEPOPVOTEMARGIND-26NOV03-AL10,KXHOUSEPOPVOTEMARGIND,enter,YES,108,0.44,1.8628,,yes_ask,yes
2026-10-03,fader-flipper,KXHOUSEPOPVOTEMARGIND-26NOV03-AL6,KXHOUSEPOPVOTEMARGIND,enter,YES,3.6,0.82,0.0372,,yes_ask,yes
2026-10-03,fader-flipper,KXHOUSEPOPVOTEMARGIND-26NOV03-AL8,KXHOUSEPOPVOTEMARGIND,enter,YES,73.3,0.63,1.1961,,yes_ask,yes
2026-10-03,fader-flipper,KXHOUSERACE-OH07-26-R,KXHOUSERACE,enter,YES,20.01,0.21,0.2324,,yes_ask,yes
2026-10-03,fader-flipper,KXHOUSETX35-26-D,KXHOUSETX35,enter,YES,9.6,0.62,0.1584,,yes_ask,yes
2026-10-03,fader-flipper,KXLAMOV-KXMAYORLA26KBAS-KBAS-P53,KXLAMOV,enter,YES,5,0.19,0.0539,,yes_ask,yes
2026-10-03,fader-flipper,KXLAMOV-KXMAYORLA26NRAM-NRAM-P54,KXLAMOV,enter,YES,6.64,0.38,0.1096,,yes_ask,yes
2026-10-03,fader-flipper,KXLAMOV-KXMAYORLA26NRAM-NRAM-P55,KXLAMOV,enter,YES,0.26,0.3,0.0039,,yes_ask,yes
2026-10-03,fader-flipper,KXLEAVETISCH-27JAN01,KXLEAVETISCH,enter,YES,1.26,0.2,0.0142,,yes_ask,yes
2026-10-03,fader-flipper,KXLOSEREELECTIONGOV-2026-1,KXLOSEREELECTIONGOV,enter,YES,11.23,0.39,0.1871,,yes_ask,yes
2026-10-03,fader-flipper,KXLTGOVVT-26-R,KXLTGOVVT,enter,YES,10.4,0.11,0.0713,,yes_ask,yes
2026-10-03,fader-flipper,KXMANCHINCOMBO-26NOV03-LL,KXMANCHINCOMBO,enter,YES,20,0.52,0.3495,,yes_ask,yes
2026-10-03,fader-flipper,KXMESENGOVCOMBO-26NOV-DEMDEM,KXMESENGOVCOMBO,enter,YES,336.54,0.56,5.8047,,yes_ask,yes
2026-10-03,fader-flipper,KXMETXCOMBO-26NOVB-PAX-JAC,KXMETXCOMBO,enter,YES,60.62,0.12,0.4482,,yes_ask,yes
2026-10-03,fader-flipper,KXMIDTERMMOV-ALSENR-P21,KXMIDTERMMOV,enter,YES,0.61,0.39,0.0102,,yes_ask,yes
2026-10-03,fader-flipper,KXMIDTERMMOV-FLGOVR-P6,KXMIDTERMMOV,enter,YES,56.63,0.43,0.9717,,yes_ask,yes
2026-10-03,fader-flipper,KXMIDTERMMOV-IASEND-P4,KXMIDTERMMOV,enter,YES,0.1,0.2,0.0012,,yes_ask,yes
2026-10-03,fader-flipper,KXMIDTERMMOV-IASENR-P4,KXMIDTERMMOV,enter,YES,218.99,0.29,3.1564,,yes_ask,yes
2026-10-03,fader-flipper,KXMIDTERMMOV-IASENR-P6,KXMIDTERMMOV,enter,YES,21.5,0.16,0.2023,,yes_ask,yes
2026-10-03,fader-flipper,KXMIDTERMMOV-IDSENR-P19,KXMIDTERMMOV,enter,YES,20,0.38,0.3299,,yes_ask,yes
2026-10-03,fader-flipper,KXMIDTERMMOV-IDSENR-P23,KXMIDTERMMOV,enter,YES,20,0.2,0.224,,yes_ask,yes
2026-10-03,fader-flipper,KXMIDTERMMOV-KSSENR-P3,KXMIDTERMMOV,enter,YES,11.18,0.5,0.1957,,yes_ask,yes
2026-10-03,fader-flipper,KXMIDTERMMOV-KSSENR-P5,KXMIDTERMMOV,enter,YES,10,0.35,0.1593,,yes_ask,yes
2026-10-03,fader-flipper,KXMIDTERMMOV-KSSENR-P7,KXMIDTERMMOV,enter,YES,15.29,0.22,0.1837,,yes_ask,yes
2026-10-03,fader-flipper,KXMIDTERMMOV-ME02D-P3,KXMIDTERMMOV,enter,YES,1.6,0.3,0.0236,,yes_ask,yes
2026-10-03,fader-flipper,KXMIDTERMMOV-MISEND-P3,KXMIDTERMMOV,enter,YES,58.83,0.56,1.0147,,yes_ask,yes
2026-10-03,fader-flipper,KXMIDTERMMOV-MNGOVD-P11,KXMIDTERMMOV,enter,YES,1.47,0.58,0.0251,,yes_ask,yes
2026-10-03,fader-flipper,KXMIDTERMMOV-MNSEND-P5,KXMIDTERMMOV,enter,YES,85.74,0.62,1.4141,,yes_ask,yes
2026-10-03,fader-flipper,KXMIDTERMMOV-MNSEND-P7,KXMIDTERMMOV,enter,YES,56.18,0.49,0.9828,,yes_ask,yes
2026-10-03,fader-flipper,KXMIDTERMMOV-MSSENR-P7,KXMIDTERMMOV,enter,YES,26.19,0.53,0.4567,,yes_ask,yes
2026-10-03,fader-flipper,KXMIDTERMMOV-NYGOVD-P16,KXMIDTERMMOV,enter,YES,0.72,0.42,0.0123,,yes_ask,yes
2026-10-03,fader-flipper,KXMIDTERMMOV-NYGOVD-P19,KXMIDTERMMOV,enter,YES,0.2,0.29,0.0029,,yes_ask,yes
2026-10-03,fader-flipper,KXMIDTERMMOV-OH07D-P2,KXMIDTERMMOV,enter,YES,10.5,0.7,0.1544,,yes_ask,yes
2026-10-03,fader-flipper,KXMIDTERMMOV-OKGOVR-P16,KXMIDTERMMOV,enter,YES,1.02,0.37,0.0167,,yes_ask,yes
2026-10-03,fader-flipper,KXMIDTERMMOV-ORGOVD-P8,KXMIDTERMMOV,enter,YES,0.3,0.27,0.0042,,yes_ask,yes
2026-10-03,fader-flipper,KXMIDTERMMOV-SCSEND-P1,KXMIDTERMMOV,enter,YES,10.3,0.13,0.0816,,yes_ask,yes
2026-10-03,fader-flipper,KXMIDTERMMOV-SCSENR-P3,KXMIDTERMMOV,enter,YES,1.35,0.71,0.0195,,yes_ask,yes
2026-10-03,fader-flipper,KXMIDTERMMOV-SCSENR-P5,KXMIDTERMMOV,enter,YES,50.69,0.5,0.8871,,yes_ask,yes
2026-10-03,fader-flipper,KXMIDTERMMOV-SCSENR-P7,KXMIDTERMMOV,enter,YES,0.2,0.36,0.0033,,yes_ask,yes
2026-10-03,fader-flipper,KXMIDTERMMOV-SDSENR-P15,KXMIDTERMMOV,enter,YES,20,0.57,0.3432,,yes_ask,yes
2026-10-03,fader-flipper,KXMIDTERMMOV-TX23R-P5,KXMIDTERMMOV,enter,YES,9.28,0.42,0.1583,,yes_ask,yes
2026-10-03,fader-flipper,KXMIDTERMMOV-TXGOVR-P6,KXMIDTERMMOV,enter,YES,135.19,0.28,1.9079,,yes_ask,yes
2026-10-03,fader-flipper,KXMIDTERMVOTETURN-MNGOV-2700000,KXMIDTERMVOTETURN,enter,YES,3.86,0.52,0.0675,,yes_ask,yes
2026-10-03,fader-flipper,KXMORATORIUMCOUNT-26DEC31-AL3,KXMORATORIUMCOUNT,enter,YES,2.56,0.77,0.0318,,yes_ask,yes
2026-10-03,fader-flipper,KXPRESOVMAYOR-26OCT24-RMOC,KXPRESOVMAYOR,enter,YES,9.3,0.29,0.1341,,yes_ask,yes
2026-10-03,fader-flipper,KXSTATELEG-NCHOUSE26-R,KXSTATELEG,enter,YES,20,0.7,0.294,,yes_ask,yes
2026-10-03,fader-flipper,KXTAIPEIMAYOR-26NOV28-SPY,KXTAIPEIMAYOR,enter,YES,90.45,0.23,1.1214,,yes_ask,yes
2026-10-03,fader-flipper,KXTXHOUSEDEMSEATS-26NOV03-E10,KXTXHOUSEDEMSEATS,enter,YES,6.13,0.17,0.0606,,yes_ask,yes
2026-10-03,fader-flipper,KXVOTECOUNTY-GOVPARTYAZ26MARICOPAKHOB-54,KXVOTECOUNTY,enter,YES,20.5,0.57,0.3518,,yes_ask,yes
2026-10-03,fader-flipper,KXVOTEGENERAL-GOVPARTYAL-26DJON-46,KXVOTEGENERAL,enter,YES,0.3,0.3,0.0045,,yes_ask,yes
2026-10-03,fader-flipper,KXVOTEGENERAL-KXHOUSERACE-AR02-26CJON-44,KXVOTEGENERAL,enter,YES,20,0.63,0.3264,,yes_ask,yes
2026-10-03,fader-flipper,KXVOTEGENERAL-KXHOUSERACE-MA04-26TSTA-34,KXVOTEGENERAL,enter,YES,40,0.46,0.6956,,yes_ask,yes
2026-10-03,fader-flipper,KXVOTEGENERAL-KXHOUSERACE-TX23-26BHER-50,KXVOTEGENERAL,enter,YES,0.14,0.67,0.0022,,yes_ask,yes
2026-10-03,fader-flipper,KXVOTEGENERAL-KXHOUSERACE-TX23-26BHER-52,KXVOTEGENERAL,enter,YES,0.2,0.49,0.0035,,yes_ask,yes
2026-10-03,fader-flipper,KXVOTEGENERAL-KXHOUSERACE-TX23-26BHER-54,KXVOTEGENERAL,enter,YES,0.3,0.32,0.0046,,yes_ask,yes
2026-10-03,fader-flipper,KXVOTEGENERAL-SENATEID-26NFLE-7,KXVOTEGENERAL,enter,YES,20.2,0.16,0.1901,,yes_ask,yes
2026-10-04,fader-flipper,KXHOUSEPOPVOTEMARGIND-26NOV03-AL10,KXHOUSEPOPVOTEMARGIND,exit,YES,108,0.48,1.887,2.433,yes_bid,
2026-10-04,fader-flipper,KXMIDTERMMOV-IASENR-P4,KXMIDTERMMOV,exit,YES,218.99,0.25,2.8743,-11.6339,yes_bid,
2026-10-04,fader-flipper,KXMIDTERMMOV-IDSENR-P19,KXMIDTERMMOV,exit,YES,20,0.38,0.3299,-0.3299,yes_bid,
2026-10-04,fader-flipper,KXMIDTERMMOV-MISEND-P3,KXMIDTERMMOV,exit,YES,58.83,0.55,1.0193,-1.6076,yes_bid,
2026-10-04,fader-flipper,KXMIDTERMMOV-NYGOVD-P16,KXMIDTERMMOV,exit,YES,0.72,0.51,0.0126,0.0522,yes_bid,
2026-10-04,fader-flipper,KXMIDTERMMOV-NYGOVD-P19,KXMIDTERMMOV,exit,YES,0.2,0.33,0.0031,0.0049,yes_bid,
2026-10-04,fader-flipper,KXTAIPEIMAYOR-26NOV28-SPY,KXTAIPEIMAYOR,exit,YES,90.45,0.26,1.2182,1.4953,yes_bid,
2026-10-04,fader-flipper,GOVPARTYTX-26-R,GOVPARTYTX,enter,YES,3728.92,0.74,50.2211,,yes_ask,yes
2026-10-04,fader-flipper,HOUSECO3-26-D,HOUSECO3,enter,YES,1.1,0.28,0.0156,,yes_ask,yes
2026-10-04,fader-flipper,KXAOCRUN-28-27JUL01,KXAOCRUN,enter,YES,1.23,0.46,0.0214,,yes_ask,yes
2026-10-04,fader-flipper,KXATTYGENAZ-26-R,KXATTYGENAZ,enter,YES,81.09,0.17,0.801,,yes_ask,yes
2026-10-04,fader-flipper,KXATTYGENOH-26-R,KXATTYGENOH,enter,YES,34.28,0.72,0.4838,,yes_ask,yes
2026-10-04,fader-flipper,KXBERNIEENDORSE-26NOV03-DOSB,KXBERNIEENDORSE,enter,YES,4.97,0.24,0.0635,,yes_ask,yes
2026-10-04,fader-flipper,KXCAELECTION-2640-KCAL,KXCAELECTION,enter,YES,11.14,0.61,0.1856,,yes_ask,yes
2026-10-04,fader-flipper,KXCAGOVLAMAYOR-26NOV-BAS-BEC,KXCAGOVLAMAYOR,enter,YES,0.83,0.34,0.0131,,yes_ask,yes
2026-10-04,fader-flipper,KXGASENGOVCOMBO-26NOV-DEMDEM,KXGASENGOVCOMBO,enter,YES,11.78,0.48,0.2059,,yes_ask,yes
2026-10-04,fader-flipper,KXHOUSEPOPVOTEMARGIN-27NOV03-B13,KXHOUSEPOPVOTEMARGIN,enter,YES,67.5,0.099,0.4215,,yes_ask,yes
2026-10-04,fader-flipper,KXHOUSEPOPVOTEMARGIND-26NOV03-AL12,KXHOUSEPOPVOTEMARGIND,enter,YES,1.42,0.16,0.0134,,yes_ask,yes
2026-10-04,fader-flipper,KXHOUSETX32-26-D,KXHOUSETX32,enter,YES,101.75,0.13,0.8056,,yes_ask,yes
2026-10-04,fader-flipper,KXKSSENGOVCOMBO-26NOV-REPREP,KXKSSENGOVCOMBO,enter,YES,7.42,0.51,0.1298,,yes_ask,yes
2026-10-04,fader-flipper,KXMESENATEPERSON-26-TJAC,KXMESENATEPERSON,enter,YES,230.68,0.56,3.9788,,yes_ask,yes
2026-10-04,fader-flipper,KXMIDTERMMOV-DESEND-P28,KXMIDTERMMOV,enter,YES,0.5,0.69,0.0075,,yes_ask,yes
2026-10-04,fader-flipper,KXMIDTERMMOV-FLGOVR-P3,KXMIDTERMMOV,enter,YES,69.46,0.59,1.1762,,yes_ask,yes
2026-10-04,fader-flipper,KXMIDTERMMOV-FLSENR-P8,KXMIDTERMMOV,enter,YES,1.9,0.47,0.0332,,yes_ask,yes
2026-10-04,fader-flipper,KXMIDTERMMOV-KY06R-P6,KXMIDTERMMOV,enter,YES,0.61,0.46,0.0107,,yes_ask,yes
2026-10-04,fader-flipper,KXMIDTERMMOV-MNSEND-P3,KXMIDTERMMOV,enter,YES,357.07,0.75,4.6866,,yes_ask,yes
2026-10-04,fader-flipper,KXMIDTERMMOV-MSSENR-P5,KXMIDTERMMOV,enter,YES,13.45,0.68,0.2049,,yes_ask,yes
2026-10-04,fader-flipper,KXMIDTERMMOV-MSSENR-P9,KXMIDTERMMOV,enter,YES,50,0.37,0.8159,,yes_ask,yes
2026-10-04,fader-flipper,KXMIDTERMMOV-NESENR-P12,KXMIDTERMMOV,enter,YES,6,0.12,0.0444,,yes_ask,yes
2026-10-04,fader-flipper,KXMIDTERMMOV-NESENR-P6,KXMIDTERMMOV,enter,YES,12.1,0.34,0.1901,,yes_ask,yes
2026-10-04,fader-flipper,KXMIDTERMMOV-OHGOVR-P3,KXMIDTERMMOV,enter,YES,1.68,0.24,0.0215,,yes_ask,yes
2026-10-04,fader-flipper,KXMIDTERMMOV-ORGOVD-P11,KXMIDTERMMOV,enter,YES,0.3,0.13,0.0024,,yes_ask,yes
2026-10-04,fader-flipper,KXMIDTERMMOV-ORGOVD-P5,KXMIDTERMMOV,enter,YES,18.85,0.42,0.3215,,yes_ask,yes
2026-10-04,fader-flipper,KXMIDTERMMOV-SCSENR-P11,KXMIDTERMMOV,enter,YES,0.67,0.14,0.0057,,yes_ask,yes
2026-10-04,fader-flipper,KXMIDTERMMOV-SCSENR-P9,KXMIDTERMMOV,enter,YES,2.2,0.22,0.0265,,yes_ask,yes
2026-10-04,fader-flipper,KXMIDTERMMOV-SDSENR-P21,KXMIDTERMMOV,enter,YES,20.2,0.22,0.2427,,yes_ask,yes
2026-10-04,fader-flipper,KXMIDTERMMOV-TXGOVR-P3,KXMIDTERMMOV,enter,YES,430.12,0.58,7.3345,,yes_ask,yes
2026-10-04,fader-flipper,KXMIDTERMMOV-TXGOVR-P9,KXMIDTERMMOV,enter,YES,6.81,0.15,0.0608,,yes_ask,yes
2026-10-04,fader-flipper,KXMIDTERMMOV-TXSENR-P1,KXMIDTERMMOV,enter,YES,97.94,0.33,1.5159,,yes_ask,yes
2026-10-04,fader-flipper,KXMIDTERMMOV-TXSENR-P3,KXMIDTERMMOV,enter,YES,444.55,0.2,4.979,,yes_ask,yes
2026-10-04,fader-flipper,KXMIDTERMMOV-WIGOVD-P4,KXMIDTERMMOV,enter,YES,1.17,0.55,0.0203,,yes_ask,yes
2026-10-04,fader-flipper,KXMIDTERMVOTETURN-TXSEN-10000000,KXMIDTERMVOTETURN,enter,YES,0.71,0.68,0.0109,,yes_ask,yes
2026-10-04,fader-flipper,KXMIDTERMVOTETURN-TXSEN-11200000,KXMIDTERMVOTETURN,enter,YES,1.99,0.19,0.0215,,yes_ask,yes
2026-10-04,fader-flipper,KXRGOVCOUNT-26JUL08-AL23,KXRGOVCOUNT,enter,YES,0.7,0.6,0.0118,,yes_ask,yes
2026-10-04,fader-flipper,KXSECSTATEIN-26-GOP,KXSECSTATEIN,enter,YES,0.2,0.45,0.0035,,yes_ask,yes
2026-10-04,fader-flipper,KXSTATEBALLOTMEASURE-AZ-P144,KXSTATEBALLOTMEASURE,enter,YES,4,0.74,0.0539,,yes_ask,yes
2026-10-04,fader-flipper,KXVANCERUN-28-27JUL01,KXVANCERUN,enter,YES,1.07,0.938,0.0044,,yes_ask,yes
2026-10-04,fader-flipper,KXVOTECOUNTY-GOVPARTYAZ26PIMAKHOB-66,KXVOTECOUNTY,enter,YES,0.09,0.31,0.0014,,yes_ask,yes
2026-10-04,fader-flipper,KXVOTECOUNTY-SENATEOHS26HAMILTONSBRO-62,KXVOTECOUNTY,enter,YES,0.18,0.53,0.0032,,yes_ask,yes
2026-10-04,fader-flipper,KXVOTEGENERAL-SENATEIA-26AHIN-50,KXVOTEGENERAL,enter,YES,18.61,0.43,0.3193,,yes_ask,yes
2026-10-04,fader-flipper,SENATEKS-26-R,SENATEKS,enter,YES,4056.74,0.66,63.7233,,yes_ask,yes
2026-10-04,fader-flipper,SENATEOHS-26-R,SENATEOHS,enter,YES,3910.33,0.36,63.0659,,yes_ask,yes
2026-10-04,fader-flipper,SENATETX-26-R,SENATETX,enter,YES,19431.68,0.37,317.0668,,yes_ask,yes
2026-10-05,fader-flipper,KXATTYGENOH-26-R,KXATTYGENOH,exit,YES,34.28,0.69,0.5133,-1.5417,yes_bid,
2026-10-05,fader-flipper,KXFLPROPERTYTAX-26NOV03,KXFLPROPERTYTAX,exit,YES,95.07,0.38,1.5679,-2.5186,yes_bid,
2026-10-05,fader-flipper,KXGENERALCOUNTY-GOVPARTYNY-26-NASS,KXGENERALCOUNTY,exit,YES,25.41,0.35,0.4047,-1.167,yes_bid,
2026-10-05,fader-flipper,KXHOUSETX32-26-D,KXHOUSETX32,exit,YES,101.75,0.1,0.6411,-3.6936,yes_bid,
2026-10-05,fader-flipper,KXMIDTERMMOV-NESENR-P12,KXMIDTERMMOV,exit,YES,6,0.077,0.0299,-0.2879,yes_bid,
2026-10-05,fader-flipper,KXMIDTERMMOV-TX23R-P5,KXMIDTERMMOV,exit,YES,9.28,0.45,0.1608,0.1176,yes_bid,
2026-10-05,fader-flipper,KXSECSTATEIN-26-GOP,KXSECSTATEIN,exit,YES,0.2,0.41,0.0034,-0.0114,yes_bid,
2026-10-05,fader-flipper,GOVPARTYOH-26-R,GOVPARTYOH,enter,YES,1106.27,0.35,17.6174,,yes_ask,yes
2026-10-05,fader-flipper,KXAKCOMBO-26NOV03-RDD,KXAKCOMBO,enter,YES,0.35,0.54,0.0061,,yes_ask,yes
2026-10-05,fader-flipper,KXARCRYPTO-JLLC27,KXARCRYPTO,enter,YES,0.1,0.49,0.0018,,yes_ask,yes
2026-10-05,fader-flipper,KXATTYGENFL-26-R,KXATTYGENFL,enter,YES,16.29,0.76,0.208,,yes_ask,yes
2026-10-05,fader-flipper,KXBERNIEENDORSE-26NOV03-JSTR,KXBERNIEENDORSE,enter,YES,1.31,0.16,0.0124,,yes_ask,yes
2026-10-05,fader-flipper,KXCAELECTION-2607-DMAT,KXCAELECTION,enter,YES,34.06,0.57,0.5844,,yes_ask,yes
2026-10-05,fader-flipper,KXENDORSEAOC-26NOV03-CVAL,KXENDORSEAOC,enter,YES,58.7,0.37,0.9579,,yes_ask,yes
2026-10-05,fader-flipper,KXEXITPOLL-LATMEN-DEM,KXEXITPOLL,enter,YES,2.08,0.85,0.0186,,yes_ask,yes
2026-10-05,fader-flipper,KXFOURSTATESEN-26NOV03-TTTT,KXFOURSTATESEN,enter,YES,0.2,0.29,0.0029,,yes_ask,yes
2026-10-05,fader-flipper,KXGENERALCOUNTY-SENATEMI-26-KEN,KXGENERALCOUNTY,enter,YES,27.7,0.88,0.2048,,yes_ask,yes
2026-10-05,fader-flipper,KXGENERALCOUNTY-SENATETX-26-BAST,KXGENERALCOUNTY,enter,YES,0.3,0.39,0.005,,yes_ask,yes
2026-10-05,fader-flipper,KXHOUSERACE-CO05-26-D,KXHOUSERACE,enter,YES,449.8,0.29,6.483,,yes_ask,yes
2026-10-05,fader-flipper,KXIASENGOVCOMBO-26NOV-DEMDEM,KXIASENGOVCOMBO,enter,YES,18.47,0.48,0.3228,,yes_ask,yes
2026-10-05,fader-flipper,KXLAMOV-KXMAYORLA26KBAS-KBAS-P51,KXLAMOV,enter,YES,16.52,0.33,0.2557,,yes_ask,yes
2026-10-05,fader-flipper,KXLAMOV-KXMAYORLA26KBAS-KBAS-P52,KXLAMOV,enter,YES,40.5,0.22,0.4865,,yes_ask,yes
2026-10-05,fader-flipper,KXLAMOV-KXMAYORLA26NRAM-NRAM-P51,KXLAMOV,enter,YES,0.08,0.56,0.0014,,yes_ask,yes
2026-10-05,fader-flipper,KXMIDTERMMOV-ALSENR-P25,KXMIDTERMMOV,enter,YES,0.3,0.11,0.0021,,yes_ask,yes
2026-10-05,fader-flipper,KXMIDTERMMOV-CO04R-P11,KXMIDTERMMOV,enter,YES,11.51,0.18,0.119,,yes_ask,yes
2026-10-05,fader-flipper,KXMIDTERMMOV-FLSENR-P10,KXMIDTERMMOV,enter,YES,192.05,0.3,2.8232,,yes_ask,yes
2026-10-05,fader-flipper,KXMIDTERMMOV-IDGOVR-P24,KXMIDTERMMOV,enter,YES,0.46,0.61,0.0077,,yes_ask,yes
2026-10-05,fader-flipper,KXMIDTERMMOV-IDSENR-P19,KXMIDTERMMOV,enter,YES,5.14,0.28,0.0726,,yes_ask,yes
2026-10-05,fader-flipper,KXMIDTERMMOV-MASEND-P31,KXMIDTERMMOV,enter,YES,19.69,0.49,0.3445,,yes_ask,yes
2026-10-05,fader-flipper,KXMIDTERMMOV-NESENR-P3,KXMIDTERMMOV,enter,YES,5.65,0.54,0.0983,,yes_ask,yes
2026-10-05,fader-flipper,KXMIDTERMMOV-ORGOVD-P2,KXMIDTERMMOV,enter,YES,1.17,0.67,0.0182,,yes_ask,yes
2026-10-05,fader-flipper,KXMIDTERMMOV-SDSENR-P17,KXMIDTERMMOV,enter,YES,20.07,0.54,0.349,,yes_ask,yes
2026-10-05,fader-flipper,KXMIDTERMMOV-TX23R-P11,KXMIDTERMMOV,enter,YES,0.5,0.17,0.005,,yes_ask,yes
2026-10-05,fader-flipper,KXMIDTERMMOV-TX23R-P2,KXMIDTERMMOV,enter,YES,0.53,0.56,0.0092,,yes_ask,yes
2026-10-05,fader-flipper,KXMIDTERMMOV-TX23R-P8,KXMIDTERMMOV,enter,YES,8.79,0.26,0.1184,,yes_ask,yes
2026-10-05,fader-flipper,KXMIDTERMMOV-TXGOVR-P12,KXMIDTERMMOV,enter,YES,2.2,0.1,0.0139,,yes_ask,yes
2026-10-05,fader-flipper,KXMIDTERMMOV-TXSENR-P5,KXMIDTERMMOV,enter,YES,58.23,0.12,0.4305,,yes_ask,yes
2026-10-05,fader-flipper,KXMIDTERMMOV-WA03D-P7,KXMIDTERMMOV,enter,YES,20.25,0.58,0.3454,,yes_ask,yes
2026-10-05,fader-flipper,KXMIDTERMMOV-WIGOVD-P10,KXMIDTERMMOV,enter,YES,1,0.2,0.0112,,yes_ask,yes
2026-10-05,fader-flipper,KXMIDTERMVOTETURN-CAGOV-12000000,KXMIDTERMVOTETURN,enter,YES,11.68,0.64,0.1884,,yes_ask,yes
2026-10-05,fader-flipper,KXPRESSSECANNOUNCE-26AUG-DEC01,KXPRESSSECANNOUNCE,enter,YES,33.33,0.69,0.4991,,yes_ask,yes
2026-10-05,fader-flipper,KXPRESSSECANNOUNCE-26AUG-NOV01,KXPRESSSECANNOUNCE,enter,YES,37.68,0.24,0.4811,,yes_ask,yes
2026-10-05,fader-flipper,KXSTATELEG-AZHOUSE26-R,KXSTATELEG,enter,YES,0.34,0.5,0.006,,yes_ask,yes
2026-10-05,fader-flipper,KXTAIPEIMAYOR-26NOV28-CWAN,KXTAIPEIMAYOR,enter,YES,740.32,0.71,10.6703,,yes_ask,yes
2026-10-05,fader-flipper,KXUSINDEPENDENTCONGRESS-26NOV03,KXUSINDEPENDENTCONGRESS,enter,YES,1.7,0.38,0.0281,,yes_ask,yes
2026-10-05,fader-flipper,KXVOTEGENERAL-GOVPARTYID-26BLIT-60,KXVOTEGENERAL,enter,YES,20,0.56,0.345,,yes_ask,yes
2026-10-05,fader-flipper,KXVOTEGENERAL-SENATEMT26SBOD-35,KXVOTEGENERAL,enter,YES,10,0.49,0.175,,yes_ask,yes
2026-10-05,fader-flipper,SENATETN-26-R,SENATETN,enter,YES,483.05,0.932,2.143,,yes_ask,yes
2026-10-06,fader-flipper,KXBERNIEENDORSE-26NOV03-JTAL,KXBERNIEENDORSE,exit,YES,51.33,0.18,0.5304,-2.0703,yes_bid,
2026-10-06,fader-flipper,KXCAELECTION-2640-KCAL,KXCAELECTION,exit,YES,11.14,0.58,0.19,-0.5242,yes_bid,
2026-10-06,fader-flipper,KXFOURSTATESEN-26NOV03-TTTT,KXFOURSTATESEN,exit,YES,0.2,0.33,0.0031,0.0049,yes_bid,
2026-10-06,fader-flipper,KXLAMOV-KXMAYORLA26NRAM-NRAM-P54,KXLAMOV,exit,YES,6.64,0.37,0.1084,-0.1748,yes_bid,
2026-10-06,fader-flipper,KXUSINDEPENDENTCONGRESS-26NOV03,KXUSINDEPENDENTCONGRESS,exit,YES,1.7,0.37,0.0278,-0.0448,yes_bid,
2026-10-06,fader-flipper,GOVPARTYIA-26-R,GOVPARTYIA,enter,YES,2376.02,0.13,18.811,,yes_ask,yes
2026-10-06,fader-flipper,GOVPARTYNV-26-R,GOVPARTYNV,enter,YES,235.14,0.5,4.115,,yes_ask,yes
2026-10-06,fader-flipper,HOUSEWI1-26-R,HOUSEWI1,enter,YES,80,0.66,1.2567,,yes_ask,yes
2026-10-06,fader-flipper,KXATTYGENMI-26-R,KXATTYGENMI,enter,YES,1.73,0.22,0.0208,,yes_ask,yes
2026-10-06,fader-flipper,KXCABALLOTMEASURES-26NOV03-PR01,KXCABALLOTMEASURES,enter,YES,2,0.82,0.0207,,yes_ask,yes
2026-10-06,fader-flipper,KXCLOSESTSENATE-27JAN03-TX,KXCLOSESTSENATE,enter,YES,16.39,0.13,0.1298,,yes_ask,yes
2026-10-06,fader-flipper,KXGA1ROUND-26NOV03-GOV,KXGA1ROUND,enter,YES,8,0.89,0.0549,,yes_ask,yes
2026-10-06,fader-flipper,KXGENERALCOUNTY-GOVPARTYNY-26-DUTC,KXGENERALCOUNTY,enter,YES,9.98,0.86,0.0842,,yes_ask,yes
2026-10-06,fader-flipper,KXHARRISCOUNTYJUDGE-26-OSAN,KXHARRISCOUNTYJUDGE,enter,YES,10,0.12,0.074,,yes_ask,yes
2026-10-06,fader-flipper,KXHOUSERACE-MO02-26-D,KXHOUSERACE,enter,YES,34.19,0.26,0.4605,,yes_ask,yes
2026-10-06,fader-flipper,KXHOUSERACE-NC09-26-D,KXHOUSERACE,enter,YES,0.49,0.19,0.0053,,yes_ask,yes
2026-10-06,fader-flipper,KXHOUSEUT03-26-R,KXHOUSEUT03,enter,YES,3.4,0.93,0.0155,,yes_ask,yes
2026-10-06,fader-flipper,KXMIDTERMMOV-AL01R-P33,KXMIDTERMMOV,enter,YES,20.2,0.54,0.3513,,yes_ask,yes
2026-10-06,fader-flipper,KXMIDTERMMOV-ALSENR-P13,KXMIDTERMMOV,enter,YES,20.5,0.66,0.3221,,yes_ask,yes
2026-10-06,fader-flipper,KXMIDTERMMOV-ALSENR-P17,KXMIDTERMMOV,enter,YES,0.5,0.43,0.0086,,yes_ask,yes
2026-10-06,fader-flipper,KXMIDTERMMOV-ALSENR-P19,KXMIDTERMMOV,enter,YES,0.5,0.33,0.0078,,yes_ask,yes
2026-10-06,fader-flipper,KXMIDTERMMOV-AZ01D-P11,KXMIDTERMMOV,enter,YES,20.5,0.21,0.2381,,yes_ask,yes
2026-10-06,fader-flipper,KXMIDTERMMOV-CO06D-P18,KXMIDTERMMOV,enter,YES,3.72,0.9,0.0235,,yes_ask,yes
2026-10-06,fader-flipper,KXMIDTERMMOV-IASENR-P2,KXMIDTERMMOV,enter,YES,5.36,0.4,0.0901,,yes_ask,yes
2026-10-06,fader-flipper,KXMIDTERMMOV-KSGOVR-P8,KXMIDTERMMOV,enter,YES,9.66,0.34,0.1518,,yes_ask,yes
2026-10-06,fader-flipper,KXMIDTERMMOV-MNSEND-P9,KXMIDTERMMOV,enter,YES,20,0.34,0.3142,,yes_ask,yes
2026-10-06,fader-flipper,KXMIDTERMMOV-NYGOVD-P13,KXMIDTERMMOV,enter,YES,3.2,0.7,0.0471,,yes_ask,yes
2026-10-06,fader-flipper,KXMIDTERMMOV-WA03D-P13,KXMIDTERMMOV,enter,YES,0.1,0.26,0.0014,,yes_ask,yes
2026-10-06,fader-flipper,KXMIDTERMMOV-WA05R-P5,KXMIDTERMMOV,enter,YES,21.9,0.63,0.3574,,yes_ask,yes
2026-10-06,fader-flipper,KXMIDTERMMOV-WIGOVD-P1,KXMIDTERMMOV,enter,YES,5.73,0.73,0.0791,,yes_ask,yes
2026-10-06,fader-flipper,KXMIDTERMVOTETURN-OHSEN-4100000,KXMIDTERMVOTETURN,enter,YES,13.3,0.66,0.209,,yes_ask,yes
2026-10-06,fader-flipper,KXMILEAD-26AUG17-A37500,KXMILEAD,enter,YES,20,0.21,0.2323,,yes_ask,yes
2026-10-06,fader-flipper,KXOBAMAENDORSE-26NOV03-MPEL,KXOBAMAENDORSE,enter,YES,40,0.5,0.7,,yes_ask,yes
2026-10-06,fader-flipper,KXVOTEGENERAL-GOVPARTYOK-26MMAZ-56,KXVOTEGENERAL,enter,YES,21,0.3,0.3087,,yes_ask,yes
2026-10-06,fader-flipper,KXVOTEGENERAL-HOUSETX15-26MCRU-42,KXVOTEGENERAL,enter,YES,20,0.88,0.1479,,yes_ask,yes
2026-10-06,fader-flipper,KXVOTEGENERAL-KXHOUSERACE-TN09-26BTAY-52,KXVOTEGENERAL,enter,YES,20.7,0.72,0.2922,,yes_ask,yes
2026-10-06,fader-flipper,KXVOTEGENERAL-KXHOUSEUT03-26CEAS-2,KXVOTEGENERAL,enter,YES,60,0.67,0.9287,,yes_ask,yes
2026-10-06,fader-flipper,KXVOTEGENERAL-SENATENH-26JSUN-46,KXVOTEGENERAL,enter,YES,0.1,0.39,0.0017,,yes_ask,yes
2026-10-07,fader-flipper,HOUSEWI1-26-R,HOUSEWI1,exit,YES,80,0.64,1.2903,-2.8903,yes_bid,
2026-10-07,fader-flipper,KXCAGOVLAMAYOR-26NOV-BAS-BEC,KXCAGOVLAMAYOR,exit,YES,0.83,0.36,0.0134,0.0032,yes_bid,
2026-10-07,fader-flipper,KXFOURSTATESEN-26NOV03-TTFF,KXFOURSTATESEN,exit,YES,178.17,0.11,1.221,-8.3478,yes_bid,
2026-10-07,fader-flipper,KXGOVWINS-27JAN01-R1,KXGOVWINS,exit,YES,22.15,0.21,0.2573,-0.7003,yes_bid,
2026-10-07,fader-flipper,KXHOUSEUT03-26-R,KXHOUSEUT03,exit,YES,3.4,0.928,0.016,-0.0228,yes_bid,
2026-10-07,fader-flipper,KXIASENGOVCOMBO-26NOV-DEMDEM,KXIASENGOVCOMBO,exit,YES,18.47,0.44,0.3186,-1.0574,yes_bid,
2026-10-07,fader-flipper,KXKSSENGOVCOMBO-26NOV-REPREP,KXKSSENGOVCOMBO,exit,YES,7.42,0.57,0.1274,0.3178,yes_bid,
2026-10-07,fader-flipper,KXLAMOV-KXMAYORLA26NRAM-NRAM-P51,KXLAMOV,exit,YES,0.08,0.66,0.0013,0.0067,yes_bid,
2026-10-07,fader-flipper,KXMIDTERMMOV-CO06D-P18,KXMIDTERMMOV,exit,YES,3.72,0.926,0.0179,0.07882,yes_bid,
2026-10-07,fader-flipper,KXMIDTERMMOV-FLSENR-P10,KXMIDTERMMOV,exit,YES,192.05,0.32,2.9254,0.9156,yes_bid,
2026-10-07,fader-flipper,KXMIDTERMMOV-FLSENR-P8,KXMIDTERMMOV,exit,YES,1.9,0.46,0.0331,-0.0521,yes_bid,
2026-10-07,fader-flipper,KXMIDTERMMOV-IASEND-P4,KXMIDTERMMOV,exit,YES,0.1,0.19,0.0011,-0.0021,yes_bid,
2026-10-07,fader-flipper,KXMIDTERMMOV-MSSENR-P5,KXMIDTERMMOV,exit,YES,13.45,0.63,0.2195,-0.892,yes_bid,
2026-10-07,fader-flipper,KXMIDTERMMOV-NESENR-P3,KXMIDTERMMOV,exit,YES,5.65,0.52,0.0988,-0.2118,yes_bid,
2026-10-07,fader-flipper,KXMIDTERMMOV-TX23R-P2,KXMIDTERMMOV,exit,YES,0.53,0.55,0.0092,-0.0145,yes_bid,
2026-10-07,fader-flipper,KXVANCERUN-28-27JUL01,KXVANCERUN,exit,YES,1.07,0.71,0.0155,-0.25946,yes_bid,
2026-10-07,fader-flipper,KXVOTEGENERAL-KXHOUSERACE-TX23-26BHER-52,KXVOTEGENERAL,exit,YES,0.2,0.46,0.0035,-0.0095,yes_bid,
2026-10-07,fader-flipper,KXVOTEGENERAL-KXHOUSERACE-TX23-26BHER-54,KXVOTEGENERAL,exit,YES,0.3,0.19,0.0033,-0.0423,yes_bid,
2026-10-07,fader-flipper,KXVOTEGENERAL-SENATEID-26NFLE-7,KXVOTEGENERAL,exit,YES,20.2,0.14,0.1703,-0.5743,yes_bid,
2026-10-07,fader-flipper,KXAKSENATE-26NOV03-DSUL,KXAKSENATE,enter,YES,759.9,0.24,9.7025,,yes_ask,yes
2026-10-07,fader-flipper,KXATTYGENKS-26-R,KXATTYGENKS,enter,YES,55.94,0.48,0.9774,,yes_ask,yes
2026-10-07,fader-flipper,KXATTYGENOH-26-R,KXATTYGENOH,enter,YES,0.6,0.73,0.0083,,yes_ask,yes
2026-10-07,fader-flipper,KXBERNIEENDORSE-26NOV03-NRAM,KXBERNIEENDORSE,enter,YES,0.7,0.35,0.0112,,yes_ask,yes
2026-10-07,fader-flipper,KXEXITPOLL-YOUMEN-REP,KXEXITPOLL,enter,YES,7.1,0.13,0.0563,,yes_ask,yes
2026-10-07,fader-flipper,KXGENERALCOUNTY-GOVPARTYCA-26-SBER,KXGENERALCOUNTY,enter,YES,0.93,0.32,0.0142,,yes_ask,yes
2026-10-07,fader-flipper,KXHOUSERACE-FL27-26-D,KXHOUSERACE,enter,YES,41.36,0.38,0.6822,,yes_ask,yes
2026-10-07,fader-flipper,KXHOUSEWINSTATE-NYD-E19,KXHOUSEWINSTATE,enter,YES,32,0.28,0.4516,,yes_ask,yes
2026-10-07,fader-flipper,KXMIDTERMMOV-AZ01D-P14,KXMIDTERMMOV,enter,YES,20.5,0.18,0.2119,,yes_ask,yes
2026-10-07,fader-flipper,KXMIDTERMMOV-AZGOVD-P5,KXMIDTERMMOV,enter,YES,0.54,0.72,0.0077,,yes_ask,yes
2026-10-07,fader-flipper,KXMIDTERMMOV-CAGOVD-P12,KXMIDTERMMOV,enter,YES,0.1,0.86,0.0009,,yes_ask,yes
2026-10-07,fader-flipper,KXMIDTERMMOV-CAGOVD-P15,KXMIDTERMMOV,enter,YES,11.25,0.71,0.1622,,yes_ask,yes
2026-10-07,fader-flipper,KXMIDTERMMOV-CAGOVD-P21,KXMIDTERMMOV,enter,YES,4.83,0.53,0.0843,,yes_ask,yes
2026-10-07,fader-flipper,KXMIDTERMMOV-CAGOVD-P27,KXMIDTERMMOV,enter,YES,6.47,0.27,0.0893,,yes_ask,yes
2026-10-07,fader-flipper,KXMIDTERMMOV-CAGOVD-P30,KXMIDTERMMOV,enter,YES,11.9,0.18,0.123,,yes_ask,yes
2026-10-07,fader-flipper,KXMIDTERMMOV-CO03D-P3,KXMIDTERMMOV,enter,YES,1.91,0.2,0.0214,,yes_ask,yes
2026-10-07,fader-flipper,KXMIDTERMMOV-FLSENR-P12,KXMIDTERMMOV,enter,YES,0.7,0.2,0.0079,,yes_ask,yes
2026-10-07,fader-flipper,KXMIDTERMMOV-KSSENR-P9,KXMIDTERMMOV,enter,YES,94.07,0.15,0.8396,,yes_ask,yes
2026-10-07,fader-flipper,KXMIDTERMMOV-NY03D-P11,KXMIDTERMMOV,enter,YES,0.5,0.45,0.0087,,yes_ask,yes
2026-10-07,fader-flipper,KXMIDTERMMOV-SDSENR-P23,KXMIDTERMMOV,enter,YES,4.7,0.16,0.0443,,yes_ask,yes
2026-10-07,fader-flipper,KXMIDTERMMOV-TX35D-P5,KXMIDTERMMOV,enter,YES,22.56,0.35,0.3593,,yes_ask,yes
2026-10-07,fader-flipper,KXMIDTERMMOV-WYSENR-P46,KXMIDTERMMOV,enter,YES,0.1,0.19,0.0011,,yes_ask,yes
2026-10-07,fader-flipper,KXMIDTERMVOTETURN-ARSEN-990000,KXMIDTERMVOTETURN,enter,YES,32.3,0.38,0.5327,,yes_ask,yes
2026-10-07,fader-flipper,KXMIDTERMVOTETURN-LASEN-1630000,KXMIDTERMVOTETURN,enter,YES,0.1,0.4,0.0017,,yes_ask,yes
2026-10-07,fader-flipper,KXMIDTERMVOTETURN-MISEN-4400000,KXMIDTERMVOTETURN,enter,YES,1,0.61,0.0167,,yes_ask,yes
2026-10-07,fader-flipper,KXMIDTERMVOTETURN-MISEN-5000000,KXMIDTERMVOTETURN,enter,YES,2.9,0.33,0.0449,,yes_ask,yes
2026-10-07,fader-flipper,KXMOPROPA-26NOV03-YES,KXMOPROPA,enter,YES,0.8,0.44,0.0138,,yes_ask,yes
2026-10-07,fader-flipper,KXOHSENGOVCOMBO-26NOV-REPDEM,KXOHSENGOVCOMBO,enter,YES,63.89,0.09,0.3663,,yes_ask,yes
2026-10-07,fader-flipper,KXRGOVCOUNT-26JUL08-AL26,KXRGOVCOUNT,enter,YES,44.52,0.16,0.4189,,yes_ask,yes
2026-10-07,fader-flipper,KXRSENATEWON-26NOV03-AL20,KXRSENATEWON,enter,YES,3,0.22,0.0361,,yes_ask,yes
2026-10-07,fader-flipper,KXRSENATEWON-26NOV03-AL21,KXRSENATEWON,enter,YES,22,0.13,0.1742,,yes_ask,yes
2026-10-07,fader-flipper,KXSTATEBALLOTMEASURE-AK-BM2,KXSTATEBALLOTMEASURE,enter,YES,20,0.43,0.3432,,yes_ask,yes
2026-10-07,fader-flipper,KXSTATELEG-NCSEN26-R,KXSTATELEG,enter,YES,3.8,0.9,0.024,,yes_ask,yes
2026-10-07,fader-flipper,KXVOTEGENERAL-GOVPARTYOR-26TKOT-54,KXVOTEGENERAL,enter,YES,1.42,0.21,0.0165,,yes_ask,yes
2026-10-07,fader-flipper,KXVOTEGENERAL-GOVPARTYVT-26PSCO-54,KXVOTEGENERAL,enter,YES,0.09,0.33,0.0014,,yes_ask,yes
2026-10-07,fader-flipper,KXVOTEGENERAL-HOUSETX15-26MCRU-48,KXVOTEGENERAL,enter,YES,20,0.33,0.3096,,yes_ask,yes
2026-10-07,fader-flipper,KXVOTEGENERAL-KXHOUSERACE-NE03-26BSTI-28,KXVOTEGENERAL,enter,YES,20,0.23,0.248,,yes_ask,yes
2026-10-07,fader-flipper,KXVOTEGENERAL-KXHOUSERACE-NH02-26MGOO-58,KXVOTEGENERAL,enter,YES,1.33,0.37,0.0218,,yes_ask,yes
2026-10-07,fader-flipper,KXVOTEGENERAL-KXHOUSERACE-NY12-26MLAS-82,KXVOTEGENERAL,enter,YES,18.52,0.35,0.295,,yes_ask,yes
2026-10-07,fader-flipper,KXVOTEGENERAL-KXHOUSERACE-NY12-26WNEG-1,KXVOTEGENERAL,enter,YES,84.1,0.22,1.0103,,yes_ask,yes
2026-10-07,fader-flipper,KXVOTEGENERAL-KXHOUSERACE-OK01-26MTED-56,KXVOTEGENERAL,enter,YES,40,0.53,0.6975,,yes_ask,yes
2026-10-07,fader-flipper,KXVOTEGENERAL-SENATEMT26SBOD-40,KXVOTEGENERAL,enter,YES,4.29,0.09,0.0246,,yes_ask,yes
2026-10-07,fader-flipper,KXVOTEGENERAL-SENATETX-26KPAX-50,KXVOTEGENERAL,enter,YES,2.1,0.21,0.0244,,yes_ask,yes
2026-10-07,fader-flipper,SENATEAK-26-R,SENATEAK,enter,YES,2158.99,0.25,28.3368,,yes_ask,yes
2026-10-07,fader-flipper,SENATEIA-26-R,SENATEIA,enter,YES,3415.91,0.55,59.1807,,yes_ask,yes
2026-09-26,shock-surfer,KXAKMOV-AKSENATE26NOV03-DSUL-P7,KXAKMOV,enter,YES,20,0.14,0.1686,,yes_ask,yes
2026-09-26,shock-surfer,KXATTYGENIA-26-D,KXATTYGENIA,enter,NO,14.65,0.68,0.2232,,derived(1 - yes_bid),yes
2026-09-26,shock-surfer,KXATTYGENIA-26-R,KXATTYGENIA,enter,YES,14.8,0.68,0.2255,,yes_ask,yes
2026-09-26,shock-surfer,KXATTYGENTX-26-D,KXATTYGENTX,enter,NO,55.73,0.79,0.6472,,derived(1 - yes_bid),yes
2026-09-26,shock-surfer,KXBERNIEENDORSE-26NOV03-CBOO,KXBERNIEENDORSE,enter,NO,40.5,0.75,0.5316,,derived(1 - yes_bid),yes
2026-09-26,shock-surfer,KXBERNIEENDORSE-26NOV03-DOSB,KXBERNIEENDORSE,enter,YES,1.1,0.54,0.0192,,yes_ask,yes
2026-09-26,shock-surfer,KXBERNIEENDORSE-26NOV03-NRAM,KXBERNIEENDORSE,enter,YES,20.3,0.5,0.3553,,yes_ask,yes
2026-09-26,shock-surfer,KXCAELECTION-2629-ADUE,KXCAELECTION,enter,NO,9.8,0.94,0.0387,,derived(1 - yes_bid),yes
2026-09-26,shock-surfer,KXCAELECTION-2640-YKIM,KXCAELECTION,enter,YES,113.02,0.47,1.9708,,yes_ask,yes
2026-09-26,shock-surfer,KXDJTENDORSENETANYAHU-26JUN30-OCT28,KXDJTENDORSENETANYAHU,enter,NO,96.32,0.98,0.1322,,derived(1 - yes_bid),yes
2026-09-26,shock-surfer,KXENDORSEAOC-26NOV03-CVAL,KXENDORSEAOC,enter,NO,25,0.41,0.4234,,derived(1 - yes_bid),yes
2026-09-26,shock-surfer,KXGENERALCOUNTY-GOVPARTYCA-26-SJOA,KXGENERALCOUNTY,enter,NO,21,0.74,0.2829,,derived(1 - yes_bid),yes
2026-09-26,shock-surfer,KXHOUSEMO5-26-D,KXHOUSEMO5,enter,YES,248.12,0.948,0.8562,,yes_ask,yes
2026-09-26,shock-surfer,KXHOUSERACE-AR02-26-R,KXHOUSERACE,enter,NO,50,0.2,0.56,,derived(1 - yes_bid),yes
2026-09-26,shock-surfer,KXHOUSERACE-CA24-26-D,KXHOUSERACE,enter,YES,3.9,0.959,0.0108,,yes_ask,yes
2026-09-26,shock-surfer,KXHOUSERACE-CA24-26-R,KXHOUSERACE,enter,NO,36.42,0.961,0.0956,,derived(1 - yes_bid),yes
2026-09-26,shock-surfer,KXHOUSERACE-TX29-26-R,KXHOUSERACE,enter,NO,70,0.993,0.0341,,derived(1 - yes_bid),yes
2026-09-26,shock-surfer,KXIDHB932-26-W1873,KXIDHB932,enter,YES,19.33,0.57,0.3317,,yes_ask,yes
2026-09-26,shock-surfer,KXKLOBSEAT-27FEB01-SSIM,KXKLOBSEAT,enter,NO,26.2,0.91,0.1503,,derived(1 - yes_bid),yes
2026-09-26,shock-surfer,KXMIDTERMMOV-AZGOVD-P14,KXMIDTERMMOV,enter,NO,20,0.84,0.1882,,derived(1 - yes_bid),yes
2026-09-26,shock-surfer,KXMIDTERMMOV-IDSENR-P21,KXMIDTERMMOV,enter,YES,20,0.53,0.3488,,yes_ask,yes
2026-09-26,shock-surfer,KXMIDTERMMOV-KSSENR-P3,KXMIDTERMMOV,enter,YES,53.35,0.58,0.9098,,yes_ask,yes
2026-09-26,shock-surfer,KXMIDTERMMOV-KSSENR-P5,KXMIDTERMMOV,enter,NO,98.6,0.74,1.328,,derived(1 - yes_bid),yes
2026-09-26,shock-surfer,KXMIDTERMMOV-NESENR-P6,KXMIDTERMMOV,enter,NO,26.83,0.69,0.4018,,derived(1 - yes_bid),yes
2026-09-26,shock-surfer,KXMIDTERMMOV-NHSEND-P8,KXMIDTERMMOV,enter,YES,23.78,0.52,0.4155,,yes_ask,yes
2026-09-26,shock-surfer,KXMIDTERMMOV-RISEND-P29,KXMIDTERMMOV,enter,NO,4,0.48,0.0699,,derived(1 - yes_bid),yes
2026-09-26,shock-surfer,KXMIDTERMMOV-TXGOVR-P3,KXMIDTERMMOV,enter,YES,461.88,0.69,6.9158,,yes_ask,yes
2026-09-26,shock-surfer,KXMIDTERMMOV-WIGOVD-P7,KXMIDTERMMOV,enter,NO,96.5,0.81,1.0396,,derived(1 - yes_bid),yes
2026-09-26,shock-surfer,KXMIDTERMVOTETURN-ARSEN-990000,KXMIDTERMVOTETURN,enter,NO,25,0.92,0.1288,,derived(1 - yes_bid),yes
2026-09-26,shock-surfer,KXMIDTERMVOTETURN-CTGOV-1260000,KXMIDTERMVOTETURN,enter,YES,30,0.57,0.5148,,yes_ask,yes
2026-09-26,shock-surfer,KXMIDTERMVOTETURN-FLSEN-8500000,KXMIDTERMVOTETURN,enter,NO,14.5,0.92,0.0748,,derived(1 - yes_bid),yes
2026-09-26,shock-surfer,KXMIDTERMVOTETURN-ORSEN-2200000,KXMIDTERMVOTETURN,enter,YES,40.1,0.56,0.6917,,yes_ask,yes
2026-09-26,shock-surfer,KXMIDTERMVOTETURN-WIGOV-2800000,KXMIDTERMVOTETURN,enter,NO,1.7,0.64,0.0275,,derived(1 - yes_bid),yes
2026-09-26,shock-surfer,KXMUSKCHALLENGERS-26-1,KXMUSKCHALLENGERS,enter,NO,20,0.74,0.2694,,derived(1 - yes_bid),yes
2026-09-26,shock-surfer,KXREDISTRICTING-26-MIS,KXREDISTRICTING,enter,NO,1090.16,0.986,1.0534,,derived(1 - yes_bid),yes
2026-09-26,shock-surfer,KXSECSTATEMI-26-D,KXSECSTATEMI,enter,YES,4.6,0.93,0.021,,yes_ask,yes
2026-09-26,shock-surfer,KXSECSTATEWI-26-R,KXSECSTATEWI,enter,YES,3,0.19,0.0324,,yes_ask,yes
2026-09-26,shock-surfer,KXSTATEBALLOTMEASURE-WA-IL26638,KXSTATEBALLOTMEASURE,enter,NO,1.8,0.67,0.0279,,derived(1 - yes_bid),yes
2026-09-26,shock-surfer,KXSTATELEG-MNHOUSE26-R,KXSTATELEG,enter,YES,20,0.21,0.2323,,yes_ask,yes
2026-09-26,shock-surfer,KXTX23SPECIALDATE-26,KXTX23SPECIALDATE,enter,NO,116.93,0.99,0.0811,,derived(1 - yes_bid),yes
2026-09-26,shock-surfer,KXVOTEGENERAL-GOVPARTYGA-26KBOT-50,KXVOTEGENERAL,enter,NO,15.8,0.45,0.2738,,derived(1 - yes_bid),yes
2026-09-26,shock-surfer,KXVOTEGENERAL-GOVPARTYPA-26SGAR-38,KXVOTEGENERAL,enter,YES,20,0.46,0.3478,,yes_ask,yes
2026-09-26,shock-surfer,KXVOTEGENERAL-KXHOUSERACE-CA20-26VFON-66,KXVOTEGENERAL,enter,YES,20,0.2,0.224,,yes_ask,yes
2026-09-26,shock-surfer,KXVOTEGENERAL-KXHOUSERACE-NY08-26HJEF-76,KXVOTEGENERAL,enter,NO,12.9,0.3,0.1897,,derived(1 - yes_bid),yes
2026-09-27,shock-surfer,KXDJTENDORSENETANYAHU-26JUN30-OCT28,KXDJTENDORSENETANYAHU,exit,NO,96.32,0.47,1.6796,-50.8028,derived(1 - yes_ask),
2026-09-27,shock-surfer,KXMIDTERMMOV-KSSENR-P5,KXMIDTERMMOV,exit,NO,98.6,0.6,1.6565,-15.4605,derived(1 - yes_ask),
2026-09-27,shock-surfer,KXMIDTERMMOV-NHSEND-P8,KXMIDTERMMOV,exit,YES,23.78,0.39,0.3961,-3.4875,yes_bid,
2026-09-27,shock-surfer,KXMIDTERMMOV-TXGOVR-P3,KXMIDTERMMOV,exit,YES,461.88,0.62,7.6174,-39.949,yes_bid,
2026-09-27,shock-surfer,KXMIDTERMMOV-WIGOVD-P7,KXMIDTERMMOV,exit,NO,96.5,0.64,1.5564,-17.9614,derived(1 - yes_ask),
2026-09-27,shock-surfer,KXCABALLOTMEASURES-26NOV03-PR41,KXCABALLOTMEASURES,enter,YES,4,0.98,0.0055,,yes_ask,yes
2026-09-27,shock-surfer,KXCAELECTION-2634-JGOM,KXCAELECTION,enter,NO,339.61,0.83,3.3544,,derived(1 - yes_bid),yes
2026-09-27,shock-surfer,KXGENERALCOUNTY-SENATETX-26-DENT,KXGENERALCOUNTY,enter,NO,51.8,0.69,0.7757,,derived(1 - yes_bid),yes
2026-09-27,shock-surfer,KXHOUSERACE-AL02-26-D,KXHOUSERACE,enter,NO,373.75,0.77,4.6334,,derived(1 - yes_bid),yes
2026-09-27,shock-surfer,KXHOUSERACE-AL02-26-R,KXHOUSERACE,enter,YES,586.23,0.77,7.2675,,yes_ask,yes
2026-09-27,shock-surfer,KXHOUSERACE-KS02-26-R,KXHOUSERACE,enter,NO,10.3,0.17,0.1018,,derived(1 - yes_bid),yes
2026-09-27,shock-surfer,KXLOSEREELECTIONRSEN-2026-5,KXLOSEREELECTIONRSEN,enter,NO,20.19,0.49,0.3532,,derived(1 - yes_bid),yes
2026-09-27,shock-surfer,KXMARTINDNCOUT-26MAY-JAN01,KXMARTINDNCOUT,enter,YES,15.07,0.29,0.2173,,yes_ask,yes
2026-09-27,shock-surfer,KXMIDTERMMOV-ARSENR-P14,KXMIDTERMMOV,enter,YES,2.99,0.68,0.0456,,yes_ask,yes
2026-09-27,shock-surfer,KXMIDTERMMOV-IDSENR-P25,KXMIDTERMMOV,enter,NO,20,0.9,0.126,,derived(1 - yes_bid),yes
2026-09-27,shock-surfer,KXMIDTERMMOV-ILGOVD-P30,KXMIDTERMMOV,enter,NO,28.5,0.905,0.1716,,derived(1 - yes_bid),yes
2026-09-27,shock-surfer,KXMIDTERMMOV-LA02D-P38,KXMIDTERMMOV,enter,YES,6,0.946,0.0215,,yes_ask,yes
2026-09-27,shock-surfer,KXMIDTERMMOV-LA02D-P44,KXMIDTERMMOV,enter,YES,5.3,0.908,0.031,,yes_ask,yes
2026-09-27,shock-surfer,KXMIDTERMMOV-MA08D-P40,KXMIDTERMMOV,enter,YES,5,0.65,0.0797,,yes_ask,yes
2026-09-27,shock-surfer,KXMIDTERMMOV-MA09D-P14,KXMIDTERMMOV,enter,YES,5,0.85,0.0447,,yes_ask,yes
2026-09-27,shock-surfer,KXMIDTERMMOV-MNGOVD-P20,KXMIDTERMMOV,enter,YES,0.19,0.21,0.0023,,yes_ask,yes
2026-09-27,shock-surfer,KXMIDTERMMOV-MNGOVD-P23,KXMIDTERMMOV,enter,YES,5.29,0.12,0.0392,,yes_ask,yes
2026-09-27,shock-surfer,KXMIDTERMMOV-MSSENR-P7,KXMIDTERMMOV,enter,NO,20,0.74,0.2694,,derived(1 - yes_bid),yes
2026-09-27,shock-surfer,KXMIDTERMMOV-MSSENR-P9,KXMIDTERMMOV,enter,NO,20,0.929,0.0924,,derived(1 - yes_bid),yes
2026-09-27,shock-surfer,KXMIDTERMMOV-MT01R-P12,KXMIDTERMMOV,enter,NO,15,0.923,0.0747,,derived(1 - yes_bid),yes
2026-09-27,shock-surfer,KXMIDTERMMOV-NHSEND-P12,KXMIDTERMMOV,enter,NO,12.5,0.83,0.1235,,derived(1 - yes_bid),yes
2026-09-27,shock-surfer,KXMIDTERMMOV-NJ02D-P3,KXMIDTERMMOV,enter,NO,20,0.904,0.1215,,derived(1 - yes_bid),yes
2026-09-27,shock-surfer,KXMIDTERMMOV-NY17D-P3,KXMIDTERMMOV,enter,YES,41,0.69,0.6139,,yes_ask,yes
2026-09-27,shock-surfer,KXMIDTERMMOV-NY17D-P6,KXMIDTERMMOV,enter,NO,1.39,0.78,0.0167,,derived(1 - yes_bid),yes
2026-09-27,shock-surfer,KXMIDTERMMOV-PA03D-P88,KXMIDTERMMOV,enter,NO,20,0.33,0.3096,,derived(1 - yes_bid),yes
2026-09-27,shock-surfer,KXMIDTERMMOV-SCSENR-P3,KXMIDTERMMOV,enter,NO,33.09,0.3,0.4865,,derived(1 - yes_bid),yes
2026-09-27,shock-surfer,KXMIDTERMMOV-TXGOVR-P6,KXMIDTERMMOV,enter,NO,152.46,0.63,2.4877,,derived(1 - yes_bid),yes
2026-09-27,shock-surfer,KXMIDTERMMOV-TXGOVR-P9,KXMIDTERMMOV,enter,YES,124,0.23,1.5373,,yes_ask,yes
2026-09-27,shock-surfer,KXMIDTERMMOV-VA10D-P19,KXMIDTERMMOV,enter,YES,20,0.987,0.018,,yes_ask,yes
2026-09-27,shock-surfer,KXMIDTERMMOV-VA10D-P25,KXMIDTERMMOV,enter,YES,5.2,0.2,0.0583,,yes_ask,yes
2026-09-27,shock-surfer,KXMIDTERMVOTETURN-AKGOV-290000,KXMIDTERMVOTETURN,enter,NO,20.2,0.93,0.0921,,derived(1 - yes_bid),yes
2026-09-27,shock-surfer,KXMIDTERMVOTETURN-CAGOV-12000000,KXMIDTERMVOTETURN,enter,NO,10.1,0.43,0.1733,,derived(1 - yes_bid),yes
2026-09-27,shock-surfer,KXMIDTERMVOTETURN-LASEN-1360000,KXMIDTERMVOTETURN,enter,NO,20,0.62,0.3299,,derived(1 - yes_bid),yes
2026-09-27,shock-surfer,KXMIDTERMVOTETURN-LASEN-1490000,KXMIDTERMVOTETURN,enter,NO,1.14,0.74,0.0154,,derived(1 - yes_bid),yes
2026-09-27,shock-surfer,KXMIDTERMVOTETURN-MESEN-820000,KXMIDTERMVOTETURN,enter,YES,20,0.88,0.1479,,yes_ask,yes
2026-09-27,shock-surfer,KXMIDTERMVOTETURN-MESEN-860000,KXMIDTERMVOTETURN,enter,NO,20,0.97,0.0408,,derived(1 - yes_bid),yes
2026-09-27,shock-surfer,KXMIDTERMVOTETURN-MNSEN-2600000,KXMIDTERMVOTETURN,enter,YES,20,0.62,0.3299,,yes_ask,yes
2026-09-27,shock-surfer,KXVOTEGENERAL-KXHOUSERACE-FL25-26JMOS-48,KXVOTEGENERAL,enter,NO,20.5,0.16,0.1929,,derived(1 - yes_bid),yes
2026-09-27,shock-surfer,KXVOTEGENERAL-KXHOUSERACE-FL25-26SSIN-50,KXVOTEGENERAL,enter,YES,20,0.27,0.276,,yes_ask,yes
2026-09-28,shock-surfer,KXCAELECTION-2640-YKIM,KXCAELECTION,exit,YES,113.02,0.37,1.8442,-13.1462,yes_bid,
2026-09-28,shock-surfer,KXHOUSERACE-KS02-26-R,KXHOUSERACE,exit,NO,10.3,0.11,0.0706,-0.6886,derived(1 - yes_ask),
2026-09-28,shock-surfer,KXMIDTERMMOV-MNGOVD-P20,KXMIDTERMMOV,exit,YES,0.19,0.12,0.0015,-0.0186,yes_bid,
2026-09-28,shock-surfer,KXMIDTERMMOV-MNGOVD-P23,KXMIDTERMMOV,exit,YES,5.29,0.037,0.0132,-0.45227,yes_bid,
2026-09-28,shock-surfer,KXMIDTERMMOV-MT01R-P12,KXMIDTERMMOV,exit,NO,15,0.82,0.155,-1.7,derived(1 - yes_ask),
2026-09-28,shock-surfer,KXMIDTERMMOV-NESENR-P6,KXMIDTERMMOV,exit,NO,26.83,0.58,0.4576,-3.4089,derived(1 - yes_ask),
2026-09-28,shock-surfer,KXMIDTERMMOV-NY17D-P6,KXMIDTERMMOV,exit,NO,1.39,0.65,0.0222,-0.2029,derived(1 - yes_ask),
2026-09-28,shock-surfer,KXMIDTERMVOTETURN-FLSEN-8500000,KXMIDTERMVOTETURN,exit,NO,14.5,0.52,0.2534,-6.0534,derived(1 - yes_ask),
2026-09-28,shock-surfer,KXMIDTERMVOTETURN-LASEN-1360000,KXMIDTERMVOTETURN,exit,NO,20,0.29,0.2883,-6.8883,derived(1 - yes_ask),
2026-09-28,shock-surfer,KXMIDTERMVOTETURN-MESEN-820000,KXMIDTERMVOTETURN,exit,YES,20,0.24,0.2554,-13.0554,yes_bid,
2026-09-28,shock-surfer,KXMIDTERMVOTETURN-MNSEN-2600000,KXMIDTERMVOTETURN,exit,YES,20,0.5,0.35,-2.75,yes_bid,
2026-09-28,shock-surfer,HOUSENC1-26-D,HOUSENC1,enter,YES,664.03,0.63,10.835,,yes_ask,yes
2026-09-28,shock-surfer,KXAOCRUN-28-27APR01,KXAOCRUN,enter,NO,20,0.81,0.2155,,derived(1 - yes_bid),yes
2026-09-28,shock-surfer,KXCROCKETTCAMPAIGN-26-26NOV03,KXCROCKETTCAMPAIGN,enter,NO,2.27,0.44,0.0392,,derived(1 - yes_bid),yes
2026-09-28,shock-surfer,KXDHOUSESEATSDIR-27-A226,KXDHOUSESEATSDIR,enter,NO,1.83,0.27,0.0253,,derived(1 - yes_bid),yes
2026-09-28,shock-surfer,KXENDORSEAOC-26NOV03-DCHE,KXENDORSEAOC,enter,YES,25.6,0.35,0.4077,,yes_ask,yes
2026-09-28,shock-surfer,KXLEAVETISCH-27JAN01,KXLEAVETISCH,enter,NO,57.51,0.84,0.5411,,derived(1 - yes_bid),yes
2026-09-28,shock-surfer,KXMANCHINCOMBO-26NOV03-WW,KXMANCHINCOMBO,enter,YES,185.79,0.23,2.3033,,yes_ask,yes
2026-09-28,shock-surfer,KXMESENOUTCOME-27JAN-GPR,KXMESENOUTCOME,enter,YES,1151.72,0.4,19.3489,,yes_ask,yes
2026-09-28,shock-surfer,KXMIDTERMMOV-AL06R-P36,KXMIDTERMMOV,enter,NO,20,0.87,0.1584,,derived(1 - yes_bid),yes
2026-09-28,shock-surfer,KXMIDTERMMOV-FLSENR-P10,KXMIDTERMMOV,enter,YES,66.94,0.39,1.1148,,yes_ask,yes
2026-09-28,shock-surfer,KXMIDTERMMOV-FLSENR-P8,KXMIDTERMMOV,enter,YES,95.88,0.53,1.6719,,yes_ask,yes
2026-09-28,shock-surfer,KXMIDTERMMOV-IN02R-P25,KXMIDTERMMOV,enter,NO,19.1,0.82,0.1974,,derived(1 - yes_bid),yes
2026-09-28,shock-surfer,KXMIDTERMMOV-KY06R-P3,KXMIDTERMMOV,enter,NO,12.29,0.43,0.2109,,derived(1 - yes_bid),yes
2026-09-28,shock-surfer,KXMIDTERMMOV-LA02D-P47,KXMIDTERMMOV,enter,YES,27.1,0.57,0.465,,yes_ask,yes
2026-09-28,shock-surfer,KXMIDTERMMOV-MA03D-P25,KXMIDTERMMOV,enter,YES,5,0.938,0.0204,,yes_ask,yes
2026-09-28,shock-surfer,KXMIDTERMMOV-MA03D-P34,KXMIDTERMMOV,enter,YES,2.8,0.63,0.0457,,yes_ask,yes
2026-09-28,shock-surfer,KXMIDTERMMOV-MA03D-P40,KXMIDTERMMOV,enter,YES,8,0.34,0.1257,,yes_ask,yes
2026-09-28,shock-surfer,KXMIDTERMMOV-MT01D-P3,KXMIDTERMMOV,enter,NO,2.65,0.86,0.0224,,derived(1 - yes_bid),yes
2026-09-28,shock-surfer,KXMIDTERMMOV-NJ07D-P2,KXMIDTERMMOV,enter,YES,5.5,0.8,0.0616,,yes_ask,yes
2026-09-28,shock-surfer,KXMIDTERMMOV-OKGOVR-P16,KXMIDTERMMOV,enter,NO,12,0.75,0.1575,,derived(1 - yes_bid),yes
2026-09-28,shock-surfer,KXMIDTERMMOV-OR06D-P25,KXMIDTERMMOV,enter,YES,4.01,0.56,0.0692,,yes_ask,yes
2026-09-28,shock-surfer,KXMIDTERMMOV-ORGOVD-P8,KXMIDTERMMOV,enter,YES,0.1,0.52,0.0018,,yes_ask,yes
2026-09-28,shock-surfer,KXMIDTERMMOV-SCSEND-P1,KXMIDTERMMOV,enter,NO,4.72,0.9,0.0298,,derived(1 - yes_bid),yes
2026-09-28,shock-surfer,KXMIDTERMMOV-SCSENR-P11,KXMIDTERMMOV,enter,YES,18.7,0.29,0.2696,,yes_ask,yes
2026-09-28,shock-surfer,KXMIDTERMMOV-TN06R-P28,KXMIDTERMMOV,enter,NO,20,0.997,0.0042,,derived(1 - yes_bid),yes
2026-09-28,shock-surfer,KXMIDTERMMOV-TX01R-P50,KXMIDTERMMOV,enter,NO,20,0.65,0.3185,,derived(1 - yes_bid),yes
2026-09-28,shock-surfer,KXMIDTERMMOV-TX02R-P20,KXMIDTERMMOV,enter,NO,20,0.67,0.3096,,derived(1 - yes_bid),yes
2026-09-28,shock-surfer,KXMIDTERMVOTETURN-ALSEN-1700000,KXMIDTERMVOTETURN,enter,NO,20,0.68,0.3047,,derived(1 - yes_bid),yes
2026-09-28,shock-surfer,KXMIDTERMVOTETURN-CTGOV-1380000,KXMIDTERMVOTETURN,enter,YES,15,0.38,0.2474,,yes_ask,yes
2026-09-28,shock-surfer,KXMIDTERMVOTETURN-LASEN-1290000,KXMIDTERMVOTETURN,enter,YES,19.8,0.76,0.2529,,yes_ask,yes
2026-09-28,shock-surfer,KXMIDTERMVOTETURN-MNGOV-2500000,KXMIDTERMVOTETURN,enter,NO,28.2,0.39,0.4697,,derived(1 - yes_bid),yes
2026-09-28,shock-surfer,KXMIDTERMVOTETURN-WIGOV-3200000,KXMIDTERMVOTETURN,enter,NO,18.67,0.96,0.0502,,derived(1 - yes_bid),yes
2026-09-28,shock-surfer,KXMOVKSNESEN-26NOV03-KSSEN,KXMOVKSNESEN,enter,NO,20.5,0.62,0.3381,,derived(1 - yes_bid),yes
2026-09-28,shock-surfer,KXPAFLOCKBAN-27JAN01,KXPAFLOCKBAN,enter,NO,41.54,0.86,0.3501,,derived(1 - yes_bid),yes
2026-09-28,shock-surfer,KXTALLAHASSEEMAYOR-26-JMAT,KXTALLAHASSEEMAYOR,enter,YES,35.92,0.48,0.6276,,yes_ask,yes
2026-09-28,shock-surfer,KXUSINDEPENDENTCONGRESS-26NOV03,KXUSINDEPENDENTCONGRESS,enter,YES,42.3,0.45,0.7329,,yes_ask,yes
2026-09-28,shock-surfer,KXVOTEGENERAL-GOVPARTYNM-26DHAA-56,KXVOTEGENERAL,enter,YES,20,0.53,0.3488,,yes_ask,yes
2026-09-28,shock-surfer,KXVOTEGENERAL-GOVPARTYTN-26MBLA-64,KXVOTEGENERAL,enter,NO,7.4,0.95,0.0247,,derived(1 - yes_bid),yes
2026-09-28,shock-surfer,KXVOTEGENERAL-KXHOUSEMO5-26ECLE-52,KXVOTEGENERAL,enter,YES,7.1,0.98,0.0098,,yes_ask,yes
2026-09-28,shock-surfer,KXVOTEGENERAL-KXHOUSERACE-CA24-26BSMI-36,KXVOTEGENERAL,enter,NO,52.61,0.72,0.7425,,derived(1 - yes_bid),yes
2026-09-28,shock-surfer,KXVOTEGENERAL-KXHOUSERACE-CO07-26JKRZ-2,KXVOTEGENERAL,enter,NO,20.5,0.81,0.2209,,derived(1 - yes_bid),yes
2026-09-28,shock-surfer,KXVOTEGENERAL-KXHOUSERACE-CO07-26JKRZ-6,KXVOTEGENERAL,enter,NO,144.05,0.98,0.1977,,derived(1 - yes_bid),yes
2026-09-28,shock-surfer,KXVOTEGENERAL-KXHOUSERACE-LA02-26TCAR-74,KXVOTEGENERAL,enter,YES,29.5,0.67,0.4566,,yes_ask,yes
2026-09-28,shock-surfer,KXVOTEGENERAL-KXHOUSERACE-NC04-26VFOU-72,KXVOTEGENERAL,enter,YES,3.5,0.93,0.016,,yes_ask,yes
2026-09-28,shock-surfer,KXVOTEGENERAL-SENATEIA-26JTUR-50,KXVOTEGENERAL,enter,YES,40.7,0.41,0.6892,,yes_ask,yes
2026-09-28,shock-surfer,KXVOTEGENERAL-SENATEKS-26AHAM-48,KXVOTEGENERAL,enter,NO,0.5,0.71,0.0073,,derived(1 - yes_bid),yes
2026-09-28,shock-surfer,KXVOTEGENERAL-SENATEMT26SBOD-35,KXVOTEGENERAL,enter,NO,30,0.32,0.457,,derived(1 - yes_bid),yes
2026-09-28,shock-surfer,KXVOTEGENERAL-SENATENC-26RCOO-52,KXVOTEGENERAL,enter,YES,40,0.93,0.1823,,yes_ask,yes
2026-09-29,shock-surfer,HOUSENC1-26-D,HOUSENC1,exit,YES,664.03,0.59,11.2441,-37.8053,yes_bid,
2026-09-29,shock-surfer,KXMIDTERMMOV-NJ02D-P3,KXMIDTERMMOV,exit,NO,20,0.79,0.2323,-2.5123,derived(1 - yes_ask),
2026-09-29,shock-surfer,KXMIDTERMMOV-SCSENR-P11,KXMIDTERMMOV,exit,YES,18.7,0.18,0.1933,-2.2503,yes_bid,
2026-09-29,shock-surfer,KXMIDTERMMOV-TXGOVR-P9,KXMIDTERMMOV,exit,YES,124,0.15,1.1067,-11.0267,yes_bid,
2026-09-29,shock-surfer,KXVOTEGENERAL-KXHOUSERACE-CA24-26BSMI-36,KXVOTEGENERAL,exit,NO,52.61,0.15,0.4696,-30.4573,derived(1 - yes_ask),
2026-09-29,shock-surfer,KXVOTEGENERAL-KXHOUSERACE-LA02-26TCAR-74,KXVOTEGENERAL,exit,YES,29.5,0.08,0.152,-17.557,yes_bid,
2026-09-29,shock-surfer,KXVOTEGENERAL-SENATEIA-26JTUR-50,KXVOTEGENERAL,exit,YES,40.7,0.22,0.4889,-8.2219,yes_bid,
2026-09-29,shock-surfer,KXAOCRUN-28-27OCT01,KXAOCRUN,enter,NO,22.3,0.48,0.3897,,derived(1 - yes_bid),yes
2026-09-29,shock-surfer,KXCORNYNTALARICO-26NOV03-YES,KXCORNYNTALARICO,enter,NO,56.3,0.9,0.3547,,derived(1 - yes_bid),yes
2026-09-29,shock-surfer,KXFOURSTATESEN-26NOV03-FFFF,KXFOURSTATESEN,enter,YES,20,0.14,0.1686,,yes_ask,yes
2026-09-29,shock-surfer,KXGENERALCOUNTY-SENATEFLS-26-STL,KXGENERALCOUNTY,enter,YES,46.43,0.43,0.7966,,yes_ask,yes
2026-09-29,shock-surfer,KXHOUSERACE-AZ08-26-D,KXHOUSERACE,enter,YES,27.07,0.21,0.3144,,yes_ask,yes
2026-09-29,shock-surfer,KXHOUSERACE-OK04-26-D,KXHOUSERACE,enter,NO,30,0.996,0.0084,,derived(1 - yes_bid),yes
2026-09-29,shock-surfer,KXJUSTICEGOV-28-26NOV01,KXJUSTICEGOV,enter,NO,20.5,0.62,0.3381,,derived(1 - yes_bid),yes
2026-09-29,shock-surfer,KXMANCHINCOMBO-26NOV03-LL,KXMANCHINCOMBO,enter,NO,252.96,0.49,4.4251,,derived(1 - yes_bid),yes
2026-09-29,shock-surfer,KXMIDTERMMOV-IASENR-P6,KXMIDTERMMOV,enter,NO,220.2,0.89,1.5091,,derived(1 - yes_bid),yes
2026-09-29,shock-surfer,KXMIDTERMMOV-MD06D-P27,KXMIDTERMMOV,enter,NO,20.1,0.84,0.1892,,derived(1 - yes_bid),yes
2026-09-29,shock-surfer,KXMIDTERMMOV-MNGOVD-P11,KXMIDTERMMOV,enter,NO,82.6,0.42,1.4085,,derived(1 - yes_bid),yes
2026-09-29,shock-surfer,KXMIDTERMMOV-NESENDOSB-P3,KXMIDTERMMOV,enter,NO,23.66,0.949,0.0802,,derived(1 - yes_bid),yes
2026-09-29,shock-surfer,KXMIDTERMMOV-NESENR-P9,KXMIDTERMMOV,enter,NO,20.5,0.87,0.1623,,derived(1 - yes_bid),yes
2026-09-29,shock-surfer,KXMIDTERMMOV-NHSEND-P10,KXMIDTERMMOV,enter,NO,124.59,0.75,1.6353,,derived(1 - yes_bid),yes
2026-09-29,shock-surfer,KXMIDTERMMOV-NJ05D-P25,KXMIDTERMMOV,enter,NO,21.61,0.83,0.2135,,derived(1 - yes_bid),yes
2026-09-29,shock-surfer,KXMIDTERMMOV-NMSEND-P21,KXMIDTERMMOV,enter,NO,15.3,0.62,0.2524,,derived(1 - yes_bid),yes
2026-09-29,shock-surfer,KXMIDTERMMOV-OHSENR-P2,KXMIDTERMMOV,enter,NO,129.34,0.81,1.3934,,derived(1 - yes_bid),yes
2026-09-29,shock-surfer,KXMIDTERMMOV-OKGOVR-P13,KXMIDTERMMOV,enter,NO,20,0.7,0.294,,derived(1 - yes_bid),yes
2026-09-29,shock-surfer,KXMIDTERMMOV-SCSENR-P13,KXMIDTERMMOV,enter,NO,305.3,0.91,1.7503,,derived(1 - yes_bid),yes
2026-09-29,shock-surfer,KXMIDTERMMOV-SCSENR-P7,KXMIDTERMMOV,enter,NO,347.2,0.64,5.5997,,derived(1 - yes_bid),yes
2026-09-29,shock-surfer,KXMIDTERMMOV-SCSENR-P9,KXMIDTERMMOV,enter,NO,399.01,0.75,5.2371,,derived(1 - yes_bid),yes
2026-09-29,shock-surfer,KXMIDTERMMOV-TX24R-P21,KXMIDTERMMOV,enter,NO,15.4,0.911,0.0875,,derived(1 - yes_bid),yes
2026-09-29,shock-surfer,KXMIDTERMMOV-UT01D-P26,KXMIDTERMMOV,enter,YES,20.5,0.75,0.2691,,yes_ask,yes
2026-09-29,shock-surfer,KXMIDTERMMOV-UT03R-P40,KXMIDTERMMOV,enter,NO,6.3,0.79,0.0732,,derived(1 - yes_bid),yes
2026-09-29,shock-surfer,KXMIDTERMMOV-UT03R-P46,KXMIDTERMMOV,enter,NO,6.3,0.961,0.0166,,derived(1 - yes_bid),yes
2026-09-29,shock-surfer,KXMIDTERMVOTETURN-CA11-230000,KXMIDTERMVOTETURN,enter,YES,20,0.59,0.3387,,yes_ask,yes
2026-09-29,shock-surfer,KXMIDTERMVOTETURN-MEGOV-750000,KXMIDTERMVOTETURN,enter,NO,2.18,0.55,0.0378,,derived(1 - yes_bid),yes
2026-09-29,shock-surfer,KXMIDTERMVOTETURN-WA03-330000,KXMIDTERMVOTETURN,enter,YES,5,0.58,0.0853,,yes_ask,yes
2026-09-29,shock-surfer,KXSTATEBALLOTMEASURE-AK-BM2,KXSTATEBALLOTMEASURE,enter,YES,20,0.49,0.3499,,yes_ask,yes
2026-09-29,shock-surfer,KXSTATELEG-NCHOUSE26-D,KXSTATELEG,enter,YES,15.82,0.27,0.2183,,yes_ask,yes
2026-09-29,shock-surfer,KXTRUMPDEMDISTRICTS-26NOV03-AL22,KXTRUMPDEMDISTRICTS,enter,YES,20,0.84,0.1882,,yes_ask,yes
2026-09-29,shock-surfer,KXVOTEGENERAL-HOUSEMT1-26SFOR-46,KXVOTEGENERAL,enter,YES,17.33,0.61,0.2886,,yes_ask,yes
2026-09-29,shock-surfer,KXVOTEGENERAL-KXHOUSERACE-CO01-26CHUM-1,KXVOTEGENERAL,enter,NO,20,0.29,0.2883,,derived(1 - yes_bid),yes
2026-09-29,shock-surfer,KXVOTEGENERAL-KXHOUSERACE-CO01-26SBLA-2,KXVOTEGENERAL,enter,YES,20.5,0.97,0.0418,,yes_ask,yes
2026-09-29,shock-surfer,KXVOTEGENERAL-KXHOUSERACE-LA01-26LJEW-32,KXVOTEGENERAL,enter,NO,20,0.49,0.3499,,derived(1 - yes_bid),yes
2026-09-29,shock-surfer,KXVOTEGENERAL-KXHOUSERACE-LA02-26TCAR-70,KXVOTEGENERAL,enter,NO,20.5,0.26,0.2761,,derived(1 - yes_bid),yes
2026-09-29,shock-surfer,KXVOTEGENERAL-KXHOUSERACE-LA02-26TCAR-78,KXVOTEGENERAL,enter,NO,20.7,0.98,0.0285,,derived(1 - yes_bid),yes
2026-09-29,shock-surfer,KXVOTEGENERAL-KXHOUSERACE-LA02-26TCAR-80,KXVOTEGENERAL,enter,NO,20.5,0.98,0.0282,,derived(1 - yes_bid),yes
2026-09-29,shock-surfer,KXVOTEGENERAL-KXHOUSERACE-MD06-26MLAN-1,KXVOTEGENERAL,enter,YES,80,0.85,0.714,,yes_ask,yes
2026-09-29,shock-surfer,KXVOTEGENERAL-SENATEMI-26AELS-50,KXVOTEGENERAL,enter,NO,20,0.56,0.345,,derived(1 - yes_bid),yes
2026-09-29,shock-surfer,KXVOTEGENERAL-SENATEMN-26PFLA-50,KXVOTEGENERAL,enter,YES,60.7,0.8,0.6799,,yes_ask,yes
2026-09-30,shock-surfer,KXBERNIEENDORSE-26NOV03-DOSB,KXBERNIEENDORSE,exit,YES,1.1,0.21,0.0128,-0.3758,yes_bid,
2026-09-30,shock-surfer,KXBERNIEENDORSE-26NOV03-NRAM,KXBERNIEENDORSE,exit,YES,20.3,0.39,0.3381,-2.5711,yes_bid,
2026-09-30,shock-surfer,KXMIDTERMMOV-FLSENR-P10,KXMIDTERMMOV,exit,YES,66.94,0.31,1.0023,-6.3575,yes_bid,
2026-09-30,shock-surfer,KXMIDTERMMOV-KSSENR-P3,KXMIDTERMMOV,exit,YES,53.35,0.49,0.9333,-5.7348,yes_bid,
2026-09-30,shock-surfer,KXMIDTERMMOV-SCSENR-P7,KXMIDTERMMOV,exit,NO,347.2,0.54,6.0372,-40.7572,derived(1 - yes_ask),
2026-09-30,shock-surfer,KXMIDTERMMOV-SCSENR-P9,KXMIDTERMMOV,exit,NO,399.01,0.64,6.4353,-50.3264,derived(1 - yes_ask),
2026-09-30,shock-surfer,KXMIDTERMVOTETURN-ORSEN-2200000,KXMIDTERMVOTETURN,exit,YES,40.1,0.18,0.4144,-15.6524,yes_bid,
2026-09-30,shock-surfer,KXVOTEGENERAL-KXHOUSERACE-CO01-26CHUM-1,KXVOTEGENERAL,exit,NO,20,0.18,0.2067,-2.4067,derived(1 - yes_ask),
2026-09-30,shock-surfer,KXVOTEGENERAL-SENATEMN-26PFLA-50,KXVOTEGENERAL,exit,YES,60.7,0.69,0.9089,-7.5859,yes_bid,
2026-09-30,shock-surfer,KXATTYGENMN-26-D,KXATTYGENMN,enter,YES,282.94,0.77,3.5077,,yes_ask,yes
2026-09-30,shock-surfer,KXATTYGENMN-26-R,KXATTYGENMN,enter,NO,313.71,0.75,4.1175,,derived(1 - yes_bid),yes
2026-09-30,shock-surfer,KXCA11PERSON-26-CCHA,KXCA11PERSON,enter,NO,29.43,0.75,0.3863,,derived(1 - yes_bid),yes
2026-09-30,shock-surfer,KXCABALLOTMEASURES-26NOV03-PR45,KXCABALLOTMEASURES,enter,YES,8,0.95,0.0266,,yes_ask,yes
2026-09-30,shock-surfer,KXCALIFORNIALEAVE-27-LPAG,KXCALIFORNIALEAVE,enter,NO,16.74,0.67,0.2591,,derived(1 - yes_bid),yes
2026-09-30,shock-surfer,KXGENERALCOUNTY-SENATEMI-26-GRA,KXGENERALCOUNTY,enter,NO,19.7,0.42,0.336,,derived(1 - yes_bid),yes
2026-09-30,shock-surfer,KXHOUSEPOPVOTEMARGIND-26NOV03-AL8,KXHOUSEPOPVOTEMARGIND,enter,NO,132.38,0.33,2.0489,,derived(1 - yes_bid),yes
2026-09-30,shock-surfer,KXHOUSEWINSTATE-FLD-5-5,KXHOUSEWINSTATE,enter,YES,20.5,0.13,0.1623,,yes_ask,yes
2026-09-30,shock-surfer,KXLOCALLAW-COSB26189-27FEB01,KXLOCALLAW,enter,YES,269.28,0.85,2.4034,,yes_ask,yes
2026-09-30,shock-surfer,KXLTGOVVT-26-D,KXLTGOVVT,enter,YES,32.21,0.92,0.166,,yes_ask,yes
2026-09-30,shock-surfer,KXLTGOVVT-26-R,KXLTGOVVT,enter,NO,19.3,0.91,0.1107,,derived(1 - yes_bid),yes
2026-09-30,shock-surfer,KXMIDTERMMOV-AZ03D-P63,KXMIDTERMMOV,enter,NO,30.5,0.16,0.287,,derived(1 - yes_bid),yes
2026-09-30,shock-surfer,KXMIDTERMMOV-AZGOVD-P5,KXMIDTERMMOV,enter,YES,220,0.73,3.0354,,yes_ask,yes
2026-09-30,shock-surfer,KXMIDTERMMOV-FL27R-P3,KXMIDTERMMOV,enter,YES,20,0.59,0.3387,,yes_ask,yes
2026-09-30,shock-surfer,KXMIDTERMMOV-FLGOVR-P9,KXMIDTERMMOV,enter,YES,51.01,0.25,0.6696,,yes_ask,yes
2026-09-30,shock-surfer,KXMIDTERMMOV-GASEND-P10,KXMIDTERMMOV,enter,YES,95.45,0.42,1.6277,,yes_ask,yes
2026-09-30,shock-surfer,KXMIDTERMMOV-GASEND-P14,KXMIDTERMMOV,enter,YES,171,0.2,1.9152,,yes_ask,yes
2026-09-30,shock-surfer,KXMIDTERMMOV-IAGOVD-P6,KXMIDTERMMOV,enter,YES,205.23,0.52,3.5858,,yes_ask,yes
2026-09-30,shock-surfer,KXMIDTERMMOV-IASENR-P4,KXMIDTERMMOV,enter,NO,100,0.77,1.2397,,derived(1 - yes_bid),yes
2026-09-30,shock-surfer,KXMIDTERMMOV-KSSENR-P7,KXMIDTERMMOV,enter,NO,165,0.8,1.848,,derived(1 - yes_bid),yes
2026-09-30,shock-surfer,KXMIDTERMMOV-LA05R-P42,KXMIDTERMMOV,enter,NO,20,0.99,0.0139,,derived(1 - yes_bid),yes
2026-09-30,shock-surfer,KXMIDTERMMOV-MASEND-P33,KXMIDTERMMOV,enter,NO,20,0.58,0.3411,,derived(1 - yes_bid),yes
2026-09-30,shock-surfer,KXMIDTERMMOV-MD06D-P15,KXMIDTERMMOV,enter,NO,20.5,0.37,0.3345,,derived(1 - yes_bid),yes
2026-09-30,shock-surfer,KXMIDTERMMOV-MI07R-P2,KXMIDTERMMOV,enter,NO,20.26,0.79,0.2353,,derived(1 - yes_bid),yes
2026-09-30,shock-surfer,KXMIDTERMMOV-MNSEND-P11,KXMIDTERMMOV,enter,YES,80.9,0.32,1.2323,,yes_ask,yes
2026-09-30,shock-surfer,KXMIDTERMMOV-MNSEND-P7,KXMIDTERMMOV,enter,NO,10,0.53,0.1744,,derived(1 - yes_bid),yes
2026-09-30,shock-surfer,KXMIDTERMMOV-MSSENR-P5,KXMIDTERMMOV,enter,NO,39.82,0.43,0.6832,,derived(1 - yes_bid),yes
2026-09-30,shock-surfer,KXMIDTERMMOV-NH01D-P10,KXMIDTERMMOV,enter,NO,20,0.47,0.3488,,derived(1 - yes_bid),yes
2026-09-30,shock-surfer,KXMIDTERMMOV-NH01D-P4,KXMIDTERMMOV,enter,NO,0.5,0.21,0.0059,,derived(1 - yes_bid),yes
2026-09-30,shock-surfer,KXMIDTERMMOV-OHSEND-P4,KXMIDTERMMOV,enter,YES,62.66,0.4,1.0527,,yes_ask,yes
2026-09-30,shock-surfer,KXMIDTERMMOV-ORGOVD-P11,KXMIDTERMMOV,enter,NO,40,0.78,0.4805,,derived(1 - yes_bid),yes
2026-09-30,shock-surfer,KXMIDTERMMOV-ORGOVD-P14,KXMIDTERMMOV,enter,NO,70.1,0.91,0.4019,,derived(1 - yes_bid),yes
2026-09-30,shock-surfer,KXMIDTERMVOTETURN-ARGOV-1080000,KXMIDTERMVOTETURN,enter,NO,20,0.72,0.2823,,derived(1 - yes_bid),yes
2026-09-30,shock-surfer,KXMIDTERMVOTETURN-DESEN-320000,KXMIDTERMVOTETURN,enter,YES,20,0.79,0.2323,,yes_ask,yes
2026-09-30,shock-surfer,KXMIDTERMVOTETURN-MIGOV-5300000,KXMIDTERMVOTETURN,enter,NO,20,0.86,0.1686,,derived(1 - yes_bid),yes
2026-09-30,shock-surfer,KXNUMREDISTRICTING-26NOV03-U8,KXNUMREDISTRICTING,enter,YES,31,0.93,0.1413,,yes_ask,yes
2026-09-30,shock-surfer,KXPASEN-262-R,KXPASEN,enter,YES,10.31,0.61,0.1717,,yes_ask,yes
2026-09-30,shock-surfer,KXSECSTATEOH-26-R,KXSECSTATEOH,enter,NO,1.7,0.44,0.0294,,derived(1 - yes_bid),yes
2026-09-30,shock-surfer,KXSTATELEG-AZHOUSE26-D,KXSTATELEG,enter,YES,20,0.59,0.3387,,yes_ask,yes
2026-09-30,shock-surfer,KXTUCKERTHIRDPARTY-27,KXTUCKERTHIRDPARTY,enter,NO,131.44,0.84,1.2366,,derived(1 - yes_bid),yes
2026-09-30,shock-surfer,KXVANCERUN-28-27JAN01,KXVANCERUN,enter,YES,28.4,0.15,0.2535,,yes_ask,yes
2026-09-30,shock-surfer,KXVOTEGENERAL-GOVPARTYFL-26DJOL-48,KXVOTEGENERAL,enter,YES,31.38,0.52,0.5483,,yes_ask,yes
2026-09-30,shock-surfer,KXVOTEGENERAL-GOVPARTYMI-26JBEN-56,KXVOTEGENERAL,enter,NO,20,0.73,0.276,,derived(1 - yes_bid),yes
2026-09-30,shock-surfer,KXVOTEGENERAL-KXHOUSERACE-CO01-26SBLA-1,KXVOTEGENERAL,enter,YES,40.2,0.87,0.3183,,yes_ask,yes
2026-09-30,shock-surfer,KXVOTEGENERAL-KXHOUSERACE-MD06-26MLAN-2,KXVOTEGENERAL,enter,NO,20.5,0.75,0.2691,,derived(1 - yes_bid),yes
2026-09-30,shock-surfer,KXVOTEGENERAL-KXHOUSERACE-SC05-26AKAP-6,KXVOTEGENERAL,enter,NO,10,0.97,0.0204,,derived(1 - yes_bid),yes
2026-09-30,shock-surfer,KXVOTEGENERAL-SENATEFLS-26ANIX-50,KXVOTEGENERAL,enter,YES,20,0.15,0.1785,,yes_ask,yes
2026-09-30,shock-surfer,KXVOTEGENERAL-SENATEID-26NFLE-1,KXVOTEGENERAL,enter,YES,20,0.9,0.126,,yes_ask,yes
2026-09-30,shock-surfer,KXVOTEGENERAL-SENATEID-26NFLE-2,KXVOTEGENERAL,enter,YES,80.7,0.7,1.1863,,yes_ask,yes
2026-10-01,shock-surfer,KXGENERALCOUNTY-SENATETX-26-DENT,KXGENERALCOUNTY,exit,NO,51.8,0.37,0.8453,-17.4213,derived(1 - yes_ask),
2026-10-01,shock-surfer,KXKLOBSEAT-27FEB01-SSIM,KXKLOBSEAT,exit,NO,26.2,0.77,0.3249,-3.9929,derived(1 - yes_ask),
2026-10-01,shock-surfer,KXMIDTERMMOV-MNSEND-P11,KXMIDTERMMOV,exit,YES,80.9,0.2,0.9061,-10.6141,yes_bid,
2026-10-01,shock-surfer,KXMIDTERMMOV-OHSENR-P2,KXMIDTERMMOV,exit,NO,129.34,0.73,1.7846,-12.1318,derived(1 - yes_ask),
2026-10-01,shock-surfer,KXMIDTERMMOV-OKGOVR-P16,KXMIDTERMMOV,exit,NO,12,0.63,0.1959,-1.6359,derived(1 - yes_ask),
2026-10-01,shock-surfer,KXMIDTERMMOV-ORGOVD-P8,KXMIDTERMMOV,exit,YES,0.1,0.31,0.0015,-0.0225,yes_bid,
2026-10-01,shock-surfer,KXSECSTATEOH-26-R,KXSECSTATEOH,exit,NO,1.7,0.36,0.0275,-0.1635,derived(1 - yes_ask),
2026-10-01,shock-surfer,KXUSINDEPENDENTCONGRESS-26NOV03,KXUSINDEPENDENTCONGRESS,exit,YES,42.3,0.37,0.6903,-4.0743,yes_bid,
2026-10-01,shock-surfer,HOUSEAKAL-26-BHIL,HOUSEAKAL,enter,YES,73.63,0.15,0.6572,,yes_ask,yes
2026-10-01,shock-surfer,HOUSECO3-26-D,HOUSECO3,enter,NO,25.69,0.71,0.3703,,derived(1 - yes_bid),yes
2026-10-01,shock-surfer,HOUSECO3-26-R,HOUSECO3,enter,YES,37.06,0.71,0.5342,,yes_ask,yes
2026-10-01,shock-surfer,HOUSETX15-26-D,HOUSETX15,enter,YES,909.14,0.82,9.3933,,yes_ask,yes
2026-10-01,shock-surfer,HOUSETX15-26-R,HOUSETX15,enter,NO,1059.65,0.82,10.9484,,derived(1 - yes_bid),yes
2026-10-01,shock-surfer,HOUSEVA1-26-D,HOUSEVA1,enter,YES,715.31,0.51,12.513,,yes_ask,yes
2026-10-01,shock-surfer,KXAKCOMBO-26NOV03-RDR,KXAKCOMBO,enter,YES,21,0.21,0.2439,,yes_ask,yes
2026-10-01,shock-surfer,KXHOUSENC11-26-GOP,KXHOUSENC11,enter,NO,729.7,0.68,11.1148,,derived(1 - yes_bid),yes
2026-10-01,shock-surfer,KXHOUSEPOPVOTEMARGIND-26NOV03-AL10,KXHOUSEPOPVOTEMARGIND,enter,NO,106.62,0.59,1.8054,,derived(1 - yes_bid),yes
2026-10-01,shock-surfer,KXHOUSEPOPVOTEMARGIND-26NOV03-AL12,KXHOUSEPOPVOTEMARGIND,enter,NO,60,0.84,0.5645,,derived(1 - yes_bid),yes
2026-10-01,shock-surfer,KXHOUSEPOPVOTEMARGIND-26NOV03-AL14,KXHOUSEPOPVOTEMARGIND,enter,NO,10,0.98,0.0138,,derived(1 - yes_bid),yes
2026-10-01,shock-surfer,KXHOUSEPOPVOTEMARGIND-26NOV03-AL6,KXHOUSEPOPVOTEMARGIND,enter,NO,197.3,0.19,2.1256,,derived(1 - yes_bid),yes
2026-10-01,shock-surfer,KXHOUSERACE-MO02-26-R,KXHOUSERACE,enter,YES,193.21,0.76,2.467,,yes_ask,yes
2026-10-01,shock-surfer,KXIDHB932-26-M1911,KXIDHB932,enter,YES,12.9,0.15,0.1152,,yes_ask,yes
2026-10-01,shock-surfer,KXLOSEREELECTIONGOV-2026-2,KXLOSEREELECTIONGOV,enter,NO,19.97,0.99,0.0139,,derived(1 - yes_bid),yes
2026-10-01,shock-surfer,KXMESENGOVCOMBO-26NOV-DEMREP,KXMESENGOVCOMBO,enter,YES,103.69,0.4,1.742,,yes_ask,yes
2026-10-01,shock-surfer,KXMIDTERMMOV-NESENR-P3,KXMIDTERMMOV,enter,NO,87.02,0.53,1.5174,,derived(1 - yes_bid),yes
2026-10-01,shock-surfer,KXMIDTERMMOV-OKGOVR-P10,KXMIDTERMMOV,enter,YES,16.5,0.63,0.2693,,yes_ask,yes
2026-10-01,shock-surfer,KXMIDTERMMOV-ORGOVD-P5,KXMIDTERMMOV,enter,NO,20.9,0.53,0.3645,,derived(1 - yes_bid),yes
2026-10-01,shock-surfer,KXMIDTERMMOV-TX15D-P5,KXMIDTERMMOV,enter,NO,17.85,0.6,0.2999,,derived(1 - yes_bid),yes
2026-10-01,shock-surfer,KXMIDTERMMOV-TX23R-P5,KXMIDTERMMOV,enter,NO,20,0.66,0.3142,,derived(1 - yes_bid),yes
2026-10-01,shock-surfer,KXMIDTERMMOV-TX23R-P8,KXMIDTERMMOV,enter,NO,1.49,0.78,0.0179,,derived(1 - yes_bid),yes
2026-10-01,shock-surfer,KXMORATORIUMCOUNT-26DEC31-AL3,KXMORATORIUMCOUNT,enter,NO,20,0.33,0.3096,,derived(1 - yes_bid),yes
2026-10-01,shock-surfer,KXPRESSSECANNOUNCE-26AUG-JAN01,KXPRESSSECANNOUNCE,enter,YES,11.09,0.9,0.0699,,yes_ask,yes
2026-10-01,shock-surfer,KXREPRODUCTIVEMEASURES-26-MO,KXREPRODUCTIVEMEASURES,enter,YES,41.46,0.61,0.6905,,yes_ask,yes
2026-10-01,shock-surfer,KXSTATEBALLOTMEASURE-KS-HCR5004,KXSTATEBALLOTMEASURE,enter,NO,30,0.1,0.189,,derived(1 - yes_bid),yes
2026-10-01,shock-surfer,KXVOTEGENERAL-GOVPARTYID-26BLIT-62,KXVOTEGENERAL,enter,NO,20,0.92,0.1031,,derived(1 - yes_bid),yes
2026-10-01,shock-surfer,KXVOTEGENERAL-GOVPARTYMA-26MMIN-36,KXVOTEGENERAL,enter,YES,16.74,0.64,0.27,,yes_ask,yes
2026-10-01,shock-surfer,KXVOTEGENERAL-SENATEAR-26HSHO-46,KXVOTEGENERAL,enter,YES,10.5,0.24,0.1341,,yes_ask,yes
2026-10-01,shock-surfer,KXVOTEGENERAL-SENATEFLS-26AMOO-50,KXVOTEGENERAL,enter,YES,26,0.9,0.1638,,yes_ask,yes
2026-10-02,shock-surfer,HOUSEVA1-26-D,HOUSEVA1,exit,YES,715.31,0.45,12.3928,-55.3114,yes_bid,
2026-10-02,shock-surfer,KXATTYGENIA-26-D,KXATTYGENIA,exit,NO,14.65,0.55,0.2539,-2.1584,derived(1 - yes_ask),
2026-10-02,shock-surfer,KXATTYGENIA-26-R,KXATTYGENIA,exit,YES,14.8,0.52,0.2586,-2.6266,yes_bid,
2026-10-02,shock-surfer,KXCABALLOTMEASURES-26NOV03-PR45,KXCABALLOTMEASURES,exit,YES,8,0.53,0.1395,-3.4995,yes_bid,
2026-10-02,shock-surfer,KXENDORSEAOC-26NOV03-DCHE,KXENDORSEAOC,exit,YES,25.6,0.05,0.0852,-7.7652,yes_bid,
2026-10-02,shock-surfer,KXIDHB932-26-M1911,KXIDHB932,exit,YES,12.9,0.07,0.0588,-1.0908,yes_bid,
2026-10-02,shock-surfer,KXMANCHINCOMBO-26NOV03-WW,KXMANCHINCOMBO,exit,YES,185.79,0.15,1.6582,-16.5214,yes_bid,
2026-10-02,shock-surfer,KXMIDTERMMOV-FLSENR-P8,KXMIDTERMMOV,exit,YES,95.88,0.42,1.635,-12.1818,yes_bid,
2026-10-02,shock-surfer,KXMIDTERMMOV-LA05R-P42,KXMIDTERMMOV,exit,NO,20,0.87,0.1584,-2.5584,derived(1 - yes_ask),
2026-10-02,shock-surfer,KXMIDTERMMOV-NESENR-P3,KXMIDTERMMOV,exit,NO,87.02,0.41,1.4736,-11.916,derived(1 - yes_ask),
2026-10-02,shock-surfer,KXMIDTERMMOV-OKGOVR-P13,KXMIDTERMMOV,exit,NO,20,0.54,0.3478,-3.5478,derived(1 - yes_ask),
2026-10-02,shock-surfer,KXMIDTERMVOTETURN-MESEN-860000,KXMIDTERMVOTETURN,exit,NO,20,0.75,0.2625,-4.6625,derived(1 - yes_ask),
2026-10-02,shock-surfer,KXMIDTERMVOTETURN-MNGOV-2500000,KXMIDTERMVOTETURN,exit,NO,28.2,0.3,0.4146,-2.9526,derived(1 - yes_ask),
2026-10-02,shock-surfer,KXMORATORIUMCOUNT-26DEC31-AL3,KXMORATORIUMCOUNT,exit,NO,20,0.24,0.2554,-2.0554,derived(1 - yes_ask),
2026-10-02,shock-surfer,KXSTATEBALLOTMEASURE-AK-BM2,KXSTATEBALLOTMEASURE,exit,YES,20,0.39,0.3331,-2.3331,yes_bid,
2026-10-02,shock-surfer,KXSTATELEG-MNHOUSE26-R,KXSTATELEG,exit,YES,20,0.1,0.126,-2.326,yes_bid,
2026-10-02,shock-surfer,KXVOTEGENERAL-KXHOUSERACE-SC05-26AKAP-6,KXVOTEGENERAL,exit,NO,10,0.74,0.1347,-2.4347,derived(1 - yes_ask),
2026-10-02,shock-surfer,KXVOTEGENERAL-SENATENC-26RCOO-52,KXVOTEGENERAL,exit,YES,40,0.6,0.672,-13.872,yes_bid,
2026-10-02,shock-surfer,GOVPARTYOR-26-D,GOVPARTYOR,enter,NO,725.85,0.29,10.4617,,derived(1 - yes_bid),yes
2026-10-02,shock-surfer,GOVPARTYOR-26-R,GOVPARTYOR,enter,YES,1212.9,0.29,17.4816,,yes_ask,yes
2026-10-02,shock-surfer,KXBERNIEENDORSE-26NOV03-NRAM,KXBERNIEENDORSE,enter,YES,20.98,0.51,0.3671,,yes_ask,yes
2026-10-02,shock-surfer,KXGENERALCOUNTY-GOVPARTYCA-26-FRES,KXGENERALCOUNTY,enter,YES,16.85,0.65,0.2684,,yes_ask,yes
2026-10-02,shock-surfer,KXGENERALCOUNTY-SENATEMI-26-GEN,KXGENERALCOUNTY,enter,YES,21.6,0.94,0.0853,,yes_ask,yes
2026-10-02,shock-surfer,KXIDHB932-26-COLT,KXIDHB932,enter,YES,36.3,0.18,0.3751,,yes_ask,yes
2026-10-02,shock-surfer,KXLAMOV-KXMAYORLA26KBAS-KBAS-P53,KXLAMOV,enter,NO,5,0.89,0.0343,,derived(1 - yes_bid),yes
2026-10-02,shock-surfer,KXLAMOV-KXMAYORLA26KBAS-KBAS-P55,KXLAMOV,enter,NO,20,0.96,0.0538,,derived(1 - yes_bid),yes
2026-10-02,shock-surfer,KXLOSEREELECTIONRSEN-2026-4,KXLOSEREELECTIONRSEN,enter,YES,106.04,0.27,1.4631,,yes_ask,yes
2026-10-02,shock-surfer,KXMARTINDNCOUT-26MAY-26NOV01,KXMARTINDNCOUT,enter,NO,0.11,0.98,0.0002,,derived(1 - yes_bid),yes
2026-10-02,shock-surfer,KXMIDTERMHAPPEN-2026-T50,KXMIDTERMHAPPEN,enter,NO,1852.6,0.18,19.1411,,derived(1 - yes_bid),yes
2026-10-02,shock-surfer,KXMIDTERMMOV-CO05R-P1,KXMIDTERMMOV,enter,YES,19.95,0.66,0.3134,,yes_ask,yes
2026-10-02,shock-surfer,KXMIDTERMMOV-COGOVD-P27,KXMIDTERMMOV,enter,NO,22.1,0.51,0.3866,,derived(1 - yes_bid),yes
2026-10-02,shock-surfer,KXMIDTERMMOV-FL24D-P47,KXMIDTERMMOV,enter,YES,2.9,0.4,0.0488,,yes_ask,yes
2026-10-02,shock-surfer,KXMIDTERMMOV-FLSENR-P6,KXMIDTERMMOV,enter,YES,361.25,0.66,5.6746,,yes_ask,yes
2026-10-02,shock-surfer,KXMIDTERMMOV-MO03R-P26,KXMIDTERMMOV,enter,NO,20,0.81,0.2155,,derived(1 - yes_bid),yes
2026-10-02,shock-surfer,KXMIDTERMMOV-NJ07D-P8,KXMIDTERMMOV,enter,NO,10,0.48,0.1748,,derived(1 - yes_bid),yes
2026-10-02,shock-surfer,KXMIDTERMMOV-NYGOVD-P16,KXMIDTERMMOV,enter,NO,77.59,0.69,1.1618,,derived(1 - yes_bid),yes
2026-10-02,shock-surfer,KXMIDTERMMOV-SCSENR-P11,KXMIDTERMMOV,enter,NO,75,0.954,0.2304,,derived(1 - yes_bid),yes
2026-10-02,shock-surfer,KXMIDTERMMOV-SDSENR-P15,KXMIDTERMMOV,enter,NO,20.3,0.6,0.3411,,derived(1 - yes_bid),yes
2026-10-02,shock-surfer,KXMIDTERMMOV-VTGOVR-P11,KXMIDTERMMOV,enter,NO,29.97,0.8,0.3357,,derived(1 - yes_bid),yes
2026-10-02,shock-surfer,KXMIDTERMVOTETURN-IASEN-1220000,KXMIDTERMVOTETURN,enter,YES,20,0.89,0.1371,,yes_ask,yes
2026-10-02,shock-surfer,KXMIDTERMVOTETURN-TXSEN-12400000,KXMIDTERMVOTETURN,enter,NO,10.35,0.99,0.0072,,derived(1 - yes_bid),yes
2026-10-02,shock-surfer,KXMIDTERMVOTETURN-VASEN-3200000,KXMIDTERMVOTETURN,enter,YES,20,0.59,0.3387,,yes_ask,yes
2026-10-02,shock-surfer,KXMISSISSAUGAMAYOR-26OCT26-BCRO,KXMISSISSAUGAMAYOR,enter,NO,17.82,0.94,0.0704,,derived(1 - yes_bid),yes
2026-10-02,shock-surfer,KXRHOUSEWON-26NOV03-AL190,KXRHOUSEWON,enter,YES,17.5,0.84,0.1647,,yes_ask,yes
2026-10-02,shock-surfer,KXRHOUSEWON-26NOV03-AL210,KXRHOUSEWON,enter,YES,9.02,0.21,0.1048,,yes_ask,yes
2026-10-02,shock-surfer,KXRSENATEWON-26NOV03-AL16,KXRSENATEWON,enter,YES,20,0.8,0.224,,yes_ask,yes
2026-10-02,shock-surfer,KXRSENATEWON-26NOV03-AL19,KXRSENATEWON,enter,YES,65.88,0.4,1.1068,,yes_ask,yes
2026-10-02,shock-surfer,KXSTATEBALLOTMEASURE-WY-I1,KXSTATEBALLOTMEASURE,enter,YES,20.69,0.28,0.292,,yes_ask,yes
2026-10-02,shock-surfer,KXVOTEGENERAL-GOVPARTYID-26BLIT-64,KXVOTEGENERAL,enter,NO,40,0.7,0.588,,derived(1 - yes_bid),yes
2026-10-02,shock-surfer,KXVOTEGENERAL-KXHOUSERACE-CA06-26KKIL-42,KXVOTEGENERAL,enter,YES,20.5,0.67,0.3173,,yes_ask,yes
2026-10-02,shock-surfer,KXVOTEGENERAL-KXHOUSERACE-MD04-26GIVE-94,KXVOTEGENERAL,enter,YES,20.5,0.21,0.2381,,yes_ask,yes
2026-10-02,shock-surfer,KXVOTEGENERAL-KXHOUSERACE-MD04-26GMCD-6,KXVOTEGENERAL,enter,NO,20,0.3,0.294,,derived(1 - yes_bid),yes
2026-10-02,shock-surfer,KXVOTEGENERAL-KXHOUSERACE-NH02-26MGOO-58,KXVOTEGENERAL,enter,NO,20,0.73,0.276,,derived(1 - yes_bid),yes
2026-10-02,shock-surfer,KXVOTEGENERAL-KXHOUSERACE-UT04-26SBUR-3,KXVOTEGENERAL,enter,YES,20.5,0.39,0.3414,,yes_ask,yes
2026-10-02,shock-surfer,KXVOTEGENERAL-SENATEAK-26DSUL-42,KXVOTEGENERAL,enter,YES,20,0.74,0.2694,,yes_ask,yes
2026-10-02,shock-surfer,KXVOTEGENERAL-SENATEGA-26MCOL-42,KXVOTEGENERAL,enter,NO,20,0.39,0.3331,,derived(1 - yes_bid),yes
2026-10-02,shock-surfer,KXVOTEGENERAL-SENATEID-26NFLE-7,KXVOTEGENERAL,enter,NO,40.2,0.92,0.2072,,derived(1 - yes_bid),yes
2026-10-02,shock-surfer,SENATEIA-26-R,SENATEIA,enter,NO,16650.09,0.46,289.5118,,derived(1 - yes_bid),yes
2026-10-03,shock-surfer,KXDHOUSESEATSDIR-27-A226,KXDHOUSESEATSDIR,exit,NO,1.83,0.17,0.0181,-0.2011,derived(1 - yes_ask),
2026-10-03,shock-surfer,KXGENERALCOUNTY-GOVPARTYCA-26-SJOA,KXGENERALCOUNTY,exit,NO,21,0.05,0.0699,-14.5599,derived(1 - yes_ask),
2026-10-03,shock-surfer,KXLOSEREELECTIONGOV-2026-2,KXLOSEREELECTIONGOV,exit,NO,19.97,0.71,0.2879,-5.8795,derived(1 - yes_ask),
2026-10-03,shock-surfer,KXMIDTERMMOV-CO05R-P1,KXMIDTERMMOV,exit,YES,19.95,0.05,0.0664,-12.2359,yes_bid,
2026-10-03,shock-surfer,KXMIDTERMMOV-IASENR-P4,KXMIDTERMMOV,exit,NO,100,0.71,1.4413,-7.4413,derived(1 - yes_ask),
2026-10-03,shock-surfer,KXMIDTERMMOV-NYGOVD-P16,KXMIDTERMMOV,exit,NO,77.59,0.58,1.3231,-9.858,derived(1 - yes_ask),
2026-10-03,shock-surfer,KXMIDTERMMOV-SDSENR-P15,KXMIDTERMMOV,exit,NO,20.3,0.43,0.3483,-3.7993,derived(1 - yes_ask),
2026-10-03,shock-surfer,KXMIDTERMMOV-VTGOVR-P11,KXMIDTERMMOV,exit,NO,29.97,0.56,0.517,-7.7098,derived(1 - yes_ask),
2026-10-03,shock-surfer,KXRHOUSEWON-26NOV03-AL190,KXRHOUSEWON,exit,YES,17.5,0.72,0.247,-2.347,yes_bid,
2026-10-03,shock-surfer,KXRSENATEWON-26NOV03-AL19,KXRSENATEWON,exit,YES,65.88,0.34,1.0349,-4.9877,yes_bid,
2026-10-03,shock-surfer,KXSTATEBALLOTMEASURE-WA-IL26638,KXSTATEBALLOTMEASURE,exit,NO,1.8,0.59,0.0305,-0.1745,derived(1 - yes_ask),
2026-10-03,shock-surfer,GOVPARTYTX-26-R,GOVPARTYTX,enter,NO,3789.61,0.26,51.0385,,derived(1 - yes_bid),yes
2026-10-03,shock-surfer,KXAKMOV-AKSENATE26NOV03-MPEL-P1,KXAKMOV,enter,YES,24.05,0.25,0.3157,,yes_ask,yes
2026-10-03,shock-surfer,KXATTYGENOH-26-R,KXATTYGENOH,enter,NO,23.6,0.33,0.3653,,derived(1 - yes_bid),yes
2026-10-03,shock-surfer,KXATTYGENTX-26-R,KXATTYGENTX,enter,NO,19.7,0.27,0.2719,,derived(1 - yes_bid),yes
2026-10-03,shock-surfer,KXCABALLOTMEASURES-26NOV03-PR37,KXCABALLOTMEASURES,enter,YES,42,0.92,0.2164,,yes_ask,yes
2026-10-03,shock-surfer,KXCABALLOTMEASURES-26NOV03-PR38,KXCABALLOTMEASURES,enter,YES,20,0.95,0.0665,,yes_ask,yes
2026-10-03,shock-surfer,KXCABALLOTMEASURES-26NOV03-PR42,KXCABALLOTMEASURES,enter,YES,70.42,0.98,0.0967,,yes_ask,yes
2026-10-03,shock-surfer,KXCAWEALTHTAXMOVD-CAWEALTHTAX26NO-NO-P1,KXCAWEALTHTAXMOVD,enter,NO,151,0.49,2.6415,,derived(1 - yes_bid),yes
2026-10-03,shock-surfer,KXDATACENTERMORATORIUM-27JAN012,KXDATACENTERMORATORIUM,enter,YES,5.45,0.76,0.0696,,yes_ask,yes
2026-10-03,shock-surfer,KXGASENGOVCOMBO-26NOV-DEMDEM,KXGASENGOVCOMBO,enter,NO,52,0.72,0.7339,,derived(1 - yes_bid),yes
2026-10-03,shock-surfer,KXGENERALCOUNTY-GOVPARTYCA-26-RIVE,KXGENERALCOUNTY,enter,NO,3.7,0.93,0.0169,,derived(1 - yes_bid),yes
2026-10-03,shock-surfer,KXGENERALCOUNTY-GOVPARTYCA-26-SBER,KXGENERALCOUNTY,enter,NO,20,0.98,0.0275,,derived(1 - yes_bid),yes
2026-10-03,shock-surfer,KXGENERALCOUNTY-SENATEFLS-26-PIN,KXGENERALCOUNTY,enter,NO,20,0.48,0.3495,,derived(1 - yes_bid),yes
2026-10-03,shock-surfer,KXGENERALCOUNTY-SENATEMI-26-KEN,KXGENERALCOUNTY,enter,NO,20.88,0.18,0.2158,,derived(1 - yes_bid),yes
2026-10-03,shock-surfer,KXHOUSEWINSTATE-FLD-A10,KXHOUSEWINSTATE,enter,NO,20.5,0.86,0.1728,,derived(1 - yes_bid),yes
2026-10-03,shock-surfer,KXHOUSEWINSTATE-PAD-E10,KXHOUSEWINSTATE,enter,YES,24,0.27,0.3312,,yes_ask,yes
2026-10-03,shock-surfer,KXHOUSEWINSTATE-PAD-E9,KXHOUSEWINSTATE,enter,NO,8,0.82,0.0827,,derived(1 - yes_bid),yes
2026-10-03,shock-surfer,KXMIDTERMMOV-ARSEN-P12,KXMIDTERMMOV,enter,NO,22.43,0.48,0.3919,,derived(1 - yes_bid),yes
2026-10-03,shock-surfer,KXMIDTERMMOV-CA22D-P10,KXMIDTERMMOV,enter,NO,20.2,0.61,0.3364,,derived(1 - yes_bid),yes
2026-10-03,shock-surfer,KXMIDTERMMOV-CA48D-P12,KXMIDTERMMOV,enter,NO,20,0.54,0.3478,,derived(1 - yes_bid),yes
2026-10-03,shock-surfer,KXMIDTERMMOV-CT03D-P35,KXMIDTERMMOV,enter,YES,2,0.29,0.0289,,yes_ask,yes
2026-10-03,shock-surfer,KXMIDTERMMOV-DESEND-P30,KXMIDTERMMOV,enter,NO,7.5,0.56,0.1294,,derived(1 - yes_bid),yes
2026-10-03,shock-surfer,KXMIDTERMMOV-FL23D-P23,KXMIDTERMMOV,enter,NO,20.5,0.995,0.0072,,derived(1 - yes_bid),yes
2026-10-03,shock-surfer,KXMIDTERMMOV-FL24D-P50,KXMIDTERMMOV,enter,YES,20,0.36,0.3226,,yes_ask,yes
2026-10-03,shock-surfer,KXMIDTERMMOV-FL24D-P53,KXMIDTERMMOV,enter,YES,20,0.28,0.2823,,yes_ask,yes
2026-10-03,shock-surfer,KXMIDTERMMOV-FLSENR-P10,KXMIDTERMMOV,enter,YES,229.79,0.37,3.7495,,yes_ask,yes
2026-10-03,shock-surfer,KXMIDTERMMOV-IA03D-P5,KXMIDTERMMOV,enter,YES,8.9,0.52,0.1556,,yes_ask,yes
2026-10-03,shock-surfer,KXMIDTERMMOV-IASEND-P2,KXMIDTERMMOV,enter,NO,97.59,0.65,1.5542,,derived(1 - yes_bid),yes
2026-10-03,shock-surfer,KXMIDTERMMOV-IDSENR-P19,KXMIDTERMMOV,enter,YES,20,0.38,0.3299,,yes_ask,yes
2026-10-03,shock-surfer,KXMIDTERMMOV-IDSENR-P23,KXMIDTERMMOV,enter,YES,20,0.2,0.224,,yes_ask,yes
2026-10-03,shock-surfer,KXMIDTERMMOV-IN09R-P30,KXMIDTERMMOV,enter,NO,20,0.77,0.248,,derived(1 - yes_bid),yes
2026-10-03,shock-surfer,KXMIDTERMMOV-MNGOVD-P17,KXMIDTERMMOV,enter,YES,81.49,0.23,1.0103,,yes_ask,yes
2026-10-03,shock-surfer,KXMIDTERMMOV-MNGOVD-P20,KXMIDTERMMOV,enter,YES,159.1,0.16,1.4969,,yes_ask,yes
2026-10-03,shock-surfer,KXMIDTERMMOV-MNSEND-P3,KXMIDTERMMOV,enter,NO,40.67,0.29,0.5862,,derived(1 - yes_bid),yes
2026-10-03,shock-surfer,KXMIDTERMMOV-MNSEND-P5,KXMIDTERMMOV,enter,NO,85.74,0.41,1.4519,,derived(1 - yes_bid),yes
2026-10-03,shock-surfer,KXMIDTERMMOV-MO04R-P29,KXMIDTERMMOV,enter,YES,20,0.58,0.3411,,yes_ask,yes
2026-10-03,shock-surfer,KXMIDTERMMOV-MO05D-P3,KXMIDTERMMOV,enter,NO,20,0.11,0.1371,,derived(1 - yes_bid),yes
2026-10-03,shock-surfer,KXMIDTERMMOV-MO05R-P3,KXMIDTERMMOV,enter,YES,21.5,0.37,0.3509,,yes_ask,yes
2026-10-03,shock-surfer,KXMIDTERMMOV-NH01D-P13,KXMIDTERMMOV,enter,NO,20,0.62,0.3299,,derived(1 - yes_bid),yes
2026-10-03,shock-surfer,KXMIDTERMMOV-NYGOVD-P10,KXMIDTERMMOV,enter,YES,20,0.84,0.1882,,yes_ask,yes
2026-10-03,shock-surfer,KXMIDTERMMOV-OHGOVR-P3,KXMIDTERMMOV,enter,NO,15.98,0.79,0.1856,,derived(1 - yes_bid),yes
2026-10-03,shock-surfer,KXMIDTERMMOV-TXSEND-P3,KXMIDTERMMOV,enter,YES,1420.79,0.42,24.2274,,yes_ask,yes
2026-10-03,shock-surfer,KXMIDTERMMOV-TXSEND-P5,KXMIDTERMMOV,enter,YES,1090.42,0.28,15.3881,,yes_ask,yes
2026-10-03,shock-surfer,KXMIDTERMMOV-VA09R-P45,KXMIDTERMMOV,enter,NO,20,0.81,0.2155,,derived(1 - yes_bid),yes
2026-10-03,shock-surfer,KXMIDTERMMOV-WIGOVD-P1,KXMIDTERMMOV,enter,NO,20,0.28,0.2823,,derived(1 - yes_bid),yes
2026-10-03,shock-surfer,KXMIDTERMVOTETURN-IASEN-1460000,KXMIDTERMVOTETURN,enter,NO,20,0.73,0.276,,derived(1 - yes_bid),yes
2026-10-03,shock-surfer,KXMIDTERMVOTETURN-MESEN-860000,KXMIDTERMVOTETURN,enter,NO,21.5,0.88,0.159,,derived(1 - yes_bid),yes
2026-10-03,shock-surfer,KXMOVKSNESEN-26NOV03-NESEN,KXMOVKSNESEN,enter,NO,21,0.5,0.3675,,derived(1 - yes_bid),yes
2026-10-03,shock-surfer,KXSTATEBALLOTMEASURE-AZ-P144,KXSTATEBALLOTMEASURE,enter,NO,34.85,0.31,0.5219,,derived(1 - yes_bid),yes
2026-10-03,shock-surfer,KXSTATEBALLOTMEASURE-AZ-P320,KXSTATEBALLOTMEASURE,enter,YES,20,0.6,0.336,,yes_ask,yes
2026-10-03,shock-surfer,KXSTATELEG-NCSEN26-D,KXSTATELEG,enter,YES,26.29,0.16,0.2474,,yes_ask,yes
2026-10-03,shock-surfer,KXSTATELEG-NCSEN26-R,KXSTATELEG,enter,NO,20,0.17,0.1976,,derived(1 - yes_bid),yes
2026-10-03,shock-surfer,KXTHREESTATESEN-26NOV03-TFT,KXTHREESTATESEN,enter,YES,129.23,0.25,1.6962,,yes_ask,yes
2026-10-03,shock-surfer,KXTRUMPDEMDISTRICTS-26NOV03-AL31,KXTRUMPDEMDISTRICTS,enter,YES,20,0.67,0.3096,,yes_ask,yes
2026-10-03,shock-surfer,KXVOTECOUNTY-GOVPARTYPA26PHILADELPHIAJSHA-86,KXVOTECOUNTY,enter,NO,20,0.91,0.1147,,derived(1 - yes_bid),yes
2026-10-03,shock-surfer,KXVOTECOUNTY-SENATEIA26SCOTTJTUR-56,KXVOTECOUNTY,enter,NO,20.5,0.89,0.1405,,derived(1 - yes_bid),yes
2026-10-03,shock-surfer,KXVOTECOUNTY-SENATEOHS26LUCASSBRO-62,KXVOTECOUNTY,enter,NO,20.5,0.7,0.3014,,derived(1 - yes_bid),yes
2026-10-03,shock-surfer,KXVOTEGENERAL-GOVPARTYID-26BLIT-58,KXVOTEGENERAL,enter,NO,20,0.29,0.2883,,derived(1 - yes_bid),yes
2026-10-03,shock-surfer,KXVOTEGENERAL-GOVPARTYIL-26DBAI-34,KXVOTEGENERAL,enter,NO,20,0.38,0.3299,,derived(1 - yes_bid),yes
2026-10-03,shock-surfer,KXVOTEGENERAL-GOVPARTYVT-26PSCO-57,KXVOTEGENERAL,enter,NO,20,0.93,0.0912,,derived(1 - yes_bid),yes
2026-10-03,shock-surfer,KXVOTEGENERAL-KXHOUSERACE-MA04-26TSTA-34,KXVOTEGENERAL,enter,YES,40,0.46,0.6956,,yes_ask,yes
2026-10-03,shock-surfer,KXVOTEGENERAL-KXHOUSERACE-UT04-26TWRI-2,KXVOTEGENERAL,enter,YES,20,0.76,0.2554,,yes_ask,yes
2026-10-03,shock-surfer,KXVOTEGENERAL-KXHOUSEUT03-26MSTO-2,KXVOTEGENERAL,enter,YES,20.5,0.2,0.2296,,yes_ask,yes
2026-10-03,shock-surfer,KXVOTEGENERAL-SENATEAK-26MPEL-48,KXVOTEGENERAL,enter,YES,20,0.76,0.2554,,yes_ask,yes
2026-10-03,shock-surfer,KXVOTEGENERAL-SENATEAR-26HSHO-42,KXVOTEGENERAL,enter,YES,20.85,0.57,0.3578,,yes_ask,yes
2026-10-03,shock-surfer,KXVOTEGENERAL-SENATEMN-26MTAF-48,KXVOTEGENERAL,enter,YES,21.34,0.27,0.2945,,yes_ask,yes
2026-10-04,shock-surfer,KXBERNIEENDORSE-26NOV03-NRAM,KXBERNIEENDORSE,exit,YES,20.98,0.28,0.2961,-5.1215,yes_bid,
2026-10-04,shock-surfer,KXGASENGOVCOMBO-26NOV-DEMDEM,KXGASENGOVCOMBO,exit,NO,52,0.52,0.9086,-11.3086,derived(1 - yes_ask),
2026-10-04,shock-surfer,KXHOUSEPOPVOTEMARGIND-26NOV03-AL10,KXHOUSEPOPVOTEMARGIND,exit,NO,106.62,0.34,1.6748,-28.3298,derived(1 - yes_ask),
2026-10-04,shock-surfer,KXMIDTERMMOV-FLSENR-P6,KXMIDTERMMOV,exit,YES,361.25,0.57,6.198,-38.7105,yes_bid,
2026-10-04,shock-surfer,KXMIDTERMMOV-MSSENR-P5,KXMIDTERMMOV,exit,NO,39.82,0.32,0.6066,-4.9868,derived(1 - yes_ask),
2026-10-04,shock-surfer,KXMIDTERMMOV-SCSENR-P11,KXMIDTERMMOV,exit,NO,75,0.86,0.6321,-7.6821,derived(1 - yes_ask),
2026-10-04,shock-surfer,KXMIDTERMVOTETURN-IASEN-1220000,KXMIDTERMVOTETURN,exit,YES,20,0.74,0.2694,-3.2694,yes_bid,
2026-10-04,shock-surfer,KXVOTEGENERAL-SENATEAK-26DSUL-42,KXVOTEGENERAL,exit,YES,20,0.07,0.0912,-13.4912,yes_bid,
2026-10-04,shock-surfer,KXVOTEGENERAL-SENATEFLS-26AMOO-50,KXVOTEGENERAL,exit,YES,26,0.81,0.2801,-2.6201,yes_bid,
2026-10-04,shock-surfer,KXAKCOMBO-26NOV03-RRR,KXAKCOMBO,enter,YES,17.26,0.16,0.1624,,yes_ask,yes
2026-10-04,shock-surfer,KXATTYGENOH-26-D,KXATTYGENOH,enter,YES,92.4,0.26,1.2445,,yes_ask,yes
2026-10-04,shock-surfer,KXCLOSESTGOVERNOR-27JAN20-TX,KXCLOSESTGOVERNOR,enter,YES,104.53,0.14,0.881,,yes_ask,yes
2026-10-04,shock-surfer,KXGA1ROUND-26NOV03-GOV,KXGA1ROUND,enter,NO,33.8,0.15,0.3017,,derived(1 - yes_bid),yes
2026-10-04,shock-surfer,KXGENERALCOUNTY-SENATETX-26-BAST,KXGENERALCOUNTY,enter,NO,43.4,0.81,0.4676,,derived(1 - yes_bid),yes
2026-10-04,shock-surfer,KXGENERALCOUNTY-SENATETX-26-TARR,KXGENERALCOUNTY,enter,YES,22.4,0.98,0.0308,,yes_ask,yes
2026-10-04,shock-surfer,KXHOUSEWINSTATE-NCD-E7,KXHOUSEWINSTATE,enter,YES,20,0.2,0.224,,yes_ask,yes
2026-10-04,shock-surfer,KXKSSENGOVCOMBO-26NOV-DEMDEM,KXKSSENGOVCOMBO,enter,YES,33.27,0.26,0.4481,,yes_ask,yes
2026-10-04,shock-surfer,KXLAMOV-KXMAYORLA26NRAM-NRAM-P52,KXLAMOV,enter,YES,20.39,0.63,0.3328,,yes_ask,yes
2026-10-04,shock-surfer,KXLAMOV-KXMAYORLA26NRAM-NRAM-P53,KXLAMOV,enter,YES,20.89,0.53,0.3643,,yes_ask,yes
2026-10-04,shock-surfer,KXMARENTCONTROL-26,KXMARENTCONTROL,enter,YES,32.81,0.14,0.2766,,yes_ask,yes
2026-10-04,shock-surfer,KXMIDTERMMOV-ARSEN-P8,KXMIDTERMMOV,enter,YES,20.2,0.78,0.2427,,yes_ask,yes
2026-10-04,shock-surfer,KXMIDTERMMOV-IDGOVR-P30,KXMIDTERMMOV,enter,NO,20,0.74,0.2694,,derived(1 - yes_bid),yes
2026-10-04,shock-surfer,KXMIDTERMMOV-MO01D-P55,KXMIDTERMMOV,enter,YES,20.7,0.76,0.2643,,yes_ask,yes
2026-10-04,shock-surfer,KXMIDTERMMOV-MTSENR-P15,KXMIDTERMMOV,enter,YES,20.5,0.3,0.3014,,yes_ask,yes
2026-10-04,shock-surfer,KXMIDTERMMOV-NY19D-P12,KXMIDTERMMOV,enter,YES,20.5,0.83,0.2025,,yes_ask,yes
2026-10-04,shock-surfer,KXMIDTERMMOV-NYGOVD-P13,KXMIDTERMMOV,enter,NO,8.73,0.34,0.1372,,derived(1 - yes_bid),yes
2026-10-04,shock-surfer,KXMIDTERMMOV-SDSENR-P21,KXMIDTERMMOV,enter,NO,20.2,0.85,0.1803,,derived(1 - yes_bid),yes
2026-10-04,shock-surfer,KXMISSISSAUGAMAYOR-26OCT26-CPAR,KXMISSISSAUGAMAYOR,enter,NO,6.8,0.55,0.1179,,derived(1 - yes_bid),yes
2026-10-04,shock-surfer,KXSTATEBALLOTMEASURE-ID-P1,KXSTATEBALLOTMEASURE,enter,NO,45.47,0.57,0.7802,,derived(1 - yes_bid),yes
2026-10-04,shock-surfer,KXSTATELEG-TXHOUS26-D,KXSTATELEG,enter,YES,20,0.29,0.2883,,yes_ask,yes
2026-10-04,shock-surfer,KXSTATELEG-TXHOUS26-R,KXSTATELEG,enter,NO,21,0.3,0.3087,,derived(1 - yes_bid),yes
2026-10-04,shock-surfer,KXTAIPEIMAYOR-26NOV28-SPY,KXTAIPEIMAYOR,enter,YES,411.94,0.27,5.6836,,yes_ask,yes
2026-10-04,shock-surfer,KXVANCERUN-28-27JUL01,KXVANCERUN,enter,NO,1.07,0.981,0.0014,,derived(1 - yes_bid),yes
2026-10-04,shock-surfer,KXVOTEGENERAL-GOVPARTYGA-26KBOT-54,KXVOTEGENERAL,enter,NO,10.1,0.94,0.0399,,derived(1 - yes_bid),yes
2026-10-04,shock-surfer,KXVOTEGENERAL-GOVPARTYNY-26BBLA-42,KXVOTEGENERAL,enter,YES,6.88,0.82,0.0711,,yes_ask,yes
2026-10-04,shock-surfer,KXVOTEGENERAL-GOVPARTYTN-26MBLA-54,KXVOTEGENERAL,enter,NO,30.5,0.46,0.5304,,derived(1 - yes_bid),yes
2026-10-04,shock-surfer,KXVOTEGENERAL-KXHOUSERACE-LA02-26TCAR-74,KXVOTEGENERAL,enter,YES,20,0.65,0.3185,,yes_ask,yes
2026-10-04,shock-surfer,KXVOTEGENERAL-KXHOUSERACE-LA02-26TCAR-76,KXVOTEGENERAL,enter,YES,20,0.47,0.3488,,yes_ask,yes
2026-10-04,shock-surfer,KXVOTEGENERAL-SENATENM-26BLUJ-64,KXVOTEGENERAL,enter,YES,20,0.23,0.248,,yes_ask,yes
2026-10-05,shock-surfer,GOVPARTYOR-26-D,GOVPARTYOR,exit,NO,725.85,0.24,9.2677,-45.5602,derived(1 - yes_ask),
2026-10-05,shock-surfer,GOVPARTYOR-26-R,GOVPARTYOR,exit,YES,1212.9,0.24,15.4864,-76.1314,yes_bid,
2026-10-05,shock-surfer,KXGENERALCOUNTY-SENATEFLS-26-STL,KXGENERALCOUNTY,exit,YES,46.43,0.2,0.5201,-11.199,yes_bid,
2026-10-05,shock-surfer,KXGENERALCOUNTY-SENATETX-26-BAST,KXGENERALCOUNTY,exit,NO,43.4,0.61,0.7228,-9.4028,derived(1 - yes_ask),
2026-10-05,shock-surfer,KXMIDTERMHAPPEN-2026-T50,KXMIDTERMHAPPEN,exit,NO,1852.6,0.13,14.6671,-107.2971,derived(1 - yes_ask),
2026-10-05,shock-surfer,KXMIDTERMMOV-AZGOVD-P5,KXMIDTERMMOV,exit,YES,220,0.63,3.5898,-25.5898,yes_bid,
2026-10-05,shock-surfer,KXMIDTERMMOV-FLSENR-P10,KXMIDTERMMOV,exit,YES,229.79,0.27,3.1705,-26.1495,yes_bid,
2026-10-05,shock-surfer,KXMIDTERMMOV-IASEND-P2,KXMIDTERMMOV,exit,NO,97.59,0.55,1.6908,-11.4498,derived(1 - yes_ask),
2026-10-05,shock-surfer,KXMIDTERMMOV-IDSENR-P19,KXMIDTERMMOV,exit,YES,20,0.2,0.224,-3.824,yes_bid,
2026-10-05,shock-surfer,KXMIDTERMMOV-MNGOVD-P17,KXMIDTERMMOV,exit,YES,81.49,0.16,0.7667,-6.471,yes_bid,
2026-10-05,shock-surfer,KXMIDTERMMOV-MNGOVD-P20,KXMIDTERMMOV,exit,YES,159.1,0.069,0.7155,-15.1936,yes_bid,
2026-10-05,shock-surfer,KXMIDTERMMOV-NESENR-P9,KXMIDTERMMOV,exit,NO,20.5,0.75,0.2691,-2.7291,derived(1 - yes_ask),
2026-10-05,shock-surfer,KXMIDTERMMOV-NY19D-P12,KXMIDTERMMOV,exit,YES,20.5,0.65,0.3265,-4.0165,yes_bid,
2026-10-05,shock-surfer,KXMIDTERMMOV-TX23R-P5,KXMIDTERMMOV,exit,NO,20,0.52,0.3495,-3.1495,derived(1 - yes_ask),
2026-10-05,shock-surfer,KXMOVKSNESEN-26NOV03-NESEN,KXMOVKSNESEN,exit,NO,21,0.35,0.3345,-3.4845,derived(1 - yes_ask),
2026-10-05,shock-surfer,KXPASEN-262-R,KXPASEN,exit,YES,10.31,0.5,0.1805,-1.3146,yes_bid,
2026-10-05,shock-surfer,KXPRESSSECANNOUNCE-26AUG-JAN01,KXPRESSSECANNOUNCE,exit,YES,11.09,0.78,0.1333,-1.4641,yes_bid,
2026-10-05,shock-surfer,KXTHREESTATESEN-26NOV03-TFT,KXTHREESTATESEN,exit,YES,129.23,0.13,1.0232,-16.5308,yes_bid,
2026-10-05,shock-surfer,GOVPARTYNV-26-D,GOVPARTYNV,enter,YES,28219.1,0.52,493.0442,,yes_ask,yes
2026-10-05,shock-surfer,KXATTYGENKS-26-D,KXATTYGENKS,enter,YES,20.2,0.5,0.3535,,yes_ask,yes
2026-10-05,shock-surfer,KXATTYGENMI-26-D,KXATTYGENMI,enter,YES,482.57,0.8,5.4048,,yes_ask,yes
2026-10-05,shock-surfer,KXBROWNHUSTEDDEBATE-26,KXBROWNHUSTEDDEBATE,enter,NO,20.5,0.65,0.3265,,derived(1 - yes_bid),yes
2026-10-05,shock-surfer,KXCABALLOTMEASURES-26NOV03-PR01,KXCABALLOTMEASURES,enter,NO,12.91,0.46,0.2245,,derived(1 - yes_bid),yes
2026-10-05,shock-surfer,KXDHOUSESEATS-27-232,KXDHOUSESEATS,enter,YES,810.48,0.18,8.3739,,yes_ask,yes
2026-10-05,shock-surfer,KXDHOUSESEATSDIR-27-A223,KXDHOUSESEATSDIR,enter,YES,1.13,0.92,0.0059,,yes_ask,yes
2026-10-05,shock-surfer,KXDSENATEWON-26NOV03-AL18,KXDSENATEWON,enter,YES,39.33,0.53,0.6858,,yes_ask,yes
2026-10-05,shock-surfer,KXENDORSEMAMDANI-26NOV03,KXENDORSEMAMDANI,enter,YES,26.87,0.39,0.4475,,yes_ask,yes
2026-10-05,shock-surfer,KXGENERALCOUNTY-SENATEFLS-26-BRO,KXGENERALCOUNTY,enter,YES,13.4,0.97,0.0273,,yes_ask,yes
2026-10-05,shock-surfer,KXGENERALCOUNTY-SENATEMI-26-SAG,KXGENERALCOUNTY,enter,NO,13,0.64,0.2097,,derived(1 - yes_bid),yes
2026-10-05,shock-surfer,KXGENERALCOUNTY-SENATETX-26-COLL,KXGENERALCOUNTY,enter,NO,21.7,0.38,0.3579,,derived(1 - yes_bid),yes
2026-10-05,shock-surfer,KXHOUSERACE-MN06-26-D,KXHOUSERACE,enter,NO,166.3,0.965,0.3932,,derived(1 - yes_bid),yes
2026-10-05,shock-surfer,KXHOUSEUT03-26-R,KXHOUSEUT03,enter,NO,27.88,0.098,0.1726,,derived(1 - yes_bid),yes
2026-10-05,shock-surfer,KXHOUSEWINSTATE-NYD-E20,KXHOUSEWINSTATE,enter,YES,41.5,0.38,0.6845,,yes_ask,yes
2026-10-05,shock-surfer,KXKSSENGOVCOMBO-26NOV-REPREP,KXKSSENGOVCOMBO,enter,YES,418.64,0.56,7.2208,,yes_ask,yes
2026-10-05,shock-surfer,KXLOSEREELECTIONGOV-2026-2,KXLOSEREELECTIONGOV,enter,YES,100.5,0.36,1.6209,,yes_ask,yes
2026-10-05,shock-surfer,KXLOSEREELECTIONGOV-2026-3,KXLOSEREELECTIONGOV,enter,YES,200,0.39,3.3306,,yes_ask,yes
2026-10-05,shock-surfer,KXLOSEREELECTIONGOV-2026-5,KXLOSEREELECTIONGOV,enter,YES,178.5,0.45,3.0926,,yes_ask,yes
2026-10-05,shock-surfer,KXMIDTERMMOV-ALSENR-P21,KXMIDTERMMOV,enter,NO,10.3,0.87,0.0816,,derived(1 - yes_bid),yes
2026-10-05,shock-surfer,KXMIDTERMMOV-AZ06D-P4,KXMIDTERMMOV,enter,NO,19.9,0.48,0.3477,,derived(1 - yes_bid),yes
2026-10-05,shock-surfer,KXMIDTERMMOV-FL27D-P6,KXMIDTERMMOV,enter,NO,13,0.934,0.0561,,derived(1 - yes_bid),yes
2026-10-05,shock-surfer,KXMIDTERMMOV-MA02D-P44,KXMIDTERMMOV,enter,YES,20.5,0.98,0.0282,,yes_ask,yes
2026-10-05,shock-surfer,KXMIDTERMMOV-NY04D-P12,KXMIDTERMMOV,enter,YES,20.2,0.66,0.3174,,yes_ask,yes
2026-10-05,shock-surfer,KXMIDTERMMOV-NY19D-P21,KXMIDTERMMOV,enter,YES,13.78,0.3,0.2026,,yes_ask,yes
2026-10-05,shock-surfer,KXMIDTERMMOV-NY19D-P6,KXMIDTERMMOV,enter,NO,0.5,0.15,0.0045,,derived(1 - yes_bid),yes
2026-10-05,shock-surfer,KXMIDTERMMOV-NY19D-P9,KXMIDTERMMOV,enter,NO,0.5,0.21,0.0059,,derived(1 - yes_bid),yes
2026-10-05,shock-surfer,KXMIDTERMMOV-OH07D-P8,KXMIDTERMMOV,enter,YES,20,0.44,0.345,,yes_ask,yes
2026-10-05,shock-surfer,KXMIDTERMMOV-PAGOVD-P25,KXMIDTERMMOV,enter,NO,20.88,0.48,0.3649,,derived(1 - yes_bid),yes
2026-10-05,shock-surfer,KXMIDTERMMOV-RIGOVD-P13,KXMIDTERMMOV,enter,NO,11.5,0.22,0.1382,,derived(1 - yes_bid),yes
2026-10-05,shock-surfer,KXMIDTERMMOV-SDSENR-P15,KXMIDTERMMOV,enter,YES,25.88,0.63,0.4223,,yes_ask,yes
2026-10-05,shock-surfer,KXMIDTERMMOV-SDSENR-P17,KXMIDTERMMOV,enter,YES,20.07,0.54,0.349,,yes_ask,yes
2026-10-05,shock-surfer,KXMIDTERMMOV-TX15D-P2,KXMIDTERMMOV,enter,YES,0.59,0.79,0.0069,,yes_ask,yes
2026-10-05,shock-surfer,KXMIDTERMVOTETURN-CA11-210000,KXMIDTERMVOTETURN,enter,YES,22.7,0.83,0.2243,,yes_ask,yes
2026-10-05,shock-surfer,KXMIDTERMVOTETURN-KSSEN-1000000,KXMIDTERMVOTETURN,enter,NO,2.4,0.47,0.0419,,derived(1 - yes_bid),yes
2026-10-05,shock-surfer,KXMIDTERMVOTETURN-LA06-193000,KXMIDTERMVOTETURN,enter,NO,10,0.87,0.0792,,derived(1 - yes_bid),yes
2026-10-05,shock-surfer,KXMIDTERMVOTETURN-LA06-230000,KXMIDTERMVOTETURN,enter,NO,60,0.9,0.378,,derived(1 - yes_bid),yes
2026-10-05,shock-surfer,KXMIDTERMVOTETURN-MESEN-740000,KXMIDTERMVOTETURN,enter,NO,0.57,0.67,0.0089,,derived(1 - yes_bid),yes
2026-10-05,shock-surfer,KXMIDTERMVOTETURN-NCSEN-3800000,KXMIDTERMVOTETURN,enter,NO,20,0.23,0.248,,derived(1 - yes_bid),yes
2026-10-05,shock-surfer,KXMIDTERMVOTETURN-OHSEN-4100000,KXMIDTERMVOTETURN,enter,NO,31.2,0.45,0.5406,,derived(1 - yes_bid),yes
2026-10-05,shock-surfer,KXPRESSSECANNOUNCE-26AUG-DEC01,KXPRESSSECANNOUNCE,enter,NO,33.33,0.36,0.5376,,derived(1 - yes_bid),yes
2026-10-05,shock-surfer,KXREDDESTDSEN-27JAN03-AK,KXREDDESTDSEN,enter,YES,73.72,0.14,0.6214,,yes_ask,yes
2026-10-05,shock-surfer,KXRHOUSEWON-26NOV03-AL190,KXRHOUSEWON,enter,NO,37.1,0.27,0.5119,,derived(1 - yes_bid),yes
2026-10-05,shock-surfer,KXSTATEBALLOTMEASURE-CO-A87,KXSTATEBALLOTMEASURE,enter,NO,104.8,0.86,0.8833,,derived(1 - yes_bid),yes
2026-10-05,shock-surfer,KXSTATEBALLOTMEASURE-CO-I110,KXSTATEBALLOTMEASURE,enter,YES,2,0.62,0.033,,yes_ask,yes
2026-10-05,shock-surfer,KXTAIPEIMAYOR-26NOV28-CWAN,KXTAIPEIMAYOR,enter,NO,740.32,0.31,11.0849,,derived(1 - yes_bid),yes
2026-10-05,shock-surfer,KXTRUMPFLAVIO-26OCT26,KXTRUMPFLAVIO,enter,YES,157.83,0.6,2.6516,,yes_ask,yes
2026-10-05,shock-surfer,KXVOTEGENERAL-GOVPARTYID-26BLIT-60,KXVOTEGENERAL,enter,NO,20,0.52,0.3495,,derived(1 - yes_bid),yes
2026-10-05,shock-surfer,KXVOTEGENERAL-KXHOUSERACE-CO04-26DMAN-4,KXVOTEGENERAL,enter,YES,20,0.22,0.2403,,yes_ask,yes
2026-10-05,shock-surfer,KXVOTEGENERAL-KXHOUSERACE-TX23-26BHER-52,KXVOTEGENERAL,enter,NO,14.08,0.67,0.218,,derived(1 - yes_bid),yes
2026-10-05,shock-surfer,KXVOTEGENERAL-KXHOUSERACE-TX23-26BHER-54,KXVOTEGENERAL,enter,NO,22.4,0.83,0.2213,,derived(1 - yes_bid),yes
2026-10-05,shock-surfer,KXVOTEGENERAL-SENATENH-26JSUN-46,KXVOTEGENERAL,enter,NO,20.6,0.68,0.3138,,derived(1 - yes_bid),yes
2026-10-05,shock-surfer,KXVOTEGENERAL-SENATEOHS-26SBRO-46,KXVOTEGENERAL,enter,NO,10.7,0.45,0.1854,,derived(1 - yes_bid),yes
2026-10-05,shock-surfer,KXVOTEGENERAL-SENATETX-26KPAX-52,KXVOTEGENERAL,enter,YES,17.04,0.19,0.1836,,yes_ask,yes
2026-10-06,shock-surfer,KXCABALLOTMEASURES-26NOV03-PR38,KXCABALLOTMEASURES,exit,YES,20,0.39,0.3331,-11.5331,yes_bid,
2026-10-06,shock-surfer,KXCAELECTION-2634-JGOM,KXCAELECTION,exit,NO,339.61,0.76,4.3362,-28.1089,derived(1 - yes_ask),
2026-10-06,shock-surfer,KXGENERALCOUNTY-SENATETX-26-COLL,KXGENERALCOUNTY,exit,NO,21.7,0.17,0.2144,-4.7714,derived(1 - yes_ask),
2026-10-06,shock-surfer,KXGENERALCOUNTY-SENATETX-26-TARR,KXGENERALCOUNTY,exit,YES,22.4,0.92,0.1155,-1.4595,yes_bid,
2026-10-06,shock-surfer,KXHOUSEWINSTATE-NCD-E7,KXHOUSEWINSTATE,exit,YES,20,0.08,0.1031,-2.5031,yes_bid,
2026-10-06,shock-surfer,KXLOSEREELECTIONGOV-2026-5,KXLOSEREELECTIONGOV,exit,YES,178.5,0.04,0.4799,-73.6649,yes_bid,
2026-10-06,shock-surfer,KXMARTINDNCOUT-26MAY-JAN01,KXMARTINDNCOUT,exit,YES,15.07,0.18,0.1558,-1.8135,yes_bid,
2026-10-06,shock-surfer,KXMIDTERMMOV-MNSEND-P3,KXMIDTERMMOV,exit,NO,40.67,0.22,0.4886,-3.3355,derived(1 - yes_ask),
2026-10-06,shock-surfer,KXMIDTERMMOV-NY17D-P3,KXMIDTERMMOV,exit,YES,41,0.42,0.6992,-11.7692,yes_bid,
2026-10-06,shock-surfer,KXMIDTERMMOV-SDSENR-P15,KXMIDTERMMOV,exit,YES,25.88,0.51,0.4528,-3.5584,yes_bid,
2026-10-06,shock-surfer,KXMIDTERMVOTETURN-OHSEN-4100000,KXMIDTERMVOTETURN,exit,NO,31.2,0.34,0.4901,-3.9221,derived(1 - yes_ask),
2026-10-06,shock-surfer,KXTAIPEIMAYOR-26NOV28-CWAN,KXTAIPEIMAYOR,exit,NO,740.32,0.24,9.4525,-61.2749,derived(1 - yes_ask),
2026-10-06,shock-surfer,KXVOTEGENERAL-SENATETX-26KPAX-52,KXVOTEGENERAL,exit,YES,17.04,0.04,0.0459,-2.6019,yes_bid,
2026-10-06,shock-surfer,HOUSENY4-26-D,HOUSENY4,enter,NO,225.93,0.12,1.6701,,derived(1 - yes_bid),yes
2026-10-06,shock-surfer,HOUSENY4-26-R,HOUSENY4,enter,YES,1594.84,0.13,12.6264,,yes_ask,yes
2026-10-06,shock-surfer,HOUSEVA1-26-D,HOUSEVA1,enter,YES,1469.23,0.52,25.6704,,yes_ask,yes
2026-10-06,shock-surfer,KXDEMTRIFECTA-26NOV03-MN,KXDEMTRIFECTA,enter,YES,143,0.89,0.98,,yes_ask,yes
2026-10-06,shock-surfer,KXDEMTRIFECTA-26NOV03-PA,KXDEMTRIFECTA,enter,YES,41.13,0.6,0.691,,yes_ask,yes
2026-10-06,shock-surfer,KXEXITPOLL-LATMEN-DEM,KXEXITPOLL,enter,NO,34.8,0.27,0.4802,,derived(1 - yes_bid),yes
2026-10-06,shock-surfer,KXGENERALCOUNTY-GOVPARTYCA-26-ORAN,KXGENERALCOUNTY,enter,YES,10.18,0.33,0.1576,,yes_ask,yes
2026-10-06,shock-surfer,KXGENERALCOUNTY-SENATEMI-26-OAK,KXGENERALCOUNTY,enter,NO,21.1,0.98,0.029,,derived(1 - yes_bid),yes
2026-10-06,shock-surfer,KXHOUSERACE-GA10-26-D,KXHOUSERACE,enter,NO,56.12,0.989,0.0428,,derived(1 - yes_bid),yes
2026-10-06,shock-surfer,KXIASENGOVCOMBO-26NOV-DEMREP,KXIASENGOVCOMBO,enter,YES,372.89,0.47,6.5021,,yes_ask,yes
2026-10-06,shock-surfer,KXLOCALLAW-WYDAA-27APR01,KXLOCALLAW,enter,YES,229.9,0.35,3.6612,,yes_ask,yes
2026-10-06,shock-surfer,KXMIDTERMMOV-AL01R-P33,KXMIDTERMMOV,enter,NO,20.2,0.997,0.0043,,derived(1 - yes_bid),yes
2026-10-06,shock-surfer,KXMIDTERMMOV-ALSENR-P17,KXMIDTERMMOV,enter,YES,0.5,0.43,0.0086,,yes_ask,yes
2026-10-06,shock-surfer,KXMIDTERMMOV-CA11CCHA-P4,KXMIDTERMMOV,enter,NO,20.5,0.998,0.0029,,derived(1 - yes_bid),yes
2026-10-06,shock-surfer,KXMIDTERMMOV-CA11SWIE-P4,KXMIDTERMMOV,enter,YES,22,0.71,0.3171,,yes_ask,yes
2026-10-06,shock-surfer,KXMIDTERMMOV-CA11SWIE-P8,KXMIDTERMMOV,enter,YES,2.5,0.51,0.0438,,yes_ask,yes
2026-10-06,shock-surfer,KXMIDTERMMOV-CA24D-P35,KXMIDTERMMOV,enter,YES,20,0.79,0.2323,,yes_ask,yes
2026-10-06,shock-surfer,KXMIDTERMMOV-KSSENR-P5,KXMIDTERMMOV,enter,NO,151.8,0.79,1.7629,,derived(1 - yes_bid),yes
2026-10-06,shock-surfer,KXMIDTERMMOV-MA09D-P26,KXMIDTERMMOV,enter,NO,20,0.51,0.3499,,derived(1 - yes_bid),yes
2026-10-06,shock-surfer,KXMIDTERMMOV-MT01R-P9,KXMIDTERMMOV,enter,YES,8.42,0.3,0.1238,,yes_ask,yes
2026-10-06,shock-surfer,KXMIDTERMMOV-NC08R-P14,KXMIDTERMMOV,enter,YES,20,0.85,0.1785,,yes_ask,yes
2026-10-06,shock-surfer,KXMIDTERMMOV-NESENR-P6,KXMIDTERMMOV,enter,NO,40,0.81,0.431,,derived(1 - yes_bid),yes
2026-10-06,shock-surfer,KXMIDTERMMOV-OKGOVR-P13,KXMIDTERMMOV,enter,NO,20,0.94,0.079,,derived(1 - yes_bid),yes
2026-10-06,shock-surfer,KXMIDTERMMOV-OKGOVR-P16,KXMIDTERMMOV,enter,NO,21.2,0.8,0.2375,,derived(1 - yes_bid),yes
2026-10-06,shock-surfer,KXMIDTERMMOV-TX15D-P8,KXMIDTERMMOV,enter,NO,20.2,0.62,0.3332,,derived(1 - yes_bid),yes
2026-10-06,shock-surfer,KXMIDTERMMOV-TX35D-P2,KXMIDTERMMOV,enter,NO,20.5,0.53,0.3575,,derived(1 - yes_bid),yes
2026-10-06,shock-surfer,KXMIDTERMMOV-WYSENR-P32,KXMIDTERMMOV,enter,YES,21.97,0.82,0.227,,yes_ask,yes
2026-10-06,shock-surfer,KXMIDTERMVOTETURN-CA04-180000,KXMIDTERMVOTETURN,enter,YES,21.9,0.97,0.0447,,yes_ask,yes
2026-10-06,shock-surfer,KXMIDTERMVOTETURN-CA04-210000,KXMIDTERMVOTETURN,enter,YES,41,0.76,0.5235,,yes_ask,yes
2026-10-06,shock-surfer,KXMIDTERMVOTETURN-NJ07-290000,KXMIDTERMVOTETURN,enter,YES,61.2,0.88,0.4524,,yes_ask,yes
2026-10-06,shock-surfer,KXMOPROPA-26NOV03-YES,KXMOPROPA,enter,NO,17.72,0.64,0.2858,,derived(1 - yes_bid),yes
2026-10-06,shock-surfer,KXMORATORIUMCOUNT-26DEC31-AL4,KXMORATORIUMCOUNT,enter,YES,0.73,0.74,0.0099,,yes_ask,yes
2026-10-06,shock-surfer,KXOBAMAENDORSE-26NOV03-JOSS,KXOBAMAENDORSE,enter,YES,30.17,0.97,0.0615,,yes_ask,yes
2026-10-06,shock-surfer,KXOBAMAENDORSE-26NOV03-KBOT,KXOBAMAENDORSE,enter,YES,20.44,0.9,0.1288,,yes_ask,yes
2026-10-06,shock-surfer,KXOBAMAENDORSE-26NOV03-MPEL,KXOBAMAENDORSE,enter,NO,40,0.57,0.6863,,derived(1 - yes_bid),yes
2026-10-06,shock-surfer,KXVOTEGENERAL-GOVPARTYNY-26BBLA-46,KXVOTEGENERAL,enter,YES,20.43,0.19,0.2201,,yes_ask,yes
2026-10-06,shock-surfer,KXVOTEGENERAL-KXHOUSEUT03-26CEAS-7,KXVOTEGENERAL,enter,YES,20,0.19,0.2155,,yes_ask,yes
2026-10-06,shock-surfer,KXVOTEGENERAL-SENATEMT26SBOD-40,KXVOTEGENERAL,enter,NO,10.2,0.89,0.07,,derived(1 - yes_bid),yes
2026-10-06,shock-surfer,SENATENH-26-D,SENATENH,enter,YES,7679.53,0.9,48.3811,,yes_ask,yes
2026-10-07,shock-surfer,KXDHOUSESEATSDIR-27-A223,KXDHOUSESEATSDIR,exit,YES,1.13,0.84,0.0107,-0.1011,yes_bid,
2026-10-07,shock-surfer,KXGENERALCOUNTY-GOVPARTYCA-26-RIVE,KXGENERALCOUNTY,exit,NO,3.7,0.57,0.0635,-1.3955,derived(1 - yes_ask),
2026-10-07,shock-surfer,KXGENERALCOUNTY-GOVPARTYCA-26-SBER,KXGENERALCOUNTY,exit,NO,20,0.68,0.3047,-6.3047,derived(1 - yes_ask),
2026-10-07,shock-surfer,KXGENERALCOUNTY-SENATEMI-26-GRA,KXGENERALCOUNTY,exit,NO,19.7,0.34,0.3095,-1.8855,derived(1 - yes_ask),
2026-10-07,shock-surfer,KXGENERALCOUNTY-SENATEMI-26-SAG,KXGENERALCOUNTY,exit,NO,13,0.47,0.2267,-2.4367,derived(1 - yes_ask),
2026-10-07,shock-surfer,KXHOUSEUT03-26-R,KXHOUSEUT03,exit,NO,27.88,0.024,0.0458,-2.10892,derived(1 - yes_ask),
2026-10-07,shock-surfer,KXHOUSEWINSTATE-PAD-E10,KXHOUSEWINSTATE,exit,YES,24,0.14,0.2023,-3.3223,yes_bid,
2026-10-07,shock-surfer,KXMARENTCONTROL-26,KXMARENTCONTROL,exit,YES,32.81,0.046,0.1008,-3.18494,yes_bid,
2026-10-07,shock-surfer,KXMIDTERMMOV-KSSENR-P5,KXMIDTERMMOV,exit,NO,151.8,0.68,2.3123,-19.0103,derived(1 - yes_ask),
2026-10-07,shock-surfer,KXMIDTERMMOV-NESENR-P6,KXMIDTERMMOV,exit,NO,40,0.65,0.637,-7.037,derived(1 - yes_ask),
2026-10-07,shock-surfer,KXMIDTERMMOV-NHSEND-P10,KXMIDTERMMOV,exit,NO,124.59,0.66,1.9571,-13.1702,derived(1 - yes_ask),
2026-10-07,shock-surfer,KXMIDTERMMOV-NY04D-P12,KXMIDTERMMOV,exit,YES,20.2,0.42,0.3445,-5.1925,yes_bid,
2026-10-07,shock-surfer,KXMIDTERMMOV-SDSENR-P17,KXMIDTERMMOV,exit,YES,20.07,0.36,0.3237,-3.9363,yes_bid,
2026-10-07,shock-surfer,KXMIDTERMVOTETURN-CTGOV-1260000,KXMIDTERMVOTETURN,exit,YES,30,0.37,0.4896,-6.4896,yes_bid,
2026-10-07,shock-surfer,KXMIDTERMVOTETURN-TXSEN-12400000,KXMIDTERMVOTETURN,exit,NO,10.35,0.33,0.1602,-6.9912,derived(1 - yes_ask),
2026-10-07,shock-surfer,KXREDDESTDSEN-27JAN03-AK,KXREDDESTDSEN,exit,YES,73.72,0.07,0.336,-5.4964,yes_bid,
2026-10-07,shock-surfer,KXREPRODUCTIVEMEASURES-26-MO,KXREPRODUCTIVEMEASURES,exit,YES,41.46,0.48,0.7244,-6.1142,yes_bid,
2026-10-07,shock-surfer,KXRHOUSEWON-26NOV03-AL210,KXRHOUSEWON,exit,YES,9.02,0.15,0.0806,-0.6218,yes_bid,
2026-10-07,shock-surfer,KXRSENATEWON-26NOV03-AL16,KXRSENATEWON,exit,YES,20,0.64,0.3226,-3.5226,yes_bid,
2026-10-07,shock-surfer,KXSTATEBALLOTMEASURE-CO-A87,KXSTATEBALLOTMEASURE,exit,NO,104.8,0.63,1.7101,-25.8141,derived(1 - yes_ask),
2026-10-07,shock-surfer,KXSTATELEG-NCSEN26-D,KXSTATELEG,exit,YES,26.29,0.04,0.0707,-3.2255,yes_bid,
2026-10-07,shock-surfer,KXTRUMPFLAVIO-26OCT26,KXTRUMPFLAVIO,exit,YES,157.83,0.28,2.2273,-52.7329,yes_bid,
2026-10-07,shock-surfer,KXVANCERUN-28-27JUL01,KXVANCERUN,exit,NO,1.07,0.22,0.0129,-0.82717,derived(1 - yes_ask),
2026-10-07,shock-surfer,KXVOTEGENERAL-GOVPARTYFL-26DJOL-48,KXVOTEGENERAL,exit,YES,31.38,0.42,0.5351,-3.6731,yes_bid,
2026-10-07,shock-surfer,KXVOTEGENERAL-KXHOUSERACE-TX23-26BHER-52,KXVOTEGENERAL,exit,NO,14.08,0.36,0.2271,-4.5919,derived(1 - yes_ask),
2026-10-07,shock-surfer,KXVOTEGENERAL-KXHOUSERACE-TX23-26BHER-54,KXVOTEGENERAL,exit,NO,22.4,0.37,0.3656,-10.6696,derived(1 - yes_ask),
2026-10-07,shock-surfer,KXVOTEGENERAL-SENATEID-26NFLE-7,KXVOTEGENERAL,exit,NO,40.2,0.79,0.4669,-5.6929,derived(1 - yes_ask),
2026-10-07,shock-surfer,KXAKCOMBO-26NOV03-RDD,KXAKCOMBO,enter,YES,20.5,0.58,0.3496,,yes_ask,yes
2026-10-07,shock-surfer,KXAKMOV-AKSENATE26NOV03-MPEL-P4,KXAKMOV,enter,YES,40,0.31,0.599,,yes_ask,yes
2026-10-07,shock-surfer,KXANYDEMWINTEXAS-26NOV03,KXANYDEMWINTEXAS,enter,YES,188.04,0.72,2.6537,,yes_ask,yes
2026-10-07,shock-surfer,KXATTYGENNV-26-R,KXATTYGENNV,enter,NO,100,0.84,0.9408,,derived(1 - yes_bid),yes
2026-10-07,shock-surfer,KXCALIFORNIALEAVE-27-MZUC,KXCALIFORNIALEAVE,enter,YES,15.41,0.35,0.2455,,yes_ask,yes
2026-10-07,shock-surfer,KXDEMCOREFOURSENATESWEEP-26NOV03,KXDEMCOREFOURSENATESWEEP,enter,NO,1874.52,0.53,32.6861,,derived(1 - yes_bid),yes
2026-10-07,shock-surfer,KXFLMAILVOTE-26NOV03-AL2600000,KXFLMAILVOTE,enter,NO,10,0.9,0.063,,derived(1 - yes_bid),yes
2026-10-07,shock-surfer,KXLASHERIFF-26-RLUN,KXLASHERIFF,enter,YES,28.5,0.99,0.0198,,yes_ask,yes
2026-10-07,shock-surfer,KXLTGOVGA-26-DEM,KXLTGOVGA,enter,YES,71.3,0.57,1.2233,,yes_ask,yes
2026-10-07,shock-surfer,KXLTGOVGA-26-GOP,KXLTGOVGA,enter,NO,0.94,0.58,0.0161,,derived(1 - yes_bid),yes
2026-10-07,shock-surfer,KXMIDTERMMOV-ALSENR-P15,KXMIDTERMMOV,enter,YES,36.17,0.72,0.5105,,yes_ask,yes
2026-10-07,shock-surfer,KXMIDTERMMOV-AZ01D-P14,KXMIDTERMMOV,enter,YES,20.5,0.18,0.2119,,yes_ask,yes
2026-10-07,shock-surfer,KXMIDTERMMOV-COGOVD-P21,KXMIDTERMMOV,enter,YES,20,0.87,0.1584,,yes_ask,yes
2026-10-07,shock-surfer,KXMIDTERMMOV-CTGOVD-P20,KXMIDTERMMOV,enter,YES,63.29,0.69,0.9477,,yes_ask,yes
2026-10-07,shock-surfer,KXMIDTERMMOV-CTGOVD-P23,KXMIDTERMMOV,enter,YES,20.6,0.53,0.3593,,yes_ask,yes
2026-10-07,shock-surfer,KXMIDTERMMOV-GAGOVR-P5,KXMIDTERMMOV,enter,YES,112.22,0.27,1.5483,,yes_ask,yes
2026-10-07,shock-surfer,KXMIDTERMMOV-GASEND-P12,KXMIDTERMMOV,enter,YES,100,0.32,1.5232,,yes_ask,yes
2026-10-07,shock-surfer,KXMIDTERMMOV-HIGOVD-P35,KXMIDTERMMOV,enter,NO,26.2,0.59,0.4437,,derived(1 - yes_bid),yes
2026-10-07,shock-surfer,KXMIDTERMMOV-MAGOVD-P14,KXMIDTERMMOV,enter,YES,906.5,0.89,6.2123,,yes_ask,yes
2026-10-07,shock-surfer,KXMIDTERMMOV-MISEND-P7,KXMIDTERMMOV,enter,NO,226.01,0.83,2.2324,,derived(1 - yes_bid),yes
2026-10-07,shock-surfer,KXMIDTERMMOV-MNGOVD-P17,KXMIDTERMMOV,enter,YES,38.09,0.27,0.5256,,yes_ask,yes
2026-10-07,shock-surfer,KXMIDTERMMOV-NC08R-P11,KXMIDTERMMOV,enter,YES,5,0.78,0.0601,,yes_ask,yes
2026-10-07,shock-surfer,KXMIDTERMMOV-NC08R-P5,KXMIDTERMMOV,enter,NO,4.76,0.93,0.0217,,derived(1 - yes_bid),yes
2026-10-07,shock-surfer,KXMIDTERMMOV-NC11D-P7,KXMIDTERMMOV,enter,NO,38.03,0.79,0.4417,,derived(1 - yes_bid),yes
2026-10-07,shock-surfer,KXMIDTERMMOV-NCSEND-P13,KXMIDTERMMOV,enter,NO,24.7,0.76,0.3154,,derived(1 - yes_bid),yes
2026-10-07,shock-surfer,KXMIDTERMMOV-NY04D-P15,KXMIDTERMMOV,enter,NO,50,0.69,0.7487,,derived(1 - yes_bid),yes
2026-10-07,shock-surfer,KXMIDTERMMOV-NY17D-P3,KXMIDTERMMOV,enter,NO,21.5,0.65,0.3424,,derived(1 - yes_bid),yes
2026-10-07,shock-surfer,KXMIDTERMMOV-ORGOVD-P8,KXMIDTERMMOV,enter,YES,98.07,0.27,1.3531,,yes_ask,yes
2026-10-07,shock-surfer,KXMIDTERMMOV-RI02D-P22,KXMIDTERMMOV,enter,NO,6.91,0.57,0.1186,,derived(1 - yes_bid),yes
2026-10-07,shock-surfer,KXMIDTERMMOV-SDSENR-P23,KXMIDTERMMOV,enter,NO,4.7,0.9,0.0297,,derived(1 - yes_bid),yes
2026-10-07,shock-surfer,KXMIDTERMVOTETURN-ARSEN-1080000,KXMIDTERMVOTETURN,enter,NO,5.01,0.8,0.0562,,derived(1 - yes_bid),yes
2026-10-07,shock-surfer,KXMIDTERMVOTETURN-MISEN-5000000,KXMIDTERMVOTETURN,enter,NO,2.9,0.75,0.0381,,derived(1 - yes_bid),yes
2026-10-07,shock-surfer,KXMIDTERMVOTETURN-MISEN-5600000,KXMIDTERMVOTETURN,enter,NO,15.2,0.93,0.0693,,derived(1 - yes_bid),yes
2026-10-07,shock-surfer,KXMIDTERMVOTETURN-MNSEN-2200000,KXMIDTERMVOTETURN,enter,YES,20.3,0.95,0.0675,,yes_ask,yes
2026-10-07,shock-surfer,KXMIDTERMVOTETURN-OHSEN-4100000,KXMIDTERMVOTETURN,enter,YES,27.5,0.73,0.3795,,yes_ask,yes
2026-10-07,shock-surfer,KXMIDTERMVOTETURN-TXSEN-10600000,KXMIDTERMVOTETURN,enter,YES,14.5,0.39,0.2415,,yes_ask,yes
2026-10-07,shock-surfer,KXMIDTERMVOTETURN-TXSEN-11200000,KXMIDTERMVOTETURN,enter,NO,30.26,0.9,0.1907,,derived(1 - yes_bid),yes
2026-10-07,shock-surfer,KXMIDTERMVOTETURN-TXSEN-9400000,KXMIDTERMVOTETURN,enter,YES,16.5,0.79,0.1917,,yes_ask,yes
2026-10-07,shock-surfer,KXMILEAD-26AUG17-A40000,KXMILEAD,enter,NO,56.1,0.85,0.5007,,derived(1 - yes_bid),yes
2026-10-07,shock-surfer,KXMOSD8-26-KING,KXMOSD8,enter,YES,37.45,0.36,0.604,,yes_ask,yes
2026-10-07,shock-surfer,KXPAMAILMARGIN-26NOV03-AL40,KXPAMAILMARGIN,enter,YES,9.4,0.2,0.1053,,yes_ask,yes
2026-10-07,shock-surfer,KXSECSTATEGA-26-R,KXSECSTATEGA,enter,NO,22.1,0.62,0.3645,,derived(1 - yes_bid),yes
2026-10-07,shock-surfer,KXSTATELEG-OHSEN26-R,KXSTATELEG,enter,NO,15,0.25,0.1969,,derived(1 - yes_bid),yes
2026-10-07,shock-surfer,KXTHREESTATESEN-26NOV03-FFT,KXTHREESTATESEN,enter,YES,20.1,0.17,0.1986,,yes_ask,yes
2026-10-07,shock-surfer,KXTXSENGOVCOMBO-26NOV-DEMDEM,KXTXSENGOVCOMBO,enter,YES,166.55,0.31,2.4938,,yes_ask,yes
2026-10-07,shock-surfer,KXVOTEGENERAL-GOVAK-26TTAY-10,KXVOTEGENERAL,enter,NO,28.4,0.69,0.4253,,derived(1 - yes_bid),yes
2026-10-07,shock-surfer,KXVOTEGENERAL-GOVPARTYCT-26RFAZ-38,KXVOTEGENERAL,enter,NO,43,0.6,0.7224,,derived(1 - yes_bid),yes
2026-10-07,shock-surfer,KXVOTEGENERAL-GOVPARTYVT-26PSCO-60,KXVOTEGENERAL,enter,NO,10,0.95,0.0333,,derived(1 - yes_bid),yes
2026-10-07,shock-surfer,KXVOTEGENERAL-HOUSECO3-26CBRO-1,KXVOTEGENERAL,enter,NO,20,0.46,0.3478,,derived(1 - yes_bid),yes
2026-10-07,shock-surfer,KXVOTEGENERAL-HOUSENY4-26BTAR-2,KXVOTEGENERAL,enter,YES,1,0.29,0.0145,,yes_ask,yes
2026-10-07,shock-surfer,KXVOTEGENERAL-KXHOUSERACE-CA24-26BSMI-36,KXVOTEGENERAL,enter,NO,51.75,0.47,0.9024,,derived(1 - yes_bid),yes
2026-10-07,shock-surfer,KXVOTEGENERAL-KXHOUSERACE-NE03-26BSTI-28,KXVOTEGENERAL,enter,YES,20,0.23,0.248,,yes_ask,yes
2026-10-07,shock-surfer,KXVOTEGENERAL-KXHOUSERACE-NY12-26MLAS-82,KXVOTEGENERAL,enter,NO,18.52,0.74,0.2495,,derived(1 - yes_bid),yes
2026-10-07,shock-surfer,KXVOTEGENERAL-KXHOUSERACE-OK01-26JCRO-44,KXVOTEGENERAL,enter,YES,40,0.55,0.693,,yes_ask,yes
2026-10-07,shock-surfer,KXVOTEGENERAL-KXHOUSERACE-OK01-26MTED-56,KXVOTEGENERAL,enter,YES,40,0.53,0.6975,,yes_ask,yes
2026-10-07,shock-surfer,KXVOTEGENERAL-KXHOUSERACE-TX23-26BHER-58,KXVOTEGENERAL,enter,YES,21.39,0.89,0.1466,,yes_ask,yes
2026-10-07,shock-surfer,KXVOTEGENERAL-KXHOUSEUT01-26EMON-1,KXVOTEGENERAL,enter,YES,20.7,0.71,0.2984,,yes_ask,yes
2026-10-07,shock-surfer,KXVOTEGENERAL-SENATEFLS-26AMOO-52,KXVOTEGENERAL,enter,YES,145.14,0.75,1.905,,yes_ask,yes
2026-10-07,shock-surfer,KXVOTEGENERAL-SENATEFLS-26ANIX-46,KXVOTEGENERAL,enter,YES,20.94,0.59,0.3546,,yes_ask,yes
2026-10-07,shock-surfer,KXWEALTHTAXEFFECT-27-JAN01,KXWEALTHTAXEFFECT,enter,NO,25.51,0.81,0.2749,,derived(1 - yes_bid),yes
2026-09-22,poll-anchor-26,GOVPARTYAZ-26-D,GOVPARTYAZ,enter,YES,67.04,0.89,0.4595,,yes_ask,yes
2026-09-22,poll-anchor-26,GOVPARTYFL-26-D,GOVPARTYFL,enter,NO,3556.97,0.78,42.7264,,derived(1 - yes_bid),yes
2026-09-22,poll-anchor-26,GOVPARTYGA-26-D,GOVPARTYGA,enter,NO,634.02,0.41,10.7359,,derived(1 - yes_bid),yes
2026-09-22,poll-anchor-26,SENATEGA-26-D,SENATEGA,enter,NO,210.91,0.063,0.8716,,derived(1 - yes_bid),yes
2026-09-22,poll-anchor-26,SENATEIA-26-D,SENATEIA,enter,NO,8928.57,0.56,154,,derived(1 - yes_bid),no
2026-09-22,poll-anchor-26,SENATEME-26-D,SENATEME,enter,NO,3943.92,0.29,56.8438,,derived(1 - yes_bid),yes
2026-09-22,poll-anchor-26,SENATEMI-26-D,SENATEMI,enter,NO,7596.31,0.3,111.6658,,derived(1 - yes_bid),yes
2026-09-22,poll-anchor-26,SENATENC-26-D,SENATENC,enter,NO,478.16,0.071,2.2078,,derived(1 - yes_bid),yes
2026-09-22,poll-anchor-26,SENATESC-26-D,SENATESC,enter,YES,1537.29,0.14,12.9563,,yes_ask,yes
2026-09-22,poll-anchor-26,SENATETX-26-D,SENATETX,enter,YES,8474.57,0.59,143.4999,,yes_ask,no
2026-09-23,poll-anchor-26,SENATENC-26-D,SENATENC,exit,NO,478.16,0.061,1.9172,-6.6988,derived(1 - yes_ask),
2026-09-24,poll-anchor-26,SENATEME-26-D,SENATEME,exit,NO,3943.92,0.33,61.0401,96.7167,derived(1 - yes_ask),
2026-09-24,poll-anchor-26,GOVPARTYFL-26-D,GOVPARTYFL,exit,NO,3556.97,0.76,45.4154,-116.5548,derived(1 - yes_ask),
2026-09-24,poll-anchor-26,SENATENC-26-D,SENATENC,enter,NO,584.29,0.064,2.4501,,derived(1 - yes_bid),yes
2026-09-25,poll-anchor-26,SENATENC-26-D,SENATENC,exit,NO,584.29,0.061,2.3428,-4.09567,derived(1 - yes_ask),
2026-09-25,poll-anchor-26,GOVPARTYFL-26-D,GOVPARTYFL,enter,NO,1046.39,0.78,12.5693,,derived(1 - yes_bid),yes
2026-09-26,poll-anchor-26,SENATENC-26-D,SENATENC,enter,NO,848.53,0.064,3.5582,,derived(1 - yes_bid),yes
2026-09-27,poll-anchor-26,SENATENC-26-D,SENATENC,exit,NO,848.53,0.063,3.5063,-4.35483,derived(1 - yes_ask),
2026-09-27,poll-anchor-26,SENATEME-26-D,SENATEME,enter,YES,1092.02,0.61,18.1855,,yes_ask,yes
2026-09-28,poll-anchor-26,SENATENC-26-D,SENATENC,enter,NO,1706.06,0.06,6.7356,,derived(1 - yes_bid),yes
2026-10-01,poll-anchor-26,GOVPARTYFL-26-D,GOVPARTYFL,exit,NO,1046.39,0.76,13.3604,-34.2882,derived(1 - yes_ask),
2026-10-02,poll-anchor-26,GOVPARTYFL-26-D,GOVPARTYFL,enter,NO,592.95,0.78,7.1226,,derived(1 - yes_bid),yes
2026-10-04,poll-anchor-26,GOVPARTYFL-26-D,GOVPARTYFL,exit,NO,592.95,0.75,7.7825,-25.571,derived(1 - yes_ask),
2026-10-05,poll-anchor-26,GOVPARTYFL-26-D,GOVPARTYFL,enter,NO,821.71,0.77,10.1868,,derived(1 - yes_bid),yes
2026-10-06,poll-anchor-26,GOVPARTYFL-26-D,GOVPARTYFL,exit,NO,821.71,0.76,10.4916,-18.7087,derived(1 - yes_ask),
2026-10-07,poll-anchor-26,GOVPARTYFL-26-D,GOVPARTYFL,enter,NO,3779.3,0.77,46.852,,derived(1 - yes_bid),yes
2026-09-22,ratings-ratchet,SENATEAK-26-D,SENATEAK,enter,NO,4728.56,0.25,62.0624,,derived(1 - yes_bid),yes
2026-09-22,ratings-ratchet,SENATEGA-26-D,SENATEGA,enter,NO,210.91,0.063,0.8716,,derived(1 - yes_bid),yes
2026-09-22,ratings-ratchet,SENATEKS-26-D,SENATEKS,enter,NO,8464.62,0.7,124.43,,derived(1 - yes_bid),yes
2026-09-22,ratings-ratchet,SENATEME-26-D,SENATEME,enter,NO,3943.92,0.29,56.8438,,derived(1 - yes_bid),yes
2026-09-22,ratings-ratchet,SENATEMI-26-D,SENATEMI,enter,NO,7596.31,0.3,111.6658,,derived(1 - yes_bid),yes
2026-09-22,ratings-ratchet,SENATENC-26-D,SENATENC,enter,NO,478.16,0.071,2.2078,,derived(1 - yes_bid),yes
2026-09-22,ratings-ratchet,SENATENH-26-D,SENATENH,enter,NO,887.84,0.16,8.3528,,derived(1 - yes_bid),yes
2026-09-25,ratings-ratchet,SENATEME-26-D,SENATEME,exit,NO,3943.92,0.36,63.6076,212.4668,derived(1 - yes_ask),
2026-10-05,ratings-ratchet,SENATETX-26-D,SENATETX,enter,NO,17026.08,0.35,271.1404,,derived(1 - yes_bid),no
2026-09-20,crosslayer-arb,CONTROLS-2026-D,CONTROLS,enter,NO,2111.25,0.41,35.7498,,derived(1 - yes_bid),yes
2026-09-21,crosslayer-arb,GOVPARTYMI-26-D,GOVPARTYMI,enter,NO,1.74,0.09,0.01,,derived(1 - yes_bid),yes
2026-09-21,crosslayer-arb,SENATEAK-26-D,SENATEAK,enter,NO,151.51,0.3,2.2272,,derived(1 - yes_bid),yes
2026-09-27,crosslayer-arb,GOVPARTYOR-26-D,GOVPARTYOR,enter,YES,0.11,0.84,0.0011,,yes_ask,yes
2026-09-29,crosslayer-arb,SENATEMN-26-D,SENATEMN,enter,YES,30.94,0.9,0.195,,yes_ask,yes
2026-09-19,longshot-fader,GOVPARTYAR-26-D,GOVPARTYAR,enter,NO,11.39,0.989,0.0087,,derived(1 - yes_bid),yes
2026-09-19,longshot-fader,GOVPARTYCA-26-R,GOVPARTYCA,enter,NO,554.57,0.971,1.0932,,derived(1 - yes_bid),yes
2026-09-19,longshot-fader,GOVPARTYCO-26-R,GOVPARTYCO,enter,NO,268.25,0.96,0.7211,,derived(1 - yes_bid),yes
2026-09-19,longshot-fader,GOVPARTYCT-26-R,GOVPARTYCT,enter,NO,0.5,0.99,0.0004,,derived(1 - yes_bid),yes
2026-09-19,longshot-fader,GOVPARTYHI-26-R,GOVPARTYHI,enter,NO,0.2,0.98,0.0003,,derived(1 - yes_bid),yes
2026-09-19,longshot-fader,GOVPARTYID-26-D,GOVPARTYID,enter,NO,1,0.992,0.0006,,derived(1 - yes_bid),yes
2026-09-19,longshot-fader,GOVPARTYMD-26-R,GOVPARTYMD,enter,NO,112.88,0.978,0.1701,,derived(1 - yes_bid),yes
2026-09-19,longshot-fader,GOVPARTYPA-26-R,GOVPARTYPA,enter,NO,14.25,0.97,0.0291,,derived(1 - yes_bid),yes
2026-09-19,longshot-fader,GOVPARTYRI-26-KBLO,GOVPARTYRI,enter,NO,38.91,0.98,0.0534,,derived(1 - yes_bid),yes
2026-09-19,longshot-fader,GOVPARTYTN-26-D,GOVPARTYTN,enter,NO,57.36,0.964,0.1394,,derived(1 - yes_bid),yes
2026-09-19,longshot-fader,GOVPARTYWY-26-D,GOVPARTYWY,enter,NO,1,0.969,0.0022,,derived(1 - yes_bid),yes
2026-09-19,longshot-fader,HOUSECA13-26-R,HOUSECA13,enter,NO,6.8,0.983,0.008,,derived(1 - yes_bid),yes
2026-09-19,longshot-fader,HOUSENJ5-26-R,HOUSENJ5,enter,NO,19.9,0.98,0.0274,,derived(1 - yes_bid),yes
2026-09-19,longshot-fader,KXAKCOMBO-26NOV03-DDD,KXAKCOMBO,enter,NO,21.5,0.99,0.0149,,derived(1 - yes_bid),yes
2026-09-19,longshot-fader,KXAKCOMBO-26NOV03-IDR,KXAKCOMBO,enter,NO,21.5,0.99,0.0149,,derived(1 - yes_bid),yes
2026-09-19,longshot-fader,KXAKCOMBO-26NOV03-IRD,KXAKCOMBO,enter,NO,20,0.99,0.0139,,derived(1 - yes_bid),yes
2026-09-19,longshot-fader,KXBALANCEPOWERCOMBO-27FEB-RD,KXBALANCEPOWERCOMBO,enter,NO,1009.08,0.991,0.63,,derived(1 - yes_bid),no
2026-09-19,longshot-fader,KXCLOSESTSENATE-27JAN03-FL,KXCLOSESTSENATE,enter,NO,171.54,0.98,0.2354,,derived(1 - yes_bid),yes
2026-09-19,longshot-fader,KXCLOSESTSENATE-27JAN03-GA,KXCLOSESTSENATE,enter,NO,10.4,0.987,0.0094,,derived(1 - yes_bid),yes
2026-09-19,longshot-fader,KXCLOSESTSENATE-27JAN03-ID,KXCLOSESTSENATE,enter,NO,4.67,0.99,0.0033,,derived(1 - yes_bid),yes
2026-09-19,longshot-fader,KXCLOSESTSENATE-27JAN03-MN,KXCLOSESTSENATE,enter,NO,7.05,0.985,0.0073,,derived(1 - yes_bid),yes
2026-09-19,longshot-fader,KXCLOSESTSENATE-27JAN03-NH,KXCLOSESTSENATE,enter,NO,85.74,0.958,0.2415,,derived(1 - yes_bid),yes
2026-09-19,longshot-fader,KXCLOSESTSENATE-27JAN03-SC,KXCLOSESTSENATE,enter,NO,18.32,0.97,0.0374,,derived(1 - yes_bid),yes
2026-09-19,longshot-fader,KXDHOUSESEATS-27-210,KXDHOUSESEATS,enter,NO,12.84,0.967,0.0287,,derived(1 - yes_bid),yes
2026-09-19,longshot-fader,KXDHOUSESEATS-27-212,KXDHOUSESEATS,enter,NO,5.25,0.966,0.0121,,derived(1 - yes_bid),yes
2026-09-19,longshot-fader,KXDHOUSESEATS-27-216,KXDHOUSESEATS,enter,NO,35.14,0.959,0.0968,,derived(1 - yes_bid),yes
2026-09-19,longshot-fader,KXDSENATESEATS-27-45,KXDSENATESEATS,enter,NO,746.39,0.982,0.9236,,derived(1 - yes_bid),yes
2026-09-19,longshot-fader,KXDSENATESEATS-27-46,KXDSENATESEATS,enter,NO,21.08,0.978,0.0318,,derived(1 - yes_bid),yes
2026-09-19,longshot-fader,KXDSENATESEATS-27-47,KXDSENATESEATS,enter,NO,351.19,0.96,0.944,,derived(1 - yes_bid),yes
2026-09-19,longshot-fader,KXDSENATESEATS-27-BELOW45,KXDSENATESEATS,enter,NO,1037.89,0.96,2.7899,,derived(1 - yes_bid),yes
2026-09-19,longshot-fader,KXDSENATESEATSH-27-E55,KXDSENATESEATSH,enter,NO,1,0.967,0.0023,,derived(1 - yes_bid),yes
2026-09-19,longshot-fader,KXDSENATESEATSH-27-E56,KXDSENATESEATSH,enter,NO,33.5,0.984,0.037,,derived(1 - yes_bid),yes
2026-09-19,longshot-fader,KXEXITPOLL-IND-REP,KXEXITPOLL,enter,NO,39.99,0.96,0.1075,,derived(1 - yes_bid),yes
2026-09-19,longshot-fader,KXFREEBUSES-26,KXFREEBUSES,enter,NO,0.19,0.979,0.0003,,derived(1 - yes_bid),yes
2026-09-19,longshot-fader,KXGOPBLACKVOTE-26NOV06-A14,KXGOPBLACKVOTE,enter,NO,221.4,0.97,0.451,,derived(1 - yes_bid),yes
2026-09-19,longshot-fader,KXGOPBLACKVOTE-26NOV06-A16,KXGOPBLACKVOTE,enter,NO,80,0.98,0.1098,,derived(1 - yes_bid),yes
2026-09-19,longshot-fader,KXGOPBLACKVOTE-26NOV06-A18,KXGOPBLACKVOTE,enter,NO,189.4,0.98,0.2599,,derived(1 - yes_bid),yes
2026-09-19,longshot-fader,KXGOVAK-26-DBRO,KXGOVAK,enter,NO,4,0.973,0.0074,,derived(1 - yes_bid),yes
2026-09-19,longshot-fader,KXGOVAK-26-TBEG,KXGOVAK,enter,NO,20.1,0.997,0.0043,,derived(1 - yes_bid),yes
2026-09-19,longshot-fader,KXGOVAK-26-TTAY,KXGOVAK,enter,NO,20.1,0.984,0.0222,,derived(1 - yes_bid),yes
2026-09-19,longshot-fader,KXGOVCA-26-SHIL,KXGOVCA,enter,NO,1040.58,0.961,2.73,,derived(1 - yes_bid),no
2026-09-19,longshot-fader,KXHOUSEPOPVOTEMARGIN-27NOV03-B1,KXHOUSEPOPVOTEMARGIN,enter,NO,41.4,0.989,0.0316,,derived(1 - yes_bid),yes
2026-09-19,longshot-fader,KXHOUSEPOPVOTEMARGIN-27NOV03-B15,KXHOUSEPOPVOTEMARGIN,enter,NO,109,0.967,0.2435,,derived(1 - yes_bid),yes
2026-09-19,longshot-fader,KXHOUSEPOPVOTEMARGIN-27NOV03-B3,KXHOUSEPOPVOTEMARGIN,enter,NO,293.76,0.969,0.6177,,derived(1 - yes_bid),yes
2026-09-19,longshot-fader,KXHOUSEPOPVOTEMARGIN-27NOV03-B58,KXHOUSEPOPVOTEMARGIN,enter,NO,187.7,0.988,0.1558,,derived(1 - yes_bid),yes
2026-09-19,longshot-fader,KXHOUSEPOPVOTEMARGIND-26NOV03-AL16,KXHOUSEPOPVOTEMARGIND,enter,NO,15,0.97,0.0306,,derived(1 - yes_bid),yes
2026-09-19,longshot-fader,KXHOUSERACE-AL07-26-R,KXHOUSERACE,enter,NO,10.3,0.997,0.0022,,derived(1 - yes_bid),yes
2026-09-19,longshot-fader,KXHOUSERACE-CA19-26-R,KXHOUSERACE,enter,NO,6.7,0.998,0.001,,derived(1 - yes_bid),yes
2026-09-19,longshot-fader,KXHOUSERACE-CA20-26-D,KXHOUSERACE,enter,NO,55.2,0.996,0.0154,,derived(1 - yes_bid),yes
2026-09-19,longshot-fader,KXHOUSERACE-FL03-26-D,KXHOUSERACE,enter,NO,30.2,0.971,0.0596,,derived(1 - yes_bid),yes
2026-09-19,longshot-fader,KXHOUSERACE-FL06-26-D,KXHOUSERACE,enter,NO,98.02,0.982,0.1213,,derived(1 - yes_bid),yes
2026-09-19,longshot-fader,KXHOUSERACE-FL19-26-D,KXHOUSERACE,enter,NO,0.4,0.984,0.0005,,derived(1 - yes_bid),yes
2026-09-19,longshot-fader,KXHOUSERACE-GA05-26-R,KXHOUSERACE,enter,NO,7.8,0.995,0.0028,,derived(1 - yes_bid),yes
2026-09-19,longshot-fader,KXHOUSERACE-GA10-26-D,KXHOUSERACE,enter,NO,1.5,0.992,0.0009,,derived(1 - yes_bid),yes
2026-09-19,longshot-fader,KXHOUSERACE-IL01-26-R,KXHOUSERACE,enter,NO,1,0.988,0.0009,,derived(1 - yes_bid),yes
2026-09-19,longshot-fader,KXHOUSERACE-KY04-26-D,KXHOUSERACE,enter,NO,26.7,0.988,0.0222,,derived(1 - yes_bid),yes
2026-09-19,longshot-fader,KXHOUSERACE-MI05-26-D,KXHOUSERACE,enter,NO,14,0.991,0.0088,,derived(1 - yes_bid),yes
2026-09-19,longshot-fader,KXHOUSERACE-NC10-26-D,KXHOUSERACE,enter,NO,6.33,0.994,0.0027,,derived(1 - yes_bid),yes
2026-09-19,longshot-fader,KXHOUSERACE-NDAL-26-D,KXHOUSERACE,enter,NO,19.38,0.992,0.0108,,derived(1 - yes_bid),yes
2026-09-19,longshot-fader,KXHOUSERACE-NY05-26-R,KXHOUSERACE,enter,NO,2.6,0.997,0.0006,,derived(1 - yes_bid),yes
2026-09-19,longshot-fader,KXHOUSERACE-OH02-26-D,KXHOUSERACE,enter,NO,10,0.979,0.0144,,derived(1 - yes_bid),yes
2026-09-19,longshot-fader,KXHOUSERACE-RI02-26-R,KXHOUSERACE,enter,NO,64.86,0.996,0.0181,,derived(1 - yes_bid),yes
2026-09-19,longshot-fader,KXHOUSERACE-TN06-26-D,KXHOUSERACE,enter,NO,4.8,0.97,0.0098,,derived(1 - yes_bid),yes
2026-09-19,longshot-fader,KXHOUSERACE-TX07-26-R,KXHOUSERACE,enter,NO,4,0.979,0.0058,,derived(1 - yes_bid),yes
2026-09-19,longshot-fader,KXHOUSERACE-TX16-26-R,KXHOUSERACE,enter,NO,6.8,0.996,0.0019,,derived(1 - yes_bid),yes
2026-09-19,longshot-fader,KXHOUSERACE-VA03-26-R,KXHOUSERACE,enter,NO,3.8,0.993,0.0019,,derived(1 - yes_bid),yes
2026-09-19,longshot-fader,KXHOUSETURNOUT-26NOV03-90,KXHOUSETURNOUT,enter,NO,4.3,0.995,0.0015,,derived(1 - yes_bid),yes
2026-09-19,longshot-fader,KXHOUSETURNOUT-26NOV03-95,KXHOUSETURNOUT,enter,NO,6.3,0.994,0.0027,,derived(1 - yes_bid),yes
2026-09-19,longshot-fader,KXHOUSETURNOUT-26NOV03-BELOW90,KXHOUSETURNOUT,enter,NO,12.5,0.99,0.0087,,derived(1 - yes_bid),yes
2026-09-19,longshot-fader,KXHOUSEWINSTATE-AZD-A6,KXHOUSEWINSTATE,enter,NO,12.99,0.97,0.0265,,derived(1 - yes_bid),yes
2026-09-19,longshot-fader,KXHOUSEWINSTATE-MID-A9,KXHOUSEWINSTATE,enter,NO,25,0.96,0.0672,,derived(1 - yes_bid),yes
2026-09-19,longshot-fader,KXHOUSEWINSTATE-NCD-A7,KXHOUSEWINSTATE,enter,NO,111.3,0.97,0.2268,,derived(1 - yes_bid),yes
2026-09-19,longshot-fader,KXINDCOUNT-27JAN03-AL3,KXINDCOUNT,enter,NO,50,0.99,0.0347,,derived(1 - yes_bid),yes
2026-09-19,longshot-fader,KXLEAVEWALZ-27JAN01-TWAL-27JAN01,KXLEAVEWALZ,enter,NO,63.78,0.955,0.1919,,derived(1 - yes_bid),yes
2026-09-19,longshot-fader,KXLOSEMAJORITY-27JAN01,KXLOSEMAJORITY,enter,NO,6.2,0.979,0.009,,derived(1 - yes_bid),yes
2026-09-19,longshot-fader,KXMAMDANIEO-26SEP19-T0,KXMAMDANIEO,enter,NO,484.48,0.99,0.3358,,derived(1 - yes_bid),yes
2026-09-19,longshot-fader,KXMNSTATEAUDITOR-26NOV03-JREE,KXMNSTATEAUDITOR,enter,NO,30.5,0.99,0.0212,,derived(1 - yes_bid),yes
2026-09-19,longshot-fader,KXPROVIDENCEMAYOR-26-BSMI,KXPROVIDENCEMAYOR,enter,NO,125.19,0.99,0.0868,,derived(1 - yes_bid),yes
2026-09-19,longshot-fader,KXREDISTRICTING-26-MIS,KXREDISTRICTING,enter,NO,13.03,0.971,0.0257,,derived(1 - yes_bid),yes
2026-09-19,longshot-fader,KXREDISTRICTING-26-SC,KXREDISTRICTING,enter,NO,2.77,0.988,0.0023,,derived(1 - yes_bid),yes
2026-09-19,longshot-fader,KXREDISTRICTING-26-UTAH,KXREDISTRICTING,enter,NO,100,0.98,0.1372,,derived(1 - yes_bid),yes
2026-09-19,longshot-fader,KXREDISTRICTING-26-VIR,KXREDISTRICTING,enter,NO,26.43,0.974,0.0469,,derived(1 - yes_bid),yes
2026-09-19,longshot-fader,KXREDISTRICTING-26-WI,KXREDISTRICTING,enter,NO,0.1,0.989,0.0001,,derived(1 - yes_bid),yes
2026-09-19,longshot-fader,KXRHOUSESEATS-27-220,KXRHOUSESEATS,enter,NO,102.47,0.955,0.3083,,derived(1 - yes_bid),yes
2026-09-19,longshot-fader,KXRHOUSESEATS-27-225,KXRHOUSESEATS,enter,NO,103.54,0.98,0.1421,,derived(1 - yes_bid),yes
2026-09-19,longshot-fader,KXRHOUSESEATS-27-235,KXRHOUSESEATS,enter,NO,74.3,0.993,0.0362,,derived(1 - yes_bid),yes
2026-09-19,longshot-fader,KXRHOUSESEATS-27-237,KXRHOUSESEATS,enter,NO,82,0.985,0.0849,,derived(1 - yes_bid),yes
2026-09-19,longshot-fader,KXRUNBYMIDTERM-26NOV03-MGAE,KXRUNBYMIDTERM,enter,NO,3.04,0.99,0.0022,,derived(1 - yes_bid),yes
2026-09-19,longshot-fader,KXTRUMPBULLCASECOMBO-27DEC-26,KXTRUMPBULLCASECOMBO,enter,NO,277.21,0.969,0.5829,,derived(1 - yes_bid),yes
2026-09-19,longshot-fader,KXVOTECOUNTY-SENATEIA26JOHNSONJTUR-82,KXVOTECOUNTY,enter,NO,89.78,0.97,0.1829,,derived(1 - yes_bid),yes
2026-09-19,longshot-fader,RSENATESEATS-27-A57,RSENATESEATS,enter,NO,443.35,0.98,0.6083,,derived(1 - yes_bid),yes
2026-09-19,longshot-fader,RSENATESEATS-27-E45,RSENATESEATS,enter,NO,250.37,0.96,0.673,,derived(1 - yes_bid),yes
2026-09-19,longshot-fader,RSENATESEATS-27-E53,RSENATESEATS,enter,NO,18.78,0.96,0.0505,,derived(1 - yes_bid),yes
2026-09-19,longshot-fader,RSENATESEATS-27-E54,RSENATESEATS,enter,NO,23.54,0.97,0.048,,derived(1 - yes_bid),yes
2026-09-19,longshot-fader,RSENATESEATS-27-E55,RSENATESEATS,enter,NO,55.54,0.98,0.0763,,derived(1 - yes_bid),yes
2026-09-19,longshot-fader,RSENATESEATS-27-E56,RSENATESEATS,enter,NO,0.06,0.98,0.0001,,derived(1 - yes_bid),yes
2026-09-19,longshot-fader,SENATEDE-26-R,SENATEDE,enter,NO,48.66,0.998,0.0068,,derived(1 - yes_bid),yes
2026-09-19,longshot-fader,SENATEID-26-D,SENATEID,enter,NO,13.7,0.998,0.002,,derived(1 - yes_bid),yes
2026-09-19,longshot-fader,SENATEIL-26-R,SENATEIL,enter,NO,42.47,0.981,0.0555,,derived(1 - yes_bid),yes
2026-09-19,longshot-fader,SENATEMA-26-R,SENATEMA,enter,NO,7.31,0.975,0.0125,,derived(1 - yes_bid),yes
2026-09-19,longshot-fader,SENATEMT-26-D,SENATEMT,enter,NO,32.26,0.998,0.0046,,derived(1 - yes_bid),yes
2026-09-19,longshot-fader,SENATEOK-26-D,SENATEOK,enter,NO,42.14,0.989,0.0321,,derived(1 - yes_bid),yes
2026-09-19,longshot-fader,SENATEOR-26-R,SENATEOR,enter,NO,0.11,0.98,0.0002,,derived(1 - yes_bid),yes
2026-09-19,longshot-fader,SENATERI-26-R,SENATERI,enter,NO,11.08,0.994,0.0047,,derived(1 - yes_bid),yes
2026-09-19,longshot-fader,SENATEWV-26-D,SENATEWV,enter,NO,3.5,0.994,0.0015,,derived(1 - yes_bid),yes
settlement,longshot-fader,KXMAMDANIEO-26SEP19-T0,KXMAMDANIEO,settlement,NO,484.48,1,0,4.8448,official result (no) captured 2026-09-20T15:09:34.505586Z,
2026-09-20,longshot-fader,GOVPARTYIL-26-R,GOVPARTYIL,enter,NO,20,0.978,0.0302,,derived(1 - yes_bid),yes
2026-09-20,longshot-fader,GOVPARTYME-26-R,GOVPARTYME,enter,NO,11.9,0.967,0.0266,,derived(1 - yes_bid),yes
2026-09-20,longshot-fader,GOVPARTYSD-26-D,GOVPARTYSD,enter,NO,20.26,0.997,0.0043,,derived(1 - yes_bid),yes
2026-09-20,longshot-fader,HOUSEOH13-26-R,HOUSEOH13,enter,NO,27.7,0.976,0.0455,,derived(1 - yes_bid),yes
2026-09-20,longshot-fader,KXAKMOV-AKSENATE26NOV03-MPEL-P56,KXAKMOV,enter,NO,0.5,0.98,0.0007,,derived(1 - yes_bid),yes
2026-09-20,longshot-fader,KXAKSENGOVCOMBO-26NOV-REPDEM,KXAKSENGOVCOMBO,enter,NO,36.84,0.96,0.0991,,derived(1 - yes_bid),yes
2026-09-20,longshot-fader,KXCALIEUTENANTGOV-26NOV03-GROM,KXCALIEUTENANTGOV,enter,NO,1.7,0.997,0.0004,,derived(1 - yes_bid),yes
2026-09-20,longshot-fader,KXCLOSESTGOVERNOR-27JAN20-TX,KXCLOSESTGOVERNOR,enter,NO,7.3,0.99,0.0051,,derived(1 - yes_bid),yes
2026-09-20,longshot-fader,KXCLOSESTSENATE-27JAN03-MT,KXCLOSESTSENATE,enter,NO,0.1,0.99,0.0001,,derived(1 - yes_bid),yes
2026-09-20,longshot-fader,KXCLOSESTSENATE-27JAN03-NC,KXCLOSESTSENATE,enter,NO,0.1,0.99,0.0001,,derived(1 - yes_bid),yes
2026-09-20,longshot-fader,KXDSENATESEATS-27-48,KXDSENATESEATS,enter,NO,85.61,0.978,0.129,,derived(1 - yes_bid),yes
2026-09-20,longshot-fader,KXDSENATESEATSH-27-A57,KXDSENATESEATSH,enter,NO,102.11,0.987,0.0918,,derived(1 - yes_bid),yes
2026-09-20,longshot-fader,KXFESTIVALEVENTDNCMIDTERMS-26NOV03-DNC,KXFESTIVALEVENTDNCMIDTERMS,enter,NO,32.38,0.998,0.0046,,derived(1 - yes_bid),yes
2026-09-20,longshot-fader,KXFOURSTATESEN-26NOV03-FTTF,KXFOURSTATESEN,enter,NO,16.5,0.989,0.0126,,derived(1 - yes_bid),yes
2026-09-20,longshot-fader,KXFOURSTATESEN-26NOV03-FTTT,KXFOURSTATESEN,enter,NO,1.7,0.98,0.0024,,derived(1 - yes_bid),yes
2026-09-20,longshot-fader,KXFOURSTATESEN-26NOV03-TFTT,KXFOURSTATESEN,enter,NO,1.7,0.989,0.0013,,derived(1 - yes_bid),yes
2026-09-20,longshot-fader,KXGENERALCOUNTY-GOVPARTYNV-26-MINR,KXGENERALCOUNTY,enter,NO,20,0.98,0.0275,,derived(1 - yes_bid),yes
2026-09-20,longshot-fader,KXHOUSERACE-CA06-26-KKIL,KXHOUSERACE,enter,NO,0.2,0.979,0.0003,,derived(1 - yes_bid),yes
2026-09-20,longshot-fader,KXHOUSERACE-CA06-26-R,KXHOUSERACE,enter,NO,2.34,0.991,0.0015,,derived(1 - yes_bid),yes
2026-09-20,longshot-fader,KXHOUSERACE-CA38-26-R,KXHOUSERACE,enter,NO,0.29,0.998,0.0001,,derived(1 - yes_bid),yes
2026-09-20,longshot-fader,KXHOUSERACE-IL02-26-R,KXHOUSERACE,enter,NO,0.5,0.998,0.0001,,derived(1 - yes_bid),yes
2026-09-20,longshot-fader,KXHOUSERACE-IL03-26-R,KXHOUSERACE,enter,NO,0.3,0.997,0.0001,,derived(1 - yes_bid),yes
2026-09-20,longshot-fader,KXHOUSERACE-IL05-26-R,KXHOUSERACE,enter,NO,0.4,0.989,0.0004,,derived(1 - yes_bid),yes
2026-09-20,longshot-fader,KXHOUSERACE-IL06-26-R,KXHOUSERACE,enter,NO,23.9,0.997,0.0051,,derived(1 - yes_bid),yes
2026-09-20,longshot-fader,KXHOUSERACE-IL07-26-R,KXHOUSERACE,enter,NO,0.4,0.998,0.0001,,derived(1 - yes_bid),yes
2026-09-20,longshot-fader,KXHOUSERACE-IL10-26-R,KXHOUSERACE,enter,NO,0.6,0.992,0.0004,,derived(1 - yes_bid),yes
2026-09-20,longshot-fader,KXHOUSERACE-MI06-26-R,KXHOUSERACE,enter,NO,0.27,0.992,0.0002,,derived(1 - yes_bid),yes
2026-09-20,longshot-fader,KXHOUSERACE-NJ10-26-R,KXHOUSERACE,enter,NO,0.6,0.995,0.0003,,derived(1 - yes_bid),yes
2026-09-20,longshot-fader,KXHOUSERACE-NJ11-26-R,KXHOUSERACE,enter,NO,3.7,0.982,0.0046,,derived(1 - yes_bid),yes
2026-09-20,longshot-fader,KXHOUSERACE-PA11-26-D,KXHOUSERACE,enter,NO,11.7,0.966,0.0269,,derived(1 - yes_bid),yes
2026-09-20,longshot-fader,KXHOUSERACE-TX18-26-R,KXHOUSERACE,enter,NO,0.15,0.997,0.0001,,derived(1 - yes_bid),yes
2026-09-20,longshot-fader,KXHOUSERACE-VTAL-26-R,KXHOUSERACE,enter,NO,0.2,0.992,0.0002,,derived(1 - yes_bid),yes
2026-09-20,longshot-fader,KXLAPRIMARY-05R26-MCOR,KXLAPRIMARY,enter,NO,0.1,0.979,0.0002,,derived(1 - yes_bid),yes
2026-09-20,longshot-fader,KXLAPRIMARY-05R26-MECH,KXLAPRIMARY,enter,NO,0.1,0.986,0.0001,,derived(1 - yes_bid),yes
2026-09-20,longshot-fader,KXMIDTERMMOV-NCSENR-P1,KXMIDTERMMOV,enter,NO,1.45,0.959,0.004,,derived(1 - yes_bid),yes
2026-09-20,longshot-fader,KXMIDTERMMOV-TXSENR-P13,KXMIDTERMMOV,enter,NO,2.2,0.976,0.0037,,derived(1 - yes_bid),yes
2026-09-20,longshot-fader,KXMNSENGOVCOMBO-26NOV-REPDEM,KXMNSENGOVCOMBO,enter,NO,11.1,0.96,0.0299,,derived(1 - yes_bid),yes
2026-09-20,longshot-fader,KXNYCTAXMILLIONS-27JAN01,KXNYCTAXMILLIONS,enter,NO,42.15,0.981,0.055,,derived(1 - yes_bid),yes
2026-09-20,longshot-fader,KXREDISTRICTING-26-AL,KXREDISTRICTING,enter,NO,0.28,0.98,0.0004,,derived(1 - yes_bid),yes
2026-09-20,longshot-fader,KXREDISTRICTING-26-GA,KXREDISTRICTING,enter,NO,0.1,0.988,0.0001,,derived(1 - yes_bid),yes
2026-09-20,longshot-fader,KXREDISTRICTING-26-KS,KXREDISTRICTING,enter,NO,0.7,0.998,0.0001,,derived(1 - yes_bid),yes
2026-09-20,longshot-fader,KXREDISTRICTING-26-MD,KXREDISTRICTING,enter,NO,0.1,0.996,0.0001,,derived(1 - yes_bid),yes
2026-09-20,longshot-fader,KXREDISTRICTING-26-WA,KXREDISTRICTING,enter,NO,0.1,0.999,0.0001,,derived(1 - yes_bid),yes
2026-09-20,longshot-fader,KXRHOUSESEATS-27-230,KXRHOUSESEATS,enter,NO,1009.52,0.99,0.6996,,derived(1 - yes_bid),no
2026-09-20,longshot-fader,KXRUNBYMIDTERM-26NOV03-MCUB,KXRUNBYMIDTERM,enter,NO,4,0.989,0.0031,,derived(1 - yes_bid),yes
2026-09-20,longshot-fader,KXVOTECOUNTY-GOVPARTYIL26COOKJPRI-84,KXVOTECOUNTY,enter,NO,34.35,0.96,0.0924,,derived(1 - yes_bid),yes
2026-09-20,longshot-fader,KXVOTECOUNTY-GOVPARTYNY26NEWYORKKHOC-88,KXVOTECOUNTY,enter,NO,111.74,0.97,0.2277,,derived(1 - yes_bid),yes
2026-09-20,longshot-fader,KXVOTECOUNTY-GOVPARTYWI26DANEDCRO-86,KXVOTECOUNTY,enter,NO,35,0.98,0.0481,,derived(1 - yes_bid),yes
2026-09-20,longshot-fader,KXVOTECOUNTY-SENATETX26HIDALGOJTAL-68,KXVOTECOUNTY,enter,NO,20,0.96,0.0538,,derived(1 - yes_bid),yes
2026-09-20,longshot-fader,KXVOTECOUNTY-SENATETX26JTAL-66,KXVOTECOUNTY,enter,NO,45,0.98,0.0618,,derived(1 - yes_bid),yes
2026-09-20,longshot-fader,KXVOTECOUNTY-SENATETX26WEBBJTAL-66,KXVOTECOUNTY,enter,NO,40,0.98,0.0549,,derived(1 - yes_bid),yes
2026-09-20,longshot-fader,KXVOTECOUNTY-SENATETX26WEBBJTAL-68,KXVOTECOUNTY,enter,NO,20,0.98,0.0275,,derived(1 - yes_bid),yes
2026-09-20,longshot-fader,KXVOTEGENERAL-KXHOUSERACE-CO05-26MCAV-4,KXVOTEGENERAL,enter,NO,1.5,0.98,0.0021,,derived(1 - yes_bid),yes
2026-09-20,longshot-fader,SENATEAL-26-D,SENATEAL,enter,NO,0.48,0.984,0.0006,,derived(1 - yes_bid),yes
2026-09-20,longshot-fader,SENATENM-26-R,SENATENM,enter,NO,0.9,0.98,0.0013,,derived(1 - yes_bid),yes
2026-09-21,longshot-fader,GOVPARTYMI-26-MD,GOVPARTYMI,enter,NO,13.8,0.997,0.0029,,derived(1 - yes_bid),yes
2026-09-21,longshot-fader,HOUSEAKAL-26-D,HOUSEAKAL,enter,NO,27.4,0.98,0.0376,,derived(1 - yes_bid),yes
2026-09-21,longshot-fader,HOUSEMI8-26-R,HOUSEMI8,enter,NO,174.8,0.971,0.3446,,derived(1 - yes_bid),yes
2026-09-21,longshot-fader,KXBERNIEENDORSE-26NOV03-XBEC,KXBERNIEENDORSE,enter,NO,1.34,0.99,0.001,,derived(1 - yes_bid),yes
2026-09-21,longshot-fader,KXCLOSESTGOVERNOR-27JAN20-AZ,KXCLOSESTGOVERNOR,enter,NO,0.5,0.997,0.0002,,derived(1 - yes_bid),yes
2026-09-21,longshot-fader,KXDCCCCHAIR-27MAR02-JCRO,KXDCCCCHAIR,enter,NO,0.05,0.999,0.0001,,derived(1 - yes_bid),yes
2026-09-21,longshot-fader,KXDSENATESEATSH-27-E57,KXDSENATESEATSH,enter,NO,308.6,0.989,0.2351,,derived(1 - yes_bid),yes
2026-09-21,longshot-fader,KXENDORSECOLLINS-26NOV03-JAUC,KXENDORSECOLLINS,enter,NO,1,0.98,0.0014,,derived(1 - yes_bid),yes
2026-09-21,longshot-fader,KXFOURSTATESEN-26NOV03-TFFT,KXFOURSTATESEN,enter,NO,6.83,0.985,0.0071,,derived(1 - yes_bid),yes
2026-09-21,longshot-fader,KXHOUSEMO5-26-R,KXHOUSEMO5,enter,NO,5.3,0.963,0.0133,,derived(1 - yes_bid),yes
2026-09-21,longshot-fader,KXHOUSERACE-FL17-26-D,KXHOUSERACE,enter,NO,3,0.984,0.0034,,derived(1 - yes_bid),yes
2026-09-21,longshot-fader,KXHOUSERACE-IA04-26-D,KXHOUSERACE,enter,NO,9.02,0.979,0.013,,derived(1 - yes_bid),yes
2026-09-21,longshot-fader,KXHOUSERACE-IN09-26-D,KXHOUSERACE,enter,NO,23.49,0.971,0.0464,,derived(1 - yes_bid),yes
2026-09-21,longshot-fader,KXHOUSERACE-MA01-26-R,KXHOUSERACE,enter,NO,5,0.968,0.0109,,derived(1 - yes_bid),yes
2026-09-21,longshot-fader,KXHOUSERACE-MS04-26-D,KXHOUSERACE,enter,NO,3.4,0.994,0.0015,,derived(1 - yes_bid),yes
2026-09-21,longshot-fader,KXHOUSERACE-PA12-26-R,KXHOUSERACE,enter,NO,5,0.997,0.0011,,derived(1 - yes_bid),yes
2026-09-21,longshot-fader,KXHOUSERACE-WA04-26-D,KXHOUSERACE,enter,NO,10,0.967,0.0224,,derived(1 - yes_bid),yes
2026-09-21,longshot-fader,KXHOUSERACE-WYAL-26-D,KXHOUSERACE,enter,NO,35.29,0.996,0.0099,,derived(1 - yes_bid),yes
2026-09-21,longshot-fader,KXHOUSEWINSTATE-NYD-E23,KXHOUSEWINSTATE,enter,NO,0.5,0.96,0.0014,,derived(1 - yes_bid),yes
2026-09-21,longshot-fader,KXHOUSEWINSTATE-PAD-E7,KXHOUSEWINSTATE,enter,NO,4,0.98,0.0055,,derived(1 - yes_bid),yes
2026-09-21,longshot-fader,KXLAPRIMARY-03D26-CWAL,KXLAPRIMARY,enter,NO,41.09,0.996,0.0115,,derived(1 - yes_bid),yes
2026-09-21,longshot-fader,KXLAPRIMARY-03D26-TLEB,KXLAPRIMARY,enter,NO,20,0.995,0.007,,derived(1 - yes_bid),yes
2026-09-21,longshot-fader,KXLAPRIMARY-05R26-SWYA,KXLAPRIMARY,enter,NO,2,0.999,0.0002,,derived(1 - yes_bid),yes
2026-09-21,longshot-fader,KXLOCALLAW-CAAANG-26OCT01,KXLOCALLAW,enter,NO,405.01,0.99,0.2807,,derived(1 - yes_bid),yes
2026-09-21,longshot-fader,KXLOSEREELECTIONDSEN-2026-1,KXLOSEREELECTIONDSEN,enter,NO,2.33,0.98,0.0032,,derived(1 - yes_bid),yes
2026-09-21,longshot-fader,KXLOSEREELECTIONDSEN-2026-3,KXLOSEREELECTIONDSEN,enter,NO,25.32,0.995,0.0089,,derived(1 - yes_bid),yes
2026-09-21,longshot-fader,KXMIDTERMMOV-FLGOVR-P15,KXMIDTERMMOV,enter,NO,2,0.977,0.0032,,derived(1 - yes_bid),yes
2026-09-21,longshot-fader,KXMIDTERMMOV-KSSENR-P17,KXMIDTERMMOV,enter,NO,31.5,0.976,0.0517,,derived(1 - yes_bid),yes
2026-09-21,longshot-fader,KXMIDTERMMOV-MISEND-P13,KXMIDTERMMOV,enter,NO,6.31,0.975,0.0108,,derived(1 - yes_bid),yes
2026-09-21,longshot-fader,KXMNSENGOVCOMBO-26NOV-REPREP,KXMNSENGOVCOMBO,enter,NO,23.42,0.98,0.0322,,derived(1 - yes_bid),yes
2026-09-21,longshot-fader,KXNYAIBILL-27JAN01,KXNYAIBILL,enter,NO,8.28,0.985,0.0086,,derived(1 - yes_bid),yes
2026-09-21,longshot-fader,KXRUNBYMIDTERM-26NOV03-DPAT,KXRUNBYMIDTERM,enter,NO,0.4,0.99,0.0003,,derived(1 - yes_bid),yes
2026-09-21,longshot-fader,KXSTATELEG-TXSENA26-D,KXSTATELEG,enter,NO,5,0.99,0.0035,,derived(1 - yes_bid),yes
2026-09-21,longshot-fader,KXTRUMPRUN-27JAN01,KXTRUMPRUN,enter,NO,0.61,0.963,0.0016,,derived(1 - yes_bid),yes
2026-09-21,longshot-fader,KXVOTEGENERAL-KXHOUSERACE-SC05-26AKAP-3,KXVOTEGENERAL,enter,NO,1,0.97,0.0021,,derived(1 - yes_bid),yes
2026-09-21,longshot-fader,KXVOTEGENERAL-KXHOUSERACE-SC05-26AKAP-6,KXVOTEGENERAL,enter,NO,0.5,0.99,0.0004,,derived(1 - yes_bid),yes
2026-09-21,longshot-fader,SENATECO-26-R,SENATECO,enter,NO,4.14,0.979,0.006,,derived(1 - yes_bid),yes
2026-09-21,longshot-fader,SENATENJ-26-R,SENATENJ,enter,NO,8.42,0.999,0.0006,,derived(1 - yes_bid),yes
2026-09-21,longshot-fader,SENATEVA-26-R,SENATEVA,enter,NO,7.34,0.997,0.0016,,derived(1 - yes_bid),yes
settlement,longshot-fader,KXLOCALLAW-CAAANG-26OCT01,KXLOCALLAW,settlement,NO,405.01,1,0,4.0501,official result (no) captured 2026-10-01T13:41:43.96431Z,
2026-09-22,longshot-fader,HOUSECA45-26-R,HOUSECA45,enter,NO,1033.22,0.967,2.308,,derived(1 - yes_bid),no
2026-09-22,longshot-fader,HOUSENJ9-26-R,HOUSENJ9,enter,NO,2.7,0.995,0.001,,derived(1 - yes_bid),yes
2026-09-22,longshot-fader,KXCAWEALTHTAXMOVD-CAWEALTHTAX26YES-YES-P19,KXCAWEALTHTAXMOVD,enter,NO,48.5,0.98,0.0666,,derived(1 - yes_bid),yes
2026-09-22,longshot-fader,KXCAWEALTHTAXMOVD-CAWEALTHTAX26YES-YES-P22,KXCAWEALTHTAXMOVD,enter,NO,129.97,0.98,0.1784,,derived(1 - yes_bid),yes
2026-09-22,longshot-fader,KXDSENATEWON-26NOV03-AL22,KXDSENATEWON,enter,NO,0.1,0.98,0.0002,,derived(1 - yes_bid),yes
2026-09-22,longshot-fader,KXFLINTMAYOR-26-TBUR,KXFLINTMAYOR,enter,NO,5.22,0.99,0.0037,,derived(1 - yes_bid),yes
2026-09-22,longshot-fader,KXFOURSTATESEN-26NOV03-FFFT,KXFOURSTATESEN,enter,NO,1.7,0.984,0.0019,,derived(1 - yes_bid),yes
2026-09-22,longshot-fader,KXFOURSTATESEN-26NOV03-FFTF,KXFOURSTATESEN,enter,NO,1.7,0.998,0.0003,,derived(1 - yes_bid),yes
2026-09-22,longshot-fader,KXFOURSTATESEN-26NOV03-FFTT,KXFOURSTATESEN,enter,NO,1.7,0.992,0.001,,derived(1 - yes_bid),yes
2026-09-22,longshot-fader,KXFOURSTATESEN-26NOV03-TFTF,KXFOURSTATESEN,enter,NO,1.7,0.999,0.0002,,derived(1 - yes_bid),yes
2026-09-22,longshot-fader,KXFOURSTATESEN-26NOV03-TTTF,KXFOURSTATESEN,enter,NO,1.7,0.988,0.0015,,derived(1 - yes_bid),yes
2026-09-22,longshot-fader,KXGASENGOVCOMBO-26NOV-REPREP,KXGASENGOVCOMBO,enter,NO,7.97,0.96,0.0215,,derived(1 - yes_bid),yes
2026-09-22,longshot-fader,KXHOUSERACE-AL03-26-D,KXHOUSERACE,enter,NO,38.5,0.998,0.0054,,derived(1 - yes_bid),yes
2026-09-22,longshot-fader,KXHOUSERACE-AL06-26-D,KXHOUSERACE,enter,NO,0.1,0.986,0.0001,,derived(1 - yes_bid),yes
2026-09-22,longshot-fader,KXHOUSERACE-CA42-26-R,KXHOUSERACE,enter,NO,5.6,0.985,0.0058,,derived(1 - yes_bid),yes
2026-09-22,longshot-fader,KXHOUSERACE-DEAL-26-R,KXHOUSERACE,enter,NO,2.6,0.993,0.0013,,derived(1 - yes_bid),yes
2026-09-22,longshot-fader,KXHOUSERACE-GA11-26-D,KXHOUSERACE,enter,NO,5.2,0.971,0.0103,,derived(1 - yes_bid),yes
2026-09-22,longshot-fader,KXHOUSERACE-MD06-26-R,KXHOUSERACE,enter,NO,50.1,0.968,0.1087,,derived(1 - yes_bid),yes
2026-09-22,longshot-fader,KXHOUSERACE-NJ08-26-R,KXHOUSERACE,enter,NO,0.1,0.994,0.0001,,derived(1 - yes_bid),yes
2026-09-22,longshot-fader,KXHOUSERACE-NM03-26-R,KXHOUSERACE,enter,NO,20,0.996,0.0056,,derived(1 - yes_bid),yes
2026-09-22,longshot-fader,KXHOUSERACE-OH04-26-D,KXHOUSERACE,enter,NO,0.3,0.965,0.0008,,derived(1 - yes_bid),yes
2026-09-22,longshot-fader,KXHOUSERACE-OH06-26-D,KXHOUSERACE,enter,NO,2.6,0.959,0.0072,,derived(1 - yes_bid),yes
2026-09-22,longshot-fader,KXHOUSERACE-OH12-26-D,KXHOUSERACE,enter,NO,0.1,0.978,0.0002,,derived(1 - yes_bid),yes
2026-09-22,longshot-fader,KXHOUSERACE-PA03-26-R,KXHOUSERACE,enter,NO,2.6,0.998,0.0004,,derived(1 - yes_bid),yes
2026-09-22,longshot-fader,KXHOUSERACE-SC04-26-D,KXHOUSERACE,enter,NO,0.1,0.973,0.0002,,derived(1 - yes_bid),yes
2026-09-22,longshot-fader,KXHOUSERACE-SC06-26-R,KXHOUSERACE,enter,NO,4.9,0.988,0.0041,,derived(1 - yes_bid),yes
2026-09-22,longshot-fader,KXHOUSERACE-TX19-26-D,KXHOUSERACE,enter,NO,10,0.997,0.0021,,derived(1 - yes_bid),yes
2026-09-22,longshot-fader,KXHOUSEWINSTATE-PAD-E8,KXHOUSEWINSTATE,enter,NO,2,0.99,0.0014,,derived(1 - yes_bid),yes
2026-09-22,longshot-fader,KXIHOUSEWON-26NOV03-AL3,KXIHOUSEWON,enter,NO,471.6,0.96,1.2677,,derived(1 - yes_bid),yes
2026-09-22,longshot-fader,KXLAPRIMARY-04R26-MNIC,KXLAPRIMARY,enter,NO,41.17,0.998,0.0058,,derived(1 - yes_bid),yes
2026-09-22,longshot-fader,KXMESENGOVCOMBO-26NOV-REPREP,KXMESENGOVCOMBO,enter,NO,18.95,0.98,0.026,,derived(1 - yes_bid),yes
2026-09-22,longshot-fader,KXMIDTERMMOV-IAGOVR-P6,KXMIDTERMMOV,enter,NO,14.27,0.98,0.0196,,derived(1 - yes_bid),yes
2026-09-22,longshot-fader,KXMIDTERMMOV-MISEND-P15,KXMIDTERMMOV,enter,NO,178.3,0.968,0.3867,,derived(1 - yes_bid),yes
2026-09-22,longshot-fader,KXMIDTERMMOV-MN01R-P13,KXMIDTERMMOV,enter,NO,6.7,0.986,0.0065,,derived(1 - yes_bid),yes
2026-09-22,longshot-fader,KXMIDTERMMOV-MO02R-P21,KXMIDTERMMOV,enter,NO,0.2,0.995,0.0001,,derived(1 - yes_bid),yes
2026-09-22,longshot-fader,KXMIDTERMMOV-NCSEND-P17,KXMIDTERMMOV,enter,NO,18.74,0.97,0.0382,,derived(1 - yes_bid),yes
2026-09-22,longshot-fader,KXMIDTERMMOV-OHGOVR-P12,KXMIDTERMMOV,enter,NO,13.41,0.976,0.022,,derived(1 - yes_bid),yes
2026-09-22,longshot-fader,KXMIDTERMMOV-OHSENR-P10,KXMIDTERMMOV,enter,NO,13,0.989,0.0099,,derived(1 - yes_bid),yes
2026-09-22,longshot-fader,KXMIDTERMMOV-OHSENR-P8,KXMIDTERMMOV,enter,NO,5.7,0.979,0.0083,,derived(1 - yes_bid),yes
2026-09-22,longshot-fader,KXMISENGOVCOMBO-26NOV-REPDEM,KXMISENGOVCOMBO,enter,NO,1.1,0.99,0.0008,,derived(1 - yes_bid),yes
2026-09-22,longshot-fader,KXRHOUSEWON-26NOV03-AL230,KXRHOUSEWON,enter,NO,73.08,0.98,0.1003,,derived(1 - yes_bid),yes
2026-09-22,longshot-fader,KXRHOUSEWON-26NOV03-AL234,KXRHOUSEWON,enter,NO,153.33,0.98,0.2104,,derived(1 - yes_bid),yes
2026-09-22,longshot-fader,KXRSENATEWON-26NOV03-AL24,KXRSENATEWON,enter,NO,5,0.97,0.0102,,derived(1 - yes_bid),yes
2026-09-22,longshot-fader,KXVAHOUSEDEM-26NOV03-BELOW6,KXVAHOUSEDEM,enter,NO,1.9,0.998,0.0003,,derived(1 - yes_bid),yes
2026-09-22,longshot-fader,KXVOTEGENERAL-KXHOUSERACE-CO04-26DMAN-5,KXVOTEGENERAL,enter,NO,12.11,0.98,0.0167,,derived(1 - yes_bid),yes
2026-09-22,longshot-fader,KXVOTEGENERAL-KXHOUSERACE-CO05-26MCAV-5,KXVOTEGENERAL,enter,NO,0.5,0.96,0.0014,,derived(1 - yes_bid),yes
2026-09-22,longshot-fader,KXVOTEGENERAL-KXHOUSERACE-LA04-26MGRO-34,KXVOTEGENERAL,enter,NO,0.5,0.96,0.0014,,derived(1 - yes_bid),yes
2026-09-22,longshot-fader,KXVOTEGENERAL-KXHOUSERACE-MN01-26BFIN-56,KXVOTEGENERAL,enter,NO,0.5,0.98,0.0007,,derived(1 - yes_bid),yes
2026-09-22,longshot-fader,KXVOTEGENERAL-KXHOUSERACE-SC01-26MELL-1,KXVOTEGENERAL,enter,NO,51,0.97,0.1039,,derived(1 - yes_bid),yes
2026-09-22,longshot-fader,KXVOTEGENERAL-KXHOUSERACE-UT04-26JGOT-6,KXVOTEGENERAL,enter,NO,0.5,0.96,0.0014,,derived(1 - yes_bid),yes
2026-09-22,longshot-fader,KXVOTEGENERAL-SENATEMT26ABAN-25,KXVOTEGENERAL,enter,NO,0.5,0.98,0.0007,,derived(1 - yes_bid),yes
2026-09-23,longshot-fader,HOUSEIN1-26-R,HOUSEIN1,enter,NO,9,0.975,0.0154,,derived(1 - yes_bid),yes
2026-09-23,longshot-fader,KXAKMOV-AKSENATE26NOV03-DSUL-P7,KXAKMOV,enter,NO,6.74,0.98,0.0093,,derived(1 - yes_bid),yes
2026-09-23,longshot-fader,KXATTYGENID-26-D,KXATTYGENID,enter,NO,3.35,0.998,0.0005,,derived(1 - yes_bid),yes
2026-09-23,longshot-fader,KXCAWEALTHTAXMOVD-CAWEALTHTAX26YES-YES-P16,KXCAWEALTHTAXMOVD,enter,NO,79.81,0.97,0.1626,,derived(1 - yes_bid),yes
2026-09-23,longshot-fader,KXFOURSTATESEN-26NOV03-FTFT,KXFOURSTATESEN,enter,NO,2.7,0.97,0.0055,,derived(1 - yes_bid),yes
2026-09-23,longshot-fader,KXFOURSTATESEN-26NOV03-TFFF,KXFOURSTATESEN,enter,NO,1.9,0.969,0.004,,derived(1 - yes_bid),yes
2026-09-23,longshot-fader,KXFREYOUT-27JAN01,KXFREYOUT,enter,NO,1.1,0.97,0.0023,,derived(1 - yes_bid),yes
2026-09-23,longshot-fader,KXHOUSERACE-ID01-26-D,KXHOUSERACE,enter,NO,2.43,0.986,0.0024,,derived(1 - yes_bid),yes
2026-09-23,longshot-fader,KXHOUSERACE-MI12-26-R,KXHOUSERACE,enter,NO,44.2,0.998,0.0062,,derived(1 - yes_bid),yes
2026-09-23,longshot-fader,KXHOUSERACE-MN05-26-R,KXHOUSERACE,enter,NO,3.02,0.962,0.0078,,derived(1 - yes_bid),yes
2026-09-23,longshot-fader,KXHOUSERACE-TN08-26-D,KXHOUSERACE,enter,NO,30,0.978,0.0452,,derived(1 - yes_bid),yes
2026-09-23,longshot-fader,KXMIDTERMMOV-FLSENR-P18,KXMIDTERMMOV,enter,NO,3.12,0.986,0.0031,,derived(1 - yes_bid),yes
2026-09-23,longshot-fader,KXMIDTERMMOV-OH07R-P16,KXMIDTERMMOV,enter,NO,0.39,0.996,0.0002,,derived(1 - yes_bid),yes
2026-09-23,longshot-fader,KXREDISTRICTING-26-MS,KXREDISTRICTING,enter,NO,6.32,0.98,0.0087,,derived(1 - yes_bid),yes
2026-09-23,longshot-fader,KXREDWAVECOMBO-27FEBB-FALSE,KXREDWAVECOMBO,enter,NO,1.24,0.97,0.0026,,derived(1 - yes_bid),yes
2026-09-23,longshot-fader,KXVOTECOUNTY-GOVPARTYPA26PHILADELPHIAJSHA-92,KXVOTECOUNTY,enter,NO,0.5,0.96,0.0014,,derived(1 - yes_bid),yes
2026-09-23,longshot-fader,KXVOTECOUNTY-SENATENC26MECKLENBURGRCOO-74,KXVOTECOUNTY,enter,NO,3.5,0.96,0.0095,,derived(1 - yes_bid),yes
2026-09-23,longshot-fader,KXVOTECOUNTY-SENATENC26MECKLENBURGRCOO-76,KXVOTECOUNTY,enter,NO,0.5,0.97,0.0011,,derived(1 - yes_bid),yes
2026-09-23,longshot-fader,KXVOTECOUNTY-SENATENC26MECKLENBURGRCOO-80,KXVOTECOUNTY,enter,NO,0.5,0.97,0.0011,,derived(1 - yes_bid),yes
2026-09-23,longshot-fader,KXVOTECOUNTY-SENATETX26WEBBJTAL-70,KXVOTECOUNTY,enter,NO,20,0.98,0.0275,,derived(1 - yes_bid),yes
2026-09-23,longshot-fader,KXVOTEGENERAL-KXHOUSERACE-UT04-26JGOT-1,KXVOTEGENERAL,enter,NO,10,0.98,0.0138,,derived(1 - yes_bid),yes
2026-09-23,longshot-fader,KXVOTEGENERAL-KXHOUSERACE-UT04-26JGOT-4,KXVOTEGENERAL,enter,NO,1,0.96,0.0027,,derived(1 - yes_bid),yes
2026-09-23,longshot-fader,KXVOTEGENERAL-KXHOUSEUT03-26MSTO-3,KXVOTEGENERAL,enter,NO,0.5,0.96,0.0014,,derived(1 - yes_bid),yes
2026-09-23,longshot-fader,KXVOTEGENERAL-KXHOUSEUT03-26MSTO-5,KXVOTEGENERAL,enter,NO,0.5,0.97,0.0011,,derived(1 - yes_bid),yes
2026-09-23,longshot-fader,RSENATESEATS-27-E57,RSENATESEATS,enter,NO,90,0.99,0.0624,,derived(1 - yes_bid),yes
2026-09-23,longshot-fader,SENATESD-26-D,SENATESD,enter,NO,7.88,0.997,0.0017,,derived(1 - yes_bid),yes
2026-09-23,longshot-fader,SENATETN-26-D,SENATETN,enter,NO,7.8,0.982,0.0097,,derived(1 - yes_bid),yes
2026-09-24,longshot-fader,GOVPARTYRI-26-R,GOVPARTYRI,enter,NO,21.13,0.99,0.0147,,derived(1 - yes_bid),yes
2026-09-24,longshot-fader,HOUSECA3-26-R,HOUSECA3,enter,NO,118.91,0.963,0.2966,,derived(1 - yes_bid),yes
2026-09-24,longshot-fader,KXBANKHEADDROPOUT-26-YES,KXBANKHEADDROPOUT,enter,NO,150,0.97,0.3056,,derived(1 - yes_bid),yes
2026-09-24,longshot-fader,KXBLUESTRSEN-27JAN03-DE,KXBLUESTRSEN,enter,NO,133.33,0.99,0.0924,,derived(1 - yes_bid),yes
2026-09-24,longshot-fader,KXBLUESTRSEN-27JAN03-OR,KXBLUESTRSEN,enter,NO,46.79,0.99,0.0325,,derived(1 - yes_bid),yes
2026-09-24,longshot-fader,KXCAGOVLAMAYOR-26NOV-RAM-HIL,KXCAGOVLAMAYOR,enter,NO,31.21,0.99,0.0217,,derived(1 - yes_bid),yes
2026-09-24,longshot-fader,KXHOUSERACE-CA46-26-R,KXHOUSERACE,enter,NO,0.1,0.972,0.0002,,derived(1 - yes_bid),yes
2026-09-24,longshot-fader,KXHOUSERACE-CA52-26-R,KXHOUSERACE,enter,NO,1.4,0.979,0.0021,,derived(1 - yes_bid),yes
2026-09-24,longshot-fader,KXHOUSERACE-MA04-26-R,KXHOUSERACE,enter,NO,15,0.973,0.0276,,derived(1 - yes_bid),yes
2026-09-24,longshot-fader,KXHOUSERACE-MD03-26-R,KXHOUSERACE,enter,NO,0.1,0.982,0.0002,,derived(1 - yes_bid),yes
2026-09-24,longshot-fader,KXHOUSERACE-MN03-26-R,KXHOUSERACE,enter,NO,1.5,0.993,0.0008,,derived(1 - yes_bid),yes
2026-09-24,longshot-fader,KXHOUSERACE-MN04-26-R,KXHOUSERACE,enter,NO,1,0.976,0.0017,,derived(1 - yes_bid),yes
2026-09-24,longshot-fader,KXHOUSERACE-MN07-26-D,KXHOUSERACE,enter,NO,0.2,0.977,0.0004,,derived(1 - yes_bid),yes
2026-09-24,longshot-fader,KXHOUSERACE-MS02-26-R,KXHOUSERACE,enter,NO,4.5,0.973,0.0083,,derived(1 - yes_bid),yes
2026-09-24,longshot-fader,KXHOUSERACE-OH11-26-R,KXHOUSERACE,enter,NO,1,0.997,0.0003,,derived(1 - yes_bid),yes
2026-09-24,longshot-fader,KXHOUSERACE-OR04-26-R,KXHOUSERACE,enter,NO,1,0.978,0.0016,,derived(1 - yes_bid),yes
2026-09-24,longshot-fader,KXHOUSERACE-OR06-26-R,KXHOUSERACE,enter,NO,0.2,0.977,0.0004,,derived(1 - yes_bid),yes
2026-09-24,longshot-fader,KXHOUSERACE-PA13-26-D,KXHOUSERACE,enter,NO,4.8,0.961,0.0126,,derived(1 - yes_bid),yes
2026-09-24,longshot-fader,KXHOUSERACE-PA14-26-D,KXHOUSERACE,enter,NO,2.4,0.971,0.0048,,derived(1 - yes_bid),yes
2026-09-24,longshot-fader,KXHOUSERACE-PA15-26-D,KXHOUSERACE,enter,NO,5.6,0.97,0.0115,,derived(1 - yes_bid),yes
2026-09-24,longshot-fader,KXHOUSERACE-SDAL-26-D,KXHOUSERACE,enter,NO,1,0.97,0.0021,,derived(1 - yes_bid),yes
2026-09-24,longshot-fader,KXHOUSERACE-WI06-26-D,KXHOUSERACE,enter,NO,12.4,0.97,0.0253,,derived(1 - yes_bid),yes
2026-09-24,longshot-fader,KXHOUSERACE-WV01-26-D,KXHOUSERACE,enter,NO,13,0.99,0.0091,,derived(1 - yes_bid),yes
2026-09-24,longshot-fader,KXHOUSETURNOUT-26NOV03-100,KXHOUSETURNOUT,enter,NO,19.08,0.989,0.0146,,derived(1 - yes_bid),yes
2026-09-24,longshot-fader,KXHOUSEWINSTATE-PAD-A12,KXHOUSEWINSTATE,enter,NO,115.5,0.99,0.0801,,derived(1 - yes_bid),yes
2026-09-24,longshot-fader,KXKAMALAGOV-27,KXKAMALAGOV,enter,NO,5,0.999,0.0004,,derived(1 - yes_bid),yes
2026-09-24,longshot-fader,KXMANCHINCOMBO-26NOV03-WL,KXMANCHINCOMBO,enter,NO,18.11,0.98,0.0249,,derived(1 - yes_bid),yes
2026-09-24,longshot-fader,KXMIDTERMMOV-TXSENR-P9,KXMIDTERMMOV,enter,NO,10,0.969,0.0211,,derived(1 - yes_bid),yes
2026-09-24,longshot-fader,KXMIDTERMMOV-WIGOVD-P19,KXMIDTERMMOV,enter,NO,7.2,0.997,0.0016,,derived(1 - yes_bid),yes
2026-09-24,longshot-fader,KXREDDESTDSEN-27JAN03-FL,KXREDDESTDSEN,enter,NO,66.66,0.98,0.0915,,derived(1 - yes_bid),yes
2026-09-24,longshot-fader,KXRHOUSEWON-26NOV03-AL226,KXRHOUSEWON,enter,NO,180,0.97,0.3667,,derived(1 - yes_bid),yes
2026-09-24,longshot-fader,KXSENATEREC-26JUN-26OCT01,KXSENATEREC,enter,NO,2,0.99,0.0014,,derived(1 - yes_bid),yes
2026-09-24,longshot-fader,KXVAHOUSEDEM-26NOV03-10,KXVAHOUSEDEM,enter,NO,2.47,0.983,0.0029,,derived(1 - yes_bid),yes
2026-09-24,longshot-fader,KXVOTECOUNTY-GOVPARTYPA26PHILADELPHIAJSHA-94,KXVOTECOUNTY,enter,NO,11.2,0.99,0.0078,,derived(1 - yes_bid),yes
2026-09-24,longshot-fader,KXVOTECOUNTY-SENATEGA26FULTONJOSS-84,KXVOTECOUNTY,enter,NO,0.5,0.99,0.0004,,derived(1 - yes_bid),yes
2026-09-24,longshot-fader,KXVOTEGENERAL-KXHOUSERACE-NY13-26BCOH-7,KXVOTEGENERAL,enter,NO,11,0.98,0.0151,,derived(1 - yes_bid),yes
2026-09-24,longshot-fader,KXVOTEGENERAL-KXHOUSERACE-UT04-26JGOT-7,KXVOTEGENERAL,enter,NO,0.53,0.98,0.0008,,derived(1 - yes_bid),yes
settlement,longshot-fader,KXSENATEREC-26JUN-26OCT01,KXSENATEREC,settlement,NO,2,1,0,0.02,official result (no) captured 2026-10-01T14:10:13.967519Z,
2026-09-25,longshot-fader,HOUSECA47-26-R,HOUSECA47,enter,NO,6.8,0.998,0.001,,derived(1 - yes_bid),yes
2026-09-25,longshot-fader,HOUSENV4-26-R,HOUSENV4,enter,NO,5,0.995,0.0018,,derived(1 - yes_bid),yes
2026-09-25,longshot-fader,HOUSENY19-26-R,HOUSENY19,enter,NO,7.4,0.993,0.0037,,derived(1 - yes_bid),yes
2026-09-25,longshot-fader,HOUSENY22-26-R,HOUSENY22,enter,NO,5.4,0.958,0.0153,,derived(1 - yes_bid),yes
2026-09-25,longshot-fader,KXBLUESTRSEN-27JAN03-IA,KXBLUESTRSEN,enter,NO,185.3,0.99,0.1285,,derived(1 - yes_bid),yes
2026-09-25,longshot-fader,KXBLUESTRSEN-27JAN03-MN,KXBLUESTRSEN,enter,NO,25.3,0.98,0.0348,,derived(1 - yes_bid),yes
2026-09-25,longshot-fader,KXBLUESTRSEN-27JAN03-NC,KXBLUESTRSEN,enter,NO,325.6,0.99,0.2257,,derived(1 - yes_bid),yes
2026-09-25,longshot-fader,KXBLUESTRSEN-27JAN03-NH,KXBLUESTRSEN,enter,NO,29.3,0.99,0.0204,,derived(1 - yes_bid),yes
2026-09-25,longshot-fader,KXEXITPOLLISSUE-26NOV06-ABOR,KXEXITPOLLISSUE,enter,NO,384.1,0.99,0.2662,,derived(1 - yes_bid),yes
2026-09-25,longshot-fader,KXEXITPOLLISSUE-26NOV06-CRIM,KXEXITPOLLISSUE,enter,NO,384.1,0.99,0.2662,,derived(1 - yes_bid),yes
2026-09-25,longshot-fader,KXEXITPOLLISSUE-26NOV06-DEMOC,KXEXITPOLLISSUE,enter,NO,412.7,0.98,0.5663,,derived(1 - yes_bid),yes
2026-09-25,longshot-fader,KXEXITPOLLISSUE-26NOV06-FPOL,KXEXITPOLLISSUE,enter,NO,801.6,0.98,1.0998,,derived(1 - yes_bid),yes
2026-09-25,longshot-fader,KXEXITPOLLISSUE-26NOV06-HLTH,KXEXITPOLLISSUE,enter,NO,384.1,0.99,0.2662,,derived(1 - yes_bid),yes
2026-09-25,longshot-fader,KXEXITPOLLISSUE-26NOV06-IMM,KXEXITPOLLISSUE,enter,NO,384.1,0.99,0.2662,,derived(1 - yes_bid),yes
2026-09-25,longshot-fader,KXFOURSTATESEN-26NOV03-FTFF,KXFOURSTATESEN,enter,NO,2.5,0.96,0.0068,,derived(1 - yes_bid),yes
2026-09-25,longshot-fader,KXHOUSEPOPVOTEMARGIN-27NOV03-B50,KXHOUSEPOPVOTEMARGIN,enter,NO,448.48,0.961,1.1767,,derived(1 - yes_bid),yes
2026-09-25,longshot-fader,KXHOUSERACE-AL04-26-D,KXHOUSERACE,enter,NO,1.91,0.979,0.0028,,derived(1 - yes_bid),yes
2026-09-25,longshot-fader,KXHOUSERACE-AR01-26-D,KXHOUSERACE,enter,NO,0.1,0.992,0.0001,,derived(1 - yes_bid),yes
2026-09-25,longshot-fader,KXHOUSERACE-AR03-26-D,KXHOUSERACE,enter,NO,0.83,0.985,0.0009,,derived(1 - yes_bid),yes
2026-09-25,longshot-fader,KXHOUSERACE-AR04-26-D,KXHOUSERACE,enter,NO,1.72,0.976,0.0029,,derived(1 - yes_bid),yes
2026-09-25,longshot-fader,KXHOUSERACE-AZ04-26-R,KXHOUSERACE,enter,NO,0.1,0.99,0.0001,,derived(1 - yes_bid),yes
2026-09-25,longshot-fader,KXHOUSERACE-AZ07-26-R,KXHOUSERACE,enter,NO,0.9,0.982,0.0012,,derived(1 - yes_bid),yes
2026-09-25,longshot-fader,KXHOUSERACE-CA02-26-R,KXHOUSERACE,enter,NO,1,0.997,0.0003,,derived(1 - yes_bid),yes
2026-09-25,longshot-fader,KXHOUSERACE-CA08-26-R,KXHOUSERACE,enter,NO,3.71,0.969,0.0079,,derived(1 - yes_bid),yes
2026-09-25,longshot-fader,KXHOUSERACE-CA10-26-R,KXHOUSERACE,enter,NO,1,0.989,0.0008,,derived(1 - yes_bid),yes
2026-09-25,longshot-fader,KXHOUSERACE-CA15-26-R,KXHOUSERACE,enter,NO,12.47,0.99,0.0087,,derived(1 - yes_bid),yes
2026-09-25,longshot-fader,KXHOUSERACE-CA16-26-R,KXHOUSERACE,enter,NO,0.6,0.993,0.0003,,derived(1 - yes_bid),yes
2026-09-25,longshot-fader,KXHOUSERACE-CA18-26-R,KXHOUSERACE,enter,NO,5.11,0.998,0.0008,,derived(1 - yes_bid),yes
2026-09-25,longshot-fader,KXHOUSERACE-CA26-26-R,KXHOUSERACE,enter,NO,0.7,0.971,0.0014,,derived(1 - yes_bid),yes
2026-09-25,longshot-fader,KXHOUSERACE-CA31-26-R,KXHOUSERACE,enter,NO,3,0.997,0.0007,,derived(1 - yes_bid),yes
2026-09-25,longshot-fader,KXHOUSERACE-CA32-26-R,KXHOUSERACE,enter,NO,22.8,0.985,0.0236,,derived(1 - yes_bid),yes
2026-09-25,longshot-fader,KXHOUSERACE-CA33-26-R,KXHOUSERACE,enter,NO,3.17,0.994,0.0014,,derived(1 - yes_bid),yes
2026-09-25,longshot-fader,KXHOUSERACE-CA35-26-R,KXHOUSERACE,enter,NO,2,0.997,0.0005,,derived(1 - yes_bid),yes
2026-09-25,longshot-fader,KXHOUSERACE-CA36-26-R,KXHOUSERACE,enter,NO,1.8,0.969,0.0038,,derived(1 - yes_bid),yes
2026-09-25,longshot-fader,KXHOUSERACE-CA39-26-R,KXHOUSERACE,enter,NO,6.8,0.97,0.0139,,derived(1 - yes_bid),yes
2026-09-25,longshot-fader,KXHOUSERACE-CA43-26-R,KXHOUSERACE,enter,NO,4.27,0.991,0.0027,,derived(1 - yes_bid),yes
2026-09-25,longshot-fader,KXHOUSERACE-CA44-26-R,KXHOUSERACE,enter,NO,0.2,0.997,0.0001,,derived(1 - yes_bid),yes
2026-09-25,longshot-fader,KXHOUSERACE-CO02-26-R,KXHOUSERACE,enter,NO,0.8,0.987,0.0008,,derived(1 - yes_bid),yes
2026-09-25,longshot-fader,KXHOUSERACE-CO06-26-R,KXHOUSERACE,enter,NO,3.9,0.987,0.0036,,derived(1 - yes_bid),yes
2026-09-25,longshot-fader,KXHOUSERACE-CO07-26-R,KXHOUSERACE,enter,NO,2.11,0.996,0.0006,,derived(1 - yes_bid),yes
2026-09-25,longshot-fader,KXHOUSERACE-CT01-26-R,KXHOUSERACE,enter,NO,0.11,0.988,0.0001,,derived(1 - yes_bid),yes
2026-09-25,longshot-fader,KXHOUSERACE-CT02-26-R,KXHOUSERACE,enter,NO,3.46,0.973,0.0064,,derived(1 - yes_bid),yes
2026-09-25,longshot-fader,KXHOUSERACE-CT03-26-R,KXHOUSERACE,enter,NO,5,0.995,0.0018,,derived(1 - yes_bid),yes
2026-09-25,longshot-fader,KXHOUSERACE-FL01-26-D,KXHOUSERACE,enter,NO,5.2,0.996,0.0015,,derived(1 - yes_bid),yes
2026-09-25,longshot-fader,KXHOUSERACE-FL10-26-R,KXHOUSERACE,enter,NO,0.4,0.979,0.0006,,derived(1 - yes_bid),yes
2026-09-25,longshot-fader,KXHOUSERACE-FL15-26-D,KXHOUSERACE,enter,NO,8.37,0.992,0.0047,,derived(1 - yes_bid),yes
2026-09-25,longshot-fader,KXHOUSERACE-FL20-26-R,KXHOUSERACE,enter,NO,1,0.988,0.0009,,derived(1 - yes_bid),yes
2026-09-25,longshot-fader,KXHOUSERACE-GA04-26-R,KXHOUSERACE,enter,NO,2.4,0.992,0.0014,,derived(1 - yes_bid),yes
2026-09-25,longshot-fader,KXHOUSERACE-GA06-26-R,KXHOUSERACE,enter,NO,0.7,0.993,0.0004,,derived(1 - yes_bid),yes
2026-09-25,longshot-fader,KXHOUSERACE-HI01-26-R,KXHOUSERACE,enter,NO,3.5,0.997,0.0008,,derived(1 - yes_bid),yes
2026-09-25,longshot-fader,KXHOUSERACE-IL09-26-R,KXHOUSERACE,enter,NO,1.1,0.983,0.0013,,derived(1 - yes_bid),yes
2026-09-25,longshot-fader,KXHOUSERACE-IL13-26-R,KXHOUSERACE,enter,NO,0.81,0.988,0.0007,,derived(1 - yes_bid),yes
2026-09-25,longshot-fader,KXHOUSERACE-IL14-26-R,KXHOUSERACE,enter,NO,1.58,0.988,0.0014,,derived(1 - yes_bid),yes
2026-09-25,longshot-fader,KXHOUSERACE-IN02-26-D,KXHOUSERACE,enter,NO,4.15,0.993,0.0021,,derived(1 - yes_bid),yes
2026-09-25,longshot-fader,KXHOUSERACE-IN03-26-D,KXHOUSERACE,enter,NO,4.21,0.982,0.0053,,derived(1 - yes_bid),yes
2026-09-25,longshot-fader,KXHOUSERACE-IN08-26-D,KXHOUSERACE,enter,NO,7.56,0.989,0.0058,,derived(1 - yes_bid),yes
2026-09-25,longshot-fader,KXHOUSERACE-KY03-26-R,KXHOUSERACE,enter,NO,44.3,0.969,0.0932,,derived(1 - yes_bid),yes
2026-09-25,longshot-fader,KXHOUSERACE-KY05-26-D,KXHOUSERACE,enter,NO,6.33,0.994,0.0027,,derived(1 - yes_bid),yes
2026-09-25,longshot-fader,KXHOUSERACE-LA02-26-R,KXHOUSERACE,enter,NO,0.4,0.998,0.0001,,derived(1 - yes_bid),yes
2026-09-25,longshot-fader,KXHOUSERACE-MA03-26-R,KXHOUSERACE,enter,NO,3.2,0.993,0.0016,,derived(1 - yes_bid),yes
2026-09-25,longshot-fader,KXHOUSERACE-MA05-26-R,KXHOUSERACE,enter,NO,2,0.998,0.0003,,derived(1 - yes_bid),yes
2026-09-25,longshot-fader,KXHOUSERACE-MA06-26-R,KXHOUSERACE,enter,NO,2.2,0.992,0.0013,,derived(1 - yes_bid),yes
2026-09-25,longshot-fader,KXHOUSERACE-MA07-26-R,KXHOUSERACE,enter,NO,0.6,0.998,0.0001,,derived(1 - yes_bid),yes
2026-09-25,longshot-fader,KXHOUSERACE-MA08-26-R,KXHOUSERACE,enter,NO,5.52,0.995,0.002,,derived(1 - yes_bid),yes
2026-09-25,longshot-fader,KXHOUSERACE-MA09-26-R,KXHOUSERACE,enter,NO,2.5,0.997,0.0006,,derived(1 - yes_bid),yes
2026-09-25,longshot-fader,KXHOUSERACE-MD02-26-R,KXHOUSERACE,enter,NO,13.1,0.988,0.0109,,derived(1 - yes_bid),yes
2026-09-25,longshot-fader,KXHOUSERACE-MD04-26-R,KXHOUSERACE,enter,NO,19.6,0.993,0.0096,,derived(1 - yes_bid),yes
2026-09-25,longshot-fader,KXHOUSERACE-MD05-26-R,KXHOUSERACE,enter,NO,0.4,0.989,0.0004,,derived(1 - yes_bid),yes
2026-09-25,longshot-fader,KXHOUSERACE-MD08-26-R,KXHOUSERACE,enter,NO,15.16,0.981,0.0198,,derived(1 - yes_bid),yes
2026-09-25,longshot-fader,KXHOUSERACE-ME01-26-R,KXHOUSERACE,enter,NO,10.5,0.994,0.0044,,derived(1 - yes_bid),yes
2026-09-25,longshot-fader,KXHOUSERACE-MI11-26-R,KXHOUSERACE,enter,NO,0.8,0.989,0.0007,,derived(1 - yes_bid),yes
2026-09-25,longshot-fader,KXHOUSERACE-MO01-26-R,KXHOUSERACE,enter,NO,4.9,0.997,0.0011,,derived(1 - yes_bid),yes
2026-09-25,longshot-fader,KXHOUSERACE-MO06-26-D,KXHOUSERACE,enter,NO,26.39,0.972,0.0503,,derived(1 - yes_bid),yes
2026-09-25,longshot-fader,KXHOUSERACE-MO07-26-D,KXHOUSERACE,enter,NO,2.42,0.987,0.0022,,derived(1 - yes_bid),yes
2026-09-25,longshot-fader,KXHOUSERACE-MO08-26-D,KXHOUSERACE,enter,NO,4.42,0.99,0.0031,,derived(1 - yes_bid),yes
2026-09-25,longshot-fader,KXHOUSERACE-MS01-26-D,KXHOUSERACE,enter,NO,3.5,0.985,0.0037,,derived(1 - yes_bid),yes
2026-09-25,longshot-fader,KXHOUSERACE-MS03-26-D,KXHOUSERACE,enter,NO,4,0.998,0.0006,,derived(1 - yes_bid),yes
2026-09-25,longshot-fader,KXHOUSERACE-NC04-26-R,KXHOUSERACE,enter,NO,1.33,0.987,0.0012,,derived(1 - yes_bid),yes
2026-09-25,longshot-fader,KXHOUSERACE-NC12-26-R,KXHOUSERACE,enter,NO,1,0.987,0.0009,,derived(1 - yes_bid),yes
2026-09-25,longshot-fader,KXHOUSERACE-NE03-26-D,KXHOUSERACE,enter,NO,0.8,0.996,0.0003,,derived(1 - yes_bid),yes
2026-09-25,longshot-fader,KXHOUSERACE-NJ04-26-D,KXHOUSERACE,enter,NO,3,0.988,0.0025,,derived(1 - yes_bid),yes
2026-09-25,longshot-fader,KXHOUSERACE-NJ12-26-R,KXHOUSERACE,enter,NO,3.21,0.973,0.006,,derived(1 - yes_bid),yes
2026-09-25,longshot-fader,KXHOUSERACE-NY07-26-R,KXHOUSERACE,enter,NO,1.8,0.998,0.0003,,derived(1 - yes_bid),yes
2026-09-25,longshot-fader,KXHOUSERACE-NY08-26-R,KXHOUSERACE,enter,NO,0.3,0.997,0.0001,,derived(1 - yes_bid),yes
2026-09-25,longshot-fader,KXHOUSERACE-NY09-26-R,KXHOUSERACE,enter,NO,2.82,0.997,0.0006,,derived(1 - yes_bid),yes
2026-09-25,longshot-fader,KXHOUSERACE-NY10-26-R,KXHOUSERACE,enter,NO,0.11,0.995,0.0001,,derived(1 - yes_bid),yes
2026-09-25,longshot-fader,KXHOUSERACE-NY12-26-R,KXHOUSERACE,enter,NO,5.29,0.998,0.0008,,derived(1 - yes_bid),yes
2026-09-25,longshot-fader,KXHOUSERACE-NY15-26-R,KXHOUSERACE,enter,NO,9.2,0.989,0.0071,,derived(1 - yes_bid),yes
2026-09-25,longshot-fader,KXHOUSERACE-NY16-26-R,KXHOUSERACE,enter,NO,4.38,0.995,0.0016,,derived(1 - yes_bid),yes
2026-09-25,longshot-fader,KXHOUSERACE-NY20-26-R,KXHOUSERACE,enter,NO,1.7,0.973,0.0032,,derived(1 - yes_bid),yes
2026-09-25,longshot-fader,KXHOUSERACE-NY25-26-R,KXHOUSERACE,enter,NO,1.2,0.99,0.0009,,derived(1 - yes_bid),yes
2026-09-25,longshot-fader,KXHOUSERACE-NY26-26-R,KXHOUSERACE,enter,NO,0.4,0.988,0.0004,,derived(1 - yes_bid),yes
2026-09-25,longshot-fader,KXHOUSERACE-OH03-26-R,KXHOUSERACE,enter,NO,9.9,0.991,0.0062,,derived(1 - yes_bid),yes
2026-09-25,longshot-fader,KXHOUSERACE-OK02-26-D,KXHOUSERACE,enter,NO,25.52,0.987,0.023,,derived(1 - yes_bid),yes
2026-09-25,longshot-fader,KXHOUSERACE-OK03-26-D,KXHOUSERACE,enter,NO,6.3,0.996,0.0018,,derived(1 - yes_bid),yes
2026-09-25,longshot-fader,KXHOUSERACE-OR01-26-R,KXHOUSERACE,enter,NO,8,0.993,0.0039,,derived(1 - yes_bid),yes
2026-09-25,longshot-fader,KXHOUSERACE-OR02-26-D,KXHOUSERACE,enter,NO,1.52,0.985,0.0016,,derived(1 - yes_bid),yes
2026-09-25,longshot-fader,KXHOUSERACE-OR03-26-R,KXHOUSERACE,enter,NO,0.1,0.997,0.0001,,derived(1 - yes_bid),yes
2026-09-25,longshot-fader,KXHOUSERACE-PA02-26-R,KXHOUSERACE,enter,NO,0.6,0.997,0.0002,,derived(1 - yes_bid),yes
2026-09-25,longshot-fader,KXHOUSERACE-PA05-26-R,KXHOUSERACE,enter,NO,7.3,0.987,0.0066,,derived(1 - yes_bid),yes
2026-09-25,longshot-fader,KXHOUSERACE-PA06-26-R,KXHOUSERACE,enter,NO,19.42,0.993,0.0095,,derived(1 - yes_bid),yes
2026-09-25,longshot-fader,KXHOUSERACE-PA09-26-D,KXHOUSERACE,enter,NO,1.73,0.977,0.0028,,derived(1 - yes_bid),yes
2026-09-25,longshot-fader,KXHOUSERACE-RI01-26-R,KXHOUSERACE,enter,NO,7.01,0.991,0.0044,,derived(1 - yes_bid),yes
2026-09-25,longshot-fader,KXHOUSERACE-SC03-26-D,KXHOUSERACE,enter,NO,3.5,0.982,0.0044,,derived(1 - yes_bid),yes
2026-09-25,longshot-fader,KXHOUSERACE-TN01-26-D,KXHOUSERACE,enter,NO,0.11,0.988,0.0001,,derived(1 - yes_bid),yes
2026-09-25,longshot-fader,KXHOUSERACE-TN03-26-D,KXHOUSERACE,enter,NO,3.51,0.992,0.002,,derived(1 - yes_bid),yes
2026-09-25,longshot-fader,KXHOUSERACE-TN04-26-D,KXHOUSERACE,enter,NO,73.56,0.985,0.0761,,derived(1 - yes_bid),yes
2026-09-25,longshot-fader,KXHOUSERACE-TX01-26-D,KXHOUSERACE,enter,NO,0.6,0.992,0.0004,,derived(1 - yes_bid),yes
2026-09-25,longshot-fader,KXHOUSERACE-TX04-26-D,KXHOUSERACE,enter,NO,2.68,0.96,0.0073,,derived(1 - yes_bid),yes
2026-09-25,longshot-fader,KXHOUSERACE-TX08-26-D,KXHOUSERACE,enter,NO,5.4,0.985,0.0056,,derived(1 - yes_bid),yes
2026-09-25,longshot-fader,KXHOUSERACE-TX11-26-D,KXHOUSERACE,enter,NO,4.86,0.968,0.0106,,derived(1 - yes_bid),yes
2026-09-25,longshot-fader,KXHOUSERACE-TX13-26-D,KXHOUSERACE,enter,NO,2.81,0.98,0.0039,,derived(1 - yes_bid),yes
2026-09-25,longshot-fader,KXHOUSERACE-TX14-26-D,KXHOUSERACE,enter,NO,2.24,0.989,0.0018,,derived(1 - yes_bid),yes
2026-09-25,longshot-fader,KXHOUSERACE-TX20-26-R,KXHOUSERACE,enter,NO,19.02,0.987,0.0171,,derived(1 - yes_bid),yes
2026-09-25,longshot-fader,KXHOUSERACE-TX26-26-D,KXHOUSERACE,enter,NO,2.23,0.997,0.0005,,derived(1 - yes_bid),yes
2026-09-25,longshot-fader,KXHOUSERACE-TX30-26-R,KXHOUSERACE,enter,NO,8.2,0.996,0.0023,,derived(1 - yes_bid),yes
2026-09-25,longshot-fader,KXHOUSERACE-TX33-26-R,KXHOUSERACE,enter,NO,17.6,0.998,0.0025,,derived(1 - yes_bid),yes
2026-09-25,longshot-fader,KXHOUSERACE-TX36-26-D,KXHOUSERACE,enter,NO,0.6,0.997,0.0002,,derived(1 - yes_bid),yes
2026-09-25,longshot-fader,KXHOUSERACE-TX37-26-R,KXHOUSERACE,enter,NO,7.78,0.972,0.0149,,derived(1 - yes_bid),yes
2026-09-25,longshot-fader,KXHOUSERACE-UT04-26-D,KXHOUSERACE,enter,NO,1.23,0.965,0.003,,derived(1 - yes_bid),yes
2026-09-25,longshot-fader,KXHOUSERACE-VA04-26-R,KXHOUSERACE,enter,NO,24.52,0.986,0.0237,,derived(1 - yes_bid),yes
2026-09-25,longshot-fader,KXHOUSERACE-VA08-26-R,KXHOUSERACE,enter,NO,13.34,0.984,0.0148,,derived(1 - yes_bid),yes
2026-09-25,longshot-fader,KXHOUSERACE-VA11-26-R,KXHOUSERACE,enter,NO,5.5,0.998,0.0008,,derived(1 - yes_bid),yes
2026-09-25,longshot-fader,KXHOUSERACE-WA01-26-R,KXHOUSERACE,enter,NO,1,0.977,0.0016,,derived(1 - yes_bid),yes
2026-09-25,longshot-fader,KXHOUSERACE-WA06-26-R,KXHOUSERACE,enter,NO,1,0.964,0.0025,,derived(1 - yes_bid),yes
2026-09-25,longshot-fader,KXHOUSERACE-WA07-26-R,KXHOUSERACE,enter,NO,3.02,0.997,0.0007,,derived(1 - yes_bid),yes
2026-09-25,longshot-fader,KXHOUSERACE-WA09-26-R,KXHOUSERACE,enter,NO,9.02,0.998,0.0013,,derived(1 - yes_bid),yes
2026-09-25,longshot-fader,KXHOUSERACE-WA10-26-R,KXHOUSERACE,enter,NO,3.26,0.991,0.0021,,derived(1 - yes_bid),yes
2026-09-25,longshot-fader,KXHOUSERACE-WI02-26-R,KXHOUSERACE,enter,NO,7.8,0.998,0.0011,,derived(1 - yes_bid),yes
2026-09-25,longshot-fader,KXHOUSERACE-WI04-26-R,KXHOUSERACE,enter,NO,0.22,0.988,0.0002,,derived(1 - yes_bid),yes
2026-09-25,longshot-fader,KXHOUSERACE-WI05-26-D,KXHOUSERACE,enter,NO,4.3,0.973,0.008,,derived(1 - yes_bid),yes
2026-09-25,longshot-fader,KXHOUSERACE-WI07-26-D,KXHOUSERACE,enter,NO,4.13,0.967,0.0093,,derived(1 - yes_bid),yes
2026-09-25,longshot-fader,KXHOUSERACE-WV02-26-D,KXHOUSERACE,enter,NO,0.2,0.997,0.0001,,derived(1 - yes_bid),yes
2026-09-25,longshot-fader,KXHOUSEUT01-26-R,KXHOUSEUT01,enter,NO,4.8,0.979,0.007,,derived(1 - yes_bid),yes
2026-09-25,longshot-fader,KXHOUSEUT02-26-D,KXHOUSEUT02,enter,NO,7.9,0.989,0.0061,,derived(1 - yes_bid),yes
2026-09-25,longshot-fader,KXHOUSEVA10-26-R,KXHOUSEVA10,enter,NO,0.6,0.997,0.0002,,derived(1 - yes_bid),yes
2026-09-25,longshot-fader,KXHOUSEWA8-26-R,KXHOUSEWA8,enter,NO,0.5,0.98,0.0007,,derived(1 - yes_bid),yes
2026-09-25,longshot-fader,KXHOUSEWINSTATE-PAD-E12,KXHOUSEWINSTATE,enter,NO,10,0.98,0.0138,,derived(1 - yes_bid),yes
2026-09-25,longshot-fader,KXHOUSEWINSTATE-UTD-A2,KXHOUSEWINSTATE,enter,NO,0.5,0.99,0.0004,,derived(1 - yes_bid),yes
2026-09-25,longshot-fader,KXHOUSEWINSTATE-UTD-E0,KXHOUSEWINSTATE,enter,NO,0.5,0.99,0.0004,,derived(1 - yes_bid),yes
2026-09-25,longshot-fader,KXHOUSEWINSTATE-UTD-E2,KXHOUSEWINSTATE,enter,NO,0.5,0.99,0.0004,,derived(1 - yes_bid),yes
2026-09-25,longshot-fader,KXLOCALLAW-CAJEWISH-26OCT01,KXLOCALLAW,enter,NO,144.61,0.98,0.1985,,derived(1 - yes_bid),yes
2026-09-25,longshot-fader,KXLOSEREELECTIONDSEN-2026-2,KXLOSEREELECTIONDSEN,enter,NO,13.79,0.97,0.0281,,derived(1 - yes_bid),yes
2026-09-25,longshot-fader,KXMAMDANIEO-26SEP26-T0,KXMAMDANIEO,enter,NO,292.03,0.99,0.2024,,derived(1 - yes_bid),yes
2026-09-25,longshot-fader,KXMIDTERMMOV-CA48R-P3,KXMIDTERMMOV,enter,NO,0.2,0.99,0.0002,,derived(1 - yes_bid),yes
2026-09-25,longshot-fader,KXMIDTERMMOV-LASENR-P31,KXMIDTERMMOV,enter,NO,2.5,0.997,0.0006,,derived(1 - yes_bid),yes
2026-09-25,longshot-fader,KXMIDTERMMOV-MO05R-P6,KXMIDTERMMOV,enter,NO,0.51,0.995,0.0002,,derived(1 - yes_bid),yes
2026-09-25,longshot-fader,KXMIDTERMMOV-MO05R-P9,KXMIDTERMMOV,enter,NO,0.2,0.958,0.0006,,derived(1 - yes_bid),yes
2026-09-25,longshot-fader,KXMIDTERMVOTETURN-NJSEN-3600000,KXMIDTERMVOTETURN,enter,NO,0.7,0.98,0.001,,derived(1 - yes_bid),yes
2026-09-25,longshot-fader,KXPRESSSECANNOUNCE-26AUG-OCT01,KXPRESSSECANNOUNCE,enter,NO,9.4,0.96,0.0253,,derived(1 - yes_bid),yes
2026-09-25,longshot-fader,KXREDDESTDSEN-27JAN03-GA,KXREDDESTDSEN,enter,NO,684.1,0.99,0.4741,,derived(1 - yes_bid),yes
2026-09-25,longshot-fader,KXREDDESTDSEN-27JAN03-LA,KXREDDESTDSEN,enter,NO,432.5,0.99,0.2998,,derived(1 - yes_bid),yes
2026-09-25,longshot-fader,KXREDDESTDSEN-27JAN03-MI,KXREDDESTDSEN,enter,NO,1007.82,0.99,0.6985,,derived(1 - yes_bid),no
2026-09-25,longshot-fader,KXREDDESTDSEN-27JAN03-MS,KXREDDESTDSEN,enter,NO,30.18,0.97,0.0615,,derived(1 - yes_bid),yes
2026-09-25,longshot-fader,KXREDDESTDSEN-27JAN03-OH,KXREDDESTDSEN,enter,NO,39.98,0.96,0.1075,,derived(1 - yes_bid),yes
2026-09-25,longshot-fader,KXREDISTRICTING-26-NY,KXREDISTRICTING,enter,NO,17.84,0.997,0.0038,,derived(1 - yes_bid),yes
2026-09-25,longshot-fader,KXSENATEREC-26JUN-26NOV01,KXSENATEREC,enter,NO,5.1,0.99,0.0036,,derived(1 - yes_bid),yes
2026-09-25,longshot-fader,KXTHREESTATESEN-26NOV03-FFF,KXTHREESTATESEN,enter,NO,333.1,0.97,0.6786,,derived(1 - yes_bid),yes
2026-09-25,longshot-fader,KXTHREESTATESEN-26NOV03-FTF,KXTHREESTATESEN,enter,NO,114.3,0.98,0.1569,,derived(1 - yes_bid),yes
2026-09-25,longshot-fader,KXTHREESTATESEN-26NOV03-TTF,KXTHREESTATESEN,enter,NO,114.3,0.97,0.2329,,derived(1 - yes_bid),yes
2026-09-25,longshot-fader,KXVOTECOUNTY-GOVPARTYFL26BROWARDDJOL-70,KXVOTECOUNTY,enter,NO,0.5,0.98,0.0007,,derived(1 - yes_bid),yes
2026-09-25,longshot-fader,KXVOTEGENERAL-KXHOUSERACE-MD05-26BJOR-3,KXVOTEGENERAL,enter,NO,100,0.96,0.2688,,derived(1 - yes_bid),yes
2026-09-25,longshot-fader,SENATEWY-26-D,SENATEWY,enter,NO,7.06,0.988,0.0059,,derived(1 - yes_bid),yes
settlement,longshot-fader,KXLOCALLAW-CAJEWISH-26OCT01,KXLOCALLAW,settlement,NO,144.61,1,0,2.8922,official result (no) captured 2026-10-01T13:42:23.96282Z,
settlement,longshot-fader,KXMAMDANIEO-26SEP26-T0,KXMAMDANIEO,settlement,NO,292.03,1,0,2.9203,official result (no) captured 2026-09-27T17:32:06.396749Z,
settlement,longshot-fader,KXPRESSSECANNOUNCE-26AUG-OCT01,KXPRESSSECANNOUNCE,settlement,NO,9.4,1,0,0.376,official result (no) captured 2026-10-01T13:41:33.965467Z,
2026-09-26,longshot-fader,HOUSEIL17-26-R,HOUSEIL17,enter,NO,31.7,0.973,0.0583,,derived(1 - yes_bid),yes
2026-09-26,longshot-fader,KXCLOSESTGOVERNOR-27JAN20-WI,KXCLOSESTGOVERNOR,enter,NO,8.22,0.97,0.0168,,derived(1 - yes_bid),yes
2026-09-26,longshot-fader,KXCLOSESTSENATE-27JAN03-LA,KXCLOSESTSENATE,enter,NO,23.39,0.99,0.0163,,derived(1 - yes_bid),yes
2026-09-26,longshot-fader,KXCLOSESTSENATE-27JAN03-MS,KXCLOSESTSENATE,enter,NO,14.03,0.99,0.0098,,derived(1 - yes_bid),yes
2026-09-26,longshot-fader,KXCONGESTIONEND-27,KXCONGESTIONEND,enter,NO,0.82,0.978,0.0013,,derived(1 - yes_bid),yes
2026-09-26,longshot-fader,KXHOUSERACE-AZ03-26-R,KXHOUSERACE,enter,NO,0.3,0.997,0.0001,,derived(1 - yes_bid),yes
2026-09-26,longshot-fader,KXHOUSERACE-CA51-26-R,KXHOUSERACE,enter,NO,5,0.983,0.0059,,derived(1 - yes_bid),yes
2026-09-26,longshot-fader,KXHOUSERACE-FL24-26-R,KXHOUSERACE,enter,NO,1.1,0.997,0.0003,,derived(1 - yes_bid),yes
2026-09-26,longshot-fader,KXHOUSERACE-ID02-26-D,KXHOUSERACE,enter,NO,4.6,0.973,0.0085,,derived(1 - yes_bid),yes
2026-09-26,longshot-fader,KXHOUSERACE-IL04-26-CGET,KXHOUSERACE,enter,NO,64.17,0.99,0.0445,,derived(1 - yes_bid),yes
2026-09-26,longshot-fader,KXHOUSERACE-IL16-26-D,KXHOUSERACE,enter,NO,43.6,0.997,0.0092,,derived(1 - yes_bid),yes
2026-09-26,longshot-fader,KXHOUSERACE-KY01-26-D,KXHOUSERACE,enter,NO,4.9,0.975,0.0084,,derived(1 - yes_bid),yes
2026-09-26,longshot-fader,KXHOUSERACE-MT02-26-D,KXHOUSERACE,enter,NO,1.1,0.974,0.002,,derived(1 - yes_bid),yes
2026-09-26,longshot-fader,KXHOUSERACE-NJ03-26-R,KXHOUSERACE,enter,NO,5,0.977,0.0079,,derived(1 - yes_bid),yes
2026-09-26,longshot-fader,KXHOUSERACE-NY13-26-R,KXHOUSERACE,enter,NO,5.5,0.997,0.0012,,derived(1 - yes_bid),yes
2026-09-26,longshot-fader,KXHOUSERACE-TX05-26-D,KXHOUSERACE,enter,NO,49.03,0.994,0.0205,,derived(1 - yes_bid),yes
2026-09-26,longshot-fader,KXHOUSERACE-TX25-26-D,KXHOUSERACE,enter,NO,8.5,0.981,0.0111,,derived(1 - yes_bid),yes
2026-09-26,longshot-fader,KXHOUSERACE-TX29-26-R,KXHOUSERACE,enter,NO,70,0.993,0.0341,,derived(1 - yes_bid),yes
2026-09-26,longshot-fader,KXHOUSERACE-WA02-26-R,KXHOUSERACE,enter,NO,5.5,0.984,0.0061,,derived(1 - yes_bid),yes
2026-09-26,longshot-fader,KXHOUSEWINSTATE-ALD-A2,KXHOUSEWINSTATE,enter,NO,0.4,0.99,0.0003,,derived(1 - yes_bid),yes
2026-09-26,longshot-fader,KXMAMDANIEO-26SEP26-T0,KXMAMDANIEO,enter,NO,492.48,0.99,0.3413,,derived(1 - yes_bid),yes
2026-09-26,longshot-fader,KXMIDTERMMOV-MO05R-P3,KXMIDTERMMOV,enter,NO,0.1,0.989,0.0001,,derived(1 - yes_bid),yes
2026-09-26,longshot-fader,KXNUMREDISTRICTING-26NOV03-E10,KXNUMREDISTRICTING,enter,NO,0.2,0.99,0.0002,,derived(1 - yes_bid),yes
2026-09-26,longshot-fader,KXNUMREDISTRICTING-26NOV03-E9,KXNUMREDISTRICTING,enter,NO,0.1,0.99,0.0001,,derived(1 - yes_bid),yes
2026-09-26,longshot-fader,KXPRESSSECANNOUNCE-26AUG-OCT01,KXPRESSSECANNOUNCE,enter,NO,139.81,0.96,0.3759,,derived(1 - yes_bid),yes
2026-09-26,longshot-fader,KXTHREESTATESEN-26NOV03-TFF,KXTHREESTATESEN,enter,NO,167,0.98,0.2292,,derived(1 - yes_bid),yes
2026-09-26,longshot-fader,KXTX23SPECIALDATE-26,KXTX23SPECIALDATE,enter,NO,116.93,0.99,0.0811,,derived(1 - yes_bid),yes
2026-09-26,longshot-fader,KXVOTECOUNTY-GOVPARTYFL26BROWARDDJOL-72,KXVOTECOUNTY,enter,NO,0.5,0.99,0.0004,,derived(1 - yes_bid),yes
2026-09-26,longshot-fader,KXVOTEGENERAL-GOVPARTYWI-26DCRO-58,KXVOTEGENERAL,enter,NO,1,0.97,0.0021,,derived(1 - yes_bid),yes
2026-09-26,longshot-fader,KXVOTEGENERAL-KXHOUSEUT03-26MSTO-4,KXVOTEGENERAL,enter,NO,1.5,0.98,0.0021,,derived(1 - yes_bid),yes
2026-09-26,longshot-fader,KXVOTEGENERAL-KXHOUSEUT03-26MSTO-6,KXVOTEGENERAL,enter,NO,1,0.98,0.0014,,derived(1 - yes_bid),yes
2026-09-26,longshot-fader,KXVOTEGENERAL-SENATEMT26ABAN-30,KXVOTEGENERAL,enter,NO,0.5,0.98,0.0007,,derived(1 - yes_bid),yes
2026-09-26,longshot-fader,KXVOTEGENERAL-SENATEMT26ABAN-35,KXVOTEGENERAL,enter,NO,0.5,0.98,0.0007,,derived(1 - yes_bid),yes
settlement,longshot-fader,KXMAMDANIEO-26SEP26-T0,KXMAMDANIEO,settlement,NO,492.48,1,0,4.9248,official result (no) captured 2026-09-27T17:32:06.396749Z,
settlement,longshot-fader,KXPRESSSECANNOUNCE-26AUG-OCT01,KXPRESSSECANNOUNCE,settlement,NO,139.81,1,0,5.5924,official result (no) captured 2026-10-01T13:41:33.965467Z,
2026-09-27,longshot-fader,HOUSECA41-26-R,HOUSECA41,enter,NO,12.48,0.981,0.0163,,derived(1 - yes_bid),yes
2026-09-27,longshot-fader,KXATTYGENOK-26-D,KXATTYGENOK,enter,NO,8.1,0.965,0.0192,,derived(1 - yes_bid),yes
2026-09-27,longshot-fader,KXCAATTORNEYGENERAL-26-MGAT,KXCAATTORNEYGENERAL,enter,NO,51.59,0.96,0.1387,,derived(1 - yes_bid),yes
2026-09-27,longshot-fader,KXCAGOVLAMAYOR-26NOV-BAS-HIL,KXCAGOVLAMAYOR,enter,NO,31.21,0.99,0.0217,,derived(1 - yes_bid),yes
2026-09-27,longshot-fader,KXCLOSESTGOVERNOR-27JAN20-FL,KXCLOSESTGOVERNOR,enter,NO,40,0.98,0.0549,,derived(1 - yes_bid),yes
2026-09-27,longshot-fader,KXDSENATEWON-26NOV03-AL21,KXDSENATEWON,enter,NO,0.52,0.98,0.0008,,derived(1 - yes_bid),yes
2026-09-27,longshot-fader,KXFLSENGOVCOMBO-26NOV-REPDEM,KXFLSENGOVCOMBO,enter,NO,1.86,0.97,0.0038,,derived(1 - yes_bid),yes
2026-09-27,longshot-fader,KXHOUSERACE-CT04-26-R,KXHOUSERACE,enter,NO,0.11,0.997,0.0001,,derived(1 - yes_bid),yes
2026-09-27,longshot-fader,KXHOUSERACE-LA01-26-D,KXHOUSERACE,enter,NO,45,0.991,0.0281,,derived(1 - yes_bid),yes
2026-09-27,longshot-fader,KXHOUSERACE-LA04-26-D,KXHOUSERACE,enter,NO,26.3,0.984,0.029,,derived(1 - yes_bid),yes
2026-09-27,longshot-fader,KXHOUSERACE-NY06-26-R,KXHOUSERACE,enter,NO,4.9,0.987,0.0045,,derived(1 - yes_bid),yes
2026-09-27,longshot-fader,KXISENATEWON-26NOV03-AL2,KXISENATEWON,enter,NO,461.23,0.97,0.9396,,derived(1 - yes_bid),yes
2026-09-27,longshot-fader,KXMIDTERMMOV-IASENR-P12,KXMIDTERMMOV,enter,NO,0.11,0.989,0.0001,,derived(1 - yes_bid),yes
2026-09-27,longshot-fader,KXMIDTERMMOV-NC11R-P11,KXMIDTERMMOV,enter,NO,20,0.972,0.0382,,derived(1 - yes_bid),yes
2026-09-27,longshot-fader,KXMIDTERMMOV-NCSENR-P3,KXMIDTERMMOV,enter,NO,185.5,0.982,0.2296,,derived(1 - yes_bid),yes
2026-09-27,longshot-fader,KXPRESSSECANNOUNCE-26AUG-OCT01,KXPRESSSECANNOUNCE,enter,NO,31.82,0.96,0.0856,,derived(1 - yes_bid),yes
2026-09-27,longshot-fader,KXRSENATEWON-26NOV03-AL22,KXRSENATEWON,enter,NO,5,0.97,0.0102,,derived(1 - yes_bid),yes
2026-09-27,longshot-fader,KXRSENATEWON-26NOV03-AL23,KXRSENATEWON,enter,NO,440,0.97,0.8963,,derived(1 - yes_bid),yes
2026-09-27,longshot-fader,KXRSENATEWON-26NOV03-AL25,KXRSENATEWON,enter,NO,120,0.97,0.2445,,derived(1 - yes_bid),yes
2026-09-27,longshot-fader,KXSTATELEG-NVSENA26-R,KXSTATELEG,enter,NO,2.5,0.96,0.0068,,derived(1 - yes_bid),yes
2026-09-27,longshot-fader,KXTXSENGOVCOMBO-26NOV-DEMREP,KXTXSENGOVCOMBO,enter,NO,100.8,0.99,0.0699,,derived(1 - yes_bid),yes
2026-09-27,longshot-fader,KXVOTEGENERAL-KXHOUSERACE-NY13-26BCOH-6,KXVOTEGENERAL,enter,NO,10,0.98,0.0138,,derived(1 - yes_bid),yes
settlement,longshot-fader,KXPRESSSECANNOUNCE-26AUG-OCT01,KXPRESSSECANNOUNCE,settlement,NO,31.82,1,0,1.2728,official result (no) captured 2026-10-01T13:41:33.965467Z,
2026-09-28,longshot-fader,GOVPARTYMA-26-R,GOVPARTYMA,enter,NO,1042.15,0.956,3.0686,,derived(1 - yes_bid),no
2026-09-28,longshot-fader,KXALASKAHOUSE-26-MSCH,KXALASKAHOUSE,enter,NO,4.5,0.988,0.0038,,derived(1 - yes_bid),yes
2026-09-28,longshot-fader,KXCLOSESTGOVERNOR-27JAN20-AK,KXCLOSESTGOVERNOR,enter,NO,42.2,0.97,0.086,,derived(1 - yes_bid),yes
2026-09-28,longshot-fader,KXHOUSERACE-AL01-26-D,KXHOUSERACE,enter,NO,4.2,0.977,0.0067,,derived(1 - yes_bid),yes
2026-09-28,longshot-fader,KXHOUSERACE-HI02-26-R,KXHOUSERACE,enter,NO,52.69,0.983,0.0617,,derived(1 - yes_bid),yes
2026-09-28,longshot-fader,KXHOUSERACE-NH02-26-R,KXHOUSERACE,enter,NO,0.5,0.981,0.0007,,derived(1 - yes_bid),yes
2026-09-28,longshot-fader,KXMIDTERMMOV-FLGOVD-P6,KXMIDTERMMOV,enter,NO,88.83,0.973,0.1634,,derived(1 - yes_bid),yes
2026-09-28,longshot-fader,KXMIDTERMMOV-LA04R-P39,KXMIDTERMMOV,enter,NO,40,0.97,0.0815,,derived(1 - yes_bid),yes
2026-09-28,longshot-fader,KXMIDTERMMOV-MNGOVD-P26,KXMIDTERMMOV,enter,NO,1,0.996,0.0003,,derived(1 - yes_bid),yes
2026-09-28,longshot-fader,KXMIDTERMMOV-MNSEND-P21,KXMIDTERMMOV,enter,NO,5.1,0.982,0.0064,,derived(1 - yes_bid),yes
2026-09-28,longshot-fader,KXMIDTERMMOV-OH07R-P10,KXMIDTERMMOV,enter,NO,20,0.987,0.018,,derived(1 - yes_bid),yes
2026-09-28,longshot-fader,KXMIDTERMMOV-OH07R-P13,KXMIDTERMMOV,enter,NO,20.1,0.978,0.0303,,derived(1 - yes_bid),yes
2026-09-28,longshot-fader,KXMIDTERMMOV-TN06R-P28,KXMIDTERMMOV,enter,NO,20,0.997,0.0042,,derived(1 - yes_bid),yes
2026-09-28,longshot-fader,KXMIDTERMMOV-TNGOVR-P27,KXMIDTERMMOV,enter,NO,0.4,0.997,0.0001,,derived(1 - yes_bid),yes
2026-09-28,longshot-fader,KXMUSKCHALLENGERS-26-100,KXMUSKCHALLENGERS,enter,NO,3.03,0.989,0.0024,,derived(1 - yes_bid),yes
2026-09-28,longshot-fader,KXMUSKCHALLENGERS-26-75,KXMUSKCHALLENGERS,enter,NO,1,0.998,0.0002,,derived(1 - yes_bid),yes
2026-09-28,longshot-fader,KXPRESSSECANNOUNCE-26AUG-OCT01,KXPRESSSECANNOUNCE,enter,NO,388.66,0.98,0.5333,,derived(1 - yes_bid),yes
2026-09-28,longshot-fader,KXRICHMONDMAYOR-26OCT17-DCHE,KXRICHMONDMAYOR,enter,NO,0.8,0.99,0.0006,,derived(1 - yes_bid),yes
2026-09-28,longshot-fader,KXRUNBYMIDTERM-26NOV03-JPAU,KXRUNBYMIDTERM,enter,NO,4,0.978,0.0061,,derived(1 - yes_bid),yes
2026-09-28,longshot-fader,KXVOTEGENERAL-GOVPARTYNE-26JPIL-62,KXVOTEGENERAL,enter,NO,0.5,0.97,0.0011,,derived(1 - yes_bid),yes
2026-09-28,longshot-fader,KXVOTEGENERAL-GOVPARTYOK-26MMAZ-62,KXVOTEGENERAL,enter,NO,0.5,0.98,0.0007,,derived(1 - yes_bid),yes
2026-09-28,longshot-fader,KXVOTEGENERAL-GOVPARTYOK-26MMAZ-64,KXVOTEGENERAL,enter,NO,0.5,0.98,0.0007,,derived(1 - yes_bid),yes
2026-09-28,longshot-fader,KXVOTEGENERAL-GOVPARTYOK-26MMAZ-66,KXVOTEGENERAL,enter,NO,0.5,0.98,0.0007,,derived(1 - yes_bid),yes
2026-09-28,longshot-fader,KXVOTEGENERAL-GOVPARTYTN-26MBLA-66,KXVOTEGENERAL,enter,NO,0.5,0.96,0.0014,,derived(1 - yes_bid),yes
2026-09-28,longshot-fader,KXVOTEGENERAL-HOUSECO3-26CBRO-4,KXVOTEGENERAL,enter,NO,0.5,0.98,0.0007,,derived(1 - yes_bid),yes
2026-09-28,longshot-fader,KXVOTEGENERAL-HOUSECO3-26CBRO-5,KXVOTEGENERAL,enter,NO,0.5,0.98,0.0007,,derived(1 - yes_bid),yes
2026-09-28,longshot-fader,KXVOTEGENERAL-HOUSECO3-26CBRO-6,KXVOTEGENERAL,enter,NO,0.5,0.98,0.0007,,derived(1 - yes_bid),yes
2026-09-28,longshot-fader,KXVOTEGENERAL-KXHOUSERACE-CO07-26JKRZ-6,KXVOTEGENERAL,enter,NO,144.05,0.98,0.1977,,derived(1 - yes_bid),yes
2026-09-28,longshot-fader,KXVOTEGENERAL-KXHOUSERACE-NY01-26JMAG-6,KXVOTEGENERAL,enter,NO,10.5,0.98,0.0145,,derived(1 - yes_bid),yes
2026-09-28,longshot-fader,KXVOTEGENERAL-KXHOUSERACE-NY01-26JMAG-7,KXVOTEGENERAL,enter,NO,10.5,0.98,0.0145,,derived(1 - yes_bid),yes
2026-09-28,longshot-fader,KXVOTEGENERAL-KXHOUSERACE-NY10-26NKAN-7,KXVOTEGENERAL,enter,NO,10.5,0.98,0.0145,,derived(1 - yes_bid),yes
2026-09-28,longshot-fader,KXVOTEGENERAL-KXHOUSERACE-VA06-26BCLI-66,KXVOTEGENERAL,enter,NO,0.5,0.97,0.0011,,derived(1 - yes_bid),yes
2026-09-28,longshot-fader,KXVOTEGENERAL-KXHOUSERACE-WA07-26NSHE-18,KXVOTEGENERAL,enter,NO,0.5,0.98,0.0007,,derived(1 - yes_bid),yes
2026-09-28,longshot-fader,KXVOTEGENERAL-KXHOUSERACE-WA07-26PJAY-96,KXVOTEGENERAL,enter,NO,0.5,0.98,0.0007,,derived(1 - yes_bid),yes
2026-09-28,longshot-fader,KXVOTEGENERAL-KXHOUSEUT02-26BMOO-66,KXVOTEGENERAL,enter,NO,0.5,0.98,0.0007,,derived(1 - yes_bid),yes
2026-09-28,longshot-fader,KXVOTEGENERAL-KXHOUSEVA10-26DBEC-46,KXVOTEGENERAL,enter,NO,0.5,0.98,0.0007,,derived(1 - yes_bid),yes
2026-09-28,longshot-fader,KXVOTEGENERAL-SENATENM-26BLUJ-66,KXVOTEGENERAL,enter,NO,0.5,0.97,0.0011,,derived(1 - yes_bid),yes
2026-09-28,longshot-fader,KXVOTEGENERAL-SENATESC-26AAND-52,KXVOTEGENERAL,enter,NO,5.86,0.98,0.0081,,derived(1 - yes_bid),yes
2026-09-28,longshot-fader,SENATEGA-26-R,SENATEGA,enter,NO,1039.98,0.958,2.9292,,derived(1 - yes_bid),no
2026-09-28,longshot-fader,SENATELA-26-D,SENATELA,enter,NO,464.98,0.955,1.3988,,derived(1 - yes_bid),yes
settlement,longshot-fader,KXPRESSSECANNOUNCE-26AUG-OCT01,KXPRESSSECANNOUNCE,settlement,NO,388.66,1,0,7.7732,official result (no) captured 2026-10-01T13:41:33.965467Z,
2026-09-29,longshot-fader,KXATTYGENAR-26-D,KXATTYGENAR,enter,NO,9.74,0.975,0.0167,,derived(1 - yes_bid),yes
2026-09-29,longshot-fader,KXCAELECTION-2612-JJOY,KXCAELECTION,enter,NO,50,0.98,0.0686,,derived(1 - yes_bid),yes
2026-09-29,longshot-fader,KXCLOSESTGOVERNOR-27JAN20-NE,KXCLOSESTGOVERNOR,enter,NO,200,0.99,0.1386,,derived(1 - yes_bid),yes
2026-09-29,longshot-fader,KXHARRISSTATEGOP-26NOV03-AL6,KXHARRISSTATEGOP,enter,NO,6.23,0.98,0.0086,,derived(1 - yes_bid),yes
2026-09-29,longshot-fader,KXHOUSERACE-GA14-26-D,KXHOUSERACE,enter,NO,71.1,0.981,0.0928,,derived(1 - yes_bid),yes
2026-09-29,longshot-fader,KXHOUSERACE-IL15-26-D,KXHOUSERACE,enter,NO,56.92,0.97,0.116,,derived(1 - yes_bid),yes
2026-09-29,longshot-fader,KXHOUSERACE-KS01-26-D,KXHOUSERACE,enter,NO,58.3,0.979,0.084,,derived(1 - yes_bid),yes
2026-09-29,longshot-fader,KXHOUSERACE-OK04-26-D,KXHOUSERACE,enter,NO,30,0.996,0.0084,,derived(1 - yes_bid),yes
2026-09-29,longshot-fader,KXHOUSERACE-PA04-26-R,KXHOUSERACE,enter,NO,60,0.994,0.0251,,derived(1 - yes_bid),yes
2026-09-29,longshot-fader,KXHOUSERACE-VA09-26-D,KXHOUSERACE,enter,NO,30,0.99,0.0208,,derived(1 - yes_bid),yes
2026-09-29,longshot-fader,KXHOUSEWINSTATE-MND-B3,KXHOUSEWINSTATE,enter,NO,35.86,0.97,0.0731,,derived(1 - yes_bid),yes
2026-09-29,longshot-fader,KXIASENGOVCOMBO-26NOV-REPDEM,KXIASENGOVCOMBO,enter,NO,63.54,0.99,0.0441,,derived(1 - yes_bid),yes
2026-09-29,longshot-fader,KXJUSTICEGOV-28-26OCT01,KXJUSTICEGOV,enter,NO,1.1,0.97,0.0023,,derived(1 - yes_bid),yes
2026-09-29,longshot-fader,KXLAHOUSE1R-26NOV03-LA06,KXLAHOUSE1R,enter,NO,310.25,0.96,0.834,,derived(1 - yes_bid),yes
2026-09-29,longshot-fader,KXMARENTCONTROL-26,KXMARENTCONTROL,enter,NO,1.3,0.964,0.0032,,derived(1 - yes_bid),yes
2026-09-29,longshot-fader,KXMIDTERMMOV-GASENR-P2,KXMIDTERMMOV,enter,NO,0.07,0.989,0.0001,,derived(1 - yes_bid),yes
2026-09-29,longshot-fader,KXMINLEAD120-26NOV30-TEMM,KXMINLEAD120,enter,NO,0.1,0.98,0.0002,,derived(1 - yes_bid),yes
2026-09-29,longshot-fader,KXMONTGOMERYCOUNTYJUDGE-26-JGRA,KXMONTGOMERYCOUNTYJUDGE,enter,NO,8.7,0.96,0.0234,,derived(1 - yes_bid),yes
2026-09-29,longshot-fader,KXNUMREDISTRICTING-26NOV03-E11,KXNUMREDISTRICTING,enter,NO,0.9,0.99,0.0007,,derived(1 - yes_bid),yes
2026-09-29,longshot-fader,KXPRESSBRIEFINGCOUNT-26SEP-A3,KXPRESSBRIEFINGCOUNT,enter,NO,89.67,0.99,0.0622,,derived(1 - yes_bid),yes
2026-09-29,longshot-fader,KXPRESSSECANNOUNCE-26AUG-OCT01,KXPRESSSECANNOUNCE,enter,NO,215.95,0.97,0.4399,,derived(1 - yes_bid),yes
2026-09-29,longshot-fader,KXRUNBYMIDTERM-26NOV03-CDES,KXRUNBYMIDTERM,enter,NO,0.35,0.99,0.0003,,derived(1 - yes_bid),yes
2026-09-29,longshot-fader,KXRUNBYMIDTERM-26NOV03-PFIN,KXRUNBYMIDTERM,enter,NO,1.4,0.99,0.001,,derived(1 - yes_bid),yes
2026-09-29,longshot-fader,KXVOTEGENERAL-GOVPARTYME-26BCHA-48,KXVOTEGENERAL,enter,NO,0.5,0.96,0.0014,,derived(1 - yes_bid),yes
2026-09-29,longshot-fader,KXVOTEGENERAL-GOVPARTYRI-26DMCK-52,KXVOTEGENERAL,enter,NO,1.5,0.99,0.0011,,derived(1 - yes_bid),yes
2026-09-29,longshot-fader,KXVOTEGENERAL-GOVPARTYRI-26DMCK-54,KXVOTEGENERAL,enter,NO,1.5,0.99,0.0011,,derived(1 - yes_bid),yes
2026-09-29,longshot-fader,KXVOTEGENERAL-KXCA11PERSON-26CCHA-54,KXVOTEGENERAL,enter,NO,26.6,0.98,0.0365,,derived(1 - yes_bid),yes
2026-09-29,longshot-fader,KXVOTEGENERAL-KXCA11PERSON-26CCHA-56,KXVOTEGENERAL,enter,NO,35.9,0.99,0.0249,,derived(1 - yes_bid),yes
2026-09-29,longshot-fader,KXVOTEGENERAL-KXHOUSERACE-CO07-26JKRZ-4,KXVOTEGENERAL,enter,NO,15.44,0.98,0.0212,,derived(1 - yes_bid),yes
2026-09-29,longshot-fader,KXVOTEGENERAL-KXHOUSEUT01-26ROWE-42,KXVOTEGENERAL,enter,NO,0.5,0.99,0.0004,,derived(1 - yes_bid),yes
settlement,longshot-fader,KXJUSTICEGOV-28-26OCT01,KXJUSTICEGOV,settlement,NO,1.1,1,0,0.033,official result (no) captured 2026-10-01T14:08:13.964489Z,
settlement,longshot-fader,KXPRESSBRIEFINGCOUNT-26SEP-A3,KXPRESSBRIEFINGCOUNT,settlement,NO,89.67,1,0,0.8967,official result (no) captured 2026-10-01T14:10:43.962823Z,
settlement,longshot-fader,KXPRESSSECANNOUNCE-26AUG-OCT01,KXPRESSSECANNOUNCE,settlement,NO,215.95,1,0,6.4785,official result (no) captured 2026-10-01T13:41:33.965467Z,
2026-09-30,longshot-fader,HOUSENH1-26-R,HOUSENH1,enter,NO,180.2,0.976,0.2955,,derived(1 - yes_bid),yes
2026-09-30,longshot-fader,HOUSEPA17-26-R,HOUSEPA17,enter,NO,2.9,0.977,0.0046,,derived(1 - yes_bid),yes
2026-09-30,longshot-fader,KXDHOUSESUPERMAJ-26NOV03-AL290,KXDHOUSESUPERMAJ,enter,NO,829.69,0.97,1.6901,,derived(1 - yes_bid),yes
2026-09-30,longshot-fader,KXHARRISSTATEGOP-26NOV03-E0,KXHARRISSTATEGOP,enter,NO,14.3,0.97,0.0292,,derived(1 - yes_bid),yes
2026-09-30,longshot-fader,KXHARRISSTATEGOP-26NOV03-E5,KXHARRISSTATEGOP,enter,NO,14.3,0.96,0.0385,,derived(1 - yes_bid),yes
2026-09-30,longshot-fader,KXHOUSEWINSTATE-NJD-B8,KXHOUSEWINSTATE,enter,NO,79.24,0.98,0.1088,,derived(1 - yes_bid),yes
2026-09-30,longshot-fader,KXHOUSEWINSTATE-NVD-B2,KXHOUSEWINSTATE,enter,NO,390,0.99,0.2703,,derived(1 - yes_bid),yes
2026-09-30,longshot-fader,KXHOUSEWINSTATE-NVD-E2,KXHOUSEWINSTATE,enter,NO,462.3,0.97,0.9418,,derived(1 - yes_bid),yes
2026-09-30,longshot-fader,KXIDHB932-26-REM700,KXIDHB932,enter,NO,1.09,0.99,0.0008,,derived(1 - yes_bid),yes
2026-09-30,longshot-fader,KXJUSTICEGOV-28-26OCT01,KXJUSTICEGOV,enter,NO,18.2,0.99,0.0127,,derived(1 - yes_bid),yes
2026-09-30,longshot-fader,KXLAHOUSE1R-26NOV03-LA05,KXLAHOUSE1R,enter,NO,2.1,0.96,0.0057,,derived(1 - yes_bid),yes
2026-09-30,longshot-fader,KXLAPRIMARY-05R26-AMAG,KXLAPRIMARY,enter,NO,0.29,0.997,0.0001,,derived(1 - yes_bid),yes
2026-09-30,longshot-fader,KXLOSEREELECTIONDSEN-2026-5,KXLOSEREELECTIONDSEN,enter,NO,9.35,0.993,0.0046,,derived(1 - yes_bid),yes
2026-09-30,longshot-fader,KXMIDTERMMOV-CA34JGOM-P15,KXMIDTERMMOV,enter,NO,13.99,0.99,0.0097,,derived(1 - yes_bid),yes
2026-09-30,longshot-fader,KXMIDTERMMOV-LA05R-P42,KXMIDTERMMOV,enter,NO,20,0.99,0.0139,,derived(1 - yes_bid),yes
2026-09-30,longshot-fader,KXMIDTERMMOV-NH01R-P2,KXMIDTERMMOV,enter,NO,10,0.998,0.0014,,derived(1 - yes_bid),yes
2026-09-30,longshot-fader,KXMIDTERMMOV-SCSENR-P19,KXMIDTERMMOV,enter,NO,28.12,0.989,0.0215,,derived(1 - yes_bid),yes
2026-09-30,longshot-fader,KXPRESSSECANNOUNCE-26AUG-OCT01,KXPRESSSECANNOUNCE,enter,NO,107.49,0.98,0.1475,,derived(1 - yes_bid),yes
2026-09-30,longshot-fader,KXVOTEGENERAL-KXHOUSERACE-LA04-26MJOH-68,KXVOTEGENERAL,enter,NO,0.5,0.97,0.0011,,derived(1 - yes_bid),yes
2026-09-30,longshot-fader,KXVOTEGENERAL-SENATEMS-26CHYD-58,KXVOTEGENERAL,enter,NO,0.5,0.98,0.0007,,derived(1 - yes_bid),yes
settlement,longshot-fader,KXJUSTICEGOV-28-26OCT01,KXJUSTICEGOV,settlement,NO,18.2,1,0,0.182,official result (no) captured 2026-10-01T14:08:13.964489Z,
settlement,longshot-fader,KXPRESSSECANNOUNCE-26AUG-OCT01,KXPRESSSECANNOUNCE,settlement,NO,107.49,1,0,2.1498,official result (no) captured 2026-10-01T13:41:33.965467Z,
2026-10-01,longshot-fader,HOUSEMI3-26-R,HOUSEMI3,enter,NO,1.5,0.985,0.0016,,derived(1 - yes_bid),yes
2026-10-01,longshot-fader,KXCLOSESTGOVERNOR-27JAN20-ME,KXCLOSESTGOVERNOR,enter,NO,7.19,0.998,0.0011,,derived(1 - yes_bid),yes
2026-10-01,longshot-fader,KXHOUSERACE-CA17-26-R,KXHOUSERACE,enter,NO,0.21,0.998,0.0001,,derived(1 - yes_bid),yes
2026-10-01,longshot-fader,KXHOUSERACE-MO03-26-D,KXHOUSERACE,enter,NO,1.8,0.964,0.0044,,derived(1 - yes_bid),yes
2026-10-01,longshot-fader,KXHOUSEWINSTATE-OHD-B4,KXHOUSEWINSTATE,enter,NO,3.75,0.99,0.0026,,derived(1 - yes_bid),yes
2026-10-01,longshot-fader,KXLOSEREELECTIONDSEN-2026-4,KXLOSEREELECTIONDSEN,enter,NO,9.55,0.989,0.0073,,derived(1 - yes_bid),yes
2026-10-01,longshot-fader,KXMAMDANIEO-26OCT03-T0,KXMAMDANIEO,enter,NO,108.18,0.96,0.2908,,derived(1 - yes_bid),yes
2026-10-01,longshot-fader,KXMIDTERMMOV-ORGOVD-P17,KXMIDTERMMOV,enter,NO,18.9,0.987,0.017,,derived(1 - yes_bid),yes
2026-10-01,longshot-fader,KXMIDTERMVOTETURN-TXSEN-11800000,KXMIDTERMVOTETURN,enter,NO,7.1,0.99,0.005,,derived(1 - yes_bid),yes
2026-10-01,longshot-fader,KXREDDESTDSEN-27JAN03-IA,KXREDDESTDSEN,enter,NO,28.86,0.97,0.0588,,derived(1 - yes_bid),yes
2026-10-01,longshot-fader,KXREDISTRICTING-26-AZ,KXREDISTRICTING,enter,NO,0.02,0.99,0.0001,,derived(1 - yes_bid),yes
2026-10-01,longshot-fader,KXREDISTRICTING-26-IL,KXREDISTRICTING,enter,NO,0.06,0.99,0.0001,,derived(1 - yes_bid),yes
2026-10-01,longshot-fader,KXREDISTRICTING-26-IND,KXREDISTRICTING,enter,NO,0.03,0.99,0.0001,,derived(1 - yes_bid),yes
2026-10-01,longshot-fader,KXREDISTRICTING-26-NEBR,KXREDISTRICTING,enter,NO,0.04,0.989,0.0001,,derived(1 - yes_bid),yes
2026-10-01,longshot-fader,KXREDISTRICTING-26-NJ,KXREDISTRICTING,enter,NO,0.06,0.99,0.0001,,derived(1 - yes_bid),yes
2026-10-01,longshot-fader,KXSTATEBALLOTMEASURE-ID-HJR4,KXSTATEBALLOTMEASURE,enter,NO,44.29,0.99,0.0307,,derived(1 - yes_bid),yes
2026-10-01,longshot-fader,KXVOTEGENERAL-GOVAK-26JKRE-54,KXVOTEGENERAL,enter,NO,54.92,0.97,0.1119,,derived(1 - yes_bid),yes
2026-10-01,longshot-fader,KXVOTEGENERAL-GOVPARTYCO-26VMAR-40,KXVOTEGENERAL,enter,NO,0.5,0.96,0.0014,,derived(1 - yes_bid),yes
2026-10-01,longshot-fader,KXVOTEGENERAL-SENATEME-26SCOL-54,KXVOTEGENERAL,enter,NO,0.1,0.97,0.0003,,derived(1 - yes_bid),yes
settlement,longshot-fader,KXMAMDANIEO-26OCT03-T0,KXMAMDANIEO,settlement,NO,108.18,1,0,4.3272,official result (no) captured 2026-10-04T14:31:17.117756Z,
2026-10-02,longshot-fader,GOVPARTYMN-26-R,GOVPARTYMN,enter,NO,334.3,0.956,0.9844,,derived(1 - yes_bid),yes
2026-10-02,longshot-fader,HOUSEVA7-26-R,HOUSEVA7,enter,NO,28.1,0.981,0.0367,,derived(1 - yes_bid),yes
2026-10-02,longshot-fader,KXATTYGENSD-26-D,KXATTYGENSD,enter,NO,411.6,0.988,0.3416,,derived(1 - yes_bid),yes
2026-10-02,longshot-fader,KXATTYGENVT-26-R,KXATTYGENVT,enter,NO,97.6,0.983,0.1142,,derived(1 - yes_bid),yes
2026-10-02,longshot-fader,KXEXITPOLL-WSUBWOM-REP,KXEXITPOLL,enter,NO,0.1,0.99,0.0001,,derived(1 - yes_bid),yes
2026-10-02,longshot-fader,KXFULTONCHAIR-26-ETAT,KXFULTONCHAIR,enter,NO,536.36,0.96,1.4418,,derived(1 - yes_bid),yes
2026-10-02,longshot-fader,KXHOUSERACE-CA01-26-R,KXHOUSERACE,enter,NO,22.1,0.984,0.0244,,derived(1 - yes_bid),yes
2026-10-02,longshot-fader,KXHOUSERACE-CA24-26-R,KXHOUSERACE,enter,NO,49.35,0.988,0.041,,derived(1 - yes_bid),yes
2026-10-02,longshot-fader,KXHOUSERACE-CA50-26-R,KXHOUSERACE,enter,NO,15.9,0.979,0.0229,,derived(1 - yes_bid),yes
2026-10-02,longshot-fader,KXIDHB932-26-W1894,KXIDHB932,enter,NO,0.5,0.99,0.0004,,derived(1 - yes_bid),yes
2026-10-02,longshot-fader,KXLA13-26-CCAR,KXLA13,enter,NO,10,0.99,0.007,,derived(1 - yes_bid),yes
2026-10-02,longshot-fader,KXLA13-26-DKEN,KXLA13,enter,NO,10,0.99,0.007,,derived(1 - yes_bid),yes
2026-10-02,longshot-fader,KXLA13-26-RSAR,KXLA13,enter,NO,10,0.99,0.007,,derived(1 - yes_bid),yes
2026-10-02,longshot-fader,KXMIDTERMVOTETURN-TXSEN-12400000,KXMIDTERMVOTETURN,enter,NO,10.35,0.99,0.0072,,derived(1 - yes_bid),yes
2026-10-02,longshot-fader,KXOHACTONBROWN-26DEC07-AL9,KXOHACTONBROWN,enter,NO,2,0.98,0.0028,,derived(1 - yes_bid),yes
2026-10-02,longshot-fader,KXPRESSBRIEFINGCOUNT-26OCT-A5,KXPRESSBRIEFINGCOUNT,enter,NO,700.06,0.99,0.4852,,derived(1 - yes_bid),yes
2026-10-02,longshot-fader,KXRHOUSEWON-26NOV03-AL222,KXRHOUSEWON,enter,NO,15.61,0.97,0.0318,,derived(1 - yes_bid),yes
2026-10-02,longshot-fader,KXSFD8-26-DPAT,KXSFD8,enter,NO,240,0.98,0.3293,,derived(1 - yes_bid),yes
2026-10-02,longshot-fader,KXSFD8-26-MNGU,KXSFD8,enter,NO,310,0.98,0.4254,,derived(1 - yes_bid),yes
2026-10-02,longshot-fader,KXSFD8-26-MYEK,KXSFD8,enter,NO,320.9,0.99,0.2224,,derived(1 - yes_bid),yes
2026-10-02,longshot-fader,SENATENC-26-R,SENATENC,enter,NO,1043.89,0.953,3.273,,derived(1 - yes_bid),no
2026-10-03,longshot-fader,GOVPARTYNY-26-R,GOVPARTYNY,enter,NO,1043,0.953,3.2702,,derived(1 - yes_bid),no
2026-10-03,longshot-fader,KXATTYGENMD-26-R,KXATTYGENMD,enter,NO,178.2,0.983,0.2085,,derived(1 - yes_bid),yes
2026-10-03,longshot-fader,KXATTYGENNY-26-R,KXATTYGENNY,enter,NO,124.41,0.959,0.3425,,derived(1 - yes_bid),yes
2026-10-03,longshot-fader,KXBEXARCOUNTYJUDGE-26-PVON,KXBEXARCOUNTYJUDGE,enter,NO,185.9,0.96,0.4997,,derived(1 - yes_bid),yes
2026-10-03,longshot-fader,KXCLOSESTGOVERNOR-27JAN20-MI,KXCLOSESTGOVERNOR,enter,NO,0.75,0.967,0.0017,,derived(1 - yes_bid),yes
2026-10-03,longshot-fader,KXCLOSESTGOVERNOR-27JAN20-MN,KXCLOSESTGOVERNOR,enter,NO,9.5,0.998,0.0014,,derived(1 - yes_bid),yes
2026-10-03,longshot-fader,KXCLOSESTGOVERNOR-27JAN20-NH,KXCLOSESTGOVERNOR,enter,NO,8,0.996,0.0023,,derived(1 - yes_bid),yes
2026-10-03,longshot-fader,KXCLOSESTGOVERNOR-27JAN20-NM,KXCLOSESTGOVERNOR,enter,NO,4.2,0.998,0.0006,,derived(1 - yes_bid),yes
2026-10-03,longshot-fader,KXGOVAK-26-ACRU,KXGOVAK,enter,NO,79.97,0.999,0.0056,,derived(1 - yes_bid),yes
2026-10-03,longshot-fader,KXHOUSERACE-TN07-26-D,KXHOUSERACE,enter,NO,10.8,0.978,0.0163,,derived(1 - yes_bid),yes
2026-10-03,longshot-fader,KXHOUSERACE-TX06-26-D,KXHOUSERACE,enter,NO,27.26,0.997,0.0058,,derived(1 - yes_bid),yes
2026-10-03,longshot-fader,KXHOUSEWINSTATE-LAD-A2,KXHOUSEWINSTATE,enter,NO,1.56,0.98,0.0022,,derived(1 - yes_bid),yes
2026-10-03,longshot-fader,KXHOUSEWINSTATE-MND-A5,KXHOUSEWINSTATE,enter,NO,334.44,0.96,0.899,,derived(1 - yes_bid),yes
2026-10-03,longshot-fader,KXHOUSEWINSTATE-MND-E3,KXHOUSEWINSTATE,enter,NO,377.93,0.98,0.5186,,derived(1 - yes_bid),yes
2026-10-03,longshot-fader,KXLOSEREELECTIONGOV-2026-0,KXLOSEREELECTIONGOV,enter,NO,1,0.999,0.0001,,derived(1 - yes_bid),yes
2026-10-03,longshot-fader,KXOHACTONBROWN-26DEC07-R6,KXOHACTONBROWN,enter,NO,32.7,0.97,0.0667,,derived(1 - yes_bid),yes
2026-10-03,longshot-fader,KXPRESSBRIEFINGCOUNT-26OCT-A4,KXPRESSBRIEFINGCOUNT,enter,NO,54.28,0.98,0.0745,,derived(1 - yes_bid),yes
2026-10-03,longshot-fader,KXREDISTRICTING-26-MN,KXREDISTRICTING,enter,NO,9.9,0.99,0.0069,,derived(1 - yes_bid),yes
2026-10-03,longshot-fader,KXSUNNYSIDE-26SEP-27JUL01,KXSUNNYSIDE,enter,NO,20,0.97,0.0408,,derived(1 - yes_bid),yes
2026-10-03,longshot-fader,KXVOTEGENERAL-KXHOUSERACE-UT04-26JGOT-2,KXVOTEGENERAL,enter,NO,0.5,0.96,0.0014,,derived(1 - yes_bid),yes
2026-10-04,longshot-fader,HOUSECA27-26-R,HOUSECA27,enter,NO,16.4,0.969,0.0345,,derived(1 - yes_bid),yes
2026-10-04,longshot-fader,HOUSECA49-26-R,HOUSECA49,enter,NO,1.5,0.989,0.0012,,derived(1 - yes_bid),yes
2026-10-04,longshot-fader,HOUSEFL23-26-R,HOUSEFL23,enter,NO,15,0.97,0.0306,,derived(1 - yes_bid),yes
2026-10-04,longshot-fader,KXATTYGENCT-26-R,KXATTYGENCT,enter,NO,4.6,0.979,0.0067,,derived(1 - yes_bid),yes
2026-10-04,longshot-fader,KXATTYGENMA-26-R,KXATTYGENMA,enter,NO,4.3,0.978,0.0065,,derived(1 - yes_bid),yes
2026-10-04,longshot-fader,KXDHOUSESEATS-27-220,KXDHOUSESEATS,enter,NO,296.3,0.958,0.8346,,derived(1 - yes_bid),yes
2026-10-04,longshot-fader,KXFIVESTATESEN-26NOV03-FFFFF,KXFIVESTATESEN,enter,NO,0.5,0.99,0.0004,,derived(1 - yes_bid),yes
2026-10-04,longshot-fader,KXHOUSERACE-NM01-26-R,KXHOUSERACE,enter,NO,12,0.997,0.0026,,derived(1 - yes_bid),yes
2026-10-04,longshot-fader,KXKSSENGOVCOMBO-26NOV-DEMREP,KXKSSENGOVCOMBO,enter,NO,8.1,0.99,0.0057,,derived(1 - yes_bid),yes
2026-10-04,longshot-fader,KXMIDTERMMOV-IAGOVR-P9,KXMIDTERMMOV,enter,NO,46.88,0.98,0.0644,,derived(1 - yes_bid),yes
2026-10-04,longshot-fader,KXMIDTERMMOV-ORGOVD-P14,KXMIDTERMMOV,enter,NO,2.63,0.979,0.0038,,derived(1 - yes_bid),yes
2026-10-04,longshot-fader,KXOHACTONBROWN-26DEC07-R-200,KXOHACTONBROWN,enter,NO,0.7,0.98,0.001,,derived(1 - yes_bid),yes
2026-10-04,longshot-fader,KXOHACTONBROWN-26DEC07-R-8.99,KXOHACTONBROWN,enter,NO,0.7,0.98,0.001,,derived(1 - yes_bid),yes
2026-10-04,longshot-fader,KXRSENATEWON-26NOV03-AL26,KXRSENATEWON,enter,NO,0.1,0.97,0.0003,,derived(1 - yes_bid),yes
2026-10-04,longshot-fader,KXTXRAILROADCOMBO-26NOV03-JRKP,KXTXRAILROADCOMBO,enter,NO,2.34,0.98,0.0033,,derived(1 - yes_bid),yes
2026-10-04,longshot-fader,KXVOTECOUNTY-SENATEIA26JOHNSONJTUR-78,KXVOTECOUNTY,enter,NO,9.39,0.98,0.0129,,derived(1 - yes_bid),yes
2026-10-05,longshot-fader,HOUSENV1-26-R,HOUSENV1,enter,NO,1.6,0.991,0.001,,derived(1 - yes_bid),yes
2026-10-05,longshot-fader,HOUSEOR5-26-R,HOUSEOR5,enter,NO,0.5,0.992,0.0003,,derived(1 - yes_bid),yes
2026-10-05,longshot-fader,KXATTYGENCO-26-R,KXATTYGENCO,enter,NO,430.26,0.974,0.7628,,derived(1 - yes_bid),yes
2026-10-05,longshot-fader,KXATTYGENDE-26-R,KXATTYGENDE,enter,NO,254.6,0.986,0.2461,,derived(1 - yes_bid),yes
2026-10-05,longshot-fader,KXCAHOUSEDEM-26NOV03-E44,KXCAHOUSEDEM,enter,NO,4.1,0.999,0.0003,,derived(1 - yes_bid),yes
2026-10-05,longshot-fader,KXHOUSERACE-MN06-26-D,KXHOUSERACE,enter,NO,166.3,0.965,0.3932,,derived(1 - yes_bid),yes
2026-10-05,longshot-fader,KXMIDTERMMOV-ALSENR-P27,KXMIDTERMMOV,enter,NO,0.3,0.999,0.0001,,derived(1 - yes_bid),yes
2026-10-05,longshot-fader,KXMIDTERMMOV-MNSEND-P19,KXMIDTERMMOV,enter,NO,10.02,0.999,0.0008,,derived(1 - yes_bid),yes
2026-10-05,longshot-fader,KXMIDTERMMOV-NV02R-P19,KXMIDTERMMOV,enter,NO,3.93,0.999,0.0003,,derived(1 - yes_bid),yes
2026-10-05,longshot-fader,KXMIDTERMMOV-TXSENR-P11,KXMIDTERMMOV,enter,NO,1.9,0.974,0.0034,,derived(1 - yes_bid),yes
2026-10-05,longshot-fader,KXMIDTERMVOTETURN-MA02-290000,KXMIDTERMVOTETURN,enter,NO,20,0.99,0.0139,,derived(1 - yes_bid),yes
2026-10-05,longshot-fader,KXMIDTERMVOTETURN-MA02-300000,KXMIDTERMVOTETURN,enter,NO,20,0.99,0.0139,,derived(1 - yes_bid),yes
2026-10-05,longshot-fader,KXMIDTERMVOTETURN-MA05-280000,KXMIDTERMVOTETURN,enter,NO,61.5,0.98,0.0844,,derived(1 - yes_bid),yes
2026-10-05,longshot-fader,KXMIDTERMVOTETURN-MA05-290000,KXMIDTERMVOTETURN,enter,NO,20,0.98,0.0275,,derived(1 - yes_bid),yes
2026-10-05,longshot-fader,KXNHSENGOVCOMBO-26NOV-DEMDEM,KXNHSENGOVCOMBO,enter,NO,0.5,0.97,0.0011,,derived(1 - yes_bid),yes
2026-10-05,longshot-fader,KXUSVIGOV-26-ADON,KXUSVIGOV,enter,NO,6.33,0.99,0.0044,,derived(1 - yes_bid),yes
2026-10-05,longshot-fader,KXVOTEGENERAL-GOVPARTYTN-26MBLA-62,KXVOTEGENERAL,enter,NO,22.3,0.98,0.0306,,derived(1 - yes_bid),yes
2026-10-05,longshot-fader,KXVOTEGENERAL-KXHOUSERACE-TX23-26BHER-58,KXVOTEGENERAL,enter,NO,20.71,0.97,0.0422,,derived(1 - yes_bid),yes
2026-10-05,longshot-fader,KXVOTEGENERAL-KXHOUSERACE-WA05-26MBAU-62,KXVOTEGENERAL,enter,NO,0.5,0.99,0.0004,,derived(1 - yes_bid),yes
2026-10-05,longshot-fader,KXVOTEGENERAL-SENATEOHS-26SBRO-56,KXVOTEGENERAL,enter,NO,0.3,0.97,0.0007,,derived(1 - yes_bid),yes
2026-10-05,longshot-fader,KXVOTEGENERAL-SENATETX-26JTAL-56,KXVOTEGENERAL,enter,NO,1.55,0.97,0.0032,,derived(1 - yes_bid),yes
2026-10-05,longshot-fader,RSENATESEATS-27-E52,RSENATESEATS,enter,NO,1036.17,0.96,2.7853,,derived(1 - yes_bid),no
2026-10-06,longshot-fader,KXATTYGENNM-26-R,KXATTYGENNM,enter,NO,53.1,0.965,0.1256,,derived(1 - yes_bid),yes
2026-10-06,longshot-fader,KXATTYGENRI-26-R,KXATTYGENRI,enter,NO,926.6,0.982,1.1466,,derived(1 - yes_bid),yes
2026-10-06,longshot-fader,KXHOUSEPOPVOTEMARGIND-26NOV03-AL14,KXHOUSEPOPVOTEMARGIND,enter,NO,0.02,0.98,0.0001,,derived(1 - yes_bid),yes
2026-10-06,longshot-fader,KXHOUSERACE-AZ09-26-D,KXHOUSERACE,enter,NO,1,0.966,0.0023,,derived(1 - yes_bid),yes
2026-10-06,longshot-fader,KXHOUSERACE-CA23-26-D,KXHOUSERACE,enter,NO,6.3,0.968,0.0137,,derived(1 - yes_bid),yes
2026-10-06,longshot-fader,KXHOUSERACE-IL04-26-R,KXHOUSERACE,enter,NO,14.2,0.991,0.0089,,derived(1 - yes_bid),yes
2026-10-06,longshot-fader,KXHOUSERACE-NY14-26-R,KXHOUSERACE,enter,NO,17.8,0.984,0.0197,,derived(1 - yes_bid),yes
2026-10-06,longshot-fader,KXHOUSERACE-NY24-26-D,KXHOUSERACE,enter,NO,14.53,0.967,0.0325,,derived(1 - yes_bid),yes
2026-10-06,longshot-fader,KXHOUSERACE-OK01-26-D,KXHOUSERACE,enter,NO,50,0.987,0.045,,derived(1 - yes_bid),yes
2026-10-06,longshot-fader,KXMIDTERMMOV-CA11CCHA-P4,KXMIDTERMMOV,enter,NO,20.5,0.998,0.0029,,derived(1 - yes_bid),yes
2026-10-06,longshot-fader,KXMIDTERMMOV-WA05R-P20,KXMIDTERMMOV,enter,NO,0.4,0.988,0.0004,,derived(1 - yes_bid),yes
2026-10-07,longshot-fader,HOUSECA21-26-R,HOUSECA21,enter,NO,27.37,0.951,0.0893,,derived(1 - yes_bid),yes
2026-10-07,longshot-fader,HOUSENY18-26-R,HOUSENY18,enter,NO,6,0.96,0.0162,,derived(1 - yes_bid),yes
2026-10-07,longshot-fader,KXCAHOUSEDEM-26NOV03-B44,KXCAHOUSEDEM,enter,NO,1,0.999,0.0001,,derived(1 - yes_bid),yes
2026-10-07,longshot-fader,KXDCCCCHAIR-27MAR02-SDAV,KXDCCCCHAIR,enter,NO,15.27,0.99,0.0106,,derived(1 - yes_bid),yes
2026-10-07,longshot-fader,KXGOPTRIFECTA-26NOV03-PA,KXGOPTRIFECTA,enter,NO,20,0.99,0.0139,,derived(1 - yes_bid),yes
2026-10-07,longshot-fader,KXHOUSERACE-CA25-26-R,KXHOUSERACE,enter,NO,5,0.995,0.0018,,derived(1 - yes_bid),yes
2026-10-07,longshot-fader,KXHOUSERACE-KY02-26-D,KXHOUSERACE,enter,NO,6.5,0.975,0.0111,,derived(1 - yes_bid),yes
2026-10-07,longshot-fader,KXHOUSEWINSTATE-ALD-E0,KXHOUSEWINSTATE,enter,NO,3.5,0.98,0.0049,,derived(1 - yes_bid),yes
2026-10-07,longshot-fader,KXHOUSEWINSTATE-NYD-E22,KXHOUSEWINSTATE,enter,NO,60,0.97,0.1223,,derived(1 - yes_bid),yes
2026-10-07,longshot-fader,KXHOUSEWINSTATE-TND-A2,KXHOUSEWINSTATE,enter,NO,1,0.99,0.0007,,derived(1 - yes_bid),yes
2026-10-07,longshot-fader,KXHOUSEWINSTATE-TND-E2,KXHOUSEWINSTATE,enter,NO,1,0.98,0.0014,,derived(1 - yes_bid),yes
2026-10-07,longshot-fader,KXLAPRIMARY-04D26-MGRO,KXLAPRIMARY,enter,NO,2.34,0.996,0.0007,,derived(1 - yes_bid),yes
2026-10-07,longshot-fader,KXLASHERIFF-26-AVIL,KXLASHERIFF,enter,NO,27,0.99,0.0188,,derived(1 - yes_bid),yes
2026-10-07,longshot-fader,KXMIDTERMMOV-GASEND-P18,KXMIDTERMMOV,enter,NO,0.72,0.98,0.001,,derived(1 - yes_bid),yes
2026-10-07,longshot-fader,KXMIDTERMMOV-LA04R-P45,KXMIDTERMMOV,enter,NO,20,0.99,0.0139,,derived(1 - yes_bid),yes
2026-10-07,longshot-fader,KXMIDTERMMOV-MI01R-P25,KXMIDTERMMOV,enter,NO,6.4,0.977,0.0101,,derived(1 - yes_bid),yes
2026-10-07,longshot-fader,KXMIDTERMMOV-OHGOVR-P9,KXMIDTERMMOV,enter,NO,2.85,0.978,0.0043,,derived(1 - yes_bid),yes
2026-10-07,longshot-fader,KXTRUMPBEARCASECOMBO-27DEC-26,KXTRUMPBEARCASECOMBO,enter,NO,48.73,0.958,0.1373,,derived(1 - yes_bid),yes
2026-10-07,longshot-fader,KXVOTEGENERAL-GOVPARTYCT-26RFAZ-44,KXVOTEGENERAL,enter,NO,1.5,0.96,0.0041,,derived(1 - yes_bid),yes
2026-10-07,longshot-fader,KXVOTEGENERAL-GOVPARTYCT-26RFAZ-46,KXVOTEGENERAL,enter,NO,0.5,0.96,0.0014,,derived(1 - yes_bid),yes
2026-10-07,longshot-fader,KXVOTEGENERAL-KXHOUSERACE-LA03-26CHIG-70,KXVOTEGENERAL,enter,NO,0.1,0.98,0.0002,,derived(1 - yes_bid),yes
