date,kind,key,detail,value,usable_that_day,note
2026-09-19,poll,cnn-ssrs-2026-09-me-senate,U.S. Senate — Maine CNN Poll conducted by SSRS,0.6608,no,margin 3pp -> logistic k=4.5; ticket SENATEME-26-D
2026-09-19,poll,cnn-ssrs-2026-09-mi-senate,U.S. Senate — Michigan (open seat) CNN Poll conducted by SSRS,0.6608,no,margin 3pp -> logistic k=4.5; ticket SENATEMI-26-D
2026-09-19,poll,emerson-2026-09-mi-senate,U.S. Senate — Michigan (open seat) Emerson College Polling / Nexstar Media,0.6093,no,margin 2pp -> logistic k=4.5; ticket SENATEMI-26-D
2026-09-19,poll,emerson-2026-09-tx-senate,U.S. Senate — Texas (open seat) Emerson College Polling / Nexstar Media,0.5553,no,margin 1pp -> logistic k=4.5; ticket SENATETX-26-D
2026-09-19,poll,emerson-2026-09-ia-senate,U.S. Senate — Iowa (open seat) Emerson College Polling / Nexstar Media,0.2477,no,margin -5pp -> logistic k=4.5; ticket SENATEIA-26-D
2026-09-19,poll,reconmr-siena-2026-09-tx-senate,U.S. Senate — Texas (open seat) Texas Poll — ReconMR fieldwork (released via Siena Research Institute),0.7914,no,margin 6pp -> logistic k=4.5; ticket SENATETX-26-D
2026-09-19,poll,suffolk-2026-08-ia-senate,U.S. Senate — Iowa (open seat) Suffolk University Political Research Center (SUPRC),0.2913,no,margin -4pp -> logistic k=4.5; ticket SENATEIA-26-D
2026-09-19,poll,npi-2026-08-az-governor,Governor — Arizona Noble Predictive Insights — Arizona Public Opinion Pulse (AZPOP),0.9473,no,margin 13pp -> logistic k=4.5; ticket GOVPARTYAZ-26-D
2026-09-19,poll,fm-2026-08-pa-governor,Governor — Pennsylvania Franklin & Marshall College Poll,0.9961,no,margin 25pp -> logistic k=4.5; ticket GOVPARTYPA-26-D
2026-09-19,poll,elon-2026-09-nc-senate,U.S. Senate — North Carolina Elon University Poll (fielded by YouGov),0.9202,no,margin 11pp -> logistic k=4.5; ticket SENATENC-26-D
2026-09-19,poll,hpu-2026-04-nc-senate,U.S. Senate — North Carolina HPU Poll 120 — High Point University Survey Research Center (fielded by YouGov),0.8554,no,margin 8pp -> logistic k=4.5; ticket SENATENC-26-D
2026-09-19,poll,hpu-2026-08-nc-senate,U.S. Senate — North Carolina HPU Poll 126 — High Point University Survey Research Center (fielded by YouGov),0.7523,no,margin 5pp -> logistic k=4.5; ticket SENATENC-26-D
2026-09-19,poll,stetson-2026-04-fl-governor,Governor — Florida Stetson University Center for Public Opinion Research (CPOR) — Spring 2026 Survey,0.1743,no,margin -7pp -> logistic k=4.5; ticket GOVPARTYFL-26-D
2026-09-19,poll,ppp-2026-07-nc-senate,U.S. Senate — North Carolina Public Policy Polling (PPP),0.7087,no,margin 4pp -> logistic k=4.5; ticket SENATENC-26-D
2026-09-19,poll,unf-2026-07-fl-governor,Governor — Florida University of North Florida Public Opinion Research Lab,0.2477,no,margin -5pp -> logistic k=4.5; ticket GOVPARTYFL-26-D
2026-09-19,poll,unf-2026-07-fl-senate,U.S. Senate — Florida (special) University of North Florida Public Opinion Research Lab,0.1446,no,margin -8pp -> logistic k=4.5; ticket SENATEFLS-26-D
2026-09-19,poll,rasmussen-2026-09-ga-governor,Governor — Georgia Rasmussen Reports (field work by Pulse Opinion Research),0.3392,no,margin -3pp -> logistic k=4.5; ticket GOVPARTYGA-26-D
2026-09-19,poll,rasmussen-2026-09-ga-senate,U.S. Senate — Georgia Rasmussen Reports (field work by Pulse Opinion Research),0.8808,no,margin 9pp -> logistic k=4.5; ticket SENATEGA-26-D
2026-09-19,poll,rasmussen-2026-09-sc-senate,U.S. Senate — South Carolina (special) Rasmussen Reports (field work by Pulse Opinion Research),0.2477,no,margin -5pp -> logistic k=4.5; ticket SENATESC-26-D
2026-09-19,rating,AK,Toss Up / Tilt R,0.25-0.65,no,ticket SENATEAK-26-D
2026-09-19,rating,IA,Toss Up / Tilt R,0.25-0.65,no,ticket SENATEIA-26-D
2026-09-19,rating,ME,Toss Up / Toss-up,0.35-0.65,no,ticket SENATEME-26-D
2026-09-19,rating,MI,Toss Up / Toss-up,0.35-0.65,no,ticket SENATEMI-26-D
2026-09-19,rating,NH,Toss Up / Toss-up,0.35-0.65,no,ticket SENATENH-26-D
2026-09-19,rating,OH,Toss Up / Toss-up,0.35-0.65,no,ticket SENATEOHS-26-D
2026-09-19,rating,TX,Toss Up / Lean R,0.2-0.65,no,ticket SENATETX-26-D
2026-09-19,rating,GA,Lean D / Tilt D,0.55-0.8,no,ticket SENATEGA-26-D
2026-09-19,rating,NC,Lean D / Tilt D,0.55-0.8,no,ticket SENATENC-26-D
2026-09-19,rating,MN,Likely D / Likely D,0.75-0.92,no,ticket SENATEMN-26-D
2026-09-19,rating,KS,Likely R / Likely R,0.08-0.25,no,ticket SENATEKS-26-D
2026-09-19,rating,SC,Solid R / Likely R,0-0.25,no,ticket SENATESC-26-D
2026-09-19,crosslayer,SENATE-CONTROL-2026,metaculus 0.517,0.517,no,ticket CONTROLS-2026-D snapshotMid 0.595
2026-09-19,crosslayer,HOUSE-CONTROL-2026,metaculus 0.888,0.888,no,ticket CONTROLH-2026-D snapshotMid 0.895
2026-09-19,crosslayer,HOUSE-CONTROL-2026,metaculus 0.888,0.888,no,ticket CONTROLH-2026-D snapshotMid 0.9015
2026-09-19,crosslayer,GOVERNOR-HI-2026,metaculus 0.98,0.98,no,ticket GOVPARTYHI-26-D snapshotMid 0.974
2026-09-19,crosslayer,GOVERNOR-NM-2026,metaculus 0.922,0.922,no,ticket GOVPARTYNM-26-D snapshotMid 0.9255
2026-09-19,crosslayer,GOVERNOR-OR-2026,metaculus 0.88,0.88,no,ticket GOVPARTYOR-26-D snapshotMid 0.845
2026-09-19,crosslayer,GOVERNOR-MI-2026,metaculus 0.85,0.85,no,ticket GOVPARTYMI-26-D snapshotMid 0.915
2026-09-19,crosslayer,SENATE-MT-2026,metaculus 0.01,0.01,no,ticket SENATEMT-26-D snapshotMid 0.0075
2026-09-19,crosslayer,SENATE-NE-2026,metaculus 0.001,0.001,no,ticket SENATENE-26-D snapshotMid 0.0005
2026-09-19,crosslayer,SENATE-RI-2026,metaculus 0.99,0.99,no,ticket SENATERI-26-D snapshotMid 0.979
2026-09-19,crosslayer,SENATE-OR-2026,metaculus 0.99,0.99,no,ticket SENATEOR-26-D snapshotMid 0.977
2026-09-19,crosslayer,SENATE-CO-2026,metaculus 0.98,0.98,no,ticket SENATECO-26-D snapshotMid 0.9725
2026-09-19,crosslayer,SENATE-MN-2026,metaculus 0.92,0.92,no,ticket SENATEMN-26-D snapshotMid 0.9035
2026-09-19,crosslayer,SENATE-AK-2026,metaculus 0.54,0.54,no,ticket SENATEAK-26-D snapshotMid 0.695
2026-09-19,crosslayer,SENATE-CONTROL-2026,metaculus 0.5,0.5,no,ticket CONTROLS-2026-D snapshotMid 0.605
2026-09-19,crosslayer,HOUSE-CONTROL-2026,metaculus 0.9,0.9,no,ticket CONTROLH-2026-D snapshotMid 0.9085
2026-09-19,crosslayer,SENATE-RI-2026,metaculus 0.99,0.99,no,ticket SENATERI-26-D snapshotMid 0.982
2026-09-19,crosslayer,SENATE-OR-2026,metaculus 0.99,0.99,no,ticket SENATEOR-26-D snapshotMid 0.977
2026-09-19,crosslayer,SENATE-CO-2026,metaculus 0.98,0.98,no,ticket SENATECO-26-D snapshotMid 0.973
2026-09-19,crosslayer,SENATE-MN-2026,metaculus 0.93,0.93,no,ticket SENATEMN-26-D snapshotMid 0.902
2026-09-19,crosslayer,GOVERNOR-HI-2026,metaculus 0.98,0.98,no,ticket GOVPARTYHI-26-D snapshotMid 0.974
2026-09-19,crosslayer,GOVERNOR-NM-2026,metaculus 0.922,0.922,no,ticket GOVPARTYNM-26-D snapshotMid 0.928
2026-09-19,crosslayer,GOVERNOR-OR-2026,metaculus 0.88,0.88,no,ticket GOVPARTYOR-26-D snapshotMid 0.86
2026-09-19,crosslayer,GOVERNOR-MI-2026,metaculus 0.85,0.85,no,ticket GOVPARTYMI-26-D snapshotMid 0.9165
2026-09-19,crosslayer,SENATE-AK-2026,metaculus 0.54,0.54,no,ticket SENATEAK-26-D snapshotMid 0.705
2026-09-19,crosslayer,SENATE-MT-2026,metaculus 0.01,0.01,no,ticket SENATEMT-26-D snapshotMid 0.01
2026-09-19,crosslayer,SENATE-NE-2026,metaculus 0.001,0.001,no,ticket SENATENE-26-D snapshotMid 0.0025
2026-09-19,crosslayer,SENATE-CONTROL-2026,metaculus 0.512,0.512,no,ticket CONTROLS-2026-D snapshotMid 0.605
2026-09-19,crosslayer,HOUSE-CONTROL-2026,metaculus 0.908,0.908,no,ticket CONTROLH-2026-D snapshotMid 0.9065
2026-09-19,crosslayer,SENATE-RI-2026,metaculus 0.99,0.99,no,ticket SENATERI-26-D snapshotMid 0.9825
2026-09-19,crosslayer,SENATE-OR-2026,metaculus 0.99,0.99,no,ticket SENATEOR-26-D snapshotMid 0.977
2026-09-19,crosslayer,SENATE-CO-2026,metaculus 0.98,0.98,no,ticket SENATECO-26-D snapshotMid 0.973
2026-09-19,crosslayer,SENATE-MN-2026,metaculus 0.93,0.93,no,ticket SENATEMN-26-D snapshotMid 0.905
2026-09-19,crosslayer,GOVERNOR-HI-2026,metaculus 0.98,0.98,no,ticket GOVPARTYHI-26-D snapshotMid 0.974
2026-09-19,crosslayer,GOVERNOR-NM-2026,metaculus 0.928,0.928,no,ticket GOVPARTYNM-26-D snapshotMid 0.931
2026-09-19,crosslayer,GOVERNOR-OR-2026,metaculus 0.882,0.882,no,ticket GOVPARTYOR-26-D snapshotMid 0.86
2026-09-19,crosslayer,GOVERNOR-MI-2026,metaculus 0.84,0.84,no,ticket GOVPARTYMI-26-D snapshotMid 0.923
2026-09-19,crosslayer,SENATE-AK-2026,metaculus 0.54,0.54,no,ticket SENATEAK-26-D snapshotMid 0.735
2026-09-19,crosslayer,SENATE-MT-2026,metaculus 0.01,0.01,no,ticket SENATEMT-26-D snapshotMid 0.009
2026-09-19,crosslayer,SENATE-NE-2026,metaculus 0.001,0.001,no,ticket SENATENE-26-D snapshotMid 0.002
2026-09-19,crosslayer,SENATE-GA-2026,metaculus 0.92,0.92,no,ticket SENATEGA-26-D snapshotMid 0.9385
2026-09-19,crosslayer,SENATE-CONTROL-2026,metaculus 0.531,0.531,no,ticket CONTROLS-2026-D snapshotMid 0.625
2026-09-19,crosslayer,HOUSE-CONTROL-2026,metaculus 0.906,0.906,no,ticket CONTROLH-2026-D snapshotMid 0.9095
2026-09-19,crosslayer,SENATE-RI-2026,metaculus 0.99,0.99,no,ticket SENATERI-26-D snapshotMid 0.9865
2026-09-19,crosslayer,SENATE-OR-2026,metaculus 0.99,0.99,no,ticket SENATEOR-26-D snapshotMid 0.977
2026-09-19,crosslayer,SENATE-CO-2026,metaculus 0.98,0.98,no,ticket SENATECO-26-D snapshotMid 0.9735
2026-09-19,crosslayer,SENATE-GA-2026,metaculus 0.92,0.92,no,ticket SENATEGA-26-D snapshotMid 0.9385
2026-09-19,crosslayer,GOVERNOR-HI-2026,metaculus 0.98,0.98,no,ticket GOVPARTYHI-26-D snapshotMid 0.973
2026-09-19,crosslayer,GOVERNOR-NM-2026,metaculus 0.928,0.928,no,ticket GOVPARTYNM-26-D snapshotMid 0.931
2026-09-19,crosslayer,GOVERNOR-OR-2026,metaculus 0.882,0.882,no,ticket GOVPARTYOR-26-D snapshotMid 0.855
2026-09-19,crosslayer,GOVERNOR-MI-2026,metaculus 0.84,0.84,no,ticket GOVPARTYMI-26-D snapshotMid 0.9235
2026-09-19,crosslayer,SENATE-AK-2026,metaculus 0.54,0.54,no,ticket SENATEAK-26-D snapshotMid 0.755
2026-09-19,crosslayer,SENATE-MT-2026,metaculus 0.01,0.01,no,ticket SENATEMT-26-D snapshotMid 0.012
2026-09-19,crosslayer,SENATE-NE-2026,metaculus 0.002,0.002,no,ticket SENATENE-26-D snapshotMid 0.0025
2026-09-19,crosslayer,SENATE-NC-2026,metaculus 0.92,0.92,no,ticket SENATENC-26-D snapshotMid 0.9365
2026-09-19,crosslayer,SENATE-CONTROL-2026,metaculus 0.567,0.567,no,ticket CONTROLS-2026-D snapshotMid 0.615
2026-09-19,crosslayer,HOUSE-CONTROL-2026,metaculus 0.91,0.91,no,ticket CONTROLH-2026-D snapshotMid 0.9165
2026-09-19,crosslayer,SENATE-RI-2026,metaculus 0.996,0.996,no,ticket SENATERI-26-D snapshotMid 0.99
2026-09-19,crosslayer,SENATE-OR-2026,metaculus 0.99,0.99,no,ticket SENATEOR-26-D snapshotMid 0.9775
2026-09-19,crosslayer,SENATE-CO-2026,metaculus 0.98,0.98,no,ticket SENATECO-26-D snapshotMid 0.9845
2026-09-19,crosslayer,SENATE-MN-2026,metaculus 0.94,0.94,no,ticket SENATEMN-26-D snapshotMid 0.9055
2026-09-19,crosslayer,GOVERNOR-HI-2026,metaculus 0.98,0.98,no,ticket GOVPARTYHI-26-D snapshotMid 0.9745
2026-09-19,crosslayer,GOVERNOR-NM-2026,metaculus 0.928,0.928,no,ticket GOVPARTYNM-26-D snapshotMid 0.9295
2026-09-19,crosslayer,GOVERNOR-OR-2026,metaculus 0.88,0.88,no,ticket GOVPARTYOR-26-D snapshotMid 0.84
2026-09-19,crosslayer,GOVERNOR-MI-2026,metaculus 0.85,0.85,no,ticket GOVPARTYMI-26-D snapshotMid 0.927
2026-09-19,crosslayer,SENATE-AK-2026,metaculus 0.548,0.548,no,ticket SENATEAK-26-D snapshotMid 0.705
2026-09-19,crosslayer,SENATE-MT-2026,metaculus 0.01,0.01,no,ticket SENATEMT-26-D snapshotMid 0.0095
2026-09-19,crosslayer,SENATE-NE-2026,metaculus 0.001,0.001,no,ticket SENATENE-26-D snapshotMid 0.002
2026-09-19,crosslayer,SENATE-CONTROL-2026,metaculus 0.582,0.582,no,ticket CONTROLS-2026-D snapshotMid 0.605
2026-09-19,crosslayer,HOUSE-CONTROL-2026,metaculus 0.929,0.929,no,ticket CONTROLH-2026-D snapshotMid 0.919
2026-09-19,crosslayer,SENATE-RI-2026,metaculus 0.996,0.996,no,ticket SENATERI-26-D snapshotMid 0.99
2026-09-19,crosslayer,SENATE-OR-2026,metaculus 0.99,0.99,no,ticket SENATEOR-26-D snapshotMid 0.9775
2026-09-19,crosslayer,SENATE-CO-2026,metaculus 0.98,0.98,no,ticket SENATECO-26-D snapshotMid 0.9855
2026-09-19,crosslayer,SENATE-MN-2026,metaculus 0.94,0.94,no,ticket SENATEMN-26-D snapshotMid 0.895
2026-09-19,crosslayer,GOVERNOR-HI-2026,metaculus 0.98,0.98,no,ticket GOVPARTYHI-26-D snapshotMid 0.9745
2026-09-19,crosslayer,GOVERNOR-NM-2026,metaculus 0.93,0.93,no,ticket GOVPARTYNM-26-D snapshotMid 0.928
2026-09-19,crosslayer,GOVERNOR-OR-2026,metaculus 0.88,0.88,no,ticket GOVPARTYOR-26-D snapshotMid 0.85
2026-09-19,crosslayer,GOVERNOR-MI-2026,metaculus 0.85,0.85,no,ticket GOVPARTYMI-26-D snapshotMid 0.925
2026-09-19,crosslayer,SENATE-AK-2026,metaculus 0.548,0.548,no,ticket SENATEAK-26-D snapshotMid 0.705
2026-09-19,crosslayer,SENATE-MT-2026,metaculus 0.01,0.01,no,ticket SENATEMT-26-D snapshotMid 0.011
2026-09-19,crosslayer,SENATE-NE-2026,metaculus 0.001,0.001,no,ticket SENATENE-26-D snapshotMid 0.002
2026-09-19,crosslayer,SENATE-CONTROL-2026,metaculus 0.572,0.572,no,ticket CONTROLS-2026-D snapshotMid 0.615
2026-09-19,crosslayer,HOUSE-CONTROL-2026,metaculus 0.929,0.929,no,ticket CONTROLH-2026-D snapshotMid 0.919
2026-09-19,crosslayer,SENATE-RI-2026,metaculus 0.993,0.993,no,ticket SENATERI-26-D snapshotMid 0.99
2026-09-19,crosslayer,SENATE-OR-2026,metaculus 0.99,0.99,no,ticket SENATEOR-26-D snapshotMid 0.9775
2026-09-19,crosslayer,SENATE-CO-2026,metaculus 0.98,0.98,no,ticket SENATECO-26-D snapshotMid 0.985
2026-09-19,crosslayer,SENATE-MN-2026,metaculus 0.94,0.94,no,ticket SENATEMN-26-D snapshotMid 0.895
2026-09-19,crosslayer,GOVERNOR-HI-2026,metaculus 0.98,0.98,no,ticket GOVPARTYHI-26-D snapshotMid 0.9745
2026-09-19,crosslayer,GOVERNOR-NM-2026,metaculus 0.928,0.928,no,ticket GOVPARTYNM-26-D snapshotMid 0.9275
2026-09-19,crosslayer,GOVERNOR-OR-2026,metaculus 0.88,0.88,no,ticket GOVPARTYOR-26-D snapshotMid 0.84
2026-09-19,crosslayer,GOVERNOR-MI-2026,metaculus 0.85,0.85,no,ticket GOVPARTYMI-26-D snapshotMid 0.927
2026-09-19,crosslayer,SENATE-AK-2026,metaculus 0.548,0.548,no,ticket SENATEAK-26-D snapshotMid 0.705
2026-09-19,crosslayer,SENATE-MT-2026,metaculus 0.01,0.01,no,ticket SENATEMT-26-D snapshotMid 0.016
2026-09-19,crosslayer,SENATE-NE-2026,metaculus 0.001,0.001,no,ticket SENATENE-26-D snapshotMid 0.0005
2026-09-19,crosslayer,SENATE-CONTROL-2026,metaculus 0.555,0.555,no,ticket CONTROLS-2026-D snapshotMid 0.615
2026-09-19,crosslayer,HOUSE-CONTROL-2026,metaculus 0.919,0.919,no,ticket CONTROLH-2026-D snapshotMid 0.9165
2026-09-19,crosslayer,SENATE-RI-2026,metaculus 0.993,0.993,no,ticket SENATERI-26-D snapshotMid 0.9905
2026-09-19,crosslayer,SENATE-OR-2026,metaculus 0.99,0.99,no,ticket SENATEOR-26-D snapshotMid 0.9775
2026-09-19,crosslayer,SENATE-CO-2026,metaculus 0.98,0.98,no,ticket SENATECO-26-D snapshotMid 0.9855
2026-09-19,crosslayer,SENATE-MN-2026,metaculus 0.95,0.95,no,ticket SENATEMN-26-D snapshotMid 0.895
2026-09-19,crosslayer,GOVERNOR-HI-2026,metaculus 0.98,0.98,no,ticket GOVPARTYHI-26-D snapshotMid 0.9745
2026-09-19,crosslayer,GOVERNOR-NM-2026,metaculus 0.925,0.925,no,ticket GOVPARTYNM-26-D snapshotMid 0.929
2026-09-19,crosslayer,GOVERNOR-OR-2026,metaculus 0.874,0.874,no,ticket GOVPARTYOR-26-D snapshotMid 0.805
2026-09-19,crosslayer,GOVERNOR-MI-2026,metaculus 0.84,0.84,no,ticket GOVPARTYMI-26-D snapshotMid 0.9235
2026-09-19,crosslayer,SENATE-AK-2026,metaculus 0.54,0.54,no,ticket SENATEAK-26-D snapshotMid 0.705
2026-09-19,crosslayer,SENATE-MT-2026,metaculus 0.01,0.01,no,ticket SENATEMT-26-D snapshotMid 0.0145
2026-09-19,crosslayer,SENATE-NE-2026,metaculus 0.001,0.001,no,ticket SENATENE-26-D snapshotMid 0.0025
2026-09-19,crosslayer,SENATE-CONTROL-2026,metaculus 0.569,0.569,no,ticket CONTROLS-2026-D snapshotMid 0.625
2026-09-19,crosslayer,HOUSE-CONTROL-2026,metaculus 0.925,0.925,no,ticket CONTROLH-2026-D snapshotMid 0.9155
2026-09-19,crosslayer,SENATE-RI-2026,metaculus 0.991,0.991,no,ticket SENATERI-26-D snapshotMid 0.9885
2026-09-19,crosslayer,SENATE-OR-2026,metaculus 0.99,0.99,no,ticket SENATEOR-26-D snapshotMid 0.9775
2026-09-19,crosslayer,SENATE-CO-2026,metaculus 0.98,0.98,no,ticket SENATECO-26-D snapshotMid 0.9855
2026-09-19,crosslayer,SENATE-MN-2026,metaculus 0.95,0.95,no,ticket SENATEMN-26-D snapshotMid 0.895
2026-09-19,crosslayer,GOVERNOR-HI-2026,metaculus 0.98,0.98,no,ticket GOVPARTYHI-26-D snapshotMid 0.9745
2026-09-19,crosslayer,GOVERNOR-NM-2026,metaculus 0.925,0.925,no,ticket GOVPARTYNM-26-D snapshotMid 0.93
2026-09-19,crosslayer,GOVERNOR-OR-2026,metaculus 0.874,0.874,no,ticket GOVPARTYOR-26-D snapshotMid 0.815
2026-09-19,crosslayer,GOVERNOR-MI-2026,metaculus 0.84,0.84,no,ticket GOVPARTYMI-26-D snapshotMid 0.926
2026-09-19,crosslayer,SENATE-AK-2026,metaculus 0.54,0.54,no,ticket SENATEAK-26-D snapshotMid 0.695
2026-09-19,crosslayer,SENATE-MT-2026,metaculus 0.01,0.01,no,ticket SENATEMT-26-D snapshotMid 0.0145
2026-09-19,crosslayer,SENATE-NE-2026,metaculus 0.001,0.001,no,ticket SENATENE-26-D snapshotMid 0.0025
2026-09-19,crosslayer,SENATE-CONTROL-2026,metaculus 0.562,0.562,no,ticket CONTROLS-2026-D snapshotMid 0.625
2026-09-19,crosslayer,HOUSE-CONTROL-2026,metaculus 0.919,0.919,no,ticket CONTROLH-2026-D snapshotMid 0.915
2026-09-19,crosslayer,SENATE-RI-2026,metaculus 0.99,0.99,no,ticket SENATERI-26-D snapshotMid 0.9885
2026-09-19,crosslayer,SENATE-OR-2026,metaculus 0.99,0.99,no,ticket SENATEOR-26-D snapshotMid 0.983
2026-09-19,crosslayer,SENATE-CO-2026,metaculus 0.98,0.98,no,ticket SENATECO-26-D snapshotMid 0.9855
2026-09-19,crosslayer,SENATE-MN-2026,metaculus 0.95,0.95,no,ticket SENATEMN-26-D snapshotMid 0.885
2026-09-19,crosslayer,GOVERNOR-HI-2026,metaculus 0.98,0.98,no,ticket GOVPARTYHI-26-D snapshotMid 0.969
2026-09-19,crosslayer,GOVERNOR-NM-2026,metaculus 0.925,0.925,no,ticket GOVPARTYNM-26-D snapshotMid 0.9295
2026-09-19,crosslayer,GOVERNOR-OR-2026,metaculus 0.874,0.874,no,ticket GOVPARTYOR-26-D snapshotMid 0.795
2026-09-19,crosslayer,GOVERNOR-MI-2026,metaculus 0.84,0.84,no,ticket GOVPARTYMI-26-D snapshotMid 0.9225
2026-09-19,crosslayer,SENATE-AK-2026,metaculus 0.54,0.54,no,ticket SENATEAK-26-D snapshotMid 0.705
2026-09-19,crosslayer,SENATE-MT-2026,metaculus 0.01,0.01,no,ticket SENATEMT-26-D snapshotMid 0.009
2026-09-19,crosslayer,SENATE-NE-2026,metaculus 0.001,0.001,no,ticket SENATENE-26-D snapshotMid 0.002
2026-09-19,crosslayer,SENATE-CONTROL-2026,metaculus 0.565,0.565,no,ticket CONTROLS-2026-D snapshotMid 0.625
2026-09-19,crosslayer,HOUSE-CONTROL-2026,metaculus 0.924,0.924,no,ticket CONTROLH-2026-D snapshotMid 0.9155
2026-09-19,crosslayer,SENATE-RI-2026,metaculus 0.99,0.99,no,ticket SENATERI-26-D snapshotMid 0.99
2026-09-19,crosslayer,SENATE-OR-2026,metaculus 0.99,0.99,no,ticket SENATEOR-26-D snapshotMid 0.9785
2026-09-19,crosslayer,SENATE-CO-2026,metaculus 0.98,0.98,no,ticket SENATECO-26-D snapshotMid 0.9865
2026-09-19,crosslayer,SENATE-MN-2026,metaculus 0.94,0.94,no,ticket SENATEMN-26-D snapshotMid 0.875
2026-09-19,crosslayer,GOVERNOR-HI-2026,metaculus 0.98,0.98,no,ticket GOVPARTYHI-26-D snapshotMid 0.9745
2026-09-19,crosslayer,GOVERNOR-NM-2026,metaculus 0.93,0.93,no,ticket GOVPARTYNM-26-D snapshotMid 0.9305
2026-09-19,crosslayer,GOVERNOR-OR-2026,metaculus 0.88,0.88,no,ticket GOVPARTYOR-26-D snapshotMid 0.765
2026-09-19,crosslayer,GOVERNOR-MI-2026,metaculus 0.85,0.85,no,ticket GOVPARTYMI-26-D snapshotMid 0.92
2026-09-19,crosslayer,SENATE-AK-2026,metaculus 0.54,0.54,no,ticket SENATEAK-26-D snapshotMid 0.685
2026-09-19,crosslayer,SENATE-MT-2026,metaculus 0.01,0.01,no,ticket SENATEMT-26-D snapshotMid 0.006
2026-09-19,crosslayer,SENATE-CONTROL-2026,metaculus 0.575,0.575,no,ticket CONTROLS-2026-D snapshotMid 0.625
2026-09-19,crosslayer,HOUSE-CONTROL-2026,metaculus 0.924,0.924,no,ticket CONTROLH-2026-D snapshotMid 0.9165
2026-09-19,crosslayer,SENATE-RI-2026,metaculus 0.99,0.99,no,ticket SENATERI-26-D snapshotMid 0.9905
2026-09-19,crosslayer,SENATE-OR-2026,metaculus 0.99,0.99,no,ticket SENATEOR-26-D snapshotMid 0.985
2026-09-19,crosslayer,SENATE-CO-2026,metaculus 0.98,0.98,no,ticket SENATECO-26-D snapshotMid 0.9865
2026-09-19,crosslayer,SENATE-MN-2026,metaculus 0.94,0.94,no,ticket SENATEMN-26-D snapshotMid 0.895
2026-09-19,crosslayer,GOVERNOR-HI-2026,metaculus 0.98,0.98,no,ticket GOVPARTYHI-26-D snapshotMid 0.9715
2026-09-19,crosslayer,GOVERNOR-NM-2026,metaculus 0.93,0.93,no,ticket GOVPARTYNM-26-D snapshotMid 0.94
2026-09-19,crosslayer,GOVERNOR-OR-2026,metaculus 0.872,0.872,no,ticket GOVPARTYOR-26-D snapshotMid 0.715
2026-09-19,crosslayer,GOVERNOR-MI-2026,metaculus 0.84,0.84,no,ticket GOVPARTYMI-26-D snapshotMid 0.922
2026-09-19,crosslayer,SENATE-AK-2026,metaculus 0.54,0.54,no,ticket SENATEAK-26-D snapshotMid 0.675
2026-09-19,crosslayer,SENATE-MT-2026,metaculus 0.01,0.01,no,ticket SENATEMT-26-D snapshotMid 0.006
2026-09-19,crosslayer,SENATE-NE-2026,metaculus 0.001,0.001,no,ticket SENATENE-26-D snapshotMid 0.004
2026-09-19,crosslayer,SENATE-CONTROL-2026,metaculus 0.581,0.581,no,ticket CONTROLS-2026-D snapshotMid 0.645
2026-09-19,crosslayer,HOUSE-CONTROL-2026,metaculus 0.918,0.918,no,ticket CONTROLH-2026-D snapshotMid 0.9205
2026-09-19,crosslayer,SENATE-OR-2026,metaculus 0.99,0.99,no,ticket SENATEOR-26-D snapshotMid 0.985
2026-09-19,crosslayer,SENATE-RI-2026,metaculus 0.99,0.99,no,ticket SENATERI-26-D snapshotMid 0.9905
2026-09-19,crosslayer,SENATE-CO-2026,metaculus 0.982,0.982,no,ticket SENATECO-26-D snapshotMid 0.9865
2026-09-19,crosslayer,SENATE-MN-2026,metaculus 0.94,0.94,no,ticket SENATEMN-26-D snapshotMid 0.875
2026-09-19,crosslayer,GOVERNOR-HI-2026,metaculus 0.98,0.98,no,ticket GOVPARTYHI-26-D snapshotMid 0.9735
2026-09-19,crosslayer,GOVERNOR-NM-2026,metaculus 0.93,0.93,no,ticket GOVPARTYNM-26-D snapshotMid 0.945
2026-09-19,crosslayer,GOVERNOR-OR-2026,metaculus 0.872,0.872,no,ticket GOVPARTYOR-26-D snapshotMid 0.735
2026-09-19,crosslayer,GOVERNOR-MI-2026,metaculus 0.85,0.85,no,ticket GOVPARTYMI-26-D snapshotMid 0.9275
2026-09-19,crosslayer,SENATE-AK-2026,metaculus 0.525,0.525,no,ticket SENATEAK-26-D snapshotMid 0.705
2026-09-19,crosslayer,SENATE-MT-2026,metaculus 0.01,0.01,no,ticket SENATEMT-26-D snapshotMid 0.007
2026-09-19,crosslayer,SENATE-NE-2026,metaculus 0.001,0.001,no,ticket SENATENE-26-D snapshotMid 0.004
2026-09-19,crosslayer,SENATE-CONTROL-2026,metaculus 0.576,0.576,no,ticket CONTROLS-2026-D snapshotMid 0.625
2026-09-19,crosslayer,HOUSE-CONTROL-2026,metaculus 0.919,0.919,no,ticket CONTROLH-2026-D snapshotMid 0.9195
2026-09-19,crosslayer,GOVERNOR-HI-2026,metaculus 0.98,0.98,no,ticket GOVPARTYHI-26-D snapshotMid 0.971
2026-09-19,crosslayer,GOVERNOR-NM-2026,metaculus 0.94,0.94,no,ticket GOVPARTYNM-26-D snapshotMid 0.9455
2026-09-19,crosslayer,GOVERNOR-OR-2026,metaculus 0.87,0.87,no,ticket GOVPARTYOR-26-D snapshotMid 0.735
2026-09-19,crosslayer,GOVERNOR-MI-2026,metaculus 0.85,0.85,no,ticket GOVPARTYMI-26-D snapshotMid 0.927
2026-09-19,crosslayer,SENATE-AK-2026,metaculus 0.525,0.525,no,ticket SENATEAK-26-D snapshotMid 0.73
2026-09-19,crosslayer,SENATE-MT-2026,metaculus 0.01,0.01,no,ticket SENATEMT-26-D snapshotMid 0.0085
2026-09-19,crosslayer,SENATE-NE-2026,metaculus 0.001,0.001,no,ticket SENATENE-26-D snapshotMid 0.004
2026-09-19,crosslayer,SENATE-CONTROL-2026,metaculus 0.584,0.584,no,ticket CONTROLS-2026-D snapshotMid 0.645
2026-09-19,crosslayer,HOUSE-CONTROL-2026,metaculus 0.929,0.929,no,ticket CONTROLH-2026-D snapshotMid 0.9165
2026-09-19,crosslayer,SENATE-OR-2026,metaculus 0.99,0.99,no,ticket SENATEOR-26-D snapshotMid 0.988
2026-09-19,crosslayer,SENATE-RI-2026,metaculus 0.99,0.99,no,ticket SENATERI-26-D snapshotMid 0.9905
2026-09-19,crosslayer,SENATE-CO-2026,metaculus 0.982,0.982,no,ticket SENATECO-26-D snapshotMid 0.9915
2026-09-19,crosslayer,SENATE-MN-2026,metaculus 0.925,0.925,no,ticket SENATEMN-26-D snapshotMid 0.865
2026-09-19,crosslayer,GOVERNOR-HI-2026,metaculus 0.98,0.98,no,ticket GOVPARTYHI-26-D snapshotMid 0.9735
2026-09-19,crosslayer,GOVERNOR-NM-2026,metaculus 0.94,0.94,no,ticket GOVPARTYNM-26-D snapshotMid 0.945
2026-09-19,crosslayer,GOVERNOR-OR-2026,metaculus 0.86,0.86,no,ticket GOVPARTYOR-26-D snapshotMid 0.755
2026-09-19,crosslayer,GOVERNOR-MI-2026,metaculus 0.85,0.85,no,ticket GOVPARTYMI-26-D snapshotMid 0.9305
2026-09-19,crosslayer,SENATE-AK-2026,metaculus 0.525,0.525,no,ticket SENATEAK-26-D snapshotMid 0.735
2026-09-19,crosslayer,SENATE-MT-2026,metaculus 0.01,0.01,no,ticket SENATEMT-26-D snapshotMid 0.021
2026-09-19,crosslayer,SENATE-NE-2026,metaculus 0.001,0.001,no,ticket SENATENE-26-D snapshotMid 0.0015
2026-09-19,crosslayer,SENATE-CONTROL-2026,metaculus 0.586,0.586,no,ticket CONTROLS-2026-D snapshotMid 0.645
2026-09-19,crosslayer,HOUSE-CONTROL-2026,metaculus 0.929,0.929,no,ticket CONTROLH-2026-D snapshotMid 0.9155
2026-09-19,crosslayer,SENATE-OR-2026,metaculus 0.99,0.99,no,ticket SENATEOR-26-D snapshotMid 0.9855
2026-09-19,crosslayer,SENATE-RI-2026,metaculus 0.99,0.99,no,ticket SENATERI-26-D snapshotMid 0.99
2026-09-19,crosslayer,SENATE-CO-2026,metaculus 0.982,0.982,no,ticket SENATECO-26-D snapshotMid 0.991
2026-09-19,crosslayer,SENATE-MN-2026,metaculus 0.925,0.925,no,ticket SENATEMN-26-D snapshotMid 0.865
2026-09-19,crosslayer,GOVERNOR-HI-2026,metaculus 0.98,0.98,no,ticket GOVPARTYHI-26-D snapshotMid 0.9735
2026-09-19,crosslayer,GOVERNOR-NM-2026,metaculus 0.94,0.94,no,ticket GOVPARTYNM-26-D snapshotMid 0.9465
2026-09-19,crosslayer,GOVERNOR-OR-2026,metaculus 0.86,0.86,no,ticket GOVPARTYOR-26-D snapshotMid 0.76
2026-09-19,crosslayer,GOVERNOR-MI-2026,metaculus 0.85,0.85,no,ticket GOVPARTYMI-26-D snapshotMid 0.937
2026-09-19,crosslayer,SENATE-AK-2026,metaculus 0.525,0.525,no,ticket SENATEAK-26-D snapshotMid 0.745
2026-09-19,crosslayer,SENATE-MT-2026,metaculus 0.009,0.009,no,ticket SENATEMT-26-D snapshotMid 0.009
2026-09-19,crosslayer,SENATE-NE-2026,metaculus 0.001,0.001,no,ticket SENATENE-26-D snapshotMid 0.0015
2026-09-19,crosslayer,SENATE-CONTROL-2026,metaculus 0.588,0.588,no,ticket CONTROLS-2026-D snapshotMid 0.635
2026-09-19,crosslayer,HOUSE-CONTROL-2026,metaculus 0.922,0.922,no,ticket CONTROLH-2026-D snapshotMid 0.895
2026-09-19,crosslayer,SENATE-RI-2026,metaculus 0.99,0.99,no,ticket SENATERI-26-D snapshotMid 0.989
2026-09-19,crosslayer,SENATE-OR-2026,metaculus 0.99,0.99,no,ticket SENATEOR-26-D snapshotMid 0.9855
2026-09-19,crosslayer,SENATE-CO-2026,metaculus 0.985,0.985,no,ticket SENATECO-26-D snapshotMid 0.991
2026-09-19,crosslayer,SENATE-NC-2026,metaculus 0.92,0.92,no,ticket SENATENC-26-D snapshotMid 0.968
2026-09-19,crosslayer,GOVERNOR-HI-2026,metaculus 0.98,0.98,no,ticket GOVPARTYHI-26-D snapshotMid 0.9775
2026-09-19,crosslayer,GOVERNOR-NM-2026,metaculus 0.94,0.94,no,ticket GOVPARTYNM-26-D snapshotMid 0.94
2026-09-19,crosslayer,GOVERNOR-OR-2026,metaculus 0.858,0.858,no,ticket GOVPARTYOR-26-D snapshotMid 0.775
2026-09-19,crosslayer,GOVERNOR-MI-2026,metaculus 0.85,0.85,no,ticket GOVPARTYMI-26-D snapshotMid 0.9225
2026-09-19,crosslayer,SENATE-AK-2026,metaculus 0.54,0.54,no,ticket SENATEAK-26-D snapshotMid 0.765
2026-09-19,crosslayer,SENATE-MT-2026,metaculus 0.009,0.009,no,ticket SENATEMT-26-D snapshotMid 0.008
2026-09-19,crosslayer,SENATE-NE-2026,metaculus 0.001,0.001,no,ticket SENATENE-26-D snapshotMid 0.0015
2026-09-19,crosslayer,SENATE-CONTROL-2026,metaculus 0.598,0.598,no,ticket CONTROLS-2026-D snapshotMid 0.615
2026-09-19,crosslayer,HOUSE-CONTROL-2026,metaculus 0.922,0.922,no,ticket CONTROLH-2026-D snapshotMid 0.9005
2026-09-19,crosslayer,SENATE-OR-2026,metaculus 0.99,0.99,no,ticket SENATEOR-26-D snapshotMid 0.983
2026-09-19,crosslayer,SENATE-RI-2026,metaculus 0.99,0.99,no,ticket SENATERI-26-D snapshotMid 0.9885
2026-09-19,crosslayer,SENATE-CO-2026,metaculus 0.985,0.985,no,ticket SENATECO-26-D snapshotMid 0.988
2026-09-19,crosslayer,SENATE-NC-2026,metaculus 0.92,0.92,no,ticket SENATENC-26-D snapshotMid 0.9685
2026-09-19,crosslayer,GOVERNOR-HI-2026,metaculus 0.98,0.98,no,ticket GOVPARTYHI-26-D snapshotMid 0.9795
2026-09-19,crosslayer,GOVERNOR-NM-2026,metaculus 0.94,0.94,no,ticket GOVPARTYNM-26-D snapshotMid 0.939
2026-09-19,crosslayer,GOVERNOR-OR-2026,metaculus 0.86,0.86,no,ticket GOVPARTYOR-26-D snapshotMid 0.755
2026-09-19,crosslayer,GOVERNOR-MI-2026,metaculus 0.85,0.85,no,ticket GOVPARTYMI-26-D snapshotMid 0.9205
2026-09-19,crosslayer,SENATE-AK-2026,metaculus 0.548,0.548,no,ticket SENATEAK-26-D snapshotMid 0.755
2026-09-19,crosslayer,SENATE-MT-2026,metaculus 0.009,0.009,no,ticket SENATEMT-26-D snapshotMid 0.0085
2026-09-19,crosslayer,SENATE-NE-2026,metaculus 0.001,0.001,no,ticket SENATENE-26-D snapshotMid 0.001
2026-09-19,crosslayer,SENATE-CONTROL-2026,metaculus 0.608,0.608,no,ticket CONTROLS-2026-D snapshotMid 0.605
2026-09-19,crosslayer,HOUSE-CONTROL-2026,metaculus 0.93,0.93,no,ticket CONTROLH-2026-D snapshotMid 0.895
2026-09-19,crosslayer,SENATE-OR-2026,metaculus 0.99,0.99,no,ticket SENATEOR-26-D snapshotMid 0.983
2026-09-19,crosslayer,SENATE-RI-2026,metaculus 0.99,0.99,no,ticket SENATERI-26-D snapshotMid 0.978
2026-09-19,crosslayer,SENATE-CO-2026,metaculus 0.985,0.985,no,ticket SENATECO-26-D snapshotMid 0.988
2026-09-19,crosslayer,SENATE-GA-2026,metaculus 0.93,0.93,no,ticket SENATEGA-26-D snapshotMid 0.9545
2026-09-19,crosslayer,SENATE-AK-2026,metaculus 0.54,0.54,no,ticket SENATEAK-26-D snapshotMid 0.735
2026-09-19,crosslayer,SENATE-MT-2026,metaculus 0.01,0.01,no,ticket SENATEMT-26-D snapshotMid 0.0085
2026-09-19,crosslayer,SENATE-NE-2026,metaculus 0.001,0.001,no,ticket SENATENE-26-D snapshotMid 0.0025
2026-09-20,poll,cnn-ssrs-2026-09-me-senate,U.S. Senate — Maine CNN Poll conducted by SSRS,0.6608,no,margin 3pp -> logistic k=4.5; ticket SENATEME-26-D
2026-09-20,poll,cnn-ssrs-2026-09-mi-senate,U.S. Senate — Michigan (open seat) CNN Poll conducted by SSRS,0.6608,no,margin 3pp -> logistic k=4.5; ticket SENATEMI-26-D
2026-09-20,poll,emerson-2026-09-mi-senate,U.S. Senate — Michigan (open seat) Emerson College Polling / Nexstar Media,0.6093,no,margin 2pp -> logistic k=4.5; ticket SENATEMI-26-D
2026-09-20,poll,emerson-2026-09-tx-senate,U.S. Senate — Texas (open seat) Emerson College Polling / Nexstar Media,0.5553,no,margin 1pp -> logistic k=4.5; ticket SENATETX-26-D
2026-09-20,poll,emerson-2026-09-ia-senate,U.S. Senate — Iowa (open seat) Emerson College Polling / Nexstar Media,0.2477,no,margin -5pp -> logistic k=4.5; ticket SENATEIA-26-D
2026-09-20,poll,reconmr-siena-2026-09-tx-senate,U.S. Senate — Texas (open seat) Texas Poll — ReconMR fieldwork (released via Siena Research Institute),0.7914,no,margin 6pp -> logistic k=4.5; ticket SENATETX-26-D
2026-09-20,poll,suffolk-2026-08-ia-senate,U.S. Senate — Iowa (open seat) Suffolk University Political Research Center (SUPRC),0.2913,no,margin -4pp -> logistic k=4.5; ticket SENATEIA-26-D
2026-09-20,poll,npi-2026-08-az-governor,Governor — Arizona Noble Predictive Insights — Arizona Public Opinion Pulse (AZPOP),0.9473,no,margin 13pp -> logistic k=4.5; ticket GOVPARTYAZ-26-D
2026-09-20,poll,fm-2026-08-pa-governor,Governor — Pennsylvania Franklin & Marshall College Poll,0.9961,no,margin 25pp -> logistic k=4.5; ticket GOVPARTYPA-26-D
2026-09-20,poll,elon-2026-09-nc-senate,U.S. Senate — North Carolina Elon University Poll (fielded by YouGov),0.9202,no,margin 11pp -> logistic k=4.5; ticket SENATENC-26-D
2026-09-20,poll,hpu-2026-04-nc-senate,U.S. Senate — North Carolina HPU Poll 120 — High Point University Survey Research Center (fielded by YouGov),0.8554,no,margin 8pp -> logistic k=4.5; ticket SENATENC-26-D
2026-09-20,poll,hpu-2026-08-nc-senate,U.S. Senate — North Carolina HPU Poll 126 — High Point University Survey Research Center (fielded by YouGov),0.7523,no,margin 5pp -> logistic k=4.5; ticket SENATENC-26-D
2026-09-20,poll,stetson-2026-04-fl-governor,Governor — Florida Stetson University Center for Public Opinion Research (CPOR) — Spring 2026 Survey,0.1743,no,margin -7pp -> logistic k=4.5; ticket GOVPARTYFL-26-D
2026-09-20,poll,ppp-2026-07-nc-senate,U.S. Senate — North Carolina Public Policy Polling (PPP),0.7087,no,margin 4pp -> logistic k=4.5; ticket SENATENC-26-D
2026-09-20,poll,unf-2026-07-fl-governor,Governor — Florida University of North Florida Public Opinion Research Lab,0.2477,no,margin -5pp -> logistic k=4.5; ticket GOVPARTYFL-26-D
2026-09-20,poll,unf-2026-07-fl-senate,U.S. Senate — Florida (special) University of North Florida Public Opinion Research Lab,0.1446,no,margin -8pp -> logistic k=4.5; ticket SENATEFLS-26-D
2026-09-20,poll,rasmussen-2026-09-ga-governor,Governor — Georgia Rasmussen Reports (field work by Pulse Opinion Research),0.3392,no,margin -3pp -> logistic k=4.5; ticket GOVPARTYGA-26-D
2026-09-20,poll,rasmussen-2026-09-ga-senate,U.S. Senate — Georgia Rasmussen Reports (field work by Pulse Opinion Research),0.8808,no,margin 9pp -> logistic k=4.5; ticket SENATEGA-26-D
2026-09-20,poll,rasmussen-2026-09-sc-senate,U.S. Senate — South Carolina (special) Rasmussen Reports (field work by Pulse Opinion Research),0.2477,no,margin -5pp -> logistic k=4.5; ticket SENATESC-26-D
2026-09-20,rating,AK,Toss Up / Tilt R,0.25-0.65,no,ticket SENATEAK-26-D
2026-09-20,rating,IA,Toss Up / Tilt R,0.25-0.65,no,ticket SENATEIA-26-D
2026-09-20,rating,ME,Toss Up / Toss-up,0.35-0.65,no,ticket SENATEME-26-D
2026-09-20,rating,MI,Toss Up / Toss-up,0.35-0.65,no,ticket SENATEMI-26-D
2026-09-20,rating,NH,Toss Up / Toss-up,0.35-0.65,no,ticket SENATENH-26-D
2026-09-20,rating,OH,Toss Up / Toss-up,0.35-0.65,no,ticket SENATEOHS-26-D
2026-09-20,rating,TX,Toss Up / Lean R,0.2-0.65,no,ticket SENATETX-26-D
2026-09-20,rating,GA,Lean D / Tilt D,0.55-0.8,no,ticket SENATEGA-26-D
2026-09-20,rating,NC,Lean D / Tilt D,0.55-0.8,no,ticket SENATENC-26-D
2026-09-20,rating,MN,Likely D / Likely D,0.75-0.92,no,ticket SENATEMN-26-D
2026-09-20,rating,KS,Likely R / Likely R,0.08-0.25,no,ticket SENATEKS-26-D
2026-09-20,rating,SC,Solid R / Likely R,0-0.25,no,ticket SENATESC-26-D
2026-09-20,crosslayer,SENATE-CONTROL-2026,metaculus 0.517,0.517,yes,ticket CONTROLS-2026-D snapshotMid 0.595
2026-09-20,crosslayer,HOUSE-CONTROL-2026,metaculus 0.888,0.888,yes,ticket CONTROLH-2026-D snapshotMid 0.895
2026-09-20,crosslayer,HOUSE-CONTROL-2026,metaculus 0.888,0.888,no,ticket CONTROLH-2026-D snapshotMid 0.9015
2026-09-20,crosslayer,GOVERNOR-HI-2026,metaculus 0.98,0.98,no,ticket GOVPARTYHI-26-D snapshotMid 0.974
2026-09-20,crosslayer,GOVERNOR-NM-2026,metaculus 0.922,0.922,no,ticket GOVPARTYNM-26-D snapshotMid 0.9255
2026-09-20,crosslayer,GOVERNOR-OR-2026,metaculus 0.88,0.88,no,ticket GOVPARTYOR-26-D snapshotMid 0.845
2026-09-20,crosslayer,GOVERNOR-MI-2026,metaculus 0.85,0.85,no,ticket GOVPARTYMI-26-D snapshotMid 0.915
2026-09-20,crosslayer,SENATE-MT-2026,metaculus 0.01,0.01,no,ticket SENATEMT-26-D snapshotMid 0.0075
2026-09-20,crosslayer,SENATE-NE-2026,metaculus 0.001,0.001,no,ticket SENATENE-26-D snapshotMid 0.0005
2026-09-20,crosslayer,SENATE-RI-2026,metaculus 0.99,0.99,no,ticket SENATERI-26-D snapshotMid 0.979
2026-09-20,crosslayer,SENATE-OR-2026,metaculus 0.99,0.99,no,ticket SENATEOR-26-D snapshotMid 0.977
2026-09-20,crosslayer,SENATE-CO-2026,metaculus 0.98,0.98,no,ticket SENATECO-26-D snapshotMid 0.9725
2026-09-20,crosslayer,SENATE-MN-2026,metaculus 0.92,0.92,no,ticket SENATEMN-26-D snapshotMid 0.9035
2026-09-20,crosslayer,SENATE-AK-2026,metaculus 0.54,0.54,no,ticket SENATEAK-26-D snapshotMid 0.695
2026-09-20,crosslayer,SENATE-CONTROL-2026,metaculus 0.5,0.5,no,ticket CONTROLS-2026-D snapshotMid 0.605
2026-09-20,crosslayer,HOUSE-CONTROL-2026,metaculus 0.9,0.9,no,ticket CONTROLH-2026-D snapshotMid 0.9085
2026-09-20,crosslayer,SENATE-RI-2026,metaculus 0.99,0.99,no,ticket SENATERI-26-D snapshotMid 0.982
2026-09-20,crosslayer,SENATE-OR-2026,metaculus 0.99,0.99,no,ticket SENATEOR-26-D snapshotMid 0.977
2026-09-20,crosslayer,SENATE-CO-2026,metaculus 0.98,0.98,no,ticket SENATECO-26-D snapshotMid 0.973
2026-09-20,crosslayer,SENATE-MN-2026,metaculus 0.93,0.93,no,ticket SENATEMN-26-D snapshotMid 0.902
2026-09-20,crosslayer,GOVERNOR-HI-2026,metaculus 0.98,0.98,no,ticket GOVPARTYHI-26-D snapshotMid 0.974
2026-09-20,crosslayer,GOVERNOR-NM-2026,metaculus 0.922,0.922,no,ticket GOVPARTYNM-26-D snapshotMid 0.928
2026-09-20,crosslayer,GOVERNOR-OR-2026,metaculus 0.88,0.88,no,ticket GOVPARTYOR-26-D snapshotMid 0.86
2026-09-20,crosslayer,GOVERNOR-MI-2026,metaculus 0.85,0.85,no,ticket GOVPARTYMI-26-D snapshotMid 0.9165
2026-09-20,crosslayer,SENATE-AK-2026,metaculus 0.54,0.54,no,ticket SENATEAK-26-D snapshotMid 0.705
2026-09-20,crosslayer,SENATE-MT-2026,metaculus 0.01,0.01,no,ticket SENATEMT-26-D snapshotMid 0.01
2026-09-20,crosslayer,SENATE-NE-2026,metaculus 0.001,0.001,no,ticket SENATENE-26-D snapshotMid 0.0025
2026-09-20,crosslayer,SENATE-CONTROL-2026,metaculus 0.512,0.512,no,ticket CONTROLS-2026-D snapshotMid 0.605
2026-09-20,crosslayer,HOUSE-CONTROL-2026,metaculus 0.908,0.908,no,ticket CONTROLH-2026-D snapshotMid 0.9065
2026-09-20,crosslayer,SENATE-RI-2026,metaculus 0.99,0.99,no,ticket SENATERI-26-D snapshotMid 0.9825
2026-09-20,crosslayer,SENATE-OR-2026,metaculus 0.99,0.99,no,ticket SENATEOR-26-D snapshotMid 0.977
2026-09-20,crosslayer,SENATE-CO-2026,metaculus 0.98,0.98,no,ticket SENATECO-26-D snapshotMid 0.973
2026-09-20,crosslayer,SENATE-MN-2026,metaculus 0.93,0.93,no,ticket SENATEMN-26-D snapshotMid 0.905
2026-09-20,crosslayer,GOVERNOR-HI-2026,metaculus 0.98,0.98,no,ticket GOVPARTYHI-26-D snapshotMid 0.974
2026-09-20,crosslayer,GOVERNOR-NM-2026,metaculus 0.928,0.928,no,ticket GOVPARTYNM-26-D snapshotMid 0.931
2026-09-20,crosslayer,GOVERNOR-OR-2026,metaculus 0.882,0.882,no,ticket GOVPARTYOR-26-D snapshotMid 0.86
2026-09-20,crosslayer,GOVERNOR-MI-2026,metaculus 0.84,0.84,no,ticket GOVPARTYMI-26-D snapshotMid 0.923
2026-09-20,crosslayer,SENATE-AK-2026,metaculus 0.54,0.54,no,ticket SENATEAK-26-D snapshotMid 0.735
2026-09-20,crosslayer,SENATE-MT-2026,metaculus 0.01,0.01,no,ticket SENATEMT-26-D snapshotMid 0.009
2026-09-20,crosslayer,SENATE-NE-2026,metaculus 0.001,0.001,no,ticket SENATENE-26-D snapshotMid 0.002
2026-09-20,crosslayer,SENATE-GA-2026,metaculus 0.92,0.92,no,ticket SENATEGA-26-D snapshotMid 0.9385
2026-09-20,crosslayer,SENATE-CONTROL-2026,metaculus 0.531,0.531,no,ticket CONTROLS-2026-D snapshotMid 0.625
2026-09-20,crosslayer,HOUSE-CONTROL-2026,metaculus 0.906,0.906,no,ticket CONTROLH-2026-D snapshotMid 0.9095
2026-09-20,crosslayer,SENATE-RI-2026,metaculus 0.99,0.99,no,ticket SENATERI-26-D snapshotMid 0.9865
2026-09-20,crosslayer,SENATE-OR-2026,metaculus 0.99,0.99,no,ticket SENATEOR-26-D snapshotMid 0.977
2026-09-20,crosslayer,SENATE-CO-2026,metaculus 0.98,0.98,no,ticket SENATECO-26-D snapshotMid 0.9735
2026-09-20,crosslayer,SENATE-GA-2026,metaculus 0.92,0.92,no,ticket SENATEGA-26-D snapshotMid 0.9385
2026-09-20,crosslayer,GOVERNOR-HI-2026,metaculus 0.98,0.98,no,ticket GOVPARTYHI-26-D snapshotMid 0.973
2026-09-20,crosslayer,GOVERNOR-NM-2026,metaculus 0.928,0.928,no,ticket GOVPARTYNM-26-D snapshotMid 0.931
2026-09-20,crosslayer,GOVERNOR-OR-2026,metaculus 0.882,0.882,no,ticket GOVPARTYOR-26-D snapshotMid 0.855
2026-09-20,crosslayer,GOVERNOR-MI-2026,metaculus 0.84,0.84,no,ticket GOVPARTYMI-26-D snapshotMid 0.9235
2026-09-20,crosslayer,SENATE-AK-2026,metaculus 0.54,0.54,no,ticket SENATEAK-26-D snapshotMid 0.755
2026-09-20,crosslayer,SENATE-MT-2026,metaculus 0.01,0.01,no,ticket SENATEMT-26-D snapshotMid 0.012
2026-09-20,crosslayer,SENATE-NE-2026,metaculus 0.002,0.002,no,ticket SENATENE-26-D snapshotMid 0.0025
2026-09-20,crosslayer,SENATE-NC-2026,metaculus 0.92,0.92,no,ticket SENATENC-26-D snapshotMid 0.9365
2026-09-20,crosslayer,SENATE-CONTROL-2026,metaculus 0.567,0.567,no,ticket CONTROLS-2026-D snapshotMid 0.615
2026-09-20,crosslayer,HOUSE-CONTROL-2026,metaculus 0.91,0.91,no,ticket CONTROLH-2026-D snapshotMid 0.9165
2026-09-20,crosslayer,SENATE-RI-2026,metaculus 0.996,0.996,no,ticket SENATERI-26-D snapshotMid 0.99
2026-09-20,crosslayer,SENATE-OR-2026,metaculus 0.99,0.99,no,ticket SENATEOR-26-D snapshotMid 0.9775
2026-09-20,crosslayer,SENATE-CO-2026,metaculus 0.98,0.98,no,ticket SENATECO-26-D snapshotMid 0.9845
2026-09-20,crosslayer,SENATE-MN-2026,metaculus 0.94,0.94,no,ticket SENATEMN-26-D snapshotMid 0.9055
2026-09-20,crosslayer,GOVERNOR-HI-2026,metaculus 0.98,0.98,no,ticket GOVPARTYHI-26-D snapshotMid 0.9745
2026-09-20,crosslayer,GOVERNOR-NM-2026,metaculus 0.928,0.928,no,ticket GOVPARTYNM-26-D snapshotMid 0.9295
2026-09-20,crosslayer,GOVERNOR-OR-2026,metaculus 0.88,0.88,no,ticket GOVPARTYOR-26-D snapshotMid 0.84
2026-09-20,crosslayer,GOVERNOR-MI-2026,metaculus 0.85,0.85,no,ticket GOVPARTYMI-26-D snapshotMid 0.927
2026-09-20,crosslayer,SENATE-AK-2026,metaculus 0.548,0.548,no,ticket SENATEAK-26-D snapshotMid 0.705
2026-09-20,crosslayer,SENATE-MT-2026,metaculus 0.01,0.01,no,ticket SENATEMT-26-D snapshotMid 0.0095
2026-09-20,crosslayer,SENATE-NE-2026,metaculus 0.001,0.001,no,ticket SENATENE-26-D snapshotMid 0.002
2026-09-20,crosslayer,SENATE-CONTROL-2026,metaculus 0.582,0.582,no,ticket CONTROLS-2026-D snapshotMid 0.605
2026-09-20,crosslayer,HOUSE-CONTROL-2026,metaculus 0.929,0.929,no,ticket CONTROLH-2026-D snapshotMid 0.919
2026-09-20,crosslayer,SENATE-RI-2026,metaculus 0.996,0.996,no,ticket SENATERI-26-D snapshotMid 0.99
2026-09-20,crosslayer,SENATE-OR-2026,metaculus 0.99,0.99,no,ticket SENATEOR-26-D snapshotMid 0.9775
2026-09-20,crosslayer,SENATE-CO-2026,metaculus 0.98,0.98,no,ticket SENATECO-26-D snapshotMid 0.9855
2026-09-20,crosslayer,SENATE-MN-2026,metaculus 0.94,0.94,no,ticket SENATEMN-26-D snapshotMid 0.895
2026-09-20,crosslayer,GOVERNOR-HI-2026,metaculus 0.98,0.98,no,ticket GOVPARTYHI-26-D snapshotMid 0.9745
2026-09-20,crosslayer,GOVERNOR-NM-2026,metaculus 0.93,0.93,no,ticket GOVPARTYNM-26-D snapshotMid 0.928
2026-09-20,crosslayer,GOVERNOR-OR-2026,metaculus 0.88,0.88,no,ticket GOVPARTYOR-26-D snapshotMid 0.85
2026-09-20,crosslayer,GOVERNOR-MI-2026,metaculus 0.85,0.85,no,ticket GOVPARTYMI-26-D snapshotMid 0.925
2026-09-20,crosslayer,SENATE-AK-2026,metaculus 0.548,0.548,no,ticket SENATEAK-26-D snapshotMid 0.705
2026-09-20,crosslayer,SENATE-MT-2026,metaculus 0.01,0.01,no,ticket SENATEMT-26-D snapshotMid 0.011
2026-09-20,crosslayer,SENATE-NE-2026,metaculus 0.001,0.001,no,ticket SENATENE-26-D snapshotMid 0.002
2026-09-20,crosslayer,SENATE-CONTROL-2026,metaculus 0.572,0.572,no,ticket CONTROLS-2026-D snapshotMid 0.615
2026-09-20,crosslayer,HOUSE-CONTROL-2026,metaculus 0.929,0.929,no,ticket CONTROLH-2026-D snapshotMid 0.919
2026-09-20,crosslayer,SENATE-RI-2026,metaculus 0.993,0.993,no,ticket SENATERI-26-D snapshotMid 0.99
2026-09-20,crosslayer,SENATE-OR-2026,metaculus 0.99,0.99,no,ticket SENATEOR-26-D snapshotMid 0.9775
2026-09-20,crosslayer,SENATE-CO-2026,metaculus 0.98,0.98,no,ticket SENATECO-26-D snapshotMid 0.985
2026-09-20,crosslayer,SENATE-MN-2026,metaculus 0.94,0.94,no,ticket SENATEMN-26-D snapshotMid 0.895
2026-09-20,crosslayer,GOVERNOR-HI-2026,metaculus 0.98,0.98,no,ticket GOVPARTYHI-26-D snapshotMid 0.9745
2026-09-20,crosslayer,GOVERNOR-NM-2026,metaculus 0.928,0.928,no,ticket GOVPARTYNM-26-D snapshotMid 0.9275
2026-09-20,crosslayer,GOVERNOR-OR-2026,metaculus 0.88,0.88,no,ticket GOVPARTYOR-26-D snapshotMid 0.84
2026-09-20,crosslayer,GOVERNOR-MI-2026,metaculus 0.85,0.85,no,ticket GOVPARTYMI-26-D snapshotMid 0.927
2026-09-20,crosslayer,SENATE-AK-2026,metaculus 0.548,0.548,no,ticket SENATEAK-26-D snapshotMid 0.705
2026-09-20,crosslayer,SENATE-MT-2026,metaculus 0.01,0.01,no,ticket SENATEMT-26-D snapshotMid 0.016
2026-09-20,crosslayer,SENATE-NE-2026,metaculus 0.001,0.001,no,ticket SENATENE-26-D snapshotMid 0.0005
2026-09-20,crosslayer,SENATE-CONTROL-2026,metaculus 0.555,0.555,no,ticket CONTROLS-2026-D snapshotMid 0.615
2026-09-20,crosslayer,HOUSE-CONTROL-2026,metaculus 0.919,0.919,no,ticket CONTROLH-2026-D snapshotMid 0.9165
2026-09-20,crosslayer,SENATE-RI-2026,metaculus 0.993,0.993,no,ticket SENATERI-26-D snapshotMid 0.9905
2026-09-20,crosslayer,SENATE-OR-2026,metaculus 0.99,0.99,no,ticket SENATEOR-26-D snapshotMid 0.9775
2026-09-20,crosslayer,SENATE-CO-2026,metaculus 0.98,0.98,no,ticket SENATECO-26-D snapshotMid 0.9855
2026-09-20,crosslayer,SENATE-MN-2026,metaculus 0.95,0.95,no,ticket SENATEMN-26-D snapshotMid 0.895
2026-09-20,crosslayer,GOVERNOR-HI-2026,metaculus 0.98,0.98,no,ticket GOVPARTYHI-26-D snapshotMid 0.9745
2026-09-20,crosslayer,GOVERNOR-NM-2026,metaculus 0.925,0.925,no,ticket GOVPARTYNM-26-D snapshotMid 0.929
2026-09-20,crosslayer,GOVERNOR-OR-2026,metaculus 0.874,0.874,no,ticket GOVPARTYOR-26-D snapshotMid 0.805
2026-09-20,crosslayer,GOVERNOR-MI-2026,metaculus 0.84,0.84,no,ticket GOVPARTYMI-26-D snapshotMid 0.9235
2026-09-20,crosslayer,SENATE-AK-2026,metaculus 0.54,0.54,no,ticket SENATEAK-26-D snapshotMid 0.705
2026-09-20,crosslayer,SENATE-MT-2026,metaculus 0.01,0.01,no,ticket SENATEMT-26-D snapshotMid 0.0145
2026-09-20,crosslayer,SENATE-NE-2026,metaculus 0.001,0.001,no,ticket SENATENE-26-D snapshotMid 0.0025
2026-09-20,crosslayer,SENATE-CONTROL-2026,metaculus 0.569,0.569,no,ticket CONTROLS-2026-D snapshotMid 0.625
2026-09-20,crosslayer,HOUSE-CONTROL-2026,metaculus 0.925,0.925,no,ticket CONTROLH-2026-D snapshotMid 0.9155
2026-09-20,crosslayer,SENATE-RI-2026,metaculus 0.991,0.991,no,ticket SENATERI-26-D snapshotMid 0.9885
2026-09-20,crosslayer,SENATE-OR-2026,metaculus 0.99,0.99,no,ticket SENATEOR-26-D snapshotMid 0.9775
2026-09-20,crosslayer,SENATE-CO-2026,metaculus 0.98,0.98,no,ticket SENATECO-26-D snapshotMid 0.9855
2026-09-20,crosslayer,SENATE-MN-2026,metaculus 0.95,0.95,no,ticket SENATEMN-26-D snapshotMid 0.895
2026-09-20,crosslayer,GOVERNOR-HI-2026,metaculus 0.98,0.98,no,ticket GOVPARTYHI-26-D snapshotMid 0.9745
2026-09-20,crosslayer,GOVERNOR-NM-2026,metaculus 0.925,0.925,no,ticket GOVPARTYNM-26-D snapshotMid 0.93
2026-09-20,crosslayer,GOVERNOR-OR-2026,metaculus 0.874,0.874,no,ticket GOVPARTYOR-26-D snapshotMid 0.815
2026-09-20,crosslayer,GOVERNOR-MI-2026,metaculus 0.84,0.84,no,ticket GOVPARTYMI-26-D snapshotMid 0.926
2026-09-20,crosslayer,SENATE-AK-2026,metaculus 0.54,0.54,no,ticket SENATEAK-26-D snapshotMid 0.695
2026-09-20,crosslayer,SENATE-MT-2026,metaculus 0.01,0.01,no,ticket SENATEMT-26-D snapshotMid 0.0145
2026-09-20,crosslayer,SENATE-NE-2026,metaculus 0.001,0.001,no,ticket SENATENE-26-D snapshotMid 0.0025
2026-09-20,crosslayer,SENATE-CONTROL-2026,metaculus 0.562,0.562,no,ticket CONTROLS-2026-D snapshotMid 0.625
2026-09-20,crosslayer,HOUSE-CONTROL-2026,metaculus 0.919,0.919,no,ticket CONTROLH-2026-D snapshotMid 0.915
2026-09-20,crosslayer,SENATE-RI-2026,metaculus 0.99,0.99,no,ticket SENATERI-26-D snapshotMid 0.9885
2026-09-20,crosslayer,SENATE-OR-2026,metaculus 0.99,0.99,no,ticket SENATEOR-26-D snapshotMid 0.983
2026-09-20,crosslayer,SENATE-CO-2026,metaculus 0.98,0.98,no,ticket SENATECO-26-D snapshotMid 0.9855
2026-09-20,crosslayer,SENATE-MN-2026,metaculus 0.95,0.95,no,ticket SENATEMN-26-D snapshotMid 0.885
2026-09-20,crosslayer,GOVERNOR-HI-2026,metaculus 0.98,0.98,no,ticket GOVPARTYHI-26-D snapshotMid 0.969
2026-09-20,crosslayer,GOVERNOR-NM-2026,metaculus 0.925,0.925,no,ticket GOVPARTYNM-26-D snapshotMid 0.9295
2026-09-20,crosslayer,GOVERNOR-OR-2026,metaculus 0.874,0.874,no,ticket GOVPARTYOR-26-D snapshotMid 0.795
2026-09-20,crosslayer,GOVERNOR-MI-2026,metaculus 0.84,0.84,no,ticket GOVPARTYMI-26-D snapshotMid 0.9225
2026-09-20,crosslayer,SENATE-AK-2026,metaculus 0.54,0.54,no,ticket SENATEAK-26-D snapshotMid 0.705
2026-09-20,crosslayer,SENATE-MT-2026,metaculus 0.01,0.01,no,ticket SENATEMT-26-D snapshotMid 0.009
2026-09-20,crosslayer,SENATE-NE-2026,metaculus 0.001,0.001,no,ticket SENATENE-26-D snapshotMid 0.002
2026-09-20,crosslayer,SENATE-CONTROL-2026,metaculus 0.565,0.565,no,ticket CONTROLS-2026-D snapshotMid 0.625
2026-09-20,crosslayer,HOUSE-CONTROL-2026,metaculus 0.924,0.924,no,ticket CONTROLH-2026-D snapshotMid 0.9155
2026-09-20,crosslayer,SENATE-RI-2026,metaculus 0.99,0.99,no,ticket SENATERI-26-D snapshotMid 0.99
2026-09-20,crosslayer,SENATE-OR-2026,metaculus 0.99,0.99,no,ticket SENATEOR-26-D snapshotMid 0.9785
2026-09-20,crosslayer,SENATE-CO-2026,metaculus 0.98,0.98,no,ticket SENATECO-26-D snapshotMid 0.9865
2026-09-20,crosslayer,SENATE-MN-2026,metaculus 0.94,0.94,no,ticket SENATEMN-26-D snapshotMid 0.875
2026-09-20,crosslayer,GOVERNOR-HI-2026,metaculus 0.98,0.98,no,ticket GOVPARTYHI-26-D snapshotMid 0.9745
2026-09-20,crosslayer,GOVERNOR-NM-2026,metaculus 0.93,0.93,no,ticket GOVPARTYNM-26-D snapshotMid 0.9305
2026-09-20,crosslayer,GOVERNOR-OR-2026,metaculus 0.88,0.88,no,ticket GOVPARTYOR-26-D snapshotMid 0.765
2026-09-20,crosslayer,GOVERNOR-MI-2026,metaculus 0.85,0.85,no,ticket GOVPARTYMI-26-D snapshotMid 0.92
2026-09-20,crosslayer,SENATE-AK-2026,metaculus 0.54,0.54,no,ticket SENATEAK-26-D snapshotMid 0.685
2026-09-20,crosslayer,SENATE-MT-2026,metaculus 0.01,0.01,no,ticket SENATEMT-26-D snapshotMid 0.006
2026-09-20,crosslayer,SENATE-CONTROL-2026,metaculus 0.575,0.575,no,ticket CONTROLS-2026-D snapshotMid 0.625
2026-09-20,crosslayer,HOUSE-CONTROL-2026,metaculus 0.924,0.924,no,ticket CONTROLH-2026-D snapshotMid 0.9165
2026-09-20,crosslayer,SENATE-RI-2026,metaculus 0.99,0.99,no,ticket SENATERI-26-D snapshotMid 0.9905
2026-09-20,crosslayer,SENATE-OR-2026,metaculus 0.99,0.99,no,ticket SENATEOR-26-D snapshotMid 0.985
2026-09-20,crosslayer,SENATE-CO-2026,metaculus 0.98,0.98,no,ticket SENATECO-26-D snapshotMid 0.9865
2026-09-20,crosslayer,SENATE-MN-2026,metaculus 0.94,0.94,no,ticket SENATEMN-26-D snapshotMid 0.895
2026-09-20,crosslayer,GOVERNOR-HI-2026,metaculus 0.98,0.98,no,ticket GOVPARTYHI-26-D snapshotMid 0.9715
2026-09-20,crosslayer,GOVERNOR-NM-2026,metaculus 0.93,0.93,no,ticket GOVPARTYNM-26-D snapshotMid 0.94
2026-09-20,crosslayer,GOVERNOR-OR-2026,metaculus 0.872,0.872,no,ticket GOVPARTYOR-26-D snapshotMid 0.715
2026-09-20,crosslayer,GOVERNOR-MI-2026,metaculus 0.84,0.84,no,ticket GOVPARTYMI-26-D snapshotMid 0.922
2026-09-20,crosslayer,SENATE-AK-2026,metaculus 0.54,0.54,no,ticket SENATEAK-26-D snapshotMid 0.675
2026-09-20,crosslayer,SENATE-MT-2026,metaculus 0.01,0.01,no,ticket SENATEMT-26-D snapshotMid 0.006
2026-09-20,crosslayer,SENATE-NE-2026,metaculus 0.001,0.001,no,ticket SENATENE-26-D snapshotMid 0.004
2026-09-20,crosslayer,SENATE-CONTROL-2026,metaculus 0.581,0.581,no,ticket CONTROLS-2026-D snapshotMid 0.645
2026-09-20,crosslayer,HOUSE-CONTROL-2026,metaculus 0.918,0.918,no,ticket CONTROLH-2026-D snapshotMid 0.9205
2026-09-20,crosslayer,SENATE-OR-2026,metaculus 0.99,0.99,no,ticket SENATEOR-26-D snapshotMid 0.985
2026-09-20,crosslayer,SENATE-RI-2026,metaculus 0.99,0.99,no,ticket SENATERI-26-D snapshotMid 0.9905
2026-09-20,crosslayer,SENATE-CO-2026,metaculus 0.982,0.982,no,ticket SENATECO-26-D snapshotMid 0.9865
2026-09-20,crosslayer,SENATE-MN-2026,metaculus 0.94,0.94,no,ticket SENATEMN-26-D snapshotMid 0.875
2026-09-20,crosslayer,GOVERNOR-HI-2026,metaculus 0.98,0.98,no,ticket GOVPARTYHI-26-D snapshotMid 0.9735
2026-09-20,crosslayer,GOVERNOR-NM-2026,metaculus 0.93,0.93,no,ticket GOVPARTYNM-26-D snapshotMid 0.945
2026-09-20,crosslayer,GOVERNOR-OR-2026,metaculus 0.872,0.872,no,ticket GOVPARTYOR-26-D snapshotMid 0.735
2026-09-20,crosslayer,GOVERNOR-MI-2026,metaculus 0.85,0.85,no,ticket GOVPARTYMI-26-D snapshotMid 0.9275
2026-09-20,crosslayer,SENATE-AK-2026,metaculus 0.525,0.525,no,ticket SENATEAK-26-D snapshotMid 0.705
2026-09-20,crosslayer,SENATE-MT-2026,metaculus 0.01,0.01,no,ticket SENATEMT-26-D snapshotMid 0.007
2026-09-20,crosslayer,SENATE-NE-2026,metaculus 0.001,0.001,no,ticket SENATENE-26-D snapshotMid 0.004
2026-09-20,crosslayer,SENATE-CONTROL-2026,metaculus 0.576,0.576,no,ticket CONTROLS-2026-D snapshotMid 0.625
2026-09-20,crosslayer,HOUSE-CONTROL-2026,metaculus 0.919,0.919,no,ticket CONTROLH-2026-D snapshotMid 0.9195
2026-09-20,crosslayer,GOVERNOR-HI-2026,metaculus 0.98,0.98,no,ticket GOVPARTYHI-26-D snapshotMid 0.971
2026-09-20,crosslayer,GOVERNOR-NM-2026,metaculus 0.94,0.94,no,ticket GOVPARTYNM-26-D snapshotMid 0.9455
2026-09-20,crosslayer,GOVERNOR-OR-2026,metaculus 0.87,0.87,no,ticket GOVPARTYOR-26-D snapshotMid 0.735
2026-09-20,crosslayer,GOVERNOR-MI-2026,metaculus 0.85,0.85,no,ticket GOVPARTYMI-26-D snapshotMid 0.927
2026-09-20,crosslayer,SENATE-AK-2026,metaculus 0.525,0.525,no,ticket SENATEAK-26-D snapshotMid 0.73
2026-09-20,crosslayer,SENATE-MT-2026,metaculus 0.01,0.01,no,ticket SENATEMT-26-D snapshotMid 0.0085
2026-09-20,crosslayer,SENATE-NE-2026,metaculus 0.001,0.001,no,ticket SENATENE-26-D snapshotMid 0.004
2026-09-20,crosslayer,SENATE-CONTROL-2026,metaculus 0.584,0.584,no,ticket CONTROLS-2026-D snapshotMid 0.645
2026-09-20,crosslayer,HOUSE-CONTROL-2026,metaculus 0.929,0.929,no,ticket CONTROLH-2026-D snapshotMid 0.9165
2026-09-20,crosslayer,SENATE-OR-2026,metaculus 0.99,0.99,no,ticket SENATEOR-26-D snapshotMid 0.988
2026-09-20,crosslayer,SENATE-RI-2026,metaculus 0.99,0.99,no,ticket SENATERI-26-D snapshotMid 0.9905
2026-09-20,crosslayer,SENATE-CO-2026,metaculus 0.982,0.982,no,ticket SENATECO-26-D snapshotMid 0.9915
2026-09-20,crosslayer,SENATE-MN-2026,metaculus 0.925,0.925,no,ticket SENATEMN-26-D snapshotMid 0.865
2026-09-20,crosslayer,GOVERNOR-HI-2026,metaculus 0.98,0.98,no,ticket GOVPARTYHI-26-D snapshotMid 0.9735
2026-09-20,crosslayer,GOVERNOR-NM-2026,metaculus 0.94,0.94,no,ticket GOVPARTYNM-26-D snapshotMid 0.945
2026-09-20,crosslayer,GOVERNOR-OR-2026,metaculus 0.86,0.86,no,ticket GOVPARTYOR-26-D snapshotMid 0.755
2026-09-20,crosslayer,GOVERNOR-MI-2026,metaculus 0.85,0.85,no,ticket GOVPARTYMI-26-D snapshotMid 0.9305
2026-09-20,crosslayer,SENATE-AK-2026,metaculus 0.525,0.525,no,ticket SENATEAK-26-D snapshotMid 0.735
2026-09-20,crosslayer,SENATE-MT-2026,metaculus 0.01,0.01,no,ticket SENATEMT-26-D snapshotMid 0.021
2026-09-20,crosslayer,SENATE-NE-2026,metaculus 0.001,0.001,no,ticket SENATENE-26-D snapshotMid 0.0015
2026-09-20,crosslayer,SENATE-CONTROL-2026,metaculus 0.586,0.586,no,ticket CONTROLS-2026-D snapshotMid 0.645
2026-09-20,crosslayer,HOUSE-CONTROL-2026,metaculus 0.929,0.929,no,ticket CONTROLH-2026-D snapshotMid 0.9155
2026-09-20,crosslayer,SENATE-OR-2026,metaculus 0.99,0.99,no,ticket SENATEOR-26-D snapshotMid 0.9855
2026-09-20,crosslayer,SENATE-RI-2026,metaculus 0.99,0.99,no,ticket SENATERI-26-D snapshotMid 0.99
2026-09-20,crosslayer,SENATE-CO-2026,metaculus 0.982,0.982,no,ticket SENATECO-26-D snapshotMid 0.991
2026-09-20,crosslayer,SENATE-MN-2026,metaculus 0.925,0.925,no,ticket SENATEMN-26-D snapshotMid 0.865
2026-09-20,crosslayer,GOVERNOR-HI-2026,metaculus 0.98,0.98,no,ticket GOVPARTYHI-26-D snapshotMid 0.9735
2026-09-20,crosslayer,GOVERNOR-NM-2026,metaculus 0.94,0.94,no,ticket GOVPARTYNM-26-D snapshotMid 0.9465
2026-09-20,crosslayer,GOVERNOR-OR-2026,metaculus 0.86,0.86,no,ticket GOVPARTYOR-26-D snapshotMid 0.76
2026-09-20,crosslayer,GOVERNOR-MI-2026,metaculus 0.85,0.85,no,ticket GOVPARTYMI-26-D snapshotMid 0.937
2026-09-20,crosslayer,SENATE-AK-2026,metaculus 0.525,0.525,no,ticket SENATEAK-26-D snapshotMid 0.745
2026-09-20,crosslayer,SENATE-MT-2026,metaculus 0.009,0.009,no,ticket SENATEMT-26-D snapshotMid 0.009
2026-09-20,crosslayer,SENATE-NE-2026,metaculus 0.001,0.001,no,ticket SENATENE-26-D snapshotMid 0.0015
2026-09-20,crosslayer,SENATE-CONTROL-2026,metaculus 0.588,0.588,no,ticket CONTROLS-2026-D snapshotMid 0.635
2026-09-20,crosslayer,HOUSE-CONTROL-2026,metaculus 0.922,0.922,no,ticket CONTROLH-2026-D snapshotMid 0.895
2026-09-20,crosslayer,SENATE-RI-2026,metaculus 0.99,0.99,no,ticket SENATERI-26-D snapshotMid 0.989
2026-09-20,crosslayer,SENATE-OR-2026,metaculus 0.99,0.99,no,ticket SENATEOR-26-D snapshotMid 0.9855
2026-09-20,crosslayer,SENATE-CO-2026,metaculus 0.985,0.985,no,ticket SENATECO-26-D snapshotMid 0.991
2026-09-20,crosslayer,SENATE-NC-2026,metaculus 0.92,0.92,no,ticket SENATENC-26-D snapshotMid 0.968
2026-09-20,crosslayer,GOVERNOR-HI-2026,metaculus 0.98,0.98,no,ticket GOVPARTYHI-26-D snapshotMid 0.9775
2026-09-20,crosslayer,GOVERNOR-NM-2026,metaculus 0.94,0.94,no,ticket GOVPARTYNM-26-D snapshotMid 0.94
2026-09-20,crosslayer,GOVERNOR-OR-2026,metaculus 0.858,0.858,no,ticket GOVPARTYOR-26-D snapshotMid 0.775
2026-09-20,crosslayer,GOVERNOR-MI-2026,metaculus 0.85,0.85,no,ticket GOVPARTYMI-26-D snapshotMid 0.9225
2026-09-20,crosslayer,SENATE-AK-2026,metaculus 0.54,0.54,no,ticket SENATEAK-26-D snapshotMid 0.765
2026-09-20,crosslayer,SENATE-MT-2026,metaculus 0.009,0.009,no,ticket SENATEMT-26-D snapshotMid 0.008
2026-09-20,crosslayer,SENATE-NE-2026,metaculus 0.001,0.001,no,ticket SENATENE-26-D snapshotMid 0.0015
2026-09-20,crosslayer,SENATE-CONTROL-2026,metaculus 0.598,0.598,no,ticket CONTROLS-2026-D snapshotMid 0.615
2026-09-20,crosslayer,HOUSE-CONTROL-2026,metaculus 0.922,0.922,no,ticket CONTROLH-2026-D snapshotMid 0.9005
2026-09-20,crosslayer,SENATE-OR-2026,metaculus 0.99,0.99,no,ticket SENATEOR-26-D snapshotMid 0.983
2026-09-20,crosslayer,SENATE-RI-2026,metaculus 0.99,0.99,no,ticket SENATERI-26-D snapshotMid 0.9885
2026-09-20,crosslayer,SENATE-CO-2026,metaculus 0.985,0.985,no,ticket SENATECO-26-D snapshotMid 0.988
2026-09-20,crosslayer,SENATE-NC-2026,metaculus 0.92,0.92,no,ticket SENATENC-26-D snapshotMid 0.9685
2026-09-20,crosslayer,GOVERNOR-HI-2026,metaculus 0.98,0.98,no,ticket GOVPARTYHI-26-D snapshotMid 0.9795
2026-09-20,crosslayer,GOVERNOR-NM-2026,metaculus 0.94,0.94,no,ticket GOVPARTYNM-26-D snapshotMid 0.939
2026-09-20,crosslayer,GOVERNOR-OR-2026,metaculus 0.86,0.86,no,ticket GOVPARTYOR-26-D snapshotMid 0.755
2026-09-20,crosslayer,GOVERNOR-MI-2026,metaculus 0.85,0.85,no,ticket GOVPARTYMI-26-D snapshotMid 0.9205
2026-09-20,crosslayer,SENATE-AK-2026,metaculus 0.548,0.548,no,ticket SENATEAK-26-D snapshotMid 0.755
2026-09-20,crosslayer,SENATE-MT-2026,metaculus 0.009,0.009,no,ticket SENATEMT-26-D snapshotMid 0.0085
2026-09-20,crosslayer,SENATE-NE-2026,metaculus 0.001,0.001,no,ticket SENATENE-26-D snapshotMid 0.001
2026-09-20,crosslayer,SENATE-CONTROL-2026,metaculus 0.608,0.608,no,ticket CONTROLS-2026-D snapshotMid 0.605
2026-09-20,crosslayer,HOUSE-CONTROL-2026,metaculus 0.93,0.93,no,ticket CONTROLH-2026-D snapshotMid 0.895
2026-09-20,crosslayer,SENATE-OR-2026,metaculus 0.99,0.99,no,ticket SENATEOR-26-D snapshotMid 0.983
2026-09-20,crosslayer,SENATE-RI-2026,metaculus 0.99,0.99,no,ticket SENATERI-26-D snapshotMid 0.978
2026-09-20,crosslayer,SENATE-CO-2026,metaculus 0.985,0.985,no,ticket SENATECO-26-D snapshotMid 0.988
2026-09-20,crosslayer,SENATE-GA-2026,metaculus 0.93,0.93,no,ticket SENATEGA-26-D snapshotMid 0.9545
2026-09-20,crosslayer,SENATE-AK-2026,metaculus 0.54,0.54,no,ticket SENATEAK-26-D snapshotMid 0.735
2026-09-20,crosslayer,SENATE-MT-2026,metaculus 0.01,0.01,no,ticket SENATEMT-26-D snapshotMid 0.0085
2026-09-20,crosslayer,SENATE-NE-2026,metaculus 0.001,0.001,no,ticket SENATENE-26-D snapshotMid 0.0025
2026-09-21,poll,cnn-ssrs-2026-09-me-senate,U.S. Senate — Maine CNN Poll conducted by SSRS,0.6608,no,margin 3pp -> logistic k=4.5; ticket SENATEME-26-D
2026-09-21,poll,cnn-ssrs-2026-09-mi-senate,U.S. Senate — Michigan (open seat) CNN Poll conducted by SSRS,0.6608,no,margin 3pp -> logistic k=4.5; ticket SENATEMI-26-D
2026-09-21,poll,emerson-2026-09-mi-senate,U.S. Senate — Michigan (open seat) Emerson College Polling / Nexstar Media,0.6093,no,margin 2pp -> logistic k=4.5; ticket SENATEMI-26-D
2026-09-21,poll,emerson-2026-09-tx-senate,U.S. Senate — Texas (open seat) Emerson College Polling / Nexstar Media,0.5553,no,margin 1pp -> logistic k=4.5; ticket SENATETX-26-D
2026-09-21,poll,emerson-2026-09-ia-senate,U.S. Senate — Iowa (open seat) Emerson College Polling / Nexstar Media,0.2477,no,margin -5pp -> logistic k=4.5; ticket SENATEIA-26-D
2026-09-21,poll,reconmr-siena-2026-09-tx-senate,U.S. Senate — Texas (open seat) Texas Poll — ReconMR fieldwork (released via Siena Research Institute),0.7914,no,margin 6pp -> logistic k=4.5; ticket SENATETX-26-D
2026-09-21,poll,suffolk-2026-08-ia-senate,U.S. Senate — Iowa (open seat) Suffolk University Political Research Center (SUPRC),0.2913,no,margin -4pp -> logistic k=4.5; ticket SENATEIA-26-D
2026-09-21,poll,npi-2026-08-az-governor,Governor — Arizona Noble Predictive Insights — Arizona Public Opinion Pulse (AZPOP),0.9473,no,margin 13pp -> logistic k=4.5; ticket GOVPARTYAZ-26-D
2026-09-21,poll,fm-2026-08-pa-governor,Governor — Pennsylvania Franklin & Marshall College Poll,0.9961,no,margin 25pp -> logistic k=4.5; ticket GOVPARTYPA-26-D
2026-09-21,poll,elon-2026-09-nc-senate,U.S. Senate — North Carolina Elon University Poll (fielded by YouGov),0.9202,no,margin 11pp -> logistic k=4.5; ticket SENATENC-26-D
2026-09-21,poll,hpu-2026-04-nc-senate,U.S. Senate — North Carolina HPU Poll 120 — High Point University Survey Research Center (fielded by YouGov),0.8554,no,margin 8pp -> logistic k=4.5; ticket SENATENC-26-D
2026-09-21,poll,hpu-2026-08-nc-senate,U.S. Senate — North Carolina HPU Poll 126 — High Point University Survey Research Center (fielded by YouGov),0.7523,no,margin 5pp -> logistic k=4.5; ticket SENATENC-26-D
2026-09-21,poll,stetson-2026-04-fl-governor,Governor — Florida Stetson University Center for Public Opinion Research (CPOR) — Spring 2026 Survey,0.1743,no,margin -7pp -> logistic k=4.5; ticket GOVPARTYFL-26-D
2026-09-21,poll,ppp-2026-07-nc-senate,U.S. Senate — North Carolina Public Policy Polling (PPP),0.7087,no,margin 4pp -> logistic k=4.5; ticket SENATENC-26-D
2026-09-21,poll,unf-2026-07-fl-governor,Governor — Florida University of North Florida Public Opinion Research Lab,0.2477,no,margin -5pp -> logistic k=4.5; ticket GOVPARTYFL-26-D
2026-09-21,poll,unf-2026-07-fl-senate,U.S. Senate — Florida (special) University of North Florida Public Opinion Research Lab,0.1446,no,margin -8pp -> logistic k=4.5; ticket SENATEFLS-26-D
2026-09-21,poll,rasmussen-2026-09-ga-governor,Governor — Georgia Rasmussen Reports (field work by Pulse Opinion Research),0.3392,no,margin -3pp -> logistic k=4.5; ticket GOVPARTYGA-26-D
2026-09-21,poll,rasmussen-2026-09-ga-senate,U.S. Senate — Georgia Rasmussen Reports (field work by Pulse Opinion Research),0.8808,no,margin 9pp -> logistic k=4.5; ticket SENATEGA-26-D
2026-09-21,poll,rasmussen-2026-09-sc-senate,U.S. Senate — South Carolina (special) Rasmussen Reports (field work by Pulse Opinion Research),0.2477,no,margin -5pp -> logistic k=4.5; ticket SENATESC-26-D
2026-09-21,rating,AK,Toss Up / Tilt R,0.25-0.65,no,ticket SENATEAK-26-D
2026-09-21,rating,IA,Toss Up / Tilt R,0.25-0.65,no,ticket SENATEIA-26-D
2026-09-21,rating,ME,Toss Up / Toss-up,0.35-0.65,no,ticket SENATEME-26-D
2026-09-21,rating,MI,Toss Up / Toss-up,0.35-0.65,no,ticket SENATEMI-26-D
2026-09-21,rating,NH,Toss Up / Toss-up,0.35-0.65,no,ticket SENATENH-26-D
2026-09-21,rating,OH,Toss Up / Toss-up,0.35-0.65,no,ticket SENATEOHS-26-D
2026-09-21,rating,TX,Toss Up / Lean R,0.2-0.65,no,ticket SENATETX-26-D
2026-09-21,rating,GA,Lean D / Tilt D,0.55-0.8,no,ticket SENATEGA-26-D
2026-09-21,rating,NC,Lean D / Tilt D,0.55-0.8,no,ticket SENATENC-26-D
2026-09-21,rating,MN,Likely D / Likely D,0.75-0.92,no,ticket SENATEMN-26-D
2026-09-21,rating,KS,Likely R / Likely R,0.08-0.25,no,ticket SENATEKS-26-D
2026-09-21,rating,SC,Solid R / Likely R,0-0.25,no,ticket SENATESC-26-D
2026-09-21,crosslayer,SENATE-CONTROL-2026,metaculus 0.517,0.517,yes,ticket CONTROLS-2026-D snapshotMid 0.595
2026-09-21,crosslayer,HOUSE-CONTROL-2026,metaculus 0.888,0.888,yes,ticket CONTROLH-2026-D snapshotMid 0.895
2026-09-21,crosslayer,HOUSE-CONTROL-2026,metaculus 0.888,0.888,yes,ticket CONTROLH-2026-D snapshotMid 0.9015
2026-09-21,crosslayer,GOVERNOR-HI-2026,metaculus 0.98,0.98,yes,ticket GOVPARTYHI-26-D snapshotMid 0.974
2026-09-21,crosslayer,GOVERNOR-NM-2026,metaculus 0.922,0.922,yes,ticket GOVPARTYNM-26-D snapshotMid 0.9255
2026-09-21,crosslayer,GOVERNOR-OR-2026,metaculus 0.88,0.88,yes,ticket GOVPARTYOR-26-D snapshotMid 0.845
2026-09-21,crosslayer,GOVERNOR-MI-2026,metaculus 0.85,0.85,yes,ticket GOVPARTYMI-26-D snapshotMid 0.915
2026-09-21,crosslayer,SENATE-MT-2026,metaculus 0.01,0.01,yes,ticket SENATEMT-26-D snapshotMid 0.0075
2026-09-21,crosslayer,SENATE-NE-2026,metaculus 0.001,0.001,yes,ticket SENATENE-26-D snapshotMid 0.0005
2026-09-21,crosslayer,SENATE-RI-2026,metaculus 0.99,0.99,yes,ticket SENATERI-26-D snapshotMid 0.979
2026-09-21,crosslayer,SENATE-OR-2026,metaculus 0.99,0.99,yes,ticket SENATEOR-26-D snapshotMid 0.977
2026-09-21,crosslayer,SENATE-CO-2026,metaculus 0.98,0.98,yes,ticket SENATECO-26-D snapshotMid 0.9725
2026-09-21,crosslayer,SENATE-MN-2026,metaculus 0.92,0.92,yes,ticket SENATEMN-26-D snapshotMid 0.9035
2026-09-21,crosslayer,SENATE-AK-2026,metaculus 0.54,0.54,yes,ticket SENATEAK-26-D snapshotMid 0.695
2026-09-21,crosslayer,SENATE-CONTROL-2026,metaculus 0.5,0.5,no,ticket CONTROLS-2026-D snapshotMid 0.605
2026-09-21,crosslayer,HOUSE-CONTROL-2026,metaculus 0.9,0.9,no,ticket CONTROLH-2026-D snapshotMid 0.9085
2026-09-21,crosslayer,SENATE-RI-2026,metaculus 0.99,0.99,no,ticket SENATERI-26-D snapshotMid 0.982
2026-09-21,crosslayer,SENATE-OR-2026,metaculus 0.99,0.99,no,ticket SENATEOR-26-D snapshotMid 0.977
2026-09-21,crosslayer,SENATE-CO-2026,metaculus 0.98,0.98,no,ticket SENATECO-26-D snapshotMid 0.973
2026-09-21,crosslayer,SENATE-MN-2026,metaculus 0.93,0.93,no,ticket SENATEMN-26-D snapshotMid 0.902
2026-09-21,crosslayer,GOVERNOR-HI-2026,metaculus 0.98,0.98,no,ticket GOVPARTYHI-26-D snapshotMid 0.974
2026-09-21,crosslayer,GOVERNOR-NM-2026,metaculus 0.922,0.922,no,ticket GOVPARTYNM-26-D snapshotMid 0.928
2026-09-21,crosslayer,GOVERNOR-OR-2026,metaculus 0.88,0.88,no,ticket GOVPARTYOR-26-D snapshotMid 0.86
2026-09-21,crosslayer,GOVERNOR-MI-2026,metaculus 0.85,0.85,no,ticket GOVPARTYMI-26-D snapshotMid 0.9165
2026-09-21,crosslayer,SENATE-AK-2026,metaculus 0.54,0.54,no,ticket SENATEAK-26-D snapshotMid 0.705
2026-09-21,crosslayer,SENATE-MT-2026,metaculus 0.01,0.01,no,ticket SENATEMT-26-D snapshotMid 0.01
2026-09-21,crosslayer,SENATE-NE-2026,metaculus 0.001,0.001,no,ticket SENATENE-26-D snapshotMid 0.0025
2026-09-21,crosslayer,SENATE-CONTROL-2026,metaculus 0.512,0.512,no,ticket CONTROLS-2026-D snapshotMid 0.605
2026-09-21,crosslayer,HOUSE-CONTROL-2026,metaculus 0.908,0.908,no,ticket CONTROLH-2026-D snapshotMid 0.9065
2026-09-21,crosslayer,SENATE-RI-2026,metaculus 0.99,0.99,no,ticket SENATERI-26-D snapshotMid 0.9825
2026-09-21,crosslayer,SENATE-OR-2026,metaculus 0.99,0.99,no,ticket SENATEOR-26-D snapshotMid 0.977
2026-09-21,crosslayer,SENATE-CO-2026,metaculus 0.98,0.98,no,ticket SENATECO-26-D snapshotMid 0.973
2026-09-21,crosslayer,SENATE-MN-2026,metaculus 0.93,0.93,no,ticket SENATEMN-26-D snapshotMid 0.905
2026-09-21,crosslayer,GOVERNOR-HI-2026,metaculus 0.98,0.98,no,ticket GOVPARTYHI-26-D snapshotMid 0.974
2026-09-21,crosslayer,GOVERNOR-NM-2026,metaculus 0.928,0.928,no,ticket GOVPARTYNM-26-D snapshotMid 0.931
2026-09-21,crosslayer,GOVERNOR-OR-2026,metaculus 0.882,0.882,no,ticket GOVPARTYOR-26-D snapshotMid 0.86
2026-09-21,crosslayer,GOVERNOR-MI-2026,metaculus 0.84,0.84,no,ticket GOVPARTYMI-26-D snapshotMid 0.923
2026-09-21,crosslayer,SENATE-AK-2026,metaculus 0.54,0.54,no,ticket SENATEAK-26-D snapshotMid 0.735
2026-09-21,crosslayer,SENATE-MT-2026,metaculus 0.01,0.01,no,ticket SENATEMT-26-D snapshotMid 0.009
2026-09-21,crosslayer,SENATE-NE-2026,metaculus 0.001,0.001,no,ticket SENATENE-26-D snapshotMid 0.002
2026-09-21,crosslayer,SENATE-GA-2026,metaculus 0.92,0.92,no,ticket SENATEGA-26-D snapshotMid 0.9385
2026-09-21,crosslayer,SENATE-CONTROL-2026,metaculus 0.531,0.531,no,ticket CONTROLS-2026-D snapshotMid 0.625
2026-09-21,crosslayer,HOUSE-CONTROL-2026,metaculus 0.906,0.906,no,ticket CONTROLH-2026-D snapshotMid 0.9095
2026-09-21,crosslayer,SENATE-RI-2026,metaculus 0.99,0.99,no,ticket SENATERI-26-D snapshotMid 0.9865
2026-09-21,crosslayer,SENATE-OR-2026,metaculus 0.99,0.99,no,ticket SENATEOR-26-D snapshotMid 0.977
2026-09-21,crosslayer,SENATE-CO-2026,metaculus 0.98,0.98,no,ticket SENATECO-26-D snapshotMid 0.9735
2026-09-21,crosslayer,SENATE-GA-2026,metaculus 0.92,0.92,no,ticket SENATEGA-26-D snapshotMid 0.9385
2026-09-21,crosslayer,GOVERNOR-HI-2026,metaculus 0.98,0.98,no,ticket GOVPARTYHI-26-D snapshotMid 0.973
2026-09-21,crosslayer,GOVERNOR-NM-2026,metaculus 0.928,0.928,no,ticket GOVPARTYNM-26-D snapshotMid 0.931
2026-09-21,crosslayer,GOVERNOR-OR-2026,metaculus 0.882,0.882,no,ticket GOVPARTYOR-26-D snapshotMid 0.855
2026-09-21,crosslayer,GOVERNOR-MI-2026,metaculus 0.84,0.84,no,ticket GOVPARTYMI-26-D snapshotMid 0.9235
2026-09-21,crosslayer,SENATE-AK-2026,metaculus 0.54,0.54,no,ticket SENATEAK-26-D snapshotMid 0.755
2026-09-21,crosslayer,SENATE-MT-2026,metaculus 0.01,0.01,no,ticket SENATEMT-26-D snapshotMid 0.012
2026-09-21,crosslayer,SENATE-NE-2026,metaculus 0.002,0.002,no,ticket SENATENE-26-D snapshotMid 0.0025
2026-09-21,crosslayer,SENATE-NC-2026,metaculus 0.92,0.92,no,ticket SENATENC-26-D snapshotMid 0.9365
2026-09-21,crosslayer,SENATE-CONTROL-2026,metaculus 0.567,0.567,no,ticket CONTROLS-2026-D snapshotMid 0.615
2026-09-21,crosslayer,HOUSE-CONTROL-2026,metaculus 0.91,0.91,no,ticket CONTROLH-2026-D snapshotMid 0.9165
2026-09-21,crosslayer,SENATE-RI-2026,metaculus 0.996,0.996,no,ticket SENATERI-26-D snapshotMid 0.99
2026-09-21,crosslayer,SENATE-OR-2026,metaculus 0.99,0.99,no,ticket SENATEOR-26-D snapshotMid 0.9775
2026-09-21,crosslayer,SENATE-CO-2026,metaculus 0.98,0.98,no,ticket SENATECO-26-D snapshotMid 0.9845
2026-09-21,crosslayer,SENATE-MN-2026,metaculus 0.94,0.94,no,ticket SENATEMN-26-D snapshotMid 0.9055
2026-09-21,crosslayer,GOVERNOR-HI-2026,metaculus 0.98,0.98,no,ticket GOVPARTYHI-26-D snapshotMid 0.9745
2026-09-21,crosslayer,GOVERNOR-NM-2026,metaculus 0.928,0.928,no,ticket GOVPARTYNM-26-D snapshotMid 0.9295
2026-09-21,crosslayer,GOVERNOR-OR-2026,metaculus 0.88,0.88,no,ticket GOVPARTYOR-26-D snapshotMid 0.84
2026-09-21,crosslayer,GOVERNOR-MI-2026,metaculus 0.85,0.85,no,ticket GOVPARTYMI-26-D snapshotMid 0.927
2026-09-21,crosslayer,SENATE-AK-2026,metaculus 0.548,0.548,no,ticket SENATEAK-26-D snapshotMid 0.705
2026-09-21,crosslayer,SENATE-MT-2026,metaculus 0.01,0.01,no,ticket SENATEMT-26-D snapshotMid 0.0095
2026-09-21,crosslayer,SENATE-NE-2026,metaculus 0.001,0.001,no,ticket SENATENE-26-D snapshotMid 0.002
2026-09-21,crosslayer,SENATE-CONTROL-2026,metaculus 0.582,0.582,no,ticket CONTROLS-2026-D snapshotMid 0.605
2026-09-21,crosslayer,HOUSE-CONTROL-2026,metaculus 0.929,0.929,no,ticket CONTROLH-2026-D snapshotMid 0.919
2026-09-21,crosslayer,SENATE-RI-2026,metaculus 0.996,0.996,no,ticket SENATERI-26-D snapshotMid 0.99
2026-09-21,crosslayer,SENATE-OR-2026,metaculus 0.99,0.99,no,ticket SENATEOR-26-D snapshotMid 0.9775
2026-09-21,crosslayer,SENATE-CO-2026,metaculus 0.98,0.98,no,ticket SENATECO-26-D snapshotMid 0.9855
2026-09-21,crosslayer,SENATE-MN-2026,metaculus 0.94,0.94,no,ticket SENATEMN-26-D snapshotMid 0.895
2026-09-21,crosslayer,GOVERNOR-HI-2026,metaculus 0.98,0.98,no,ticket GOVPARTYHI-26-D snapshotMid 0.9745
2026-09-21,crosslayer,GOVERNOR-NM-2026,metaculus 0.93,0.93,no,ticket GOVPARTYNM-26-D snapshotMid 0.928
2026-09-21,crosslayer,GOVERNOR-OR-2026,metaculus 0.88,0.88,no,ticket GOVPARTYOR-26-D snapshotMid 0.85
2026-09-21,crosslayer,GOVERNOR-MI-2026,metaculus 0.85,0.85,no,ticket GOVPARTYMI-26-D snapshotMid 0.925
2026-09-21,crosslayer,SENATE-AK-2026,metaculus 0.548,0.548,no,ticket SENATEAK-26-D snapshotMid 0.705
2026-09-21,crosslayer,SENATE-MT-2026,metaculus 0.01,0.01,no,ticket SENATEMT-26-D snapshotMid 0.011
2026-09-21,crosslayer,SENATE-NE-2026,metaculus 0.001,0.001,no,ticket SENATENE-26-D snapshotMid 0.002
2026-09-21,crosslayer,SENATE-CONTROL-2026,metaculus 0.572,0.572,no,ticket CONTROLS-2026-D snapshotMid 0.615
2026-09-21,crosslayer,HOUSE-CONTROL-2026,metaculus 0.929,0.929,no,ticket CONTROLH-2026-D snapshotMid 0.919
2026-09-21,crosslayer,SENATE-RI-2026,metaculus 0.993,0.993,no,ticket SENATERI-26-D snapshotMid 0.99
2026-09-21,crosslayer,SENATE-OR-2026,metaculus 0.99,0.99,no,ticket SENATEOR-26-D snapshotMid 0.9775
2026-09-21,crosslayer,SENATE-CO-2026,metaculus 0.98,0.98,no,ticket SENATECO-26-D snapshotMid 0.985
2026-09-21,crosslayer,SENATE-MN-2026,metaculus 0.94,0.94,no,ticket SENATEMN-26-D snapshotMid 0.895
2026-09-21,crosslayer,GOVERNOR-HI-2026,metaculus 0.98,0.98,no,ticket GOVPARTYHI-26-D snapshotMid 0.9745
2026-09-21,crosslayer,GOVERNOR-NM-2026,metaculus 0.928,0.928,no,ticket GOVPARTYNM-26-D snapshotMid 0.9275
2026-09-21,crosslayer,GOVERNOR-OR-2026,metaculus 0.88,0.88,no,ticket GOVPARTYOR-26-D snapshotMid 0.84
2026-09-21,crosslayer,GOVERNOR-MI-2026,metaculus 0.85,0.85,no,ticket GOVPARTYMI-26-D snapshotMid 0.927
2026-09-21,crosslayer,SENATE-AK-2026,metaculus 0.548,0.548,no,ticket SENATEAK-26-D snapshotMid 0.705
2026-09-21,crosslayer,SENATE-MT-2026,metaculus 0.01,0.01,no,ticket SENATEMT-26-D snapshotMid 0.016
2026-09-21,crosslayer,SENATE-NE-2026,metaculus 0.001,0.001,no,ticket SENATENE-26-D snapshotMid 0.0005
2026-09-21,crosslayer,SENATE-CONTROL-2026,metaculus 0.555,0.555,no,ticket CONTROLS-2026-D snapshotMid 0.615
2026-09-21,crosslayer,HOUSE-CONTROL-2026,metaculus 0.919,0.919,no,ticket CONTROLH-2026-D snapshotMid 0.9165
2026-09-21,crosslayer,SENATE-RI-2026,metaculus 0.993,0.993,no,ticket SENATERI-26-D snapshotMid 0.9905
2026-09-21,crosslayer,SENATE-OR-2026,metaculus 0.99,0.99,no,ticket SENATEOR-26-D snapshotMid 0.9775
2026-09-21,crosslayer,SENATE-CO-2026,metaculus 0.98,0.98,no,ticket SENATECO-26-D snapshotMid 0.9855
2026-09-21,crosslayer,SENATE-MN-2026,metaculus 0.95,0.95,no,ticket SENATEMN-26-D snapshotMid 0.895
2026-09-21,crosslayer,GOVERNOR-HI-2026,metaculus 0.98,0.98,no,ticket GOVPARTYHI-26-D snapshotMid 0.9745
2026-09-21,crosslayer,GOVERNOR-NM-2026,metaculus 0.925,0.925,no,ticket GOVPARTYNM-26-D snapshotMid 0.929
2026-09-21,crosslayer,GOVERNOR-OR-2026,metaculus 0.874,0.874,no,ticket GOVPARTYOR-26-D snapshotMid 0.805
2026-09-21,crosslayer,GOVERNOR-MI-2026,metaculus 0.84,0.84,no,ticket GOVPARTYMI-26-D snapshotMid 0.9235
2026-09-21,crosslayer,SENATE-AK-2026,metaculus 0.54,0.54,no,ticket SENATEAK-26-D snapshotMid 0.705
2026-09-21,crosslayer,SENATE-MT-2026,metaculus 0.01,0.01,no,ticket SENATEMT-26-D snapshotMid 0.0145
2026-09-21,crosslayer,SENATE-NE-2026,metaculus 0.001,0.001,no,ticket SENATENE-26-D snapshotMid 0.0025
2026-09-21,crosslayer,SENATE-CONTROL-2026,metaculus 0.569,0.569,no,ticket CONTROLS-2026-D snapshotMid 0.625
2026-09-21,crosslayer,HOUSE-CONTROL-2026,metaculus 0.925,0.925,no,ticket CONTROLH-2026-D snapshotMid 0.9155
2026-09-21,crosslayer,SENATE-RI-2026,metaculus 0.991,0.991,no,ticket SENATERI-26-D snapshotMid 0.9885
2026-09-21,crosslayer,SENATE-OR-2026,metaculus 0.99,0.99,no,ticket SENATEOR-26-D snapshotMid 0.9775
2026-09-21,crosslayer,SENATE-CO-2026,metaculus 0.98,0.98,no,ticket SENATECO-26-D snapshotMid 0.9855
2026-09-21,crosslayer,SENATE-MN-2026,metaculus 0.95,0.95,no,ticket SENATEMN-26-D snapshotMid 0.895
2026-09-21,crosslayer,GOVERNOR-HI-2026,metaculus 0.98,0.98,no,ticket GOVPARTYHI-26-D snapshotMid 0.9745
2026-09-21,crosslayer,GOVERNOR-NM-2026,metaculus 0.925,0.925,no,ticket GOVPARTYNM-26-D snapshotMid 0.93
2026-09-21,crosslayer,GOVERNOR-OR-2026,metaculus 0.874,0.874,no,ticket GOVPARTYOR-26-D snapshotMid 0.815
2026-09-21,crosslayer,GOVERNOR-MI-2026,metaculus 0.84,0.84,no,ticket GOVPARTYMI-26-D snapshotMid 0.926
2026-09-21,crosslayer,SENATE-AK-2026,metaculus 0.54,0.54,no,ticket SENATEAK-26-D snapshotMid 0.695
2026-09-21,crosslayer,SENATE-MT-2026,metaculus 0.01,0.01,no,ticket SENATEMT-26-D snapshotMid 0.0145
2026-09-21,crosslayer,SENATE-NE-2026,metaculus 0.001,0.001,no,ticket SENATENE-26-D snapshotMid 0.0025
2026-09-21,crosslayer,SENATE-CONTROL-2026,metaculus 0.562,0.562,no,ticket CONTROLS-2026-D snapshotMid 0.625
2026-09-21,crosslayer,HOUSE-CONTROL-2026,metaculus 0.919,0.919,no,ticket CONTROLH-2026-D snapshotMid 0.915
2026-09-21,crosslayer,SENATE-RI-2026,metaculus 0.99,0.99,no,ticket SENATERI-26-D snapshotMid 0.9885
2026-09-21,crosslayer,SENATE-OR-2026,metaculus 0.99,0.99,no,ticket SENATEOR-26-D snapshotMid 0.983
2026-09-21,crosslayer,SENATE-CO-2026,metaculus 0.98,0.98,no,ticket SENATECO-26-D snapshotMid 0.9855
2026-09-21,crosslayer,SENATE-MN-2026,metaculus 0.95,0.95,no,ticket SENATEMN-26-D snapshotMid 0.885
2026-09-21,crosslayer,GOVERNOR-HI-2026,metaculus 0.98,0.98,no,ticket GOVPARTYHI-26-D snapshotMid 0.969
2026-09-21,crosslayer,GOVERNOR-NM-2026,metaculus 0.925,0.925,no,ticket GOVPARTYNM-26-D snapshotMid 0.9295
2026-09-21,crosslayer,GOVERNOR-OR-2026,metaculus 0.874,0.874,no,ticket GOVPARTYOR-26-D snapshotMid 0.795
2026-09-21,crosslayer,GOVERNOR-MI-2026,metaculus 0.84,0.84,no,ticket GOVPARTYMI-26-D snapshotMid 0.9225
2026-09-21,crosslayer,SENATE-AK-2026,metaculus 0.54,0.54,no,ticket SENATEAK-26-D snapshotMid 0.705
2026-09-21,crosslayer,SENATE-MT-2026,metaculus 0.01,0.01,no,ticket SENATEMT-26-D snapshotMid 0.009
2026-09-21,crosslayer,SENATE-NE-2026,metaculus 0.001,0.001,no,ticket SENATENE-26-D snapshotMid 0.002
2026-09-21,crosslayer,SENATE-CONTROL-2026,metaculus 0.565,0.565,no,ticket CONTROLS-2026-D snapshotMid 0.625
2026-09-21,crosslayer,HOUSE-CONTROL-2026,metaculus 0.924,0.924,no,ticket CONTROLH-2026-D snapshotMid 0.9155
2026-09-21,crosslayer,SENATE-RI-2026,metaculus 0.99,0.99,no,ticket SENATERI-26-D snapshotMid 0.99
2026-09-21,crosslayer,SENATE-OR-2026,metaculus 0.99,0.99,no,ticket SENATEOR-26-D snapshotMid 0.9785
2026-09-21,crosslayer,SENATE-CO-2026,metaculus 0.98,0.98,no,ticket SENATECO-26-D snapshotMid 0.9865
2026-09-21,crosslayer,SENATE-MN-2026,metaculus 0.94,0.94,no,ticket SENATEMN-26-D snapshotMid 0.875
2026-09-21,crosslayer,GOVERNOR-HI-2026,metaculus 0.98,0.98,no,ticket GOVPARTYHI-26-D snapshotMid 0.9745
2026-09-21,crosslayer,GOVERNOR-NM-2026,metaculus 0.93,0.93,no,ticket GOVPARTYNM-26-D snapshotMid 0.9305
2026-09-21,crosslayer,GOVERNOR-OR-2026,metaculus 0.88,0.88,no,ticket GOVPARTYOR-26-D snapshotMid 0.765
2026-09-21,crosslayer,GOVERNOR-MI-2026,metaculus 0.85,0.85,no,ticket GOVPARTYMI-26-D snapshotMid 0.92
2026-09-21,crosslayer,SENATE-AK-2026,metaculus 0.54,0.54,no,ticket SENATEAK-26-D snapshotMid 0.685
2026-09-21,crosslayer,SENATE-MT-2026,metaculus 0.01,0.01,no,ticket SENATEMT-26-D snapshotMid 0.006
2026-09-21,crosslayer,SENATE-CONTROL-2026,metaculus 0.575,0.575,no,ticket CONTROLS-2026-D snapshotMid 0.625
2026-09-21,crosslayer,HOUSE-CONTROL-2026,metaculus 0.924,0.924,no,ticket CONTROLH-2026-D snapshotMid 0.9165
2026-09-21,crosslayer,SENATE-RI-2026,metaculus 0.99,0.99,no,ticket SENATERI-26-D snapshotMid 0.9905
2026-09-21,crosslayer,SENATE-OR-2026,metaculus 0.99,0.99,no,ticket SENATEOR-26-D snapshotMid 0.985
2026-09-21,crosslayer,SENATE-CO-2026,metaculus 0.98,0.98,no,ticket SENATECO-26-D snapshotMid 0.9865
2026-09-21,crosslayer,SENATE-MN-2026,metaculus 0.94,0.94,no,ticket SENATEMN-26-D snapshotMid 0.895
2026-09-21,crosslayer,GOVERNOR-HI-2026,metaculus 0.98,0.98,no,ticket GOVPARTYHI-26-D snapshotMid 0.9715
2026-09-21,crosslayer,GOVERNOR-NM-2026,metaculus 0.93,0.93,no,ticket GOVPARTYNM-26-D snapshotMid 0.94
2026-09-21,crosslayer,GOVERNOR-OR-2026,metaculus 0.872,0.872,no,ticket GOVPARTYOR-26-D snapshotMid 0.715
2026-09-21,crosslayer,GOVERNOR-MI-2026,metaculus 0.84,0.84,no,ticket GOVPARTYMI-26-D snapshotMid 0.922
2026-09-21,crosslayer,SENATE-AK-2026,metaculus 0.54,0.54,no,ticket SENATEAK-26-D snapshotMid 0.675
2026-09-21,crosslayer,SENATE-MT-2026,metaculus 0.01,0.01,no,ticket SENATEMT-26-D snapshotMid 0.006
2026-09-21,crosslayer,SENATE-NE-2026,metaculus 0.001,0.001,no,ticket SENATENE-26-D snapshotMid 0.004
2026-09-21,crosslayer,SENATE-CONTROL-2026,metaculus 0.581,0.581,no,ticket CONTROLS-2026-D snapshotMid 0.645
2026-09-21,crosslayer,HOUSE-CONTROL-2026,metaculus 0.918,0.918,no,ticket CONTROLH-2026-D snapshotMid 0.9205
2026-09-21,crosslayer,SENATE-OR-2026,metaculus 0.99,0.99,no,ticket SENATEOR-26-D snapshotMid 0.985
2026-09-21,crosslayer,SENATE-RI-2026,metaculus 0.99,0.99,no,ticket SENATERI-26-D snapshotMid 0.9905
2026-09-21,crosslayer,SENATE-CO-2026,metaculus 0.982,0.982,no,ticket SENATECO-26-D snapshotMid 0.9865
2026-09-21,crosslayer,SENATE-MN-2026,metaculus 0.94,0.94,no,ticket SENATEMN-26-D snapshotMid 0.875
2026-09-21,crosslayer,GOVERNOR-HI-2026,metaculus 0.98,0.98,no,ticket GOVPARTYHI-26-D snapshotMid 0.9735
2026-09-21,crosslayer,GOVERNOR-NM-2026,metaculus 0.93,0.93,no,ticket GOVPARTYNM-26-D snapshotMid 0.945
2026-09-21,crosslayer,GOVERNOR-OR-2026,metaculus 0.872,0.872,no,ticket GOVPARTYOR-26-D snapshotMid 0.735
2026-09-21,crosslayer,GOVERNOR-MI-2026,metaculus 0.85,0.85,no,ticket GOVPARTYMI-26-D snapshotMid 0.9275
2026-09-21,crosslayer,SENATE-AK-2026,metaculus 0.525,0.525,no,ticket SENATEAK-26-D snapshotMid 0.705
2026-09-21,crosslayer,SENATE-MT-2026,metaculus 0.01,0.01,no,ticket SENATEMT-26-D snapshotMid 0.007
2026-09-21,crosslayer,SENATE-NE-2026,metaculus 0.001,0.001,no,ticket SENATENE-26-D snapshotMid 0.004
2026-09-21,crosslayer,SENATE-CONTROL-2026,metaculus 0.576,0.576,no,ticket CONTROLS-2026-D snapshotMid 0.625
2026-09-21,crosslayer,HOUSE-CONTROL-2026,metaculus 0.919,0.919,no,ticket CONTROLH-2026-D snapshotMid 0.9195
2026-09-21,crosslayer,GOVERNOR-HI-2026,metaculus 0.98,0.98,no,ticket GOVPARTYHI-26-D snapshotMid 0.971
2026-09-21,crosslayer,GOVERNOR-NM-2026,metaculus 0.94,0.94,no,ticket GOVPARTYNM-26-D snapshotMid 0.9455
2026-09-21,crosslayer,GOVERNOR-OR-2026,metaculus 0.87,0.87,no,ticket GOVPARTYOR-26-D snapshotMid 0.735
2026-09-21,crosslayer,GOVERNOR-MI-2026,metaculus 0.85,0.85,no,ticket GOVPARTYMI-26-D snapshotMid 0.927
2026-09-21,crosslayer,SENATE-AK-2026,metaculus 0.525,0.525,no,ticket SENATEAK-26-D snapshotMid 0.73
2026-09-21,crosslayer,SENATE-MT-2026,metaculus 0.01,0.01,no,ticket SENATEMT-26-D snapshotMid 0.0085
2026-09-21,crosslayer,SENATE-NE-2026,metaculus 0.001,0.001,no,ticket SENATENE-26-D snapshotMid 0.004
2026-09-21,crosslayer,SENATE-CONTROL-2026,metaculus 0.584,0.584,no,ticket CONTROLS-2026-D snapshotMid 0.645
2026-09-21,crosslayer,HOUSE-CONTROL-2026,metaculus 0.929,0.929,no,ticket CONTROLH-2026-D snapshotMid 0.9165
2026-09-21,crosslayer,SENATE-OR-2026,metaculus 0.99,0.99,no,ticket SENATEOR-26-D snapshotMid 0.988
2026-09-21,crosslayer,SENATE-RI-2026,metaculus 0.99,0.99,no,ticket SENATERI-26-D snapshotMid 0.9905
2026-09-21,crosslayer,SENATE-CO-2026,metaculus 0.982,0.982,no,ticket SENATECO-26-D snapshotMid 0.9915
2026-09-21,crosslayer,SENATE-MN-2026,metaculus 0.925,0.925,no,ticket SENATEMN-26-D snapshotMid 0.865
2026-09-21,crosslayer,GOVERNOR-HI-2026,metaculus 0.98,0.98,no,ticket GOVPARTYHI-26-D snapshotMid 0.9735
2026-09-21,crosslayer,GOVERNOR-NM-2026,metaculus 0.94,0.94,no,ticket GOVPARTYNM-26-D snapshotMid 0.945
2026-09-21,crosslayer,GOVERNOR-OR-2026,metaculus 0.86,0.86,no,ticket GOVPARTYOR-26-D snapshotMid 0.755
2026-09-21,crosslayer,GOVERNOR-MI-2026,metaculus 0.85,0.85,no,ticket GOVPARTYMI-26-D snapshotMid 0.9305
2026-09-21,crosslayer,SENATE-AK-2026,metaculus 0.525,0.525,no,ticket SENATEAK-26-D snapshotMid 0.735
2026-09-21,crosslayer,SENATE-MT-2026,metaculus 0.01,0.01,no,ticket SENATEMT-26-D snapshotMid 0.021
2026-09-21,crosslayer,SENATE-NE-2026,metaculus 0.001,0.001,no,ticket SENATENE-26-D snapshotMid 0.0015
2026-09-21,crosslayer,SENATE-CONTROL-2026,metaculus 0.586,0.586,no,ticket CONTROLS-2026-D snapshotMid 0.645
2026-09-21,crosslayer,HOUSE-CONTROL-2026,metaculus 0.929,0.929,no,ticket CONTROLH-2026-D snapshotMid 0.9155
2026-09-21,crosslayer,SENATE-OR-2026,metaculus 0.99,0.99,no,ticket SENATEOR-26-D snapshotMid 0.9855
2026-09-21,crosslayer,SENATE-RI-2026,metaculus 0.99,0.99,no,ticket SENATERI-26-D snapshotMid 0.99
2026-09-21,crosslayer,SENATE-CO-2026,metaculus 0.982,0.982,no,ticket SENATECO-26-D snapshotMid 0.991
2026-09-21,crosslayer,SENATE-MN-2026,metaculus 0.925,0.925,no,ticket SENATEMN-26-D snapshotMid 0.865
2026-09-21,crosslayer,GOVERNOR-HI-2026,metaculus 0.98,0.98,no,ticket GOVPARTYHI-26-D snapshotMid 0.9735
2026-09-21,crosslayer,GOVERNOR-NM-2026,metaculus 0.94,0.94,no,ticket GOVPARTYNM-26-D snapshotMid 0.9465
2026-09-21,crosslayer,GOVERNOR-OR-2026,metaculus 0.86,0.86,no,ticket GOVPARTYOR-26-D snapshotMid 0.76
2026-09-21,crosslayer,GOVERNOR-MI-2026,metaculus 0.85,0.85,no,ticket GOVPARTYMI-26-D snapshotMid 0.937
2026-09-21,crosslayer,SENATE-AK-2026,metaculus 0.525,0.525,no,ticket SENATEAK-26-D snapshotMid 0.745
2026-09-21,crosslayer,SENATE-MT-2026,metaculus 0.009,0.009,no,ticket SENATEMT-26-D snapshotMid 0.009
2026-09-21,crosslayer,SENATE-NE-2026,metaculus 0.001,0.001,no,ticket SENATENE-26-D snapshotMid 0.0015
2026-09-21,crosslayer,SENATE-CONTROL-2026,metaculus 0.588,0.588,no,ticket CONTROLS-2026-D snapshotMid 0.635
2026-09-21,crosslayer,HOUSE-CONTROL-2026,metaculus 0.922,0.922,no,ticket CONTROLH-2026-D snapshotMid 0.895
2026-09-21,crosslayer,SENATE-RI-2026,metaculus 0.99,0.99,no,ticket SENATERI-26-D snapshotMid 0.989
2026-09-21,crosslayer,SENATE-OR-2026,metaculus 0.99,0.99,no,ticket SENATEOR-26-D snapshotMid 0.9855
2026-09-21,crosslayer,SENATE-CO-2026,metaculus 0.985,0.985,no,ticket SENATECO-26-D snapshotMid 0.991
2026-09-21,crosslayer,SENATE-NC-2026,metaculus 0.92,0.92,no,ticket SENATENC-26-D snapshotMid 0.968
2026-09-21,crosslayer,GOVERNOR-HI-2026,metaculus 0.98,0.98,no,ticket GOVPARTYHI-26-D snapshotMid 0.9775
2026-09-21,crosslayer,GOVERNOR-NM-2026,metaculus 0.94,0.94,no,ticket GOVPARTYNM-26-D snapshotMid 0.94
2026-09-21,crosslayer,GOVERNOR-OR-2026,metaculus 0.858,0.858,no,ticket GOVPARTYOR-26-D snapshotMid 0.775
2026-09-21,crosslayer,GOVERNOR-MI-2026,metaculus 0.85,0.85,no,ticket GOVPARTYMI-26-D snapshotMid 0.9225
2026-09-21,crosslayer,SENATE-AK-2026,metaculus 0.54,0.54,no,ticket SENATEAK-26-D snapshotMid 0.765
2026-09-21,crosslayer,SENATE-MT-2026,metaculus 0.009,0.009,no,ticket SENATEMT-26-D snapshotMid 0.008
2026-09-21,crosslayer,SENATE-NE-2026,metaculus 0.001,0.001,no,ticket SENATENE-26-D snapshotMid 0.0015
2026-09-21,crosslayer,SENATE-CONTROL-2026,metaculus 0.598,0.598,no,ticket CONTROLS-2026-D snapshotMid 0.615
2026-09-21,crosslayer,HOUSE-CONTROL-2026,metaculus 0.922,0.922,no,ticket CONTROLH-2026-D snapshotMid 0.9005
2026-09-21,crosslayer,SENATE-OR-2026,metaculus 0.99,0.99,no,ticket SENATEOR-26-D snapshotMid 0.983
2026-09-21,crosslayer,SENATE-RI-2026,metaculus 0.99,0.99,no,ticket SENATERI-26-D snapshotMid 0.9885
2026-09-21,crosslayer,SENATE-CO-2026,metaculus 0.985,0.985,no,ticket SENATECO-26-D snapshotMid 0.988
2026-09-21,crosslayer,SENATE-NC-2026,metaculus 0.92,0.92,no,ticket SENATENC-26-D snapshotMid 0.9685
2026-09-21,crosslayer,GOVERNOR-HI-2026,metaculus 0.98,0.98,no,ticket GOVPARTYHI-26-D snapshotMid 0.9795
2026-09-21,crosslayer,GOVERNOR-NM-2026,metaculus 0.94,0.94,no,ticket GOVPARTYNM-26-D snapshotMid 0.939
2026-09-21,crosslayer,GOVERNOR-OR-2026,metaculus 0.86,0.86,no,ticket GOVPARTYOR-26-D snapshotMid 0.755
2026-09-21,crosslayer,GOVERNOR-MI-2026,metaculus 0.85,0.85,no,ticket GOVPARTYMI-26-D snapshotMid 0.9205
2026-09-21,crosslayer,SENATE-AK-2026,metaculus 0.548,0.548,no,ticket SENATEAK-26-D snapshotMid 0.755
2026-09-21,crosslayer,SENATE-MT-2026,metaculus 0.009,0.009,no,ticket SENATEMT-26-D snapshotMid 0.0085
2026-09-21,crosslayer,SENATE-NE-2026,metaculus 0.001,0.001,no,ticket SENATENE-26-D snapshotMid 0.001
2026-09-21,crosslayer,SENATE-CONTROL-2026,metaculus 0.608,0.608,no,ticket CONTROLS-2026-D snapshotMid 0.605
2026-09-21,crosslayer,HOUSE-CONTROL-2026,metaculus 0.93,0.93,no,ticket CONTROLH-2026-D snapshotMid 0.895
2026-09-21,crosslayer,SENATE-OR-2026,metaculus 0.99,0.99,no,ticket SENATEOR-26-D snapshotMid 0.983
2026-09-21,crosslayer,SENATE-RI-2026,metaculus 0.99,0.99,no,ticket SENATERI-26-D snapshotMid 0.978
2026-09-21,crosslayer,SENATE-CO-2026,metaculus 0.985,0.985,no,ticket SENATECO-26-D snapshotMid 0.988
2026-09-21,crosslayer,SENATE-GA-2026,metaculus 0.93,0.93,no,ticket SENATEGA-26-D snapshotMid 0.9545
2026-09-21,crosslayer,SENATE-AK-2026,metaculus 0.54,0.54,no,ticket SENATEAK-26-D snapshotMid 0.735
2026-09-21,crosslayer,SENATE-MT-2026,metaculus 0.01,0.01,no,ticket SENATEMT-26-D snapshotMid 0.0085
2026-09-21,crosslayer,SENATE-NE-2026,metaculus 0.001,0.001,no,ticket SENATENE-26-D snapshotMid 0.0025
2026-09-22,poll,cnn-ssrs-2026-09-me-senate,U.S. Senate — Maine CNN Poll conducted by SSRS,0.6608,yes,margin 3pp -> logistic k=4.5; ticket SENATEME-26-D
2026-09-22,poll,cnn-ssrs-2026-09-mi-senate,U.S. Senate — Michigan (open seat) CNN Poll conducted by SSRS,0.6608,yes,margin 3pp -> logistic k=4.5; ticket SENATEMI-26-D
2026-09-22,poll,emerson-2026-09-mi-senate,U.S. Senate — Michigan (open seat) Emerson College Polling / Nexstar Media,0.6093,yes,margin 2pp -> logistic k=4.5; ticket SENATEMI-26-D
2026-09-22,poll,emerson-2026-09-tx-senate,U.S. Senate — Texas (open seat) Emerson College Polling / Nexstar Media,0.5553,yes,margin 1pp -> logistic k=4.5; ticket SENATETX-26-D
2026-09-22,poll,emerson-2026-09-ia-senate,U.S. Senate — Iowa (open seat) Emerson College Polling / Nexstar Media,0.2477,yes,margin -5pp -> logistic k=4.5; ticket SENATEIA-26-D
2026-09-22,poll,reconmr-siena-2026-09-tx-senate,U.S. Senate — Texas (open seat) Texas Poll — ReconMR fieldwork (released via Siena Research Institute),0.7914,yes,margin 6pp -> logistic k=4.5; ticket SENATETX-26-D
2026-09-22,poll,suffolk-2026-08-ia-senate,U.S. Senate — Iowa (open seat) Suffolk University Political Research Center (SUPRC),0.2913,yes,margin -4pp -> logistic k=4.5; ticket SENATEIA-26-D
2026-09-22,poll,npi-2026-08-az-governor,Governor — Arizona Noble Predictive Insights — Arizona Public Opinion Pulse (AZPOP),0.9473,yes,margin 13pp -> logistic k=4.5; ticket GOVPARTYAZ-26-D
2026-09-22,poll,fm-2026-08-pa-governor,Governor — Pennsylvania Franklin & Marshall College Poll,0.9961,yes,margin 25pp -> logistic k=4.5; ticket GOVPARTYPA-26-D
2026-09-22,poll,elon-2026-09-nc-senate,U.S. Senate — North Carolina Elon University Poll (fielded by YouGov),0.9202,yes,margin 11pp -> logistic k=4.5; ticket SENATENC-26-D
2026-09-22,poll,hpu-2026-04-nc-senate,U.S. Senate — North Carolina HPU Poll 120 — High Point University Survey Research Center (fielded by YouGov),0.8554,yes,margin 8pp -> logistic k=4.5; ticket SENATENC-26-D
2026-09-22,poll,hpu-2026-08-nc-senate,U.S. Senate — North Carolina HPU Poll 126 — High Point University Survey Research Center (fielded by YouGov),0.7523,yes,margin 5pp -> logistic k=4.5; ticket SENATENC-26-D
2026-09-22,poll,stetson-2026-04-fl-governor,Governor — Florida Stetson University Center for Public Opinion Research (CPOR) — Spring 2026 Survey,0.1743,yes,margin -7pp -> logistic k=4.5; ticket GOVPARTYFL-26-D
2026-09-22,poll,ppp-2026-07-nc-senate,U.S. Senate — North Carolina Public Policy Polling (PPP),0.7087,yes,margin 4pp -> logistic k=4.5; ticket SENATENC-26-D
2026-09-22,poll,unf-2026-07-fl-governor,Governor — Florida University of North Florida Public Opinion Research Lab,0.2477,yes,margin -5pp -> logistic k=4.5; ticket GOVPARTYFL-26-D
2026-09-22,poll,unf-2026-07-fl-senate,U.S. Senate — Florida (special) University of North Florida Public Opinion Research Lab,0.1446,yes,margin -8pp -> logistic k=4.5; ticket SENATEFLS-26-D
2026-09-22,poll,rasmussen-2026-09-ga-governor,Governor — Georgia Rasmussen Reports (field work by Pulse Opinion Research),0.3392,yes,margin -3pp -> logistic k=4.5; ticket GOVPARTYGA-26-D
2026-09-22,poll,rasmussen-2026-09-ga-senate,U.S. Senate — Georgia Rasmussen Reports (field work by Pulse Opinion Research),0.8808,yes,margin 9pp -> logistic k=4.5; ticket SENATEGA-26-D
2026-09-22,poll,rasmussen-2026-09-sc-senate,U.S. Senate — South Carolina (special) Rasmussen Reports (field work by Pulse Opinion Research),0.2477,yes,margin -5pp -> logistic k=4.5; ticket SENATESC-26-D
2026-09-22,rating,AK,Toss Up / Tilt R,0.25-0.65,yes,ticket SENATEAK-26-D
2026-09-22,rating,IA,Toss Up / Tilt R,0.25-0.65,yes,ticket SENATEIA-26-D
2026-09-22,rating,ME,Toss Up / Toss-up,0.35-0.65,yes,ticket SENATEME-26-D
2026-09-22,rating,MI,Toss Up / Toss-up,0.35-0.65,yes,ticket SENATEMI-26-D
2026-09-22,rating,NH,Toss Up / Toss-up,0.35-0.65,yes,ticket SENATENH-26-D
2026-09-22,rating,OH,Toss Up / Toss-up,0.35-0.65,yes,ticket SENATEOHS-26-D
2026-09-22,rating,TX,Toss Up / Lean R,0.2-0.65,yes,ticket SENATETX-26-D
2026-09-22,rating,GA,Lean D / Tilt D,0.55-0.8,yes,ticket SENATEGA-26-D
2026-09-22,rating,NC,Lean D / Tilt D,0.55-0.8,yes,ticket SENATENC-26-D
2026-09-22,rating,MN,Likely D / Likely D,0.75-0.92,yes,ticket SENATEMN-26-D
2026-09-22,rating,KS,Likely R / Likely R,0.08-0.25,yes,ticket SENATEKS-26-D
2026-09-22,rating,SC,Solid R / Likely R,0-0.25,yes,ticket SENATESC-26-D
2026-09-22,crosslayer,SENATE-CONTROL-2026,metaculus 0.517,0.517,yes,ticket CONTROLS-2026-D snapshotMid 0.595
2026-09-22,crosslayer,HOUSE-CONTROL-2026,metaculus 0.888,0.888,yes,ticket CONTROLH-2026-D snapshotMid 0.895
2026-09-22,crosslayer,HOUSE-CONTROL-2026,metaculus 0.888,0.888,yes,ticket CONTROLH-2026-D snapshotMid 0.9015
2026-09-22,crosslayer,GOVERNOR-HI-2026,metaculus 0.98,0.98,yes,ticket GOVPARTYHI-26-D snapshotMid 0.974
2026-09-22,crosslayer,GOVERNOR-NM-2026,metaculus 0.922,0.922,yes,ticket GOVPARTYNM-26-D snapshotMid 0.9255
2026-09-22,crosslayer,GOVERNOR-OR-2026,metaculus 0.88,0.88,yes,ticket GOVPARTYOR-26-D snapshotMid 0.845
2026-09-22,crosslayer,GOVERNOR-MI-2026,metaculus 0.85,0.85,yes,ticket GOVPARTYMI-26-D snapshotMid 0.915
2026-09-22,crosslayer,SENATE-MT-2026,metaculus 0.01,0.01,yes,ticket SENATEMT-26-D snapshotMid 0.0075
2026-09-22,crosslayer,SENATE-NE-2026,metaculus 0.001,0.001,yes,ticket SENATENE-26-D snapshotMid 0.0005
2026-09-22,crosslayer,SENATE-RI-2026,metaculus 0.99,0.99,yes,ticket SENATERI-26-D snapshotMid 0.979
2026-09-22,crosslayer,SENATE-OR-2026,metaculus 0.99,0.99,yes,ticket SENATEOR-26-D snapshotMid 0.977
2026-09-22,crosslayer,SENATE-CO-2026,metaculus 0.98,0.98,yes,ticket SENATECO-26-D snapshotMid 0.9725
2026-09-22,crosslayer,SENATE-MN-2026,metaculus 0.92,0.92,yes,ticket SENATEMN-26-D snapshotMid 0.9035
2026-09-22,crosslayer,SENATE-AK-2026,metaculus 0.54,0.54,yes,ticket SENATEAK-26-D snapshotMid 0.695
2026-09-22,crosslayer,SENATE-CONTROL-2026,metaculus 0.5,0.5,yes,ticket CONTROLS-2026-D snapshotMid 0.605
2026-09-22,crosslayer,HOUSE-CONTROL-2026,metaculus 0.9,0.9,yes,ticket CONTROLH-2026-D snapshotMid 0.9085
2026-09-22,crosslayer,SENATE-RI-2026,metaculus 0.99,0.99,yes,ticket SENATERI-26-D snapshotMid 0.982
2026-09-22,crosslayer,SENATE-OR-2026,metaculus 0.99,0.99,yes,ticket SENATEOR-26-D snapshotMid 0.977
2026-09-22,crosslayer,SENATE-CO-2026,metaculus 0.98,0.98,yes,ticket SENATECO-26-D snapshotMid 0.973
2026-09-22,crosslayer,SENATE-MN-2026,metaculus 0.93,0.93,yes,ticket SENATEMN-26-D snapshotMid 0.902
2026-09-22,crosslayer,GOVERNOR-HI-2026,metaculus 0.98,0.98,yes,ticket GOVPARTYHI-26-D snapshotMid 0.974
2026-09-22,crosslayer,GOVERNOR-NM-2026,metaculus 0.922,0.922,yes,ticket GOVPARTYNM-26-D snapshotMid 0.928
2026-09-22,crosslayer,GOVERNOR-OR-2026,metaculus 0.88,0.88,yes,ticket GOVPARTYOR-26-D snapshotMid 0.86
2026-09-22,crosslayer,GOVERNOR-MI-2026,metaculus 0.85,0.85,yes,ticket GOVPARTYMI-26-D snapshotMid 0.9165
2026-09-22,crosslayer,SENATE-AK-2026,metaculus 0.54,0.54,yes,ticket SENATEAK-26-D snapshotMid 0.705
2026-09-22,crosslayer,SENATE-MT-2026,metaculus 0.01,0.01,yes,ticket SENATEMT-26-D snapshotMid 0.01
2026-09-22,crosslayer,SENATE-NE-2026,metaculus 0.001,0.001,yes,ticket SENATENE-26-D snapshotMid 0.0025
2026-09-22,crosslayer,SENATE-CONTROL-2026,metaculus 0.512,0.512,no,ticket CONTROLS-2026-D snapshotMid 0.605
2026-09-22,crosslayer,HOUSE-CONTROL-2026,metaculus 0.908,0.908,no,ticket CONTROLH-2026-D snapshotMid 0.9065
2026-09-22,crosslayer,SENATE-RI-2026,metaculus 0.99,0.99,no,ticket SENATERI-26-D snapshotMid 0.9825
2026-09-22,crosslayer,SENATE-OR-2026,metaculus 0.99,0.99,no,ticket SENATEOR-26-D snapshotMid 0.977
2026-09-22,crosslayer,SENATE-CO-2026,metaculus 0.98,0.98,no,ticket SENATECO-26-D snapshotMid 0.973
2026-09-22,crosslayer,SENATE-MN-2026,metaculus 0.93,0.93,no,ticket SENATEMN-26-D snapshotMid 0.905
2026-09-22,crosslayer,GOVERNOR-HI-2026,metaculus 0.98,0.98,no,ticket GOVPARTYHI-26-D snapshotMid 0.974
2026-09-22,crosslayer,GOVERNOR-NM-2026,metaculus 0.928,0.928,no,ticket GOVPARTYNM-26-D snapshotMid 0.931
2026-09-22,crosslayer,GOVERNOR-OR-2026,metaculus 0.882,0.882,no,ticket GOVPARTYOR-26-D snapshotMid 0.86
2026-09-22,crosslayer,GOVERNOR-MI-2026,metaculus 0.84,0.84,no,ticket GOVPARTYMI-26-D snapshotMid 0.923
2026-09-22,crosslayer,SENATE-AK-2026,metaculus 0.54,0.54,no,ticket SENATEAK-26-D snapshotMid 0.735
2026-09-22,crosslayer,SENATE-MT-2026,metaculus 0.01,0.01,no,ticket SENATEMT-26-D snapshotMid 0.009
2026-09-22,crosslayer,SENATE-NE-2026,metaculus 0.001,0.001,no,ticket SENATENE-26-D snapshotMid 0.002
2026-09-22,crosslayer,SENATE-GA-2026,metaculus 0.92,0.92,no,ticket SENATEGA-26-D snapshotMid 0.9385
2026-09-22,crosslayer,SENATE-CONTROL-2026,metaculus 0.531,0.531,no,ticket CONTROLS-2026-D snapshotMid 0.625
2026-09-22,crosslayer,HOUSE-CONTROL-2026,metaculus 0.906,0.906,no,ticket CONTROLH-2026-D snapshotMid 0.9095
2026-09-22,crosslayer,SENATE-RI-2026,metaculus 0.99,0.99,no,ticket SENATERI-26-D snapshotMid 0.9865
2026-09-22,crosslayer,SENATE-OR-2026,metaculus 0.99,0.99,no,ticket SENATEOR-26-D snapshotMid 0.977
2026-09-22,crosslayer,SENATE-CO-2026,metaculus 0.98,0.98,no,ticket SENATECO-26-D snapshotMid 0.9735
2026-09-22,crosslayer,SENATE-GA-2026,metaculus 0.92,0.92,no,ticket SENATEGA-26-D snapshotMid 0.9385
2026-09-22,crosslayer,GOVERNOR-HI-2026,metaculus 0.98,0.98,no,ticket GOVPARTYHI-26-D snapshotMid 0.973
2026-09-22,crosslayer,GOVERNOR-NM-2026,metaculus 0.928,0.928,no,ticket GOVPARTYNM-26-D snapshotMid 0.931
2026-09-22,crosslayer,GOVERNOR-OR-2026,metaculus 0.882,0.882,no,ticket GOVPARTYOR-26-D snapshotMid 0.855
2026-09-22,crosslayer,GOVERNOR-MI-2026,metaculus 0.84,0.84,no,ticket GOVPARTYMI-26-D snapshotMid 0.9235
2026-09-22,crosslayer,SENATE-AK-2026,metaculus 0.54,0.54,no,ticket SENATEAK-26-D snapshotMid 0.755
2026-09-22,crosslayer,SENATE-MT-2026,metaculus 0.01,0.01,no,ticket SENATEMT-26-D snapshotMid 0.012
2026-09-22,crosslayer,SENATE-NE-2026,metaculus 0.002,0.002,no,ticket SENATENE-26-D snapshotMid 0.0025
2026-09-22,crosslayer,SENATE-NC-2026,metaculus 0.92,0.92,no,ticket SENATENC-26-D snapshotMid 0.9365
2026-09-22,crosslayer,SENATE-CONTROL-2026,metaculus 0.567,0.567,no,ticket CONTROLS-2026-D snapshotMid 0.615
2026-09-22,crosslayer,HOUSE-CONTROL-2026,metaculus 0.91,0.91,no,ticket CONTROLH-2026-D snapshotMid 0.9165
2026-09-22,crosslayer,SENATE-RI-2026,metaculus 0.996,0.996,no,ticket SENATERI-26-D snapshotMid 0.99
2026-09-22,crosslayer,SENATE-OR-2026,metaculus 0.99,0.99,no,ticket SENATEOR-26-D snapshotMid 0.9775
2026-09-22,crosslayer,SENATE-CO-2026,metaculus 0.98,0.98,no,ticket SENATECO-26-D snapshotMid 0.9845
2026-09-22,crosslayer,SENATE-MN-2026,metaculus 0.94,0.94,no,ticket SENATEMN-26-D snapshotMid 0.9055
2026-09-22,crosslayer,GOVERNOR-HI-2026,metaculus 0.98,0.98,no,ticket GOVPARTYHI-26-D snapshotMid 0.9745
2026-09-22,crosslayer,GOVERNOR-NM-2026,metaculus 0.928,0.928,no,ticket GOVPARTYNM-26-D snapshotMid 0.9295
2026-09-22,crosslayer,GOVERNOR-OR-2026,metaculus 0.88,0.88,no,ticket GOVPARTYOR-26-D snapshotMid 0.84
2026-09-22,crosslayer,GOVERNOR-MI-2026,metaculus 0.85,0.85,no,ticket GOVPARTYMI-26-D snapshotMid 0.927
2026-09-22,crosslayer,SENATE-AK-2026,metaculus 0.548,0.548,no,ticket SENATEAK-26-D snapshotMid 0.705
2026-09-22,crosslayer,SENATE-MT-2026,metaculus 0.01,0.01,no,ticket SENATEMT-26-D snapshotMid 0.0095
2026-09-22,crosslayer,SENATE-NE-2026,metaculus 0.001,0.001,no,ticket SENATENE-26-D snapshotMid 0.002
2026-09-22,crosslayer,SENATE-CONTROL-2026,metaculus 0.582,0.582,no,ticket CONTROLS-2026-D snapshotMid 0.605
2026-09-22,crosslayer,HOUSE-CONTROL-2026,metaculus 0.929,0.929,no,ticket CONTROLH-2026-D snapshotMid 0.919
2026-09-22,crosslayer,SENATE-RI-2026,metaculus 0.996,0.996,no,ticket SENATERI-26-D snapshotMid 0.99
2026-09-22,crosslayer,SENATE-OR-2026,metaculus 0.99,0.99,no,ticket SENATEOR-26-D snapshotMid 0.9775
2026-09-22,crosslayer,SENATE-CO-2026,metaculus 0.98,0.98,no,ticket SENATECO-26-D snapshotMid 0.9855
2026-09-22,crosslayer,SENATE-MN-2026,metaculus 0.94,0.94,no,ticket SENATEMN-26-D snapshotMid 0.895
2026-09-22,crosslayer,GOVERNOR-HI-2026,metaculus 0.98,0.98,no,ticket GOVPARTYHI-26-D snapshotMid 0.9745
2026-09-22,crosslayer,GOVERNOR-NM-2026,metaculus 0.93,0.93,no,ticket GOVPARTYNM-26-D snapshotMid 0.928
2026-09-22,crosslayer,GOVERNOR-OR-2026,metaculus 0.88,0.88,no,ticket GOVPARTYOR-26-D snapshotMid 0.85
2026-09-22,crosslayer,GOVERNOR-MI-2026,metaculus 0.85,0.85,no,ticket GOVPARTYMI-26-D snapshotMid 0.925
2026-09-22,crosslayer,SENATE-AK-2026,metaculus 0.548,0.548,no,ticket SENATEAK-26-D snapshotMid 0.705
2026-09-22,crosslayer,SENATE-MT-2026,metaculus 0.01,0.01,no,ticket SENATEMT-26-D snapshotMid 0.011
2026-09-22,crosslayer,SENATE-NE-2026,metaculus 0.001,0.001,no,ticket SENATENE-26-D snapshotMid 0.002
2026-09-22,crosslayer,SENATE-CONTROL-2026,metaculus 0.572,0.572,no,ticket CONTROLS-2026-D snapshotMid 0.615
2026-09-22,crosslayer,HOUSE-CONTROL-2026,metaculus 0.929,0.929,no,ticket CONTROLH-2026-D snapshotMid 0.919
2026-09-22,crosslayer,SENATE-RI-2026,metaculus 0.993,0.993,no,ticket SENATERI-26-D snapshotMid 0.99
2026-09-22,crosslayer,SENATE-OR-2026,metaculus 0.99,0.99,no,ticket SENATEOR-26-D snapshotMid 0.9775
2026-09-22,crosslayer,SENATE-CO-2026,metaculus 0.98,0.98,no,ticket SENATECO-26-D snapshotMid 0.985
2026-09-22,crosslayer,SENATE-MN-2026,metaculus 0.94,0.94,no,ticket SENATEMN-26-D snapshotMid 0.895
2026-09-22,crosslayer,GOVERNOR-HI-2026,metaculus 0.98,0.98,no,ticket GOVPARTYHI-26-D snapshotMid 0.9745
2026-09-22,crosslayer,GOVERNOR-NM-2026,metaculus 0.928,0.928,no,ticket GOVPARTYNM-26-D snapshotMid 0.9275
2026-09-22,crosslayer,GOVERNOR-OR-2026,metaculus 0.88,0.88,no,ticket GOVPARTYOR-26-D snapshotMid 0.84
2026-09-22,crosslayer,GOVERNOR-MI-2026,metaculus 0.85,0.85,no,ticket GOVPARTYMI-26-D snapshotMid 0.927
2026-09-22,crosslayer,SENATE-AK-2026,metaculus 0.548,0.548,no,ticket SENATEAK-26-D snapshotMid 0.705
2026-09-22,crosslayer,SENATE-MT-2026,metaculus 0.01,0.01,no,ticket SENATEMT-26-D snapshotMid 0.016
2026-09-22,crosslayer,SENATE-NE-2026,metaculus 0.001,0.001,no,ticket SENATENE-26-D snapshotMid 0.0005
2026-09-22,crosslayer,SENATE-CONTROL-2026,metaculus 0.555,0.555,no,ticket CONTROLS-2026-D snapshotMid 0.615
2026-09-22,crosslayer,HOUSE-CONTROL-2026,metaculus 0.919,0.919,no,ticket CONTROLH-2026-D snapshotMid 0.9165
2026-09-22,crosslayer,SENATE-RI-2026,metaculus 0.993,0.993,no,ticket SENATERI-26-D snapshotMid 0.9905
2026-09-22,crosslayer,SENATE-OR-2026,metaculus 0.99,0.99,no,ticket SENATEOR-26-D snapshotMid 0.9775
2026-09-22,crosslayer,SENATE-CO-2026,metaculus 0.98,0.98,no,ticket SENATECO-26-D snapshotMid 0.9855
2026-09-22,crosslayer,SENATE-MN-2026,metaculus 0.95,0.95,no,ticket SENATEMN-26-D snapshotMid 0.895
2026-09-22,crosslayer,GOVERNOR-HI-2026,metaculus 0.98,0.98,no,ticket GOVPARTYHI-26-D snapshotMid 0.9745
2026-09-22,crosslayer,GOVERNOR-NM-2026,metaculus 0.925,0.925,no,ticket GOVPARTYNM-26-D snapshotMid 0.929
2026-09-22,crosslayer,GOVERNOR-OR-2026,metaculus 0.874,0.874,no,ticket GOVPARTYOR-26-D snapshotMid 0.805
2026-09-22,crosslayer,GOVERNOR-MI-2026,metaculus 0.84,0.84,no,ticket GOVPARTYMI-26-D snapshotMid 0.9235
2026-09-22,crosslayer,SENATE-AK-2026,metaculus 0.54,0.54,no,ticket SENATEAK-26-D snapshotMid 0.705
2026-09-22,crosslayer,SENATE-MT-2026,metaculus 0.01,0.01,no,ticket SENATEMT-26-D snapshotMid 0.0145
2026-09-22,crosslayer,SENATE-NE-2026,metaculus 0.001,0.001,no,ticket SENATENE-26-D snapshotMid 0.0025
2026-09-22,crosslayer,SENATE-CONTROL-2026,metaculus 0.569,0.569,no,ticket CONTROLS-2026-D snapshotMid 0.625
2026-09-22,crosslayer,HOUSE-CONTROL-2026,metaculus 0.925,0.925,no,ticket CONTROLH-2026-D snapshotMid 0.9155
2026-09-22,crosslayer,SENATE-RI-2026,metaculus 0.991,0.991,no,ticket SENATERI-26-D snapshotMid 0.9885
2026-09-22,crosslayer,SENATE-OR-2026,metaculus 0.99,0.99,no,ticket SENATEOR-26-D snapshotMid 0.9775
2026-09-22,crosslayer,SENATE-CO-2026,metaculus 0.98,0.98,no,ticket SENATECO-26-D snapshotMid 0.9855
2026-09-22,crosslayer,SENATE-MN-2026,metaculus 0.95,0.95,no,ticket SENATEMN-26-D snapshotMid 0.895
2026-09-22,crosslayer,GOVERNOR-HI-2026,metaculus 0.98,0.98,no,ticket GOVPARTYHI-26-D snapshotMid 0.9745
2026-09-22,crosslayer,GOVERNOR-NM-2026,metaculus 0.925,0.925,no,ticket GOVPARTYNM-26-D snapshotMid 0.93
2026-09-22,crosslayer,GOVERNOR-OR-2026,metaculus 0.874,0.874,no,ticket GOVPARTYOR-26-D snapshotMid 0.815
2026-09-22,crosslayer,GOVERNOR-MI-2026,metaculus 0.84,0.84,no,ticket GOVPARTYMI-26-D snapshotMid 0.926
2026-09-22,crosslayer,SENATE-AK-2026,metaculus 0.54,0.54,no,ticket SENATEAK-26-D snapshotMid 0.695
2026-09-22,crosslayer,SENATE-MT-2026,metaculus 0.01,0.01,no,ticket SENATEMT-26-D snapshotMid 0.0145
2026-09-22,crosslayer,SENATE-NE-2026,metaculus 0.001,0.001,no,ticket SENATENE-26-D snapshotMid 0.0025
2026-09-22,crosslayer,SENATE-CONTROL-2026,metaculus 0.562,0.562,no,ticket CONTROLS-2026-D snapshotMid 0.625
2026-09-22,crosslayer,HOUSE-CONTROL-2026,metaculus 0.919,0.919,no,ticket CONTROLH-2026-D snapshotMid 0.915
2026-09-22,crosslayer,SENATE-RI-2026,metaculus 0.99,0.99,no,ticket SENATERI-26-D snapshotMid 0.9885
2026-09-22,crosslayer,SENATE-OR-2026,metaculus 0.99,0.99,no,ticket SENATEOR-26-D snapshotMid 0.983
2026-09-22,crosslayer,SENATE-CO-2026,metaculus 0.98,0.98,no,ticket SENATECO-26-D snapshotMid 0.9855
2026-09-22,crosslayer,SENATE-MN-2026,metaculus 0.95,0.95,no,ticket SENATEMN-26-D snapshotMid 0.885
2026-09-22,crosslayer,GOVERNOR-HI-2026,metaculus 0.98,0.98,no,ticket GOVPARTYHI-26-D snapshotMid 0.969
2026-09-22,crosslayer,GOVERNOR-NM-2026,metaculus 0.925,0.925,no,ticket GOVPARTYNM-26-D snapshotMid 0.9295
2026-09-22,crosslayer,GOVERNOR-OR-2026,metaculus 0.874,0.874,no,ticket GOVPARTYOR-26-D snapshotMid 0.795
2026-09-22,crosslayer,GOVERNOR-MI-2026,metaculus 0.84,0.84,no,ticket GOVPARTYMI-26-D snapshotMid 0.9225
2026-09-22,crosslayer,SENATE-AK-2026,metaculus 0.54,0.54,no,ticket SENATEAK-26-D snapshotMid 0.705
2026-09-22,crosslayer,SENATE-MT-2026,metaculus 0.01,0.01,no,ticket SENATEMT-26-D snapshotMid 0.009
2026-09-22,crosslayer,SENATE-NE-2026,metaculus 0.001,0.001,no,ticket SENATENE-26-D snapshotMid 0.002
2026-09-22,crosslayer,SENATE-CONTROL-2026,metaculus 0.565,0.565,no,ticket CONTROLS-2026-D snapshotMid 0.625
2026-09-22,crosslayer,HOUSE-CONTROL-2026,metaculus 0.924,0.924,no,ticket CONTROLH-2026-D snapshotMid 0.9155
2026-09-22,crosslayer,SENATE-RI-2026,metaculus 0.99,0.99,no,ticket SENATERI-26-D snapshotMid 0.99
2026-09-22,crosslayer,SENATE-OR-2026,metaculus 0.99,0.99,no,ticket SENATEOR-26-D snapshotMid 0.9785
2026-09-22,crosslayer,SENATE-CO-2026,metaculus 0.98,0.98,no,ticket SENATECO-26-D snapshotMid 0.9865
2026-09-22,crosslayer,SENATE-MN-2026,metaculus 0.94,0.94,no,ticket SENATEMN-26-D snapshotMid 0.875
2026-09-22,crosslayer,GOVERNOR-HI-2026,metaculus 0.98,0.98,no,ticket GOVPARTYHI-26-D snapshotMid 0.9745
2026-09-22,crosslayer,GOVERNOR-NM-2026,metaculus 0.93,0.93,no,ticket GOVPARTYNM-26-D snapshotMid 0.9305
2026-09-22,crosslayer,GOVERNOR-OR-2026,metaculus 0.88,0.88,no,ticket GOVPARTYOR-26-D snapshotMid 0.765
2026-09-22,crosslayer,GOVERNOR-MI-2026,metaculus 0.85,0.85,no,ticket GOVPARTYMI-26-D snapshotMid 0.92
2026-09-22,crosslayer,SENATE-AK-2026,metaculus 0.54,0.54,no,ticket SENATEAK-26-D snapshotMid 0.685
2026-09-22,crosslayer,SENATE-MT-2026,metaculus 0.01,0.01,no,ticket SENATEMT-26-D snapshotMid 0.006
2026-09-22,crosslayer,SENATE-CONTROL-2026,metaculus 0.575,0.575,no,ticket CONTROLS-2026-D snapshotMid 0.625
2026-09-22,crosslayer,HOUSE-CONTROL-2026,metaculus 0.924,0.924,no,ticket CONTROLH-2026-D snapshotMid 0.9165
2026-09-22,crosslayer,SENATE-RI-2026,metaculus 0.99,0.99,no,ticket SENATERI-26-D snapshotMid 0.9905
2026-09-22,crosslayer,SENATE-OR-2026,metaculus 0.99,0.99,no,ticket SENATEOR-26-D snapshotMid 0.985
2026-09-22,crosslayer,SENATE-CO-2026,metaculus 0.98,0.98,no,ticket SENATECO-26-D snapshotMid 0.9865
2026-09-22,crosslayer,SENATE-MN-2026,metaculus 0.94,0.94,no,ticket SENATEMN-26-D snapshotMid 0.895
2026-09-22,crosslayer,GOVERNOR-HI-2026,metaculus 0.98,0.98,no,ticket GOVPARTYHI-26-D snapshotMid 0.9715
2026-09-22,crosslayer,GOVERNOR-NM-2026,metaculus 0.93,0.93,no,ticket GOVPARTYNM-26-D snapshotMid 0.94
2026-09-22,crosslayer,GOVERNOR-OR-2026,metaculus 0.872,0.872,no,ticket GOVPARTYOR-26-D snapshotMid 0.715
2026-09-22,crosslayer,GOVERNOR-MI-2026,metaculus 0.84,0.84,no,ticket GOVPARTYMI-26-D snapshotMid 0.922
2026-09-22,crosslayer,SENATE-AK-2026,metaculus 0.54,0.54,no,ticket SENATEAK-26-D snapshotMid 0.675
2026-09-22,crosslayer,SENATE-MT-2026,metaculus 0.01,0.01,no,ticket SENATEMT-26-D snapshotMid 0.006
2026-09-22,crosslayer,SENATE-NE-2026,metaculus 0.001,0.001,no,ticket SENATENE-26-D snapshotMid 0.004
2026-09-22,crosslayer,SENATE-CONTROL-2026,metaculus 0.581,0.581,no,ticket CONTROLS-2026-D snapshotMid 0.645
2026-09-22,crosslayer,HOUSE-CONTROL-2026,metaculus 0.918,0.918,no,ticket CONTROLH-2026-D snapshotMid 0.9205
2026-09-22,crosslayer,SENATE-OR-2026,metaculus 0.99,0.99,no,ticket SENATEOR-26-D snapshotMid 0.985
2026-09-22,crosslayer,SENATE-RI-2026,metaculus 0.99,0.99,no,ticket SENATERI-26-D snapshotMid 0.9905
2026-09-22,crosslayer,SENATE-CO-2026,metaculus 0.982,0.982,no,ticket SENATECO-26-D snapshotMid 0.9865
2026-09-22,crosslayer,SENATE-MN-2026,metaculus 0.94,0.94,no,ticket SENATEMN-26-D snapshotMid 0.875
2026-09-22,crosslayer,GOVERNOR-HI-2026,metaculus 0.98,0.98,no,ticket GOVPARTYHI-26-D snapshotMid 0.9735
2026-09-22,crosslayer,GOVERNOR-NM-2026,metaculus 0.93,0.93,no,ticket GOVPARTYNM-26-D snapshotMid 0.945
2026-09-22,crosslayer,GOVERNOR-OR-2026,metaculus 0.872,0.872,no,ticket GOVPARTYOR-26-D snapshotMid 0.735
2026-09-22,crosslayer,GOVERNOR-MI-2026,metaculus 0.85,0.85,no,ticket GOVPARTYMI-26-D snapshotMid 0.9275
2026-09-22,crosslayer,SENATE-AK-2026,metaculus 0.525,0.525,no,ticket SENATEAK-26-D snapshotMid 0.705
2026-09-22,crosslayer,SENATE-MT-2026,metaculus 0.01,0.01,no,ticket SENATEMT-26-D snapshotMid 0.007
2026-09-22,crosslayer,SENATE-NE-2026,metaculus 0.001,0.001,no,ticket SENATENE-26-D snapshotMid 0.004
2026-09-22,crosslayer,SENATE-CONTROL-2026,metaculus 0.576,0.576,no,ticket CONTROLS-2026-D snapshotMid 0.625
2026-09-22,crosslayer,HOUSE-CONTROL-2026,metaculus 0.919,0.919,no,ticket CONTROLH-2026-D snapshotMid 0.9195
2026-09-22,crosslayer,GOVERNOR-HI-2026,metaculus 0.98,0.98,no,ticket GOVPARTYHI-26-D snapshotMid 0.971
2026-09-22,crosslayer,GOVERNOR-NM-2026,metaculus 0.94,0.94,no,ticket GOVPARTYNM-26-D snapshotMid 0.9455
2026-09-22,crosslayer,GOVERNOR-OR-2026,metaculus 0.87,0.87,no,ticket GOVPARTYOR-26-D snapshotMid 0.735
2026-09-22,crosslayer,GOVERNOR-MI-2026,metaculus 0.85,0.85,no,ticket GOVPARTYMI-26-D snapshotMid 0.927
2026-09-22,crosslayer,SENATE-AK-2026,metaculus 0.525,0.525,no,ticket SENATEAK-26-D snapshotMid 0.73
2026-09-22,crosslayer,SENATE-MT-2026,metaculus 0.01,0.01,no,ticket SENATEMT-26-D snapshotMid 0.0085
2026-09-22,crosslayer,SENATE-NE-2026,metaculus 0.001,0.001,no,ticket SENATENE-26-D snapshotMid 0.004
2026-09-22,crosslayer,SENATE-CONTROL-2026,metaculus 0.584,0.584,no,ticket CONTROLS-2026-D snapshotMid 0.645
2026-09-22,crosslayer,HOUSE-CONTROL-2026,metaculus 0.929,0.929,no,ticket CONTROLH-2026-D snapshotMid 0.9165
2026-09-22,crosslayer,SENATE-OR-2026,metaculus 0.99,0.99,no,ticket SENATEOR-26-D snapshotMid 0.988
2026-09-22,crosslayer,SENATE-RI-2026,metaculus 0.99,0.99,no,ticket SENATERI-26-D snapshotMid 0.9905
2026-09-22,crosslayer,SENATE-CO-2026,metaculus 0.982,0.982,no,ticket SENATECO-26-D snapshotMid 0.9915
2026-09-22,crosslayer,SENATE-MN-2026,metaculus 0.925,0.925,no,ticket SENATEMN-26-D snapshotMid 0.865
2026-09-22,crosslayer,GOVERNOR-HI-2026,metaculus 0.98,0.98,no,ticket GOVPARTYHI-26-D snapshotMid 0.9735
2026-09-22,crosslayer,GOVERNOR-NM-2026,metaculus 0.94,0.94,no,ticket GOVPARTYNM-26-D snapshotMid 0.945
2026-09-22,crosslayer,GOVERNOR-OR-2026,metaculus 0.86,0.86,no,ticket GOVPARTYOR-26-D snapshotMid 0.755
2026-09-22,crosslayer,GOVERNOR-MI-2026,metaculus 0.85,0.85,no,ticket GOVPARTYMI-26-D snapshotMid 0.9305
2026-09-22,crosslayer,SENATE-AK-2026,metaculus 0.525,0.525,no,ticket SENATEAK-26-D snapshotMid 0.735
2026-09-22,crosslayer,SENATE-MT-2026,metaculus 0.01,0.01,no,ticket SENATEMT-26-D snapshotMid 0.021
2026-09-22,crosslayer,SENATE-NE-2026,metaculus 0.001,0.001,no,ticket SENATENE-26-D snapshotMid 0.0015
2026-09-22,crosslayer,SENATE-CONTROL-2026,metaculus 0.586,0.586,no,ticket CONTROLS-2026-D snapshotMid 0.645
2026-09-22,crosslayer,HOUSE-CONTROL-2026,metaculus 0.929,0.929,no,ticket CONTROLH-2026-D snapshotMid 0.9155
2026-09-22,crosslayer,SENATE-OR-2026,metaculus 0.99,0.99,no,ticket SENATEOR-26-D snapshotMid 0.9855
2026-09-22,crosslayer,SENATE-RI-2026,metaculus 0.99,0.99,no,ticket SENATERI-26-D snapshotMid 0.99
2026-09-22,crosslayer,SENATE-CO-2026,metaculus 0.982,0.982,no,ticket SENATECO-26-D snapshotMid 0.991
2026-09-22,crosslayer,SENATE-MN-2026,metaculus 0.925,0.925,no,ticket SENATEMN-26-D snapshotMid 0.865
2026-09-22,crosslayer,GOVERNOR-HI-2026,metaculus 0.98,0.98,no,ticket GOVPARTYHI-26-D snapshotMid 0.9735
2026-09-22,crosslayer,GOVERNOR-NM-2026,metaculus 0.94,0.94,no,ticket GOVPARTYNM-26-D snapshotMid 0.9465
2026-09-22,crosslayer,GOVERNOR-OR-2026,metaculus 0.86,0.86,no,ticket GOVPARTYOR-26-D snapshotMid 0.76
2026-09-22,crosslayer,GOVERNOR-MI-2026,metaculus 0.85,0.85,no,ticket GOVPARTYMI-26-D snapshotMid 0.937
2026-09-22,crosslayer,SENATE-AK-2026,metaculus 0.525,0.525,no,ticket SENATEAK-26-D snapshotMid 0.745
2026-09-22,crosslayer,SENATE-MT-2026,metaculus 0.009,0.009,no,ticket SENATEMT-26-D snapshotMid 0.009
2026-09-22,crosslayer,SENATE-NE-2026,metaculus 0.001,0.001,no,ticket SENATENE-26-D snapshotMid 0.0015
2026-09-22,crosslayer,SENATE-CONTROL-2026,metaculus 0.588,0.588,no,ticket CONTROLS-2026-D snapshotMid 0.635
2026-09-22,crosslayer,HOUSE-CONTROL-2026,metaculus 0.922,0.922,no,ticket CONTROLH-2026-D snapshotMid 0.895
2026-09-22,crosslayer,SENATE-RI-2026,metaculus 0.99,0.99,no,ticket SENATERI-26-D snapshotMid 0.989
2026-09-22,crosslayer,SENATE-OR-2026,metaculus 0.99,0.99,no,ticket SENATEOR-26-D snapshotMid 0.9855
2026-09-22,crosslayer,SENATE-CO-2026,metaculus 0.985,0.985,no,ticket SENATECO-26-D snapshotMid 0.991
2026-09-22,crosslayer,SENATE-NC-2026,metaculus 0.92,0.92,no,ticket SENATENC-26-D snapshotMid 0.968
2026-09-22,crosslayer,GOVERNOR-HI-2026,metaculus 0.98,0.98,no,ticket GOVPARTYHI-26-D snapshotMid 0.9775
2026-09-22,crosslayer,GOVERNOR-NM-2026,metaculus 0.94,0.94,no,ticket GOVPARTYNM-26-D snapshotMid 0.94
2026-09-22,crosslayer,GOVERNOR-OR-2026,metaculus 0.858,0.858,no,ticket GOVPARTYOR-26-D snapshotMid 0.775
2026-09-22,crosslayer,GOVERNOR-MI-2026,metaculus 0.85,0.85,no,ticket GOVPARTYMI-26-D snapshotMid 0.9225
2026-09-22,crosslayer,SENATE-AK-2026,metaculus 0.54,0.54,no,ticket SENATEAK-26-D snapshotMid 0.765
2026-09-22,crosslayer,SENATE-MT-2026,metaculus 0.009,0.009,no,ticket SENATEMT-26-D snapshotMid 0.008
2026-09-22,crosslayer,SENATE-NE-2026,metaculus 0.001,0.001,no,ticket SENATENE-26-D snapshotMid 0.0015
2026-09-22,crosslayer,SENATE-CONTROL-2026,metaculus 0.598,0.598,no,ticket CONTROLS-2026-D snapshotMid 0.615
2026-09-22,crosslayer,HOUSE-CONTROL-2026,metaculus 0.922,0.922,no,ticket CONTROLH-2026-D snapshotMid 0.9005
2026-09-22,crosslayer,SENATE-OR-2026,metaculus 0.99,0.99,no,ticket SENATEOR-26-D snapshotMid 0.983
2026-09-22,crosslayer,SENATE-RI-2026,metaculus 0.99,0.99,no,ticket SENATERI-26-D snapshotMid 0.9885
2026-09-22,crosslayer,SENATE-CO-2026,metaculus 0.985,0.985,no,ticket SENATECO-26-D snapshotMid 0.988
2026-09-22,crosslayer,SENATE-NC-2026,metaculus 0.92,0.92,no,ticket SENATENC-26-D snapshotMid 0.9685
2026-09-22,crosslayer,GOVERNOR-HI-2026,metaculus 0.98,0.98,no,ticket GOVPARTYHI-26-D snapshotMid 0.9795
2026-09-22,crosslayer,GOVERNOR-NM-2026,metaculus 0.94,0.94,no,ticket GOVPARTYNM-26-D snapshotMid 0.939
2026-09-22,crosslayer,GOVERNOR-OR-2026,metaculus 0.86,0.86,no,ticket GOVPARTYOR-26-D snapshotMid 0.755
2026-09-22,crosslayer,GOVERNOR-MI-2026,metaculus 0.85,0.85,no,ticket GOVPARTYMI-26-D snapshotMid 0.9205
2026-09-22,crosslayer,SENATE-AK-2026,metaculus 0.548,0.548,no,ticket SENATEAK-26-D snapshotMid 0.755
2026-09-22,crosslayer,SENATE-MT-2026,metaculus 0.009,0.009,no,ticket SENATEMT-26-D snapshotMid 0.0085
2026-09-22,crosslayer,SENATE-NE-2026,metaculus 0.001,0.001,no,ticket SENATENE-26-D snapshotMid 0.001
2026-09-22,crosslayer,SENATE-CONTROL-2026,metaculus 0.608,0.608,no,ticket CONTROLS-2026-D snapshotMid 0.605
2026-09-22,crosslayer,HOUSE-CONTROL-2026,metaculus 0.93,0.93,no,ticket CONTROLH-2026-D snapshotMid 0.895
2026-09-22,crosslayer,SENATE-OR-2026,metaculus 0.99,0.99,no,ticket SENATEOR-26-D snapshotMid 0.983
2026-09-22,crosslayer,SENATE-RI-2026,metaculus 0.99,0.99,no,ticket SENATERI-26-D snapshotMid 0.978
2026-09-22,crosslayer,SENATE-CO-2026,metaculus 0.985,0.985,no,ticket SENATECO-26-D snapshotMid 0.988
2026-09-22,crosslayer,SENATE-GA-2026,metaculus 0.93,0.93,no,ticket SENATEGA-26-D snapshotMid 0.9545
2026-09-22,crosslayer,SENATE-AK-2026,metaculus 0.54,0.54,no,ticket SENATEAK-26-D snapshotMid 0.735
2026-09-22,crosslayer,SENATE-MT-2026,metaculus 0.01,0.01,no,ticket SENATEMT-26-D snapshotMid 0.0085
2026-09-22,crosslayer,SENATE-NE-2026,metaculus 0.001,0.001,no,ticket SENATENE-26-D snapshotMid 0.0025
2026-09-23,poll,cnn-ssrs-2026-09-me-senate,U.S. Senate — Maine CNN Poll conducted by SSRS,0.6608,yes,margin 3pp -> logistic k=4.5; ticket SENATEME-26-D
2026-09-23,poll,cnn-ssrs-2026-09-mi-senate,U.S. Senate — Michigan (open seat) CNN Poll conducted by SSRS,0.6608,yes,margin 3pp -> logistic k=4.5; ticket SENATEMI-26-D
2026-09-23,poll,emerson-2026-09-mi-senate,U.S. Senate — Michigan (open seat) Emerson College Polling / Nexstar Media,0.6093,yes,margin 2pp -> logistic k=4.5; ticket SENATEMI-26-D
2026-09-23,poll,emerson-2026-09-tx-senate,U.S. Senate — Texas (open seat) Emerson College Polling / Nexstar Media,0.5553,yes,margin 1pp -> logistic k=4.5; ticket SENATETX-26-D
2026-09-23,poll,emerson-2026-09-ia-senate,U.S. Senate — Iowa (open seat) Emerson College Polling / Nexstar Media,0.2477,yes,margin -5pp -> logistic k=4.5; ticket SENATEIA-26-D
2026-09-23,poll,reconmr-siena-2026-09-tx-senate,U.S. Senate — Texas (open seat) Texas Poll — ReconMR fieldwork (released via Siena Research Institute),0.7914,yes,margin 6pp -> logistic k=4.5; ticket SENATETX-26-D
2026-09-23,poll,suffolk-2026-08-ia-senate,U.S. Senate — Iowa (open seat) Suffolk University Political Research Center (SUPRC),0.2913,yes,margin -4pp -> logistic k=4.5; ticket SENATEIA-26-D
2026-09-23,poll,npi-2026-08-az-governor,Governor — Arizona Noble Predictive Insights — Arizona Public Opinion Pulse (AZPOP),0.9473,yes,margin 13pp -> logistic k=4.5; ticket GOVPARTYAZ-26-D
2026-09-23,poll,fm-2026-08-pa-governor,Governor — Pennsylvania Franklin & Marshall College Poll,0.9961,yes,margin 25pp -> logistic k=4.5; ticket GOVPARTYPA-26-D
2026-09-23,poll,elon-2026-09-nc-senate,U.S. Senate — North Carolina Elon University Poll (fielded by YouGov),0.9202,yes,margin 11pp -> logistic k=4.5; ticket SENATENC-26-D
2026-09-23,poll,hpu-2026-04-nc-senate,U.S. Senate — North Carolina HPU Poll 120 — High Point University Survey Research Center (fielded by YouGov),0.8554,yes,margin 8pp -> logistic k=4.5; ticket SENATENC-26-D
2026-09-23,poll,hpu-2026-08-nc-senate,U.S. Senate — North Carolina HPU Poll 126 — High Point University Survey Research Center (fielded by YouGov),0.7523,yes,margin 5pp -> logistic k=4.5; ticket SENATENC-26-D
2026-09-23,poll,stetson-2026-04-fl-governor,Governor — Florida Stetson University Center for Public Opinion Research (CPOR) — Spring 2026 Survey,0.1743,yes,margin -7pp -> logistic k=4.5; ticket GOVPARTYFL-26-D
2026-09-23,poll,ppp-2026-07-nc-senate,U.S. Senate — North Carolina Public Policy Polling (PPP),0.7087,yes,margin 4pp -> logistic k=4.5; ticket SENATENC-26-D
2026-09-23,poll,unf-2026-07-fl-governor,Governor — Florida University of North Florida Public Opinion Research Lab,0.2477,yes,margin -5pp -> logistic k=4.5; ticket GOVPARTYFL-26-D
2026-09-23,poll,unf-2026-07-fl-senate,U.S. Senate — Florida (special) University of North Florida Public Opinion Research Lab,0.1446,yes,margin -8pp -> logistic k=4.5; ticket SENATEFLS-26-D
2026-09-23,poll,rasmussen-2026-09-ga-governor,Governor — Georgia Rasmussen Reports (field work by Pulse Opinion Research),0.3392,yes,margin -3pp -> logistic k=4.5; ticket GOVPARTYGA-26-D
2026-09-23,poll,rasmussen-2026-09-ga-senate,U.S. Senate — Georgia Rasmussen Reports (field work by Pulse Opinion Research),0.8808,yes,margin 9pp -> logistic k=4.5; ticket SENATEGA-26-D
2026-09-23,poll,rasmussen-2026-09-sc-senate,U.S. Senate — South Carolina (special) Rasmussen Reports (field work by Pulse Opinion Research),0.2477,yes,margin -5pp -> logistic k=4.5; ticket SENATESC-26-D
2026-09-23,rating,AK,Toss Up / Tilt R,0.25-0.65,yes,ticket SENATEAK-26-D
2026-09-23,rating,IA,Toss Up / Tilt R,0.25-0.65,yes,ticket SENATEIA-26-D
2026-09-23,rating,ME,Toss Up / Toss-up,0.35-0.65,yes,ticket SENATEME-26-D
2026-09-23,rating,MI,Toss Up / Toss-up,0.35-0.65,yes,ticket SENATEMI-26-D
2026-09-23,rating,NH,Toss Up / Toss-up,0.35-0.65,yes,ticket SENATENH-26-D
2026-09-23,rating,OH,Toss Up / Toss-up,0.35-0.65,yes,ticket SENATEOHS-26-D
2026-09-23,rating,TX,Toss Up / Lean R,0.2-0.65,yes,ticket SENATETX-26-D
2026-09-23,rating,GA,Lean D / Tilt D,0.55-0.8,yes,ticket SENATEGA-26-D
2026-09-23,rating,NC,Lean D / Tilt D,0.55-0.8,yes,ticket SENATENC-26-D
2026-09-23,rating,MN,Likely D / Likely D,0.75-0.92,yes,ticket SENATEMN-26-D
2026-09-23,rating,KS,Likely R / Likely R,0.08-0.25,yes,ticket SENATEKS-26-D
2026-09-23,rating,SC,Solid R / Likely R,0-0.25,yes,ticket SENATESC-26-D
2026-09-23,crosslayer,SENATE-CONTROL-2026,metaculus 0.517,0.517,yes,ticket CONTROLS-2026-D snapshotMid 0.595
2026-09-23,crosslayer,HOUSE-CONTROL-2026,metaculus 0.888,0.888,yes,ticket CONTROLH-2026-D snapshotMid 0.895
2026-09-23,crosslayer,HOUSE-CONTROL-2026,metaculus 0.888,0.888,yes,ticket CONTROLH-2026-D snapshotMid 0.9015
2026-09-23,crosslayer,GOVERNOR-HI-2026,metaculus 0.98,0.98,yes,ticket GOVPARTYHI-26-D snapshotMid 0.974
2026-09-23,crosslayer,GOVERNOR-NM-2026,metaculus 0.922,0.922,yes,ticket GOVPARTYNM-26-D snapshotMid 0.9255
2026-09-23,crosslayer,GOVERNOR-OR-2026,metaculus 0.88,0.88,yes,ticket GOVPARTYOR-26-D snapshotMid 0.845
2026-09-23,crosslayer,GOVERNOR-MI-2026,metaculus 0.85,0.85,yes,ticket GOVPARTYMI-26-D snapshotMid 0.915
2026-09-23,crosslayer,SENATE-MT-2026,metaculus 0.01,0.01,yes,ticket SENATEMT-26-D snapshotMid 0.0075
2026-09-23,crosslayer,SENATE-NE-2026,metaculus 0.001,0.001,yes,ticket SENATENE-26-D snapshotMid 0.0005
2026-09-23,crosslayer,SENATE-RI-2026,metaculus 0.99,0.99,yes,ticket SENATERI-26-D snapshotMid 0.979
2026-09-23,crosslayer,SENATE-OR-2026,metaculus 0.99,0.99,yes,ticket SENATEOR-26-D snapshotMid 0.977
2026-09-23,crosslayer,SENATE-CO-2026,metaculus 0.98,0.98,yes,ticket SENATECO-26-D snapshotMid 0.9725
2026-09-23,crosslayer,SENATE-MN-2026,metaculus 0.92,0.92,yes,ticket SENATEMN-26-D snapshotMid 0.9035
2026-09-23,crosslayer,SENATE-AK-2026,metaculus 0.54,0.54,yes,ticket SENATEAK-26-D snapshotMid 0.695
2026-09-23,crosslayer,SENATE-CONTROL-2026,metaculus 0.5,0.5,yes,ticket CONTROLS-2026-D snapshotMid 0.605
2026-09-23,crosslayer,HOUSE-CONTROL-2026,metaculus 0.9,0.9,yes,ticket CONTROLH-2026-D snapshotMid 0.9085
2026-09-23,crosslayer,SENATE-RI-2026,metaculus 0.99,0.99,yes,ticket SENATERI-26-D snapshotMid 0.982
2026-09-23,crosslayer,SENATE-OR-2026,metaculus 0.99,0.99,yes,ticket SENATEOR-26-D snapshotMid 0.977
2026-09-23,crosslayer,SENATE-CO-2026,metaculus 0.98,0.98,yes,ticket SENATECO-26-D snapshotMid 0.973
2026-09-23,crosslayer,SENATE-MN-2026,metaculus 0.93,0.93,yes,ticket SENATEMN-26-D snapshotMid 0.902
2026-09-23,crosslayer,GOVERNOR-HI-2026,metaculus 0.98,0.98,yes,ticket GOVPARTYHI-26-D snapshotMid 0.974
2026-09-23,crosslayer,GOVERNOR-NM-2026,metaculus 0.922,0.922,yes,ticket GOVPARTYNM-26-D snapshotMid 0.928
2026-09-23,crosslayer,GOVERNOR-OR-2026,metaculus 0.88,0.88,yes,ticket GOVPARTYOR-26-D snapshotMid 0.86
2026-09-23,crosslayer,GOVERNOR-MI-2026,metaculus 0.85,0.85,yes,ticket GOVPARTYMI-26-D snapshotMid 0.9165
2026-09-23,crosslayer,SENATE-AK-2026,metaculus 0.54,0.54,yes,ticket SENATEAK-26-D snapshotMid 0.705
2026-09-23,crosslayer,SENATE-MT-2026,metaculus 0.01,0.01,yes,ticket SENATEMT-26-D snapshotMid 0.01
2026-09-23,crosslayer,SENATE-NE-2026,metaculus 0.001,0.001,yes,ticket SENATENE-26-D snapshotMid 0.0025
2026-09-23,crosslayer,SENATE-CONTROL-2026,metaculus 0.512,0.512,yes,ticket CONTROLS-2026-D snapshotMid 0.605
2026-09-23,crosslayer,HOUSE-CONTROL-2026,metaculus 0.908,0.908,yes,ticket CONTROLH-2026-D snapshotMid 0.9065
2026-09-23,crosslayer,SENATE-RI-2026,metaculus 0.99,0.99,yes,ticket SENATERI-26-D snapshotMid 0.9825
2026-09-23,crosslayer,SENATE-OR-2026,metaculus 0.99,0.99,yes,ticket SENATEOR-26-D snapshotMid 0.977
2026-09-23,crosslayer,SENATE-CO-2026,metaculus 0.98,0.98,yes,ticket SENATECO-26-D snapshotMid 0.973
2026-09-23,crosslayer,SENATE-MN-2026,metaculus 0.93,0.93,yes,ticket SENATEMN-26-D snapshotMid 0.905
2026-09-23,crosslayer,GOVERNOR-HI-2026,metaculus 0.98,0.98,yes,ticket GOVPARTYHI-26-D snapshotMid 0.974
2026-09-23,crosslayer,GOVERNOR-NM-2026,metaculus 0.928,0.928,yes,ticket GOVPARTYNM-26-D snapshotMid 0.931
2026-09-23,crosslayer,GOVERNOR-OR-2026,metaculus 0.882,0.882,yes,ticket GOVPARTYOR-26-D snapshotMid 0.86
2026-09-23,crosslayer,GOVERNOR-MI-2026,metaculus 0.84,0.84,yes,ticket GOVPARTYMI-26-D snapshotMid 0.923
2026-09-23,crosslayer,SENATE-AK-2026,metaculus 0.54,0.54,yes,ticket SENATEAK-26-D snapshotMid 0.735
2026-09-23,crosslayer,SENATE-MT-2026,metaculus 0.01,0.01,yes,ticket SENATEMT-26-D snapshotMid 0.009
2026-09-23,crosslayer,SENATE-NE-2026,metaculus 0.001,0.001,yes,ticket SENATENE-26-D snapshotMid 0.002
2026-09-23,crosslayer,SENATE-GA-2026,metaculus 0.92,0.92,yes,ticket SENATEGA-26-D snapshotMid 0.9385
2026-09-23,crosslayer,SENATE-CONTROL-2026,metaculus 0.531,0.531,no,ticket CONTROLS-2026-D snapshotMid 0.625
2026-09-23,crosslayer,HOUSE-CONTROL-2026,metaculus 0.906,0.906,no,ticket CONTROLH-2026-D snapshotMid 0.9095
2026-09-23,crosslayer,SENATE-RI-2026,metaculus 0.99,0.99,no,ticket SENATERI-26-D snapshotMid 0.9865
2026-09-23,crosslayer,SENATE-OR-2026,metaculus 0.99,0.99,no,ticket SENATEOR-26-D snapshotMid 0.977
2026-09-23,crosslayer,SENATE-CO-2026,metaculus 0.98,0.98,no,ticket SENATECO-26-D snapshotMid 0.9735
2026-09-23,crosslayer,SENATE-GA-2026,metaculus 0.92,0.92,no,ticket SENATEGA-26-D snapshotMid 0.9385
2026-09-23,crosslayer,GOVERNOR-HI-2026,metaculus 0.98,0.98,no,ticket GOVPARTYHI-26-D snapshotMid 0.973
2026-09-23,crosslayer,GOVERNOR-NM-2026,metaculus 0.928,0.928,no,ticket GOVPARTYNM-26-D snapshotMid 0.931
2026-09-23,crosslayer,GOVERNOR-OR-2026,metaculus 0.882,0.882,no,ticket GOVPARTYOR-26-D snapshotMid 0.855
2026-09-23,crosslayer,GOVERNOR-MI-2026,metaculus 0.84,0.84,no,ticket GOVPARTYMI-26-D snapshotMid 0.9235
2026-09-23,crosslayer,SENATE-AK-2026,metaculus 0.54,0.54,no,ticket SENATEAK-26-D snapshotMid 0.755
2026-09-23,crosslayer,SENATE-MT-2026,metaculus 0.01,0.01,no,ticket SENATEMT-26-D snapshotMid 0.012
2026-09-23,crosslayer,SENATE-NE-2026,metaculus 0.002,0.002,no,ticket SENATENE-26-D snapshotMid 0.0025
2026-09-23,crosslayer,SENATE-NC-2026,metaculus 0.92,0.92,no,ticket SENATENC-26-D snapshotMid 0.9365
2026-09-23,crosslayer,SENATE-CONTROL-2026,metaculus 0.567,0.567,no,ticket CONTROLS-2026-D snapshotMid 0.615
2026-09-23,crosslayer,HOUSE-CONTROL-2026,metaculus 0.91,0.91,no,ticket CONTROLH-2026-D snapshotMid 0.9165
2026-09-23,crosslayer,SENATE-RI-2026,metaculus 0.996,0.996,no,ticket SENATERI-26-D snapshotMid 0.99
2026-09-23,crosslayer,SENATE-OR-2026,metaculus 0.99,0.99,no,ticket SENATEOR-26-D snapshotMid 0.9775
2026-09-23,crosslayer,SENATE-CO-2026,metaculus 0.98,0.98,no,ticket SENATECO-26-D snapshotMid 0.9845
2026-09-23,crosslayer,SENATE-MN-2026,metaculus 0.94,0.94,no,ticket SENATEMN-26-D snapshotMid 0.9055
2026-09-23,crosslayer,GOVERNOR-HI-2026,metaculus 0.98,0.98,no,ticket GOVPARTYHI-26-D snapshotMid 0.9745
2026-09-23,crosslayer,GOVERNOR-NM-2026,metaculus 0.928,0.928,no,ticket GOVPARTYNM-26-D snapshotMid 0.9295
2026-09-23,crosslayer,GOVERNOR-OR-2026,metaculus 0.88,0.88,no,ticket GOVPARTYOR-26-D snapshotMid 0.84
2026-09-23,crosslayer,GOVERNOR-MI-2026,metaculus 0.85,0.85,no,ticket GOVPARTYMI-26-D snapshotMid 0.927
2026-09-23,crosslayer,SENATE-AK-2026,metaculus 0.548,0.548,no,ticket SENATEAK-26-D snapshotMid 0.705
2026-09-23,crosslayer,SENATE-MT-2026,metaculus 0.01,0.01,no,ticket SENATEMT-26-D snapshotMid 0.0095
2026-09-23,crosslayer,SENATE-NE-2026,metaculus 0.001,0.001,no,ticket SENATENE-26-D snapshotMid 0.002
2026-09-23,crosslayer,SENATE-CONTROL-2026,metaculus 0.582,0.582,no,ticket CONTROLS-2026-D snapshotMid 0.605
2026-09-23,crosslayer,HOUSE-CONTROL-2026,metaculus 0.929,0.929,no,ticket CONTROLH-2026-D snapshotMid 0.919
2026-09-23,crosslayer,SENATE-RI-2026,metaculus 0.996,0.996,no,ticket SENATERI-26-D snapshotMid 0.99
2026-09-23,crosslayer,SENATE-OR-2026,metaculus 0.99,0.99,no,ticket SENATEOR-26-D snapshotMid 0.9775
2026-09-23,crosslayer,SENATE-CO-2026,metaculus 0.98,0.98,no,ticket SENATECO-26-D snapshotMid 0.9855
2026-09-23,crosslayer,SENATE-MN-2026,metaculus 0.94,0.94,no,ticket SENATEMN-26-D snapshotMid 0.895
2026-09-23,crosslayer,GOVERNOR-HI-2026,metaculus 0.98,0.98,no,ticket GOVPARTYHI-26-D snapshotMid 0.9745
2026-09-23,crosslayer,GOVERNOR-NM-2026,metaculus 0.93,0.93,no,ticket GOVPARTYNM-26-D snapshotMid 0.928
2026-09-23,crosslayer,GOVERNOR-OR-2026,metaculus 0.88,0.88,no,ticket GOVPARTYOR-26-D snapshotMid 0.85
2026-09-23,crosslayer,GOVERNOR-MI-2026,metaculus 0.85,0.85,no,ticket GOVPARTYMI-26-D snapshotMid 0.925
2026-09-23,crosslayer,SENATE-AK-2026,metaculus 0.548,0.548,no,ticket SENATEAK-26-D snapshotMid 0.705
2026-09-23,crosslayer,SENATE-MT-2026,metaculus 0.01,0.01,no,ticket SENATEMT-26-D snapshotMid 0.011
2026-09-23,crosslayer,SENATE-NE-2026,metaculus 0.001,0.001,no,ticket SENATENE-26-D snapshotMid 0.002
2026-09-23,crosslayer,SENATE-CONTROL-2026,metaculus 0.572,0.572,no,ticket CONTROLS-2026-D snapshotMid 0.615
2026-09-23,crosslayer,HOUSE-CONTROL-2026,metaculus 0.929,0.929,no,ticket CONTROLH-2026-D snapshotMid 0.919
2026-09-23,crosslayer,SENATE-RI-2026,metaculus 0.993,0.993,no,ticket SENATERI-26-D snapshotMid 0.99
2026-09-23,crosslayer,SENATE-OR-2026,metaculus 0.99,0.99,no,ticket SENATEOR-26-D snapshotMid 0.9775
2026-09-23,crosslayer,SENATE-CO-2026,metaculus 0.98,0.98,no,ticket SENATECO-26-D snapshotMid 0.985
2026-09-23,crosslayer,SENATE-MN-2026,metaculus 0.94,0.94,no,ticket SENATEMN-26-D snapshotMid 0.895
2026-09-23,crosslayer,GOVERNOR-HI-2026,metaculus 0.98,0.98,no,ticket GOVPARTYHI-26-D snapshotMid 0.9745
2026-09-23,crosslayer,GOVERNOR-NM-2026,metaculus 0.928,0.928,no,ticket GOVPARTYNM-26-D snapshotMid 0.9275
2026-09-23,crosslayer,GOVERNOR-OR-2026,metaculus 0.88,0.88,no,ticket GOVPARTYOR-26-D snapshotMid 0.84
2026-09-23,crosslayer,GOVERNOR-MI-2026,metaculus 0.85,0.85,no,ticket GOVPARTYMI-26-D snapshotMid 0.927
2026-09-23,crosslayer,SENATE-AK-2026,metaculus 0.548,0.548,no,ticket SENATEAK-26-D snapshotMid 0.705
2026-09-23,crosslayer,SENATE-MT-2026,metaculus 0.01,0.01,no,ticket SENATEMT-26-D snapshotMid 0.016
2026-09-23,crosslayer,SENATE-NE-2026,metaculus 0.001,0.001,no,ticket SENATENE-26-D snapshotMid 0.0005
2026-09-23,crosslayer,SENATE-CONTROL-2026,metaculus 0.555,0.555,no,ticket CONTROLS-2026-D snapshotMid 0.615
2026-09-23,crosslayer,HOUSE-CONTROL-2026,metaculus 0.919,0.919,no,ticket CONTROLH-2026-D snapshotMid 0.9165
2026-09-23,crosslayer,SENATE-RI-2026,metaculus 0.993,0.993,no,ticket SENATERI-26-D snapshotMid 0.9905
2026-09-23,crosslayer,SENATE-OR-2026,metaculus 0.99,0.99,no,ticket SENATEOR-26-D snapshotMid 0.9775
2026-09-23,crosslayer,SENATE-CO-2026,metaculus 0.98,0.98,no,ticket SENATECO-26-D snapshotMid 0.9855
2026-09-23,crosslayer,SENATE-MN-2026,metaculus 0.95,0.95,no,ticket SENATEMN-26-D snapshotMid 0.895
2026-09-23,crosslayer,GOVERNOR-HI-2026,metaculus 0.98,0.98,no,ticket GOVPARTYHI-26-D snapshotMid 0.9745
2026-09-23,crosslayer,GOVERNOR-NM-2026,metaculus 0.925,0.925,no,ticket GOVPARTYNM-26-D snapshotMid 0.929
2026-09-23,crosslayer,GOVERNOR-OR-2026,metaculus 0.874,0.874,no,ticket GOVPARTYOR-26-D snapshotMid 0.805
2026-09-23,crosslayer,GOVERNOR-MI-2026,metaculus 0.84,0.84,no,ticket GOVPARTYMI-26-D snapshotMid 0.9235
2026-09-23,crosslayer,SENATE-AK-2026,metaculus 0.54,0.54,no,ticket SENATEAK-26-D snapshotMid 0.705
2026-09-23,crosslayer,SENATE-MT-2026,metaculus 0.01,0.01,no,ticket SENATEMT-26-D snapshotMid 0.0145
2026-09-23,crosslayer,SENATE-NE-2026,metaculus 0.001,0.001,no,ticket SENATENE-26-D snapshotMid 0.0025
2026-09-23,crosslayer,SENATE-CONTROL-2026,metaculus 0.569,0.569,no,ticket CONTROLS-2026-D snapshotMid 0.625
2026-09-23,crosslayer,HOUSE-CONTROL-2026,metaculus 0.925,0.925,no,ticket CONTROLH-2026-D snapshotMid 0.9155
2026-09-23,crosslayer,SENATE-RI-2026,metaculus 0.991,0.991,no,ticket SENATERI-26-D snapshotMid 0.9885
2026-09-23,crosslayer,SENATE-OR-2026,metaculus 0.99,0.99,no,ticket SENATEOR-26-D snapshotMid 0.9775
2026-09-23,crosslayer,SENATE-CO-2026,metaculus 0.98,0.98,no,ticket SENATECO-26-D snapshotMid 0.9855
2026-09-23,crosslayer,SENATE-MN-2026,metaculus 0.95,0.95,no,ticket SENATEMN-26-D snapshotMid 0.895
2026-09-23,crosslayer,GOVERNOR-HI-2026,metaculus 0.98,0.98,no,ticket GOVPARTYHI-26-D snapshotMid 0.9745
2026-09-23,crosslayer,GOVERNOR-NM-2026,metaculus 0.925,0.925,no,ticket GOVPARTYNM-26-D snapshotMid 0.93
2026-09-23,crosslayer,GOVERNOR-OR-2026,metaculus 0.874,0.874,no,ticket GOVPARTYOR-26-D snapshotMid 0.815
2026-09-23,crosslayer,GOVERNOR-MI-2026,metaculus 0.84,0.84,no,ticket GOVPARTYMI-26-D snapshotMid 0.926
2026-09-23,crosslayer,SENATE-AK-2026,metaculus 0.54,0.54,no,ticket SENATEAK-26-D snapshotMid 0.695
2026-09-23,crosslayer,SENATE-MT-2026,metaculus 0.01,0.01,no,ticket SENATEMT-26-D snapshotMid 0.0145
2026-09-23,crosslayer,SENATE-NE-2026,metaculus 0.001,0.001,no,ticket SENATENE-26-D snapshotMid 0.0025
2026-09-23,crosslayer,SENATE-CONTROL-2026,metaculus 0.562,0.562,no,ticket CONTROLS-2026-D snapshotMid 0.625
2026-09-23,crosslayer,HOUSE-CONTROL-2026,metaculus 0.919,0.919,no,ticket CONTROLH-2026-D snapshotMid 0.915
2026-09-23,crosslayer,SENATE-RI-2026,metaculus 0.99,0.99,no,ticket SENATERI-26-D snapshotMid 0.9885
2026-09-23,crosslayer,SENATE-OR-2026,metaculus 0.99,0.99,no,ticket SENATEOR-26-D snapshotMid 0.983
2026-09-23,crosslayer,SENATE-CO-2026,metaculus 0.98,0.98,no,ticket SENATECO-26-D snapshotMid 0.9855
2026-09-23,crosslayer,SENATE-MN-2026,metaculus 0.95,0.95,no,ticket SENATEMN-26-D snapshotMid 0.885
2026-09-23,crosslayer,GOVERNOR-HI-2026,metaculus 0.98,0.98,no,ticket GOVPARTYHI-26-D snapshotMid 0.969
2026-09-23,crosslayer,GOVERNOR-NM-2026,metaculus 0.925,0.925,no,ticket GOVPARTYNM-26-D snapshotMid 0.9295
2026-09-23,crosslayer,GOVERNOR-OR-2026,metaculus 0.874,0.874,no,ticket GOVPARTYOR-26-D snapshotMid 0.795
2026-09-23,crosslayer,GOVERNOR-MI-2026,metaculus 0.84,0.84,no,ticket GOVPARTYMI-26-D snapshotMid 0.9225
2026-09-23,crosslayer,SENATE-AK-2026,metaculus 0.54,0.54,no,ticket SENATEAK-26-D snapshotMid 0.705
2026-09-23,crosslayer,SENATE-MT-2026,metaculus 0.01,0.01,no,ticket SENATEMT-26-D snapshotMid 0.009
2026-09-23,crosslayer,SENATE-NE-2026,metaculus 0.001,0.001,no,ticket SENATENE-26-D snapshotMid 0.002
2026-09-23,crosslayer,SENATE-CONTROL-2026,metaculus 0.565,0.565,no,ticket CONTROLS-2026-D snapshotMid 0.625
2026-09-23,crosslayer,HOUSE-CONTROL-2026,metaculus 0.924,0.924,no,ticket CONTROLH-2026-D snapshotMid 0.9155
2026-09-23,crosslayer,SENATE-RI-2026,metaculus 0.99,0.99,no,ticket SENATERI-26-D snapshotMid 0.99
2026-09-23,crosslayer,SENATE-OR-2026,metaculus 0.99,0.99,no,ticket SENATEOR-26-D snapshotMid 0.9785
2026-09-23,crosslayer,SENATE-CO-2026,metaculus 0.98,0.98,no,ticket SENATECO-26-D snapshotMid 0.9865
2026-09-23,crosslayer,SENATE-MN-2026,metaculus 0.94,0.94,no,ticket SENATEMN-26-D snapshotMid 0.875
2026-09-23,crosslayer,GOVERNOR-HI-2026,metaculus 0.98,0.98,no,ticket GOVPARTYHI-26-D snapshotMid 0.9745
2026-09-23,crosslayer,GOVERNOR-NM-2026,metaculus 0.93,0.93,no,ticket GOVPARTYNM-26-D snapshotMid 0.9305
2026-09-23,crosslayer,GOVERNOR-OR-2026,metaculus 0.88,0.88,no,ticket GOVPARTYOR-26-D snapshotMid 0.765
2026-09-23,crosslayer,GOVERNOR-MI-2026,metaculus 0.85,0.85,no,ticket GOVPARTYMI-26-D snapshotMid 0.92
2026-09-23,crosslayer,SENATE-AK-2026,metaculus 0.54,0.54,no,ticket SENATEAK-26-D snapshotMid 0.685
2026-09-23,crosslayer,SENATE-MT-2026,metaculus 0.01,0.01,no,ticket SENATEMT-26-D snapshotMid 0.006
2026-09-23,crosslayer,SENATE-CONTROL-2026,metaculus 0.575,0.575,no,ticket CONTROLS-2026-D snapshotMid 0.625
2026-09-23,crosslayer,HOUSE-CONTROL-2026,metaculus 0.924,0.924,no,ticket CONTROLH-2026-D snapshotMid 0.9165
2026-09-23,crosslayer,SENATE-RI-2026,metaculus 0.99,0.99,no,ticket SENATERI-26-D snapshotMid 0.9905
2026-09-23,crosslayer,SENATE-OR-2026,metaculus 0.99,0.99,no,ticket SENATEOR-26-D snapshotMid 0.985
2026-09-23,crosslayer,SENATE-CO-2026,metaculus 0.98,0.98,no,ticket SENATECO-26-D snapshotMid 0.9865
2026-09-23,crosslayer,SENATE-MN-2026,metaculus 0.94,0.94,no,ticket SENATEMN-26-D snapshotMid 0.895
2026-09-23,crosslayer,GOVERNOR-HI-2026,metaculus 0.98,0.98,no,ticket GOVPARTYHI-26-D snapshotMid 0.9715
2026-09-23,crosslayer,GOVERNOR-NM-2026,metaculus 0.93,0.93,no,ticket GOVPARTYNM-26-D snapshotMid 0.94
2026-09-23,crosslayer,GOVERNOR-OR-2026,metaculus 0.872,0.872,no,ticket GOVPARTYOR-26-D snapshotMid 0.715
2026-09-23,crosslayer,GOVERNOR-MI-2026,metaculus 0.84,0.84,no,ticket GOVPARTYMI-26-D snapshotMid 0.922
2026-09-23,crosslayer,SENATE-AK-2026,metaculus 0.54,0.54,no,ticket SENATEAK-26-D snapshotMid 0.675
2026-09-23,crosslayer,SENATE-MT-2026,metaculus 0.01,0.01,no,ticket SENATEMT-26-D snapshotMid 0.006
2026-09-23,crosslayer,SENATE-NE-2026,metaculus 0.001,0.001,no,ticket SENATENE-26-D snapshotMid 0.004
2026-09-23,crosslayer,SENATE-CONTROL-2026,metaculus 0.581,0.581,no,ticket CONTROLS-2026-D snapshotMid 0.645
2026-09-23,crosslayer,HOUSE-CONTROL-2026,metaculus 0.918,0.918,no,ticket CONTROLH-2026-D snapshotMid 0.9205
2026-09-23,crosslayer,SENATE-OR-2026,metaculus 0.99,0.99,no,ticket SENATEOR-26-D snapshotMid 0.985
2026-09-23,crosslayer,SENATE-RI-2026,metaculus 0.99,0.99,no,ticket SENATERI-26-D snapshotMid 0.9905
2026-09-23,crosslayer,SENATE-CO-2026,metaculus 0.982,0.982,no,ticket SENATECO-26-D snapshotMid 0.9865
2026-09-23,crosslayer,SENATE-MN-2026,metaculus 0.94,0.94,no,ticket SENATEMN-26-D snapshotMid 0.875
2026-09-23,crosslayer,GOVERNOR-HI-2026,metaculus 0.98,0.98,no,ticket GOVPARTYHI-26-D snapshotMid 0.9735
2026-09-23,crosslayer,GOVERNOR-NM-2026,metaculus 0.93,0.93,no,ticket GOVPARTYNM-26-D snapshotMid 0.945
2026-09-23,crosslayer,GOVERNOR-OR-2026,metaculus 0.872,0.872,no,ticket GOVPARTYOR-26-D snapshotMid 0.735
2026-09-23,crosslayer,GOVERNOR-MI-2026,metaculus 0.85,0.85,no,ticket GOVPARTYMI-26-D snapshotMid 0.9275
2026-09-23,crosslayer,SENATE-AK-2026,metaculus 0.525,0.525,no,ticket SENATEAK-26-D snapshotMid 0.705
2026-09-23,crosslayer,SENATE-MT-2026,metaculus 0.01,0.01,no,ticket SENATEMT-26-D snapshotMid 0.007
2026-09-23,crosslayer,SENATE-NE-2026,metaculus 0.001,0.001,no,ticket SENATENE-26-D snapshotMid 0.004
2026-09-23,crosslayer,SENATE-CONTROL-2026,metaculus 0.576,0.576,no,ticket CONTROLS-2026-D snapshotMid 0.625
2026-09-23,crosslayer,HOUSE-CONTROL-2026,metaculus 0.919,0.919,no,ticket CONTROLH-2026-D snapshotMid 0.9195
2026-09-23,crosslayer,GOVERNOR-HI-2026,metaculus 0.98,0.98,no,ticket GOVPARTYHI-26-D snapshotMid 0.971
2026-09-23,crosslayer,GOVERNOR-NM-2026,metaculus 0.94,0.94,no,ticket GOVPARTYNM-26-D snapshotMid 0.9455
2026-09-23,crosslayer,GOVERNOR-OR-2026,metaculus 0.87,0.87,no,ticket GOVPARTYOR-26-D snapshotMid 0.735
2026-09-23,crosslayer,GOVERNOR-MI-2026,metaculus 0.85,0.85,no,ticket GOVPARTYMI-26-D snapshotMid 0.927
2026-09-23,crosslayer,SENATE-AK-2026,metaculus 0.525,0.525,no,ticket SENATEAK-26-D snapshotMid 0.73
2026-09-23,crosslayer,SENATE-MT-2026,metaculus 0.01,0.01,no,ticket SENATEMT-26-D snapshotMid 0.0085
2026-09-23,crosslayer,SENATE-NE-2026,metaculus 0.001,0.001,no,ticket SENATENE-26-D snapshotMid 0.004
2026-09-23,crosslayer,SENATE-CONTROL-2026,metaculus 0.584,0.584,no,ticket CONTROLS-2026-D snapshotMid 0.645
2026-09-23,crosslayer,HOUSE-CONTROL-2026,metaculus 0.929,0.929,no,ticket CONTROLH-2026-D snapshotMid 0.9165
2026-09-23,crosslayer,SENATE-OR-2026,metaculus 0.99,0.99,no,ticket SENATEOR-26-D snapshotMid 0.988
2026-09-23,crosslayer,SENATE-RI-2026,metaculus 0.99,0.99,no,ticket SENATERI-26-D snapshotMid 0.9905
2026-09-23,crosslayer,SENATE-CO-2026,metaculus 0.982,0.982,no,ticket SENATECO-26-D snapshotMid 0.9915
2026-09-23,crosslayer,SENATE-MN-2026,metaculus 0.925,0.925,no,ticket SENATEMN-26-D snapshotMid 0.865
2026-09-23,crosslayer,GOVERNOR-HI-2026,metaculus 0.98,0.98,no,ticket GOVPARTYHI-26-D snapshotMid 0.9735
2026-09-23,crosslayer,GOVERNOR-NM-2026,metaculus 0.94,0.94,no,ticket GOVPARTYNM-26-D snapshotMid 0.945
2026-09-23,crosslayer,GOVERNOR-OR-2026,metaculus 0.86,0.86,no,ticket GOVPARTYOR-26-D snapshotMid 0.755
2026-09-23,crosslayer,GOVERNOR-MI-2026,metaculus 0.85,0.85,no,ticket GOVPARTYMI-26-D snapshotMid 0.9305
2026-09-23,crosslayer,SENATE-AK-2026,metaculus 0.525,0.525,no,ticket SENATEAK-26-D snapshotMid 0.735
2026-09-23,crosslayer,SENATE-MT-2026,metaculus 0.01,0.01,no,ticket SENATEMT-26-D snapshotMid 0.021
2026-09-23,crosslayer,SENATE-NE-2026,metaculus 0.001,0.001,no,ticket SENATENE-26-D snapshotMid 0.0015
2026-09-23,crosslayer,SENATE-CONTROL-2026,metaculus 0.586,0.586,no,ticket CONTROLS-2026-D snapshotMid 0.645
2026-09-23,crosslayer,HOUSE-CONTROL-2026,metaculus 0.929,0.929,no,ticket CONTROLH-2026-D snapshotMid 0.9155
2026-09-23,crosslayer,SENATE-OR-2026,metaculus 0.99,0.99,no,ticket SENATEOR-26-D snapshotMid 0.9855
2026-09-23,crosslayer,SENATE-RI-2026,metaculus 0.99,0.99,no,ticket SENATERI-26-D snapshotMid 0.99
2026-09-23,crosslayer,SENATE-CO-2026,metaculus 0.982,0.982,no,ticket SENATECO-26-D snapshotMid 0.991
2026-09-23,crosslayer,SENATE-MN-2026,metaculus 0.925,0.925,no,ticket SENATEMN-26-D snapshotMid 0.865
2026-09-23,crosslayer,GOVERNOR-HI-2026,metaculus 0.98,0.98,no,ticket GOVPARTYHI-26-D snapshotMid 0.9735
2026-09-23,crosslayer,GOVERNOR-NM-2026,metaculus 0.94,0.94,no,ticket GOVPARTYNM-26-D snapshotMid 0.9465
2026-09-23,crosslayer,GOVERNOR-OR-2026,metaculus 0.86,0.86,no,ticket GOVPARTYOR-26-D snapshotMid 0.76
2026-09-23,crosslayer,GOVERNOR-MI-2026,metaculus 0.85,0.85,no,ticket GOVPARTYMI-26-D snapshotMid 0.937
2026-09-23,crosslayer,SENATE-AK-2026,metaculus 0.525,0.525,no,ticket SENATEAK-26-D snapshotMid 0.745
2026-09-23,crosslayer,SENATE-MT-2026,metaculus 0.009,0.009,no,ticket SENATEMT-26-D snapshotMid 0.009
2026-09-23,crosslayer,SENATE-NE-2026,metaculus 0.001,0.001,no,ticket SENATENE-26-D snapshotMid 0.0015
2026-09-23,crosslayer,SENATE-CONTROL-2026,metaculus 0.588,0.588,no,ticket CONTROLS-2026-D snapshotMid 0.635
2026-09-23,crosslayer,HOUSE-CONTROL-2026,metaculus 0.922,0.922,no,ticket CONTROLH-2026-D snapshotMid 0.895
2026-09-23,crosslayer,SENATE-RI-2026,metaculus 0.99,0.99,no,ticket SENATERI-26-D snapshotMid 0.989
2026-09-23,crosslayer,SENATE-OR-2026,metaculus 0.99,0.99,no,ticket SENATEOR-26-D snapshotMid 0.9855
2026-09-23,crosslayer,SENATE-CO-2026,metaculus 0.985,0.985,no,ticket SENATECO-26-D snapshotMid 0.991
2026-09-23,crosslayer,SENATE-NC-2026,metaculus 0.92,0.92,no,ticket SENATENC-26-D snapshotMid 0.968
2026-09-23,crosslayer,GOVERNOR-HI-2026,metaculus 0.98,0.98,no,ticket GOVPARTYHI-26-D snapshotMid 0.9775
2026-09-23,crosslayer,GOVERNOR-NM-2026,metaculus 0.94,0.94,no,ticket GOVPARTYNM-26-D snapshotMid 0.94
2026-09-23,crosslayer,GOVERNOR-OR-2026,metaculus 0.858,0.858,no,ticket GOVPARTYOR-26-D snapshotMid 0.775
2026-09-23,crosslayer,GOVERNOR-MI-2026,metaculus 0.85,0.85,no,ticket GOVPARTYMI-26-D snapshotMid 0.9225
2026-09-23,crosslayer,SENATE-AK-2026,metaculus 0.54,0.54,no,ticket SENATEAK-26-D snapshotMid 0.765
2026-09-23,crosslayer,SENATE-MT-2026,metaculus 0.009,0.009,no,ticket SENATEMT-26-D snapshotMid 0.008
2026-09-23,crosslayer,SENATE-NE-2026,metaculus 0.001,0.001,no,ticket SENATENE-26-D snapshotMid 0.0015
2026-09-23,crosslayer,SENATE-CONTROL-2026,metaculus 0.598,0.598,no,ticket CONTROLS-2026-D snapshotMid 0.615
2026-09-23,crosslayer,HOUSE-CONTROL-2026,metaculus 0.922,0.922,no,ticket CONTROLH-2026-D snapshotMid 0.9005
2026-09-23,crosslayer,SENATE-OR-2026,metaculus 0.99,0.99,no,ticket SENATEOR-26-D snapshotMid 0.983
2026-09-23,crosslayer,SENATE-RI-2026,metaculus 0.99,0.99,no,ticket SENATERI-26-D snapshotMid 0.9885
2026-09-23,crosslayer,SENATE-CO-2026,metaculus 0.985,0.985,no,ticket SENATECO-26-D snapshotMid 0.988
2026-09-23,crosslayer,SENATE-NC-2026,metaculus 0.92,0.92,no,ticket SENATENC-26-D snapshotMid 0.9685
2026-09-23,crosslayer,GOVERNOR-HI-2026,metaculus 0.98,0.98,no,ticket GOVPARTYHI-26-D snapshotMid 0.9795
2026-09-23,crosslayer,GOVERNOR-NM-2026,metaculus 0.94,0.94,no,ticket GOVPARTYNM-26-D snapshotMid 0.939
2026-09-23,crosslayer,GOVERNOR-OR-2026,metaculus 0.86,0.86,no,ticket GOVPARTYOR-26-D snapshotMid 0.755
2026-09-23,crosslayer,GOVERNOR-MI-2026,metaculus 0.85,0.85,no,ticket GOVPARTYMI-26-D snapshotMid 0.9205
2026-09-23,crosslayer,SENATE-AK-2026,metaculus 0.548,0.548,no,ticket SENATEAK-26-D snapshotMid 0.755
2026-09-23,crosslayer,SENATE-MT-2026,metaculus 0.009,0.009,no,ticket SENATEMT-26-D snapshotMid 0.0085
2026-09-23,crosslayer,SENATE-NE-2026,metaculus 0.001,0.001,no,ticket SENATENE-26-D snapshotMid 0.001
2026-09-23,crosslayer,SENATE-CONTROL-2026,metaculus 0.608,0.608,no,ticket CONTROLS-2026-D snapshotMid 0.605
2026-09-23,crosslayer,HOUSE-CONTROL-2026,metaculus 0.93,0.93,no,ticket CONTROLH-2026-D snapshotMid 0.895
2026-09-23,crosslayer,SENATE-OR-2026,metaculus 0.99,0.99,no,ticket SENATEOR-26-D snapshotMid 0.983
2026-09-23,crosslayer,SENATE-RI-2026,metaculus 0.99,0.99,no,ticket SENATERI-26-D snapshotMid 0.978
2026-09-23,crosslayer,SENATE-CO-2026,metaculus 0.985,0.985,no,ticket SENATECO-26-D snapshotMid 0.988
2026-09-23,crosslayer,SENATE-GA-2026,metaculus 0.93,0.93,no,ticket SENATEGA-26-D snapshotMid 0.9545
2026-09-23,crosslayer,SENATE-AK-2026,metaculus 0.54,0.54,no,ticket SENATEAK-26-D snapshotMid 0.735
2026-09-23,crosslayer,SENATE-MT-2026,metaculus 0.01,0.01,no,ticket SENATEMT-26-D snapshotMid 0.0085
2026-09-23,crosslayer,SENATE-NE-2026,metaculus 0.001,0.001,no,ticket SENATENE-26-D snapshotMid 0.0025
2026-09-24,poll,cnn-ssrs-2026-09-me-senate,U.S. Senate — Maine CNN Poll conducted by SSRS,0.6608,yes,margin 3pp -> logistic k=4.5; ticket SENATEME-26-D
2026-09-24,poll,cnn-ssrs-2026-09-mi-senate,U.S. Senate — Michigan (open seat) CNN Poll conducted by SSRS,0.6608,yes,margin 3pp -> logistic k=4.5; ticket SENATEMI-26-D
2026-09-24,poll,emerson-2026-09-mi-senate,U.S. Senate — Michigan (open seat) Emerson College Polling / Nexstar Media,0.6093,yes,margin 2pp -> logistic k=4.5; ticket SENATEMI-26-D
2026-09-24,poll,emerson-2026-09-tx-senate,U.S. Senate — Texas (open seat) Emerson College Polling / Nexstar Media,0.5553,yes,margin 1pp -> logistic k=4.5; ticket SENATETX-26-D
2026-09-24,poll,emerson-2026-09-ia-senate,U.S. Senate — Iowa (open seat) Emerson College Polling / Nexstar Media,0.2477,yes,margin -5pp -> logistic k=4.5; ticket SENATEIA-26-D
2026-09-24,poll,reconmr-siena-2026-09-tx-senate,U.S. Senate — Texas (open seat) Texas Poll — ReconMR fieldwork (released via Siena Research Institute),0.7914,yes,margin 6pp -> logistic k=4.5; ticket SENATETX-26-D
2026-09-24,poll,suffolk-2026-08-ia-senate,U.S. Senate — Iowa (open seat) Suffolk University Political Research Center (SUPRC),0.2913,yes,margin -4pp -> logistic k=4.5; ticket SENATEIA-26-D
2026-09-24,poll,npi-2026-08-az-governor,Governor — Arizona Noble Predictive Insights — Arizona Public Opinion Pulse (AZPOP),0.9473,yes,margin 13pp -> logistic k=4.5; ticket GOVPARTYAZ-26-D
2026-09-24,poll,fm-2026-08-pa-governor,Governor — Pennsylvania Franklin & Marshall College Poll,0.9961,yes,margin 25pp -> logistic k=4.5; ticket GOVPARTYPA-26-D
2026-09-24,poll,elon-2026-09-nc-senate,U.S. Senate — North Carolina Elon University Poll (fielded by YouGov),0.9202,yes,margin 11pp -> logistic k=4.5; ticket SENATENC-26-D
2026-09-24,poll,hpu-2026-04-nc-senate,U.S. Senate — North Carolina HPU Poll 120 — High Point University Survey Research Center (fielded by YouGov),0.8554,yes,margin 8pp -> logistic k=4.5; ticket SENATENC-26-D
2026-09-24,poll,hpu-2026-08-nc-senate,U.S. Senate — North Carolina HPU Poll 126 — High Point University Survey Research Center (fielded by YouGov),0.7523,yes,margin 5pp -> logistic k=4.5; ticket SENATENC-26-D
2026-09-24,poll,stetson-2026-04-fl-governor,Governor — Florida Stetson University Center for Public Opinion Research (CPOR) — Spring 2026 Survey,0.1743,yes,margin -7pp -> logistic k=4.5; ticket GOVPARTYFL-26-D
2026-09-24,poll,ppp-2026-07-nc-senate,U.S. Senate — North Carolina Public Policy Polling (PPP),0.7087,yes,margin 4pp -> logistic k=4.5; ticket SENATENC-26-D
2026-09-24,poll,unf-2026-07-fl-governor,Governor — Florida University of North Florida Public Opinion Research Lab,0.2477,yes,margin -5pp -> logistic k=4.5; ticket GOVPARTYFL-26-D
2026-09-24,poll,unf-2026-07-fl-senate,U.S. Senate — Florida (special) University of North Florida Public Opinion Research Lab,0.1446,yes,margin -8pp -> logistic k=4.5; ticket SENATEFLS-26-D
2026-09-24,poll,rasmussen-2026-09-ga-governor,Governor — Georgia Rasmussen Reports (field work by Pulse Opinion Research),0.3392,yes,margin -3pp -> logistic k=4.5; ticket GOVPARTYGA-26-D
2026-09-24,poll,rasmussen-2026-09-ga-senate,U.S. Senate — Georgia Rasmussen Reports (field work by Pulse Opinion Research),0.8808,yes,margin 9pp -> logistic k=4.5; ticket SENATEGA-26-D
2026-09-24,poll,rasmussen-2026-09-sc-senate,U.S. Senate — South Carolina (special) Rasmussen Reports (field work by Pulse Opinion Research),0.2477,yes,margin -5pp -> logistic k=4.5; ticket SENATESC-26-D
2026-09-24,rating,AK,Toss Up / Tilt R,0.25-0.65,yes,ticket SENATEAK-26-D
2026-09-24,rating,IA,Toss Up / Tilt R,0.25-0.65,yes,ticket SENATEIA-26-D
2026-09-24,rating,ME,Toss Up / Toss-up,0.35-0.65,yes,ticket SENATEME-26-D
2026-09-24,rating,MI,Toss Up / Toss-up,0.35-0.65,yes,ticket SENATEMI-26-D
2026-09-24,rating,NH,Toss Up / Toss-up,0.35-0.65,yes,ticket SENATENH-26-D
2026-09-24,rating,OH,Toss Up / Toss-up,0.35-0.65,yes,ticket SENATEOHS-26-D
2026-09-24,rating,TX,Toss Up / Lean R,0.2-0.65,yes,ticket SENATETX-26-D
2026-09-24,rating,GA,Lean D / Tilt D,0.55-0.8,yes,ticket SENATEGA-26-D
2026-09-24,rating,NC,Lean D / Tilt D,0.55-0.8,yes,ticket SENATENC-26-D
2026-09-24,rating,MN,Likely D / Likely D,0.75-0.92,yes,ticket SENATEMN-26-D
2026-09-24,rating,KS,Likely R / Likely R,0.08-0.25,yes,ticket SENATEKS-26-D
2026-09-24,rating,SC,Solid R / Likely R,0-0.25,yes,ticket SENATESC-26-D
2026-09-24,crosslayer,SENATE-CONTROL-2026,metaculus 0.517,0.517,yes,ticket CONTROLS-2026-D snapshotMid 0.595
2026-09-24,crosslayer,HOUSE-CONTROL-2026,metaculus 0.888,0.888,yes,ticket CONTROLH-2026-D snapshotMid 0.895
2026-09-24,crosslayer,HOUSE-CONTROL-2026,metaculus 0.888,0.888,yes,ticket CONTROLH-2026-D snapshotMid 0.9015
2026-09-24,crosslayer,GOVERNOR-HI-2026,metaculus 0.98,0.98,yes,ticket GOVPARTYHI-26-D snapshotMid 0.974
2026-09-24,crosslayer,GOVERNOR-NM-2026,metaculus 0.922,0.922,yes,ticket GOVPARTYNM-26-D snapshotMid 0.9255
2026-09-24,crosslayer,GOVERNOR-OR-2026,metaculus 0.88,0.88,yes,ticket GOVPARTYOR-26-D snapshotMid 0.845
2026-09-24,crosslayer,GOVERNOR-MI-2026,metaculus 0.85,0.85,yes,ticket GOVPARTYMI-26-D snapshotMid 0.915
2026-09-24,crosslayer,SENATE-MT-2026,metaculus 0.01,0.01,yes,ticket SENATEMT-26-D snapshotMid 0.0075
2026-09-24,crosslayer,SENATE-NE-2026,metaculus 0.001,0.001,yes,ticket SENATENE-26-D snapshotMid 0.0005
2026-09-24,crosslayer,SENATE-RI-2026,metaculus 0.99,0.99,yes,ticket SENATERI-26-D snapshotMid 0.979
2026-09-24,crosslayer,SENATE-OR-2026,metaculus 0.99,0.99,yes,ticket SENATEOR-26-D snapshotMid 0.977
2026-09-24,crosslayer,SENATE-CO-2026,metaculus 0.98,0.98,yes,ticket SENATECO-26-D snapshotMid 0.9725
2026-09-24,crosslayer,SENATE-MN-2026,metaculus 0.92,0.92,yes,ticket SENATEMN-26-D snapshotMid 0.9035
2026-09-24,crosslayer,SENATE-AK-2026,metaculus 0.54,0.54,yes,ticket SENATEAK-26-D snapshotMid 0.695
2026-09-24,crosslayer,SENATE-CONTROL-2026,metaculus 0.5,0.5,yes,ticket CONTROLS-2026-D snapshotMid 0.605
2026-09-24,crosslayer,HOUSE-CONTROL-2026,metaculus 0.9,0.9,yes,ticket CONTROLH-2026-D snapshotMid 0.9085
2026-09-24,crosslayer,SENATE-RI-2026,metaculus 0.99,0.99,yes,ticket SENATERI-26-D snapshotMid 0.982
2026-09-24,crosslayer,SENATE-OR-2026,metaculus 0.99,0.99,yes,ticket SENATEOR-26-D snapshotMid 0.977
2026-09-24,crosslayer,SENATE-CO-2026,metaculus 0.98,0.98,yes,ticket SENATECO-26-D snapshotMid 0.973
2026-09-24,crosslayer,SENATE-MN-2026,metaculus 0.93,0.93,yes,ticket SENATEMN-26-D snapshotMid 0.902
2026-09-24,crosslayer,GOVERNOR-HI-2026,metaculus 0.98,0.98,yes,ticket GOVPARTYHI-26-D snapshotMid 0.974
2026-09-24,crosslayer,GOVERNOR-NM-2026,metaculus 0.922,0.922,yes,ticket GOVPARTYNM-26-D snapshotMid 0.928
2026-09-24,crosslayer,GOVERNOR-OR-2026,metaculus 0.88,0.88,yes,ticket GOVPARTYOR-26-D snapshotMid 0.86
2026-09-24,crosslayer,GOVERNOR-MI-2026,metaculus 0.85,0.85,yes,ticket GOVPARTYMI-26-D snapshotMid 0.9165
2026-09-24,crosslayer,SENATE-AK-2026,metaculus 0.54,0.54,yes,ticket SENATEAK-26-D snapshotMid 0.705
2026-09-24,crosslayer,SENATE-MT-2026,metaculus 0.01,0.01,yes,ticket SENATEMT-26-D snapshotMid 0.01
2026-09-24,crosslayer,SENATE-NE-2026,metaculus 0.001,0.001,yes,ticket SENATENE-26-D snapshotMid 0.0025
2026-09-24,crosslayer,SENATE-CONTROL-2026,metaculus 0.512,0.512,yes,ticket CONTROLS-2026-D snapshotMid 0.605
2026-09-24,crosslayer,HOUSE-CONTROL-2026,metaculus 0.908,0.908,yes,ticket CONTROLH-2026-D snapshotMid 0.9065
2026-09-24,crosslayer,SENATE-RI-2026,metaculus 0.99,0.99,yes,ticket SENATERI-26-D snapshotMid 0.9825
2026-09-24,crosslayer,SENATE-OR-2026,metaculus 0.99,0.99,yes,ticket SENATEOR-26-D snapshotMid 0.977
2026-09-24,crosslayer,SENATE-CO-2026,metaculus 0.98,0.98,yes,ticket SENATECO-26-D snapshotMid 0.973
2026-09-24,crosslayer,SENATE-MN-2026,metaculus 0.93,0.93,yes,ticket SENATEMN-26-D snapshotMid 0.905
2026-09-24,crosslayer,GOVERNOR-HI-2026,metaculus 0.98,0.98,yes,ticket GOVPARTYHI-26-D snapshotMid 0.974
2026-09-24,crosslayer,GOVERNOR-NM-2026,metaculus 0.928,0.928,yes,ticket GOVPARTYNM-26-D snapshotMid 0.931
2026-09-24,crosslayer,GOVERNOR-OR-2026,metaculus 0.882,0.882,yes,ticket GOVPARTYOR-26-D snapshotMid 0.86
2026-09-24,crosslayer,GOVERNOR-MI-2026,metaculus 0.84,0.84,yes,ticket GOVPARTYMI-26-D snapshotMid 0.923
2026-09-24,crosslayer,SENATE-AK-2026,metaculus 0.54,0.54,yes,ticket SENATEAK-26-D snapshotMid 0.735
2026-09-24,crosslayer,SENATE-MT-2026,metaculus 0.01,0.01,yes,ticket SENATEMT-26-D snapshotMid 0.009
2026-09-24,crosslayer,SENATE-NE-2026,metaculus 0.001,0.001,yes,ticket SENATENE-26-D snapshotMid 0.002
2026-09-24,crosslayer,SENATE-GA-2026,metaculus 0.92,0.92,yes,ticket SENATEGA-26-D snapshotMid 0.9385
2026-09-24,crosslayer,SENATE-CONTROL-2026,metaculus 0.531,0.531,yes,ticket CONTROLS-2026-D snapshotMid 0.625
2026-09-24,crosslayer,HOUSE-CONTROL-2026,metaculus 0.906,0.906,yes,ticket CONTROLH-2026-D snapshotMid 0.9095
2026-09-24,crosslayer,SENATE-RI-2026,metaculus 0.99,0.99,yes,ticket SENATERI-26-D snapshotMid 0.9865
2026-09-24,crosslayer,SENATE-OR-2026,metaculus 0.99,0.99,yes,ticket SENATEOR-26-D snapshotMid 0.977
2026-09-24,crosslayer,SENATE-CO-2026,metaculus 0.98,0.98,yes,ticket SENATECO-26-D snapshotMid 0.9735
2026-09-24,crosslayer,SENATE-GA-2026,metaculus 0.92,0.92,yes,ticket SENATEGA-26-D snapshotMid 0.9385
2026-09-24,crosslayer,GOVERNOR-HI-2026,metaculus 0.98,0.98,yes,ticket GOVPARTYHI-26-D snapshotMid 0.973
2026-09-24,crosslayer,GOVERNOR-NM-2026,metaculus 0.928,0.928,yes,ticket GOVPARTYNM-26-D snapshotMid 0.931
2026-09-24,crosslayer,GOVERNOR-OR-2026,metaculus 0.882,0.882,yes,ticket GOVPARTYOR-26-D snapshotMid 0.855
2026-09-24,crosslayer,GOVERNOR-MI-2026,metaculus 0.84,0.84,yes,ticket GOVPARTYMI-26-D snapshotMid 0.9235
2026-09-24,crosslayer,SENATE-AK-2026,metaculus 0.54,0.54,yes,ticket SENATEAK-26-D snapshotMid 0.755
2026-09-24,crosslayer,SENATE-MT-2026,metaculus 0.01,0.01,yes,ticket SENATEMT-26-D snapshotMid 0.012
2026-09-24,crosslayer,SENATE-NE-2026,metaculus 0.002,0.002,yes,ticket SENATENE-26-D snapshotMid 0.0025
2026-09-24,crosslayer,SENATE-NC-2026,metaculus 0.92,0.92,yes,ticket SENATENC-26-D snapshotMid 0.9365
2026-09-24,crosslayer,SENATE-CONTROL-2026,metaculus 0.567,0.567,no,ticket CONTROLS-2026-D snapshotMid 0.615
2026-09-24,crosslayer,HOUSE-CONTROL-2026,metaculus 0.91,0.91,no,ticket CONTROLH-2026-D snapshotMid 0.9165
2026-09-24,crosslayer,SENATE-RI-2026,metaculus 0.996,0.996,no,ticket SENATERI-26-D snapshotMid 0.99
2026-09-24,crosslayer,SENATE-OR-2026,metaculus 0.99,0.99,no,ticket SENATEOR-26-D snapshotMid 0.9775
2026-09-24,crosslayer,SENATE-CO-2026,metaculus 0.98,0.98,no,ticket SENATECO-26-D snapshotMid 0.9845
2026-09-24,crosslayer,SENATE-MN-2026,metaculus 0.94,0.94,no,ticket SENATEMN-26-D snapshotMid 0.9055
2026-09-24,crosslayer,GOVERNOR-HI-2026,metaculus 0.98,0.98,no,ticket GOVPARTYHI-26-D snapshotMid 0.9745
2026-09-24,crosslayer,GOVERNOR-NM-2026,metaculus 0.928,0.928,no,ticket GOVPARTYNM-26-D snapshotMid 0.9295
2026-09-24,crosslayer,GOVERNOR-OR-2026,metaculus 0.88,0.88,no,ticket GOVPARTYOR-26-D snapshotMid 0.84
2026-09-24,crosslayer,GOVERNOR-MI-2026,metaculus 0.85,0.85,no,ticket GOVPARTYMI-26-D snapshotMid 0.927
2026-09-24,crosslayer,SENATE-AK-2026,metaculus 0.548,0.548,no,ticket SENATEAK-26-D snapshotMid 0.705
2026-09-24,crosslayer,SENATE-MT-2026,metaculus 0.01,0.01,no,ticket SENATEMT-26-D snapshotMid 0.0095
2026-09-24,crosslayer,SENATE-NE-2026,metaculus 0.001,0.001,no,ticket SENATENE-26-D snapshotMid 0.002
2026-09-24,crosslayer,SENATE-CONTROL-2026,metaculus 0.582,0.582,no,ticket CONTROLS-2026-D snapshotMid 0.605
2026-09-24,crosslayer,HOUSE-CONTROL-2026,metaculus 0.929,0.929,no,ticket CONTROLH-2026-D snapshotMid 0.919
2026-09-24,crosslayer,SENATE-RI-2026,metaculus 0.996,0.996,no,ticket SENATERI-26-D snapshotMid 0.99
2026-09-24,crosslayer,SENATE-OR-2026,metaculus 0.99,0.99,no,ticket SENATEOR-26-D snapshotMid 0.9775
2026-09-24,crosslayer,SENATE-CO-2026,metaculus 0.98,0.98,no,ticket SENATECO-26-D snapshotMid 0.9855
2026-09-24,crosslayer,SENATE-MN-2026,metaculus 0.94,0.94,no,ticket SENATEMN-26-D snapshotMid 0.895
2026-09-24,crosslayer,GOVERNOR-HI-2026,metaculus 0.98,0.98,no,ticket GOVPARTYHI-26-D snapshotMid 0.9745
2026-09-24,crosslayer,GOVERNOR-NM-2026,metaculus 0.93,0.93,no,ticket GOVPARTYNM-26-D snapshotMid 0.928
2026-09-24,crosslayer,GOVERNOR-OR-2026,metaculus 0.88,0.88,no,ticket GOVPARTYOR-26-D snapshotMid 0.85
2026-09-24,crosslayer,GOVERNOR-MI-2026,metaculus 0.85,0.85,no,ticket GOVPARTYMI-26-D snapshotMid 0.925
2026-09-24,crosslayer,SENATE-AK-2026,metaculus 0.548,0.548,no,ticket SENATEAK-26-D snapshotMid 0.705
2026-09-24,crosslayer,SENATE-MT-2026,metaculus 0.01,0.01,no,ticket SENATEMT-26-D snapshotMid 0.011
2026-09-24,crosslayer,SENATE-NE-2026,metaculus 0.001,0.001,no,ticket SENATENE-26-D snapshotMid 0.002
2026-09-24,crosslayer,SENATE-CONTROL-2026,metaculus 0.572,0.572,no,ticket CONTROLS-2026-D snapshotMid 0.615
2026-09-24,crosslayer,HOUSE-CONTROL-2026,metaculus 0.929,0.929,no,ticket CONTROLH-2026-D snapshotMid 0.919
2026-09-24,crosslayer,SENATE-RI-2026,metaculus 0.993,0.993,no,ticket SENATERI-26-D snapshotMid 0.99
2026-09-24,crosslayer,SENATE-OR-2026,metaculus 0.99,0.99,no,ticket SENATEOR-26-D snapshotMid 0.9775
2026-09-24,crosslayer,SENATE-CO-2026,metaculus 0.98,0.98,no,ticket SENATECO-26-D snapshotMid 0.985
2026-09-24,crosslayer,SENATE-MN-2026,metaculus 0.94,0.94,no,ticket SENATEMN-26-D snapshotMid 0.895
2026-09-24,crosslayer,GOVERNOR-HI-2026,metaculus 0.98,0.98,no,ticket GOVPARTYHI-26-D snapshotMid 0.9745
2026-09-24,crosslayer,GOVERNOR-NM-2026,metaculus 0.928,0.928,no,ticket GOVPARTYNM-26-D snapshotMid 0.9275
2026-09-24,crosslayer,GOVERNOR-OR-2026,metaculus 0.88,0.88,no,ticket GOVPARTYOR-26-D snapshotMid 0.84
2026-09-24,crosslayer,GOVERNOR-MI-2026,metaculus 0.85,0.85,no,ticket GOVPARTYMI-26-D snapshotMid 0.927
2026-09-24,crosslayer,SENATE-AK-2026,metaculus 0.548,0.548,no,ticket SENATEAK-26-D snapshotMid 0.705
2026-09-24,crosslayer,SENATE-MT-2026,metaculus 0.01,0.01,no,ticket SENATEMT-26-D snapshotMid 0.016
2026-09-24,crosslayer,SENATE-NE-2026,metaculus 0.001,0.001,no,ticket SENATENE-26-D snapshotMid 0.0005
2026-09-24,crosslayer,SENATE-CONTROL-2026,metaculus 0.555,0.555,no,ticket CONTROLS-2026-D snapshotMid 0.615
2026-09-24,crosslayer,HOUSE-CONTROL-2026,metaculus 0.919,0.919,no,ticket CONTROLH-2026-D snapshotMid 0.9165
2026-09-24,crosslayer,SENATE-RI-2026,metaculus 0.993,0.993,no,ticket SENATERI-26-D snapshotMid 0.9905
2026-09-24,crosslayer,SENATE-OR-2026,metaculus 0.99,0.99,no,ticket SENATEOR-26-D snapshotMid 0.9775
2026-09-24,crosslayer,SENATE-CO-2026,metaculus 0.98,0.98,no,ticket SENATECO-26-D snapshotMid 0.9855
2026-09-24,crosslayer,SENATE-MN-2026,metaculus 0.95,0.95,no,ticket SENATEMN-26-D snapshotMid 0.895
2026-09-24,crosslayer,GOVERNOR-HI-2026,metaculus 0.98,0.98,no,ticket GOVPARTYHI-26-D snapshotMid 0.9745
2026-09-24,crosslayer,GOVERNOR-NM-2026,metaculus 0.925,0.925,no,ticket GOVPARTYNM-26-D snapshotMid 0.929
2026-09-24,crosslayer,GOVERNOR-OR-2026,metaculus 0.874,0.874,no,ticket GOVPARTYOR-26-D snapshotMid 0.805
2026-09-24,crosslayer,GOVERNOR-MI-2026,metaculus 0.84,0.84,no,ticket GOVPARTYMI-26-D snapshotMid 0.9235
2026-09-24,crosslayer,SENATE-AK-2026,metaculus 0.54,0.54,no,ticket SENATEAK-26-D snapshotMid 0.705
2026-09-24,crosslayer,SENATE-MT-2026,metaculus 0.01,0.01,no,ticket SENATEMT-26-D snapshotMid 0.0145
2026-09-24,crosslayer,SENATE-NE-2026,metaculus 0.001,0.001,no,ticket SENATENE-26-D snapshotMid 0.0025
2026-09-24,crosslayer,SENATE-CONTROL-2026,metaculus 0.569,0.569,no,ticket CONTROLS-2026-D snapshotMid 0.625
2026-09-24,crosslayer,HOUSE-CONTROL-2026,metaculus 0.925,0.925,no,ticket CONTROLH-2026-D snapshotMid 0.9155
2026-09-24,crosslayer,SENATE-RI-2026,metaculus 0.991,0.991,no,ticket SENATERI-26-D snapshotMid 0.9885
2026-09-24,crosslayer,SENATE-OR-2026,metaculus 0.99,0.99,no,ticket SENATEOR-26-D snapshotMid 0.9775
2026-09-24,crosslayer,SENATE-CO-2026,metaculus 0.98,0.98,no,ticket SENATECO-26-D snapshotMid 0.9855
2026-09-24,crosslayer,SENATE-MN-2026,metaculus 0.95,0.95,no,ticket SENATEMN-26-D snapshotMid 0.895
2026-09-24,crosslayer,GOVERNOR-HI-2026,metaculus 0.98,0.98,no,ticket GOVPARTYHI-26-D snapshotMid 0.9745
2026-09-24,crosslayer,GOVERNOR-NM-2026,metaculus 0.925,0.925,no,ticket GOVPARTYNM-26-D snapshotMid 0.93
2026-09-24,crosslayer,GOVERNOR-OR-2026,metaculus 0.874,0.874,no,ticket GOVPARTYOR-26-D snapshotMid 0.815
2026-09-24,crosslayer,GOVERNOR-MI-2026,metaculus 0.84,0.84,no,ticket GOVPARTYMI-26-D snapshotMid 0.926
2026-09-24,crosslayer,SENATE-AK-2026,metaculus 0.54,0.54,no,ticket SENATEAK-26-D snapshotMid 0.695
2026-09-24,crosslayer,SENATE-MT-2026,metaculus 0.01,0.01,no,ticket SENATEMT-26-D snapshotMid 0.0145
2026-09-24,crosslayer,SENATE-NE-2026,metaculus 0.001,0.001,no,ticket SENATENE-26-D snapshotMid 0.0025
2026-09-24,crosslayer,SENATE-CONTROL-2026,metaculus 0.562,0.562,no,ticket CONTROLS-2026-D snapshotMid 0.625
2026-09-24,crosslayer,HOUSE-CONTROL-2026,metaculus 0.919,0.919,no,ticket CONTROLH-2026-D snapshotMid 0.915
2026-09-24,crosslayer,SENATE-RI-2026,metaculus 0.99,0.99,no,ticket SENATERI-26-D snapshotMid 0.9885
2026-09-24,crosslayer,SENATE-OR-2026,metaculus 0.99,0.99,no,ticket SENATEOR-26-D snapshotMid 0.983
2026-09-24,crosslayer,SENATE-CO-2026,metaculus 0.98,0.98,no,ticket SENATECO-26-D snapshotMid 0.9855
2026-09-24,crosslayer,SENATE-MN-2026,metaculus 0.95,0.95,no,ticket SENATEMN-26-D snapshotMid 0.885
2026-09-24,crosslayer,GOVERNOR-HI-2026,metaculus 0.98,0.98,no,ticket GOVPARTYHI-26-D snapshotMid 0.969
2026-09-24,crosslayer,GOVERNOR-NM-2026,metaculus 0.925,0.925,no,ticket GOVPARTYNM-26-D snapshotMid 0.9295
2026-09-24,crosslayer,GOVERNOR-OR-2026,metaculus 0.874,0.874,no,ticket GOVPARTYOR-26-D snapshotMid 0.795
2026-09-24,crosslayer,GOVERNOR-MI-2026,metaculus 0.84,0.84,no,ticket GOVPARTYMI-26-D snapshotMid 0.9225
2026-09-24,crosslayer,SENATE-AK-2026,metaculus 0.54,0.54,no,ticket SENATEAK-26-D snapshotMid 0.705
2026-09-24,crosslayer,SENATE-MT-2026,metaculus 0.01,0.01,no,ticket SENATEMT-26-D snapshotMid 0.009
2026-09-24,crosslayer,SENATE-NE-2026,metaculus 0.001,0.001,no,ticket SENATENE-26-D snapshotMid 0.002
2026-09-24,crosslayer,SENATE-CONTROL-2026,metaculus 0.565,0.565,no,ticket CONTROLS-2026-D snapshotMid 0.625
2026-09-24,crosslayer,HOUSE-CONTROL-2026,metaculus 0.924,0.924,no,ticket CONTROLH-2026-D snapshotMid 0.9155
2026-09-24,crosslayer,SENATE-RI-2026,metaculus 0.99,0.99,no,ticket SENATERI-26-D snapshotMid 0.99
2026-09-24,crosslayer,SENATE-OR-2026,metaculus 0.99,0.99,no,ticket SENATEOR-26-D snapshotMid 0.9785
2026-09-24,crosslayer,SENATE-CO-2026,metaculus 0.98,0.98,no,ticket SENATECO-26-D snapshotMid 0.9865
2026-09-24,crosslayer,SENATE-MN-2026,metaculus 0.94,0.94,no,ticket SENATEMN-26-D snapshotMid 0.875
2026-09-24,crosslayer,GOVERNOR-HI-2026,metaculus 0.98,0.98,no,ticket GOVPARTYHI-26-D snapshotMid 0.9745
2026-09-24,crosslayer,GOVERNOR-NM-2026,metaculus 0.93,0.93,no,ticket GOVPARTYNM-26-D snapshotMid 0.9305
2026-09-24,crosslayer,GOVERNOR-OR-2026,metaculus 0.88,0.88,no,ticket GOVPARTYOR-26-D snapshotMid 0.765
2026-09-24,crosslayer,GOVERNOR-MI-2026,metaculus 0.85,0.85,no,ticket GOVPARTYMI-26-D snapshotMid 0.92
2026-09-24,crosslayer,SENATE-AK-2026,metaculus 0.54,0.54,no,ticket SENATEAK-26-D snapshotMid 0.685
2026-09-24,crosslayer,SENATE-MT-2026,metaculus 0.01,0.01,no,ticket SENATEMT-26-D snapshotMid 0.006
2026-09-24,crosslayer,SENATE-CONTROL-2026,metaculus 0.575,0.575,no,ticket CONTROLS-2026-D snapshotMid 0.625
2026-09-24,crosslayer,HOUSE-CONTROL-2026,metaculus 0.924,0.924,no,ticket CONTROLH-2026-D snapshotMid 0.9165
2026-09-24,crosslayer,SENATE-RI-2026,metaculus 0.99,0.99,no,ticket SENATERI-26-D snapshotMid 0.9905
2026-09-24,crosslayer,SENATE-OR-2026,metaculus 0.99,0.99,no,ticket SENATEOR-26-D snapshotMid 0.985
2026-09-24,crosslayer,SENATE-CO-2026,metaculus 0.98,0.98,no,ticket SENATECO-26-D snapshotMid 0.9865
2026-09-24,crosslayer,SENATE-MN-2026,metaculus 0.94,0.94,no,ticket SENATEMN-26-D snapshotMid 0.895
2026-09-24,crosslayer,GOVERNOR-HI-2026,metaculus 0.98,0.98,no,ticket GOVPARTYHI-26-D snapshotMid 0.9715
2026-09-24,crosslayer,GOVERNOR-NM-2026,metaculus 0.93,0.93,no,ticket GOVPARTYNM-26-D snapshotMid 0.94
2026-09-24,crosslayer,GOVERNOR-OR-2026,metaculus 0.872,0.872,no,ticket GOVPARTYOR-26-D snapshotMid 0.715
2026-09-24,crosslayer,GOVERNOR-MI-2026,metaculus 0.84,0.84,no,ticket GOVPARTYMI-26-D snapshotMid 0.922
2026-09-24,crosslayer,SENATE-AK-2026,metaculus 0.54,0.54,no,ticket SENATEAK-26-D snapshotMid 0.675
2026-09-24,crosslayer,SENATE-MT-2026,metaculus 0.01,0.01,no,ticket SENATEMT-26-D snapshotMid 0.006
2026-09-24,crosslayer,SENATE-NE-2026,metaculus 0.001,0.001,no,ticket SENATENE-26-D snapshotMid 0.004
2026-09-24,crosslayer,SENATE-CONTROL-2026,metaculus 0.581,0.581,no,ticket CONTROLS-2026-D snapshotMid 0.645
2026-09-24,crosslayer,HOUSE-CONTROL-2026,metaculus 0.918,0.918,no,ticket CONTROLH-2026-D snapshotMid 0.9205
2026-09-24,crosslayer,SENATE-OR-2026,metaculus 0.99,0.99,no,ticket SENATEOR-26-D snapshotMid 0.985
2026-09-24,crosslayer,SENATE-RI-2026,metaculus 0.99,0.99,no,ticket SENATERI-26-D snapshotMid 0.9905
2026-09-24,crosslayer,SENATE-CO-2026,metaculus 0.982,0.982,no,ticket SENATECO-26-D snapshotMid 0.9865
2026-09-24,crosslayer,SENATE-MN-2026,metaculus 0.94,0.94,no,ticket SENATEMN-26-D snapshotMid 0.875
2026-09-24,crosslayer,GOVERNOR-HI-2026,metaculus 0.98,0.98,no,ticket GOVPARTYHI-26-D snapshotMid 0.9735
2026-09-24,crosslayer,GOVERNOR-NM-2026,metaculus 0.93,0.93,no,ticket GOVPARTYNM-26-D snapshotMid 0.945
2026-09-24,crosslayer,GOVERNOR-OR-2026,metaculus 0.872,0.872,no,ticket GOVPARTYOR-26-D snapshotMid 0.735
2026-09-24,crosslayer,GOVERNOR-MI-2026,metaculus 0.85,0.85,no,ticket GOVPARTYMI-26-D snapshotMid 0.9275
2026-09-24,crosslayer,SENATE-AK-2026,metaculus 0.525,0.525,no,ticket SENATEAK-26-D snapshotMid 0.705
2026-09-24,crosslayer,SENATE-MT-2026,metaculus 0.01,0.01,no,ticket SENATEMT-26-D snapshotMid 0.007
2026-09-24,crosslayer,SENATE-NE-2026,metaculus 0.001,0.001,no,ticket SENATENE-26-D snapshotMid 0.004
2026-09-24,crosslayer,SENATE-CONTROL-2026,metaculus 0.576,0.576,no,ticket CONTROLS-2026-D snapshotMid 0.625
2026-09-24,crosslayer,HOUSE-CONTROL-2026,metaculus 0.919,0.919,no,ticket CONTROLH-2026-D snapshotMid 0.9195
2026-09-24,crosslayer,GOVERNOR-HI-2026,metaculus 0.98,0.98,no,ticket GOVPARTYHI-26-D snapshotMid 0.971
2026-09-24,crosslayer,GOVERNOR-NM-2026,metaculus 0.94,0.94,no,ticket GOVPARTYNM-26-D snapshotMid 0.9455
2026-09-24,crosslayer,GOVERNOR-OR-2026,metaculus 0.87,0.87,no,ticket GOVPARTYOR-26-D snapshotMid 0.735
2026-09-24,crosslayer,GOVERNOR-MI-2026,metaculus 0.85,0.85,no,ticket GOVPARTYMI-26-D snapshotMid 0.927
2026-09-24,crosslayer,SENATE-AK-2026,metaculus 0.525,0.525,no,ticket SENATEAK-26-D snapshotMid 0.73
2026-09-24,crosslayer,SENATE-MT-2026,metaculus 0.01,0.01,no,ticket SENATEMT-26-D snapshotMid 0.0085
2026-09-24,crosslayer,SENATE-NE-2026,metaculus 0.001,0.001,no,ticket SENATENE-26-D snapshotMid 0.004
2026-09-24,crosslayer,SENATE-CONTROL-2026,metaculus 0.584,0.584,no,ticket CONTROLS-2026-D snapshotMid 0.645
2026-09-24,crosslayer,HOUSE-CONTROL-2026,metaculus 0.929,0.929,no,ticket CONTROLH-2026-D snapshotMid 0.9165
2026-09-24,crosslayer,SENATE-OR-2026,metaculus 0.99,0.99,no,ticket SENATEOR-26-D snapshotMid 0.988
2026-09-24,crosslayer,SENATE-RI-2026,metaculus 0.99,0.99,no,ticket SENATERI-26-D snapshotMid 0.9905
2026-09-24,crosslayer,SENATE-CO-2026,metaculus 0.982,0.982,no,ticket SENATECO-26-D snapshotMid 0.9915
2026-09-24,crosslayer,SENATE-MN-2026,metaculus 0.925,0.925,no,ticket SENATEMN-26-D snapshotMid 0.865
2026-09-24,crosslayer,GOVERNOR-HI-2026,metaculus 0.98,0.98,no,ticket GOVPARTYHI-26-D snapshotMid 0.9735
2026-09-24,crosslayer,GOVERNOR-NM-2026,metaculus 0.94,0.94,no,ticket GOVPARTYNM-26-D snapshotMid 0.945
2026-09-24,crosslayer,GOVERNOR-OR-2026,metaculus 0.86,0.86,no,ticket GOVPARTYOR-26-D snapshotMid 0.755
2026-09-24,crosslayer,GOVERNOR-MI-2026,metaculus 0.85,0.85,no,ticket GOVPARTYMI-26-D snapshotMid 0.9305
2026-09-24,crosslayer,SENATE-AK-2026,metaculus 0.525,0.525,no,ticket SENATEAK-26-D snapshotMid 0.735
2026-09-24,crosslayer,SENATE-MT-2026,metaculus 0.01,0.01,no,ticket SENATEMT-26-D snapshotMid 0.021
2026-09-24,crosslayer,SENATE-NE-2026,metaculus 0.001,0.001,no,ticket SENATENE-26-D snapshotMid 0.0015
2026-09-24,crosslayer,SENATE-CONTROL-2026,metaculus 0.586,0.586,no,ticket CONTROLS-2026-D snapshotMid 0.645
2026-09-24,crosslayer,HOUSE-CONTROL-2026,metaculus 0.929,0.929,no,ticket CONTROLH-2026-D snapshotMid 0.9155
2026-09-24,crosslayer,SENATE-OR-2026,metaculus 0.99,0.99,no,ticket SENATEOR-26-D snapshotMid 0.9855
2026-09-24,crosslayer,SENATE-RI-2026,metaculus 0.99,0.99,no,ticket SENATERI-26-D snapshotMid 0.99
2026-09-24,crosslayer,SENATE-CO-2026,metaculus 0.982,0.982,no,ticket SENATECO-26-D snapshotMid 0.991
2026-09-24,crosslayer,SENATE-MN-2026,metaculus 0.925,0.925,no,ticket SENATEMN-26-D snapshotMid 0.865
2026-09-24,crosslayer,GOVERNOR-HI-2026,metaculus 0.98,0.98,no,ticket GOVPARTYHI-26-D snapshotMid 0.9735
2026-09-24,crosslayer,GOVERNOR-NM-2026,metaculus 0.94,0.94,no,ticket GOVPARTYNM-26-D snapshotMid 0.9465
2026-09-24,crosslayer,GOVERNOR-OR-2026,metaculus 0.86,0.86,no,ticket GOVPARTYOR-26-D snapshotMid 0.76
2026-09-24,crosslayer,GOVERNOR-MI-2026,metaculus 0.85,0.85,no,ticket GOVPARTYMI-26-D snapshotMid 0.937
2026-09-24,crosslayer,SENATE-AK-2026,metaculus 0.525,0.525,no,ticket SENATEAK-26-D snapshotMid 0.745
2026-09-24,crosslayer,SENATE-MT-2026,metaculus 0.009,0.009,no,ticket SENATEMT-26-D snapshotMid 0.009
2026-09-24,crosslayer,SENATE-NE-2026,metaculus 0.001,0.001,no,ticket SENATENE-26-D snapshotMid 0.0015
2026-09-24,crosslayer,SENATE-CONTROL-2026,metaculus 0.588,0.588,no,ticket CONTROLS-2026-D snapshotMid 0.635
2026-09-24,crosslayer,HOUSE-CONTROL-2026,metaculus 0.922,0.922,no,ticket CONTROLH-2026-D snapshotMid 0.895
2026-09-24,crosslayer,SENATE-RI-2026,metaculus 0.99,0.99,no,ticket SENATERI-26-D snapshotMid 0.989
2026-09-24,crosslayer,SENATE-OR-2026,metaculus 0.99,0.99,no,ticket SENATEOR-26-D snapshotMid 0.9855
2026-09-24,crosslayer,SENATE-CO-2026,metaculus 0.985,0.985,no,ticket SENATECO-26-D snapshotMid 0.991
2026-09-24,crosslayer,SENATE-NC-2026,metaculus 0.92,0.92,no,ticket SENATENC-26-D snapshotMid 0.968
2026-09-24,crosslayer,GOVERNOR-HI-2026,metaculus 0.98,0.98,no,ticket GOVPARTYHI-26-D snapshotMid 0.9775
2026-09-24,crosslayer,GOVERNOR-NM-2026,metaculus 0.94,0.94,no,ticket GOVPARTYNM-26-D snapshotMid 0.94
2026-09-24,crosslayer,GOVERNOR-OR-2026,metaculus 0.858,0.858,no,ticket GOVPARTYOR-26-D snapshotMid 0.775
2026-09-24,crosslayer,GOVERNOR-MI-2026,metaculus 0.85,0.85,no,ticket GOVPARTYMI-26-D snapshotMid 0.9225
2026-09-24,crosslayer,SENATE-AK-2026,metaculus 0.54,0.54,no,ticket SENATEAK-26-D snapshotMid 0.765
2026-09-24,crosslayer,SENATE-MT-2026,metaculus 0.009,0.009,no,ticket SENATEMT-26-D snapshotMid 0.008
2026-09-24,crosslayer,SENATE-NE-2026,metaculus 0.001,0.001,no,ticket SENATENE-26-D snapshotMid 0.0015
2026-09-24,crosslayer,SENATE-CONTROL-2026,metaculus 0.598,0.598,no,ticket CONTROLS-2026-D snapshotMid 0.615
2026-09-24,crosslayer,HOUSE-CONTROL-2026,metaculus 0.922,0.922,no,ticket CONTROLH-2026-D snapshotMid 0.9005
2026-09-24,crosslayer,SENATE-OR-2026,metaculus 0.99,0.99,no,ticket SENATEOR-26-D snapshotMid 0.983
2026-09-24,crosslayer,SENATE-RI-2026,metaculus 0.99,0.99,no,ticket SENATERI-26-D snapshotMid 0.9885
2026-09-24,crosslayer,SENATE-CO-2026,metaculus 0.985,0.985,no,ticket SENATECO-26-D snapshotMid 0.988
2026-09-24,crosslayer,SENATE-NC-2026,metaculus 0.92,0.92,no,ticket SENATENC-26-D snapshotMid 0.9685
2026-09-24,crosslayer,GOVERNOR-HI-2026,metaculus 0.98,0.98,no,ticket GOVPARTYHI-26-D snapshotMid 0.9795
2026-09-24,crosslayer,GOVERNOR-NM-2026,metaculus 0.94,0.94,no,ticket GOVPARTYNM-26-D snapshotMid 0.939
2026-09-24,crosslayer,GOVERNOR-OR-2026,metaculus 0.86,0.86,no,ticket GOVPARTYOR-26-D snapshotMid 0.755
2026-09-24,crosslayer,GOVERNOR-MI-2026,metaculus 0.85,0.85,no,ticket GOVPARTYMI-26-D snapshotMid 0.9205
2026-09-24,crosslayer,SENATE-AK-2026,metaculus 0.548,0.548,no,ticket SENATEAK-26-D snapshotMid 0.755
2026-09-24,crosslayer,SENATE-MT-2026,metaculus 0.009,0.009,no,ticket SENATEMT-26-D snapshotMid 0.0085
2026-09-24,crosslayer,SENATE-NE-2026,metaculus 0.001,0.001,no,ticket SENATENE-26-D snapshotMid 0.001
2026-09-24,crosslayer,SENATE-CONTROL-2026,metaculus 0.608,0.608,no,ticket CONTROLS-2026-D snapshotMid 0.605
2026-09-24,crosslayer,HOUSE-CONTROL-2026,metaculus 0.93,0.93,no,ticket CONTROLH-2026-D snapshotMid 0.895
2026-09-24,crosslayer,SENATE-OR-2026,metaculus 0.99,0.99,no,ticket SENATEOR-26-D snapshotMid 0.983
2026-09-24,crosslayer,SENATE-RI-2026,metaculus 0.99,0.99,no,ticket SENATERI-26-D snapshotMid 0.978
2026-09-24,crosslayer,SENATE-CO-2026,metaculus 0.985,0.985,no,ticket SENATECO-26-D snapshotMid 0.988
2026-09-24,crosslayer,SENATE-GA-2026,metaculus 0.93,0.93,no,ticket SENATEGA-26-D snapshotMid 0.9545
2026-09-24,crosslayer,SENATE-AK-2026,metaculus 0.54,0.54,no,ticket SENATEAK-26-D snapshotMid 0.735
2026-09-24,crosslayer,SENATE-MT-2026,metaculus 0.01,0.01,no,ticket SENATEMT-26-D snapshotMid 0.0085
2026-09-24,crosslayer,SENATE-NE-2026,metaculus 0.001,0.001,no,ticket SENATENE-26-D snapshotMid 0.0025
2026-09-25,poll,cnn-ssrs-2026-09-me-senate,U.S. Senate — Maine CNN Poll conducted by SSRS,0.6608,yes,margin 3pp -> logistic k=4.5; ticket SENATEME-26-D
2026-09-25,poll,cnn-ssrs-2026-09-mi-senate,U.S. Senate — Michigan (open seat) CNN Poll conducted by SSRS,0.6608,yes,margin 3pp -> logistic k=4.5; ticket SENATEMI-26-D
2026-09-25,poll,emerson-2026-09-mi-senate,U.S. Senate — Michigan (open seat) Emerson College Polling / Nexstar Media,0.6093,yes,margin 2pp -> logistic k=4.5; ticket SENATEMI-26-D
2026-09-25,poll,emerson-2026-09-tx-senate,U.S. Senate — Texas (open seat) Emerson College Polling / Nexstar Media,0.5553,yes,margin 1pp -> logistic k=4.5; ticket SENATETX-26-D
2026-09-25,poll,emerson-2026-09-ia-senate,U.S. Senate — Iowa (open seat) Emerson College Polling / Nexstar Media,0.2477,yes,margin -5pp -> logistic k=4.5; ticket SENATEIA-26-D
2026-09-25,poll,reconmr-siena-2026-09-tx-senate,U.S. Senate — Texas (open seat) Texas Poll — ReconMR fieldwork (released via Siena Research Institute),0.7914,yes,margin 6pp -> logistic k=4.5; ticket SENATETX-26-D
2026-09-25,poll,suffolk-2026-08-ia-senate,U.S. Senate — Iowa (open seat) Suffolk University Political Research Center (SUPRC),0.2913,yes,margin -4pp -> logistic k=4.5; ticket SENATEIA-26-D
2026-09-25,poll,npi-2026-08-az-governor,Governor — Arizona Noble Predictive Insights — Arizona Public Opinion Pulse (AZPOP),0.9473,yes,margin 13pp -> logistic k=4.5; ticket GOVPARTYAZ-26-D
2026-09-25,poll,fm-2026-08-pa-governor,Governor — Pennsylvania Franklin & Marshall College Poll,0.9961,yes,margin 25pp -> logistic k=4.5; ticket GOVPARTYPA-26-D
2026-09-25,poll,elon-2026-09-nc-senate,U.S. Senate — North Carolina Elon University Poll (fielded by YouGov),0.9202,yes,margin 11pp -> logistic k=4.5; ticket SENATENC-26-D
2026-09-25,poll,hpu-2026-04-nc-senate,U.S. Senate — North Carolina HPU Poll 120 — High Point University Survey Research Center (fielded by YouGov),0.8554,yes,margin 8pp -> logistic k=4.5; ticket SENATENC-26-D
2026-09-25,poll,hpu-2026-08-nc-senate,U.S. Senate — North Carolina HPU Poll 126 — High Point University Survey Research Center (fielded by YouGov),0.7523,yes,margin 5pp -> logistic k=4.5; ticket SENATENC-26-D
2026-09-25,poll,stetson-2026-04-fl-governor,Governor — Florida Stetson University Center for Public Opinion Research (CPOR) — Spring 2026 Survey,0.1743,yes,margin -7pp -> logistic k=4.5; ticket GOVPARTYFL-26-D
2026-09-25,poll,ppp-2026-07-nc-senate,U.S. Senate — North Carolina Public Policy Polling (PPP),0.7087,yes,margin 4pp -> logistic k=4.5; ticket SENATENC-26-D
2026-09-25,poll,unf-2026-07-fl-governor,Governor — Florida University of North Florida Public Opinion Research Lab,0.2477,yes,margin -5pp -> logistic k=4.5; ticket GOVPARTYFL-26-D
2026-09-25,poll,unf-2026-07-fl-senate,U.S. Senate — Florida (special) University of North Florida Public Opinion Research Lab,0.1446,yes,margin -8pp -> logistic k=4.5; ticket SENATEFLS-26-D
2026-09-25,poll,rasmussen-2026-09-ga-governor,Governor — Georgia Rasmussen Reports (field work by Pulse Opinion Research),0.3392,yes,margin -3pp -> logistic k=4.5; ticket GOVPARTYGA-26-D
2026-09-25,poll,rasmussen-2026-09-ga-senate,U.S. Senate — Georgia Rasmussen Reports (field work by Pulse Opinion Research),0.8808,yes,margin 9pp -> logistic k=4.5; ticket SENATEGA-26-D
2026-09-25,poll,rasmussen-2026-09-sc-senate,U.S. Senate — South Carolina (special) Rasmussen Reports (field work by Pulse Opinion Research),0.2477,yes,margin -5pp -> logistic k=4.5; ticket SENATESC-26-D
2026-09-25,rating,AK,Toss Up / Tilt R,0.25-0.65,yes,ticket SENATEAK-26-D
2026-09-25,rating,IA,Toss Up / Tilt R,0.25-0.65,yes,ticket SENATEIA-26-D
2026-09-25,rating,ME,Toss Up / Toss-up,0.35-0.65,yes,ticket SENATEME-26-D
2026-09-25,rating,MI,Toss Up / Toss-up,0.35-0.65,yes,ticket SENATEMI-26-D
2026-09-25,rating,NH,Toss Up / Toss-up,0.35-0.65,yes,ticket SENATENH-26-D
2026-09-25,rating,OH,Toss Up / Toss-up,0.35-0.65,yes,ticket SENATEOHS-26-D
2026-09-25,rating,TX,Toss Up / Lean R,0.2-0.65,yes,ticket SENATETX-26-D
2026-09-25,rating,GA,Lean D / Tilt D,0.55-0.8,yes,ticket SENATEGA-26-D
2026-09-25,rating,NC,Lean D / Tilt D,0.55-0.8,yes,ticket SENATENC-26-D
2026-09-25,rating,MN,Likely D / Likely D,0.75-0.92,yes,ticket SENATEMN-26-D
2026-09-25,rating,KS,Likely R / Likely R,0.08-0.25,yes,ticket SENATEKS-26-D
2026-09-25,rating,SC,Solid R / Likely R,0-0.25,yes,ticket SENATESC-26-D
2026-09-25,crosslayer,SENATE-CONTROL-2026,metaculus 0.517,0.517,yes,ticket CONTROLS-2026-D snapshotMid 0.595
2026-09-25,crosslayer,HOUSE-CONTROL-2026,metaculus 0.888,0.888,yes,ticket CONTROLH-2026-D snapshotMid 0.895
2026-09-25,crosslayer,HOUSE-CONTROL-2026,metaculus 0.888,0.888,yes,ticket CONTROLH-2026-D snapshotMid 0.9015
2026-09-25,crosslayer,GOVERNOR-HI-2026,metaculus 0.98,0.98,yes,ticket GOVPARTYHI-26-D snapshotMid 0.974
2026-09-25,crosslayer,GOVERNOR-NM-2026,metaculus 0.922,0.922,yes,ticket GOVPARTYNM-26-D snapshotMid 0.9255
2026-09-25,crosslayer,GOVERNOR-OR-2026,metaculus 0.88,0.88,yes,ticket GOVPARTYOR-26-D snapshotMid 0.845
2026-09-25,crosslayer,GOVERNOR-MI-2026,metaculus 0.85,0.85,yes,ticket GOVPARTYMI-26-D snapshotMid 0.915
2026-09-25,crosslayer,SENATE-MT-2026,metaculus 0.01,0.01,yes,ticket SENATEMT-26-D snapshotMid 0.0075
2026-09-25,crosslayer,SENATE-NE-2026,metaculus 0.001,0.001,yes,ticket SENATENE-26-D snapshotMid 0.0005
2026-09-25,crosslayer,SENATE-RI-2026,metaculus 0.99,0.99,yes,ticket SENATERI-26-D snapshotMid 0.979
2026-09-25,crosslayer,SENATE-OR-2026,metaculus 0.99,0.99,yes,ticket SENATEOR-26-D snapshotMid 0.977
2026-09-25,crosslayer,SENATE-CO-2026,metaculus 0.98,0.98,yes,ticket SENATECO-26-D snapshotMid 0.9725
2026-09-25,crosslayer,SENATE-MN-2026,metaculus 0.92,0.92,yes,ticket SENATEMN-26-D snapshotMid 0.9035
2026-09-25,crosslayer,SENATE-AK-2026,metaculus 0.54,0.54,yes,ticket SENATEAK-26-D snapshotMid 0.695
2026-09-25,crosslayer,SENATE-CONTROL-2026,metaculus 0.5,0.5,yes,ticket CONTROLS-2026-D snapshotMid 0.605
2026-09-25,crosslayer,HOUSE-CONTROL-2026,metaculus 0.9,0.9,yes,ticket CONTROLH-2026-D snapshotMid 0.9085
2026-09-25,crosslayer,SENATE-RI-2026,metaculus 0.99,0.99,yes,ticket SENATERI-26-D snapshotMid 0.982
2026-09-25,crosslayer,SENATE-OR-2026,metaculus 0.99,0.99,yes,ticket SENATEOR-26-D snapshotMid 0.977
2026-09-25,crosslayer,SENATE-CO-2026,metaculus 0.98,0.98,yes,ticket SENATECO-26-D snapshotMid 0.973
2026-09-25,crosslayer,SENATE-MN-2026,metaculus 0.93,0.93,yes,ticket SENATEMN-26-D snapshotMid 0.902
2026-09-25,crosslayer,GOVERNOR-HI-2026,metaculus 0.98,0.98,yes,ticket GOVPARTYHI-26-D snapshotMid 0.974
2026-09-25,crosslayer,GOVERNOR-NM-2026,metaculus 0.922,0.922,yes,ticket GOVPARTYNM-26-D snapshotMid 0.928
2026-09-25,crosslayer,GOVERNOR-OR-2026,metaculus 0.88,0.88,yes,ticket GOVPARTYOR-26-D snapshotMid 0.86
2026-09-25,crosslayer,GOVERNOR-MI-2026,metaculus 0.85,0.85,yes,ticket GOVPARTYMI-26-D snapshotMid 0.9165
2026-09-25,crosslayer,SENATE-AK-2026,metaculus 0.54,0.54,yes,ticket SENATEAK-26-D snapshotMid 0.705
2026-09-25,crosslayer,SENATE-MT-2026,metaculus 0.01,0.01,yes,ticket SENATEMT-26-D snapshotMid 0.01
2026-09-25,crosslayer,SENATE-NE-2026,metaculus 0.001,0.001,yes,ticket SENATENE-26-D snapshotMid 0.0025
2026-09-25,crosslayer,SENATE-CONTROL-2026,metaculus 0.512,0.512,yes,ticket CONTROLS-2026-D snapshotMid 0.605
2026-09-25,crosslayer,HOUSE-CONTROL-2026,metaculus 0.908,0.908,yes,ticket CONTROLH-2026-D snapshotMid 0.9065
2026-09-25,crosslayer,SENATE-RI-2026,metaculus 0.99,0.99,yes,ticket SENATERI-26-D snapshotMid 0.9825
2026-09-25,crosslayer,SENATE-OR-2026,metaculus 0.99,0.99,yes,ticket SENATEOR-26-D snapshotMid 0.977
2026-09-25,crosslayer,SENATE-CO-2026,metaculus 0.98,0.98,yes,ticket SENATECO-26-D snapshotMid 0.973
2026-09-25,crosslayer,SENATE-MN-2026,metaculus 0.93,0.93,yes,ticket SENATEMN-26-D snapshotMid 0.905
2026-09-25,crosslayer,GOVERNOR-HI-2026,metaculus 0.98,0.98,yes,ticket GOVPARTYHI-26-D snapshotMid 0.974
2026-09-25,crosslayer,GOVERNOR-NM-2026,metaculus 0.928,0.928,yes,ticket GOVPARTYNM-26-D snapshotMid 0.931
2026-09-25,crosslayer,GOVERNOR-OR-2026,metaculus 0.882,0.882,yes,ticket GOVPARTYOR-26-D snapshotMid 0.86
2026-09-25,crosslayer,GOVERNOR-MI-2026,metaculus 0.84,0.84,yes,ticket GOVPARTYMI-26-D snapshotMid 0.923
2026-09-25,crosslayer,SENATE-AK-2026,metaculus 0.54,0.54,yes,ticket SENATEAK-26-D snapshotMid 0.735
2026-09-25,crosslayer,SENATE-MT-2026,metaculus 0.01,0.01,yes,ticket SENATEMT-26-D snapshotMid 0.009
2026-09-25,crosslayer,SENATE-NE-2026,metaculus 0.001,0.001,yes,ticket SENATENE-26-D snapshotMid 0.002
2026-09-25,crosslayer,SENATE-GA-2026,metaculus 0.92,0.92,yes,ticket SENATEGA-26-D snapshotMid 0.9385
2026-09-25,crosslayer,SENATE-CONTROL-2026,metaculus 0.531,0.531,yes,ticket CONTROLS-2026-D snapshotMid 0.625
2026-09-25,crosslayer,HOUSE-CONTROL-2026,metaculus 0.906,0.906,yes,ticket CONTROLH-2026-D snapshotMid 0.9095
2026-09-25,crosslayer,SENATE-RI-2026,metaculus 0.99,0.99,yes,ticket SENATERI-26-D snapshotMid 0.9865
2026-09-25,crosslayer,SENATE-OR-2026,metaculus 0.99,0.99,yes,ticket SENATEOR-26-D snapshotMid 0.977
2026-09-25,crosslayer,SENATE-CO-2026,metaculus 0.98,0.98,yes,ticket SENATECO-26-D snapshotMid 0.9735
2026-09-25,crosslayer,SENATE-GA-2026,metaculus 0.92,0.92,yes,ticket SENATEGA-26-D snapshotMid 0.9385
2026-09-25,crosslayer,GOVERNOR-HI-2026,metaculus 0.98,0.98,yes,ticket GOVPARTYHI-26-D snapshotMid 0.973
2026-09-25,crosslayer,GOVERNOR-NM-2026,metaculus 0.928,0.928,yes,ticket GOVPARTYNM-26-D snapshotMid 0.931
2026-09-25,crosslayer,GOVERNOR-OR-2026,metaculus 0.882,0.882,yes,ticket GOVPARTYOR-26-D snapshotMid 0.855
2026-09-25,crosslayer,GOVERNOR-MI-2026,metaculus 0.84,0.84,yes,ticket GOVPARTYMI-26-D snapshotMid 0.9235
2026-09-25,crosslayer,SENATE-AK-2026,metaculus 0.54,0.54,yes,ticket SENATEAK-26-D snapshotMid 0.755
2026-09-25,crosslayer,SENATE-MT-2026,metaculus 0.01,0.01,yes,ticket SENATEMT-26-D snapshotMid 0.012
2026-09-25,crosslayer,SENATE-NE-2026,metaculus 0.002,0.002,yes,ticket SENATENE-26-D snapshotMid 0.0025
2026-09-25,crosslayer,SENATE-NC-2026,metaculus 0.92,0.92,yes,ticket SENATENC-26-D snapshotMid 0.9365
2026-09-25,crosslayer,SENATE-CONTROL-2026,metaculus 0.567,0.567,yes,ticket CONTROLS-2026-D snapshotMid 0.615
2026-09-25,crosslayer,HOUSE-CONTROL-2026,metaculus 0.91,0.91,yes,ticket CONTROLH-2026-D snapshotMid 0.9165
2026-09-25,crosslayer,SENATE-RI-2026,metaculus 0.996,0.996,yes,ticket SENATERI-26-D snapshotMid 0.99
2026-09-25,crosslayer,SENATE-OR-2026,metaculus 0.99,0.99,yes,ticket SENATEOR-26-D snapshotMid 0.9775
2026-09-25,crosslayer,SENATE-CO-2026,metaculus 0.98,0.98,yes,ticket SENATECO-26-D snapshotMid 0.9845
2026-09-25,crosslayer,SENATE-MN-2026,metaculus 0.94,0.94,yes,ticket SENATEMN-26-D snapshotMid 0.9055
2026-09-25,crosslayer,GOVERNOR-HI-2026,metaculus 0.98,0.98,yes,ticket GOVPARTYHI-26-D snapshotMid 0.9745
2026-09-25,crosslayer,GOVERNOR-NM-2026,metaculus 0.928,0.928,yes,ticket GOVPARTYNM-26-D snapshotMid 0.9295
2026-09-25,crosslayer,GOVERNOR-OR-2026,metaculus 0.88,0.88,yes,ticket GOVPARTYOR-26-D snapshotMid 0.84
2026-09-25,crosslayer,GOVERNOR-MI-2026,metaculus 0.85,0.85,yes,ticket GOVPARTYMI-26-D snapshotMid 0.927
2026-09-25,crosslayer,SENATE-AK-2026,metaculus 0.548,0.548,yes,ticket SENATEAK-26-D snapshotMid 0.705
2026-09-25,crosslayer,SENATE-MT-2026,metaculus 0.01,0.01,yes,ticket SENATEMT-26-D snapshotMid 0.0095
2026-09-25,crosslayer,SENATE-NE-2026,metaculus 0.001,0.001,yes,ticket SENATENE-26-D snapshotMid 0.002
2026-09-25,crosslayer,SENATE-CONTROL-2026,metaculus 0.582,0.582,no,ticket CONTROLS-2026-D snapshotMid 0.605
2026-09-25,crosslayer,HOUSE-CONTROL-2026,metaculus 0.929,0.929,no,ticket CONTROLH-2026-D snapshotMid 0.919
2026-09-25,crosslayer,SENATE-RI-2026,metaculus 0.996,0.996,no,ticket SENATERI-26-D snapshotMid 0.99
2026-09-25,crosslayer,SENATE-OR-2026,metaculus 0.99,0.99,no,ticket SENATEOR-26-D snapshotMid 0.9775
2026-09-25,crosslayer,SENATE-CO-2026,metaculus 0.98,0.98,no,ticket SENATECO-26-D snapshotMid 0.9855
2026-09-25,crosslayer,SENATE-MN-2026,metaculus 0.94,0.94,no,ticket SENATEMN-26-D snapshotMid 0.895
2026-09-25,crosslayer,GOVERNOR-HI-2026,metaculus 0.98,0.98,no,ticket GOVPARTYHI-26-D snapshotMid 0.9745
2026-09-25,crosslayer,GOVERNOR-NM-2026,metaculus 0.93,0.93,no,ticket GOVPARTYNM-26-D snapshotMid 0.928
2026-09-25,crosslayer,GOVERNOR-OR-2026,metaculus 0.88,0.88,no,ticket GOVPARTYOR-26-D snapshotMid 0.85
2026-09-25,crosslayer,GOVERNOR-MI-2026,metaculus 0.85,0.85,no,ticket GOVPARTYMI-26-D snapshotMid 0.925
2026-09-25,crosslayer,SENATE-AK-2026,metaculus 0.548,0.548,no,ticket SENATEAK-26-D snapshotMid 0.705
2026-09-25,crosslayer,SENATE-MT-2026,metaculus 0.01,0.01,no,ticket SENATEMT-26-D snapshotMid 0.011
2026-09-25,crosslayer,SENATE-NE-2026,metaculus 0.001,0.001,no,ticket SENATENE-26-D snapshotMid 0.002
2026-09-25,crosslayer,SENATE-CONTROL-2026,metaculus 0.572,0.572,no,ticket CONTROLS-2026-D snapshotMid 0.615
2026-09-25,crosslayer,HOUSE-CONTROL-2026,metaculus 0.929,0.929,no,ticket CONTROLH-2026-D snapshotMid 0.919
2026-09-25,crosslayer,SENATE-RI-2026,metaculus 0.993,0.993,no,ticket SENATERI-26-D snapshotMid 0.99
2026-09-25,crosslayer,SENATE-OR-2026,metaculus 0.99,0.99,no,ticket SENATEOR-26-D snapshotMid 0.9775
2026-09-25,crosslayer,SENATE-CO-2026,metaculus 0.98,0.98,no,ticket SENATECO-26-D snapshotMid 0.985
2026-09-25,crosslayer,SENATE-MN-2026,metaculus 0.94,0.94,no,ticket SENATEMN-26-D snapshotMid 0.895
2026-09-25,crosslayer,GOVERNOR-HI-2026,metaculus 0.98,0.98,no,ticket GOVPARTYHI-26-D snapshotMid 0.9745
2026-09-25,crosslayer,GOVERNOR-NM-2026,metaculus 0.928,0.928,no,ticket GOVPARTYNM-26-D snapshotMid 0.9275
2026-09-25,crosslayer,GOVERNOR-OR-2026,metaculus 0.88,0.88,no,ticket GOVPARTYOR-26-D snapshotMid 0.84
2026-09-25,crosslayer,GOVERNOR-MI-2026,metaculus 0.85,0.85,no,ticket GOVPARTYMI-26-D snapshotMid 0.927
2026-09-25,crosslayer,SENATE-AK-2026,metaculus 0.548,0.548,no,ticket SENATEAK-26-D snapshotMid 0.705
2026-09-25,crosslayer,SENATE-MT-2026,metaculus 0.01,0.01,no,ticket SENATEMT-26-D snapshotMid 0.016
2026-09-25,crosslayer,SENATE-NE-2026,metaculus 0.001,0.001,no,ticket SENATENE-26-D snapshotMid 0.0005
2026-09-25,crosslayer,SENATE-CONTROL-2026,metaculus 0.555,0.555,no,ticket CONTROLS-2026-D snapshotMid 0.615
2026-09-25,crosslayer,HOUSE-CONTROL-2026,metaculus 0.919,0.919,no,ticket CONTROLH-2026-D snapshotMid 0.9165
2026-09-25,crosslayer,SENATE-RI-2026,metaculus 0.993,0.993,no,ticket SENATERI-26-D snapshotMid 0.9905
2026-09-25,crosslayer,SENATE-OR-2026,metaculus 0.99,0.99,no,ticket SENATEOR-26-D snapshotMid 0.9775
2026-09-25,crosslayer,SENATE-CO-2026,metaculus 0.98,0.98,no,ticket SENATECO-26-D snapshotMid 0.9855
2026-09-25,crosslayer,SENATE-MN-2026,metaculus 0.95,0.95,no,ticket SENATEMN-26-D snapshotMid 0.895
2026-09-25,crosslayer,GOVERNOR-HI-2026,metaculus 0.98,0.98,no,ticket GOVPARTYHI-26-D snapshotMid 0.9745
2026-09-25,crosslayer,GOVERNOR-NM-2026,metaculus 0.925,0.925,no,ticket GOVPARTYNM-26-D snapshotMid 0.929
2026-09-25,crosslayer,GOVERNOR-OR-2026,metaculus 0.874,0.874,no,ticket GOVPARTYOR-26-D snapshotMid 0.805
2026-09-25,crosslayer,GOVERNOR-MI-2026,metaculus 0.84,0.84,no,ticket GOVPARTYMI-26-D snapshotMid 0.9235
2026-09-25,crosslayer,SENATE-AK-2026,metaculus 0.54,0.54,no,ticket SENATEAK-26-D snapshotMid 0.705
2026-09-25,crosslayer,SENATE-MT-2026,metaculus 0.01,0.01,no,ticket SENATEMT-26-D snapshotMid 0.0145
2026-09-25,crosslayer,SENATE-NE-2026,metaculus 0.001,0.001,no,ticket SENATENE-26-D snapshotMid 0.0025
2026-09-25,crosslayer,SENATE-CONTROL-2026,metaculus 0.569,0.569,no,ticket CONTROLS-2026-D snapshotMid 0.625
2026-09-25,crosslayer,HOUSE-CONTROL-2026,metaculus 0.925,0.925,no,ticket CONTROLH-2026-D snapshotMid 0.9155
2026-09-25,crosslayer,SENATE-RI-2026,metaculus 0.991,0.991,no,ticket SENATERI-26-D snapshotMid 0.9885
2026-09-25,crosslayer,SENATE-OR-2026,metaculus 0.99,0.99,no,ticket SENATEOR-26-D snapshotMid 0.9775
2026-09-25,crosslayer,SENATE-CO-2026,metaculus 0.98,0.98,no,ticket SENATECO-26-D snapshotMid 0.9855
2026-09-25,crosslayer,SENATE-MN-2026,metaculus 0.95,0.95,no,ticket SENATEMN-26-D snapshotMid 0.895
2026-09-25,crosslayer,GOVERNOR-HI-2026,metaculus 0.98,0.98,no,ticket GOVPARTYHI-26-D snapshotMid 0.9745
2026-09-25,crosslayer,GOVERNOR-NM-2026,metaculus 0.925,0.925,no,ticket GOVPARTYNM-26-D snapshotMid 0.93
2026-09-25,crosslayer,GOVERNOR-OR-2026,metaculus 0.874,0.874,no,ticket GOVPARTYOR-26-D snapshotMid 0.815
2026-09-25,crosslayer,GOVERNOR-MI-2026,metaculus 0.84,0.84,no,ticket GOVPARTYMI-26-D snapshotMid 0.926
2026-09-25,crosslayer,SENATE-AK-2026,metaculus 0.54,0.54,no,ticket SENATEAK-26-D snapshotMid 0.695
2026-09-25,crosslayer,SENATE-MT-2026,metaculus 0.01,0.01,no,ticket SENATEMT-26-D snapshotMid 0.0145
2026-09-25,crosslayer,SENATE-NE-2026,metaculus 0.001,0.001,no,ticket SENATENE-26-D snapshotMid 0.0025
2026-09-25,crosslayer,SENATE-CONTROL-2026,metaculus 0.562,0.562,no,ticket CONTROLS-2026-D snapshotMid 0.625
2026-09-25,crosslayer,HOUSE-CONTROL-2026,metaculus 0.919,0.919,no,ticket CONTROLH-2026-D snapshotMid 0.915
2026-09-25,crosslayer,SENATE-RI-2026,metaculus 0.99,0.99,no,ticket SENATERI-26-D snapshotMid 0.9885
2026-09-25,crosslayer,SENATE-OR-2026,metaculus 0.99,0.99,no,ticket SENATEOR-26-D snapshotMid 0.983
2026-09-25,crosslayer,SENATE-CO-2026,metaculus 0.98,0.98,no,ticket SENATECO-26-D snapshotMid 0.9855
2026-09-25,crosslayer,SENATE-MN-2026,metaculus 0.95,0.95,no,ticket SENATEMN-26-D snapshotMid 0.885
2026-09-25,crosslayer,GOVERNOR-HI-2026,metaculus 0.98,0.98,no,ticket GOVPARTYHI-26-D snapshotMid 0.969
2026-09-25,crosslayer,GOVERNOR-NM-2026,metaculus 0.925,0.925,no,ticket GOVPARTYNM-26-D snapshotMid 0.9295
2026-09-25,crosslayer,GOVERNOR-OR-2026,metaculus 0.874,0.874,no,ticket GOVPARTYOR-26-D snapshotMid 0.795
2026-09-25,crosslayer,GOVERNOR-MI-2026,metaculus 0.84,0.84,no,ticket GOVPARTYMI-26-D snapshotMid 0.9225
2026-09-25,crosslayer,SENATE-AK-2026,metaculus 0.54,0.54,no,ticket SENATEAK-26-D snapshotMid 0.705
2026-09-25,crosslayer,SENATE-MT-2026,metaculus 0.01,0.01,no,ticket SENATEMT-26-D snapshotMid 0.009
2026-09-25,crosslayer,SENATE-NE-2026,metaculus 0.001,0.001,no,ticket SENATENE-26-D snapshotMid 0.002
2026-09-25,crosslayer,SENATE-CONTROL-2026,metaculus 0.565,0.565,no,ticket CONTROLS-2026-D snapshotMid 0.625
2026-09-25,crosslayer,HOUSE-CONTROL-2026,metaculus 0.924,0.924,no,ticket CONTROLH-2026-D snapshotMid 0.9155
2026-09-25,crosslayer,SENATE-RI-2026,metaculus 0.99,0.99,no,ticket SENATERI-26-D snapshotMid 0.99
2026-09-25,crosslayer,SENATE-OR-2026,metaculus 0.99,0.99,no,ticket SENATEOR-26-D snapshotMid 0.9785
2026-09-25,crosslayer,SENATE-CO-2026,metaculus 0.98,0.98,no,ticket SENATECO-26-D snapshotMid 0.9865
2026-09-25,crosslayer,SENATE-MN-2026,metaculus 0.94,0.94,no,ticket SENATEMN-26-D snapshotMid 0.875
2026-09-25,crosslayer,GOVERNOR-HI-2026,metaculus 0.98,0.98,no,ticket GOVPARTYHI-26-D snapshotMid 0.9745
2026-09-25,crosslayer,GOVERNOR-NM-2026,metaculus 0.93,0.93,no,ticket GOVPARTYNM-26-D snapshotMid 0.9305
2026-09-25,crosslayer,GOVERNOR-OR-2026,metaculus 0.88,0.88,no,ticket GOVPARTYOR-26-D snapshotMid 0.765
2026-09-25,crosslayer,GOVERNOR-MI-2026,metaculus 0.85,0.85,no,ticket GOVPARTYMI-26-D snapshotMid 0.92
2026-09-25,crosslayer,SENATE-AK-2026,metaculus 0.54,0.54,no,ticket SENATEAK-26-D snapshotMid 0.685
2026-09-25,crosslayer,SENATE-MT-2026,metaculus 0.01,0.01,no,ticket SENATEMT-26-D snapshotMid 0.006
2026-09-25,crosslayer,SENATE-CONTROL-2026,metaculus 0.575,0.575,no,ticket CONTROLS-2026-D snapshotMid 0.625
2026-09-25,crosslayer,HOUSE-CONTROL-2026,metaculus 0.924,0.924,no,ticket CONTROLH-2026-D snapshotMid 0.9165
2026-09-25,crosslayer,SENATE-RI-2026,metaculus 0.99,0.99,no,ticket SENATERI-26-D snapshotMid 0.9905
2026-09-25,crosslayer,SENATE-OR-2026,metaculus 0.99,0.99,no,ticket SENATEOR-26-D snapshotMid 0.985
2026-09-25,crosslayer,SENATE-CO-2026,metaculus 0.98,0.98,no,ticket SENATECO-26-D snapshotMid 0.9865
2026-09-25,crosslayer,SENATE-MN-2026,metaculus 0.94,0.94,no,ticket SENATEMN-26-D snapshotMid 0.895
2026-09-25,crosslayer,GOVERNOR-HI-2026,metaculus 0.98,0.98,no,ticket GOVPARTYHI-26-D snapshotMid 0.9715
2026-09-25,crosslayer,GOVERNOR-NM-2026,metaculus 0.93,0.93,no,ticket GOVPARTYNM-26-D snapshotMid 0.94
2026-09-25,crosslayer,GOVERNOR-OR-2026,metaculus 0.872,0.872,no,ticket GOVPARTYOR-26-D snapshotMid 0.715
2026-09-25,crosslayer,GOVERNOR-MI-2026,metaculus 0.84,0.84,no,ticket GOVPARTYMI-26-D snapshotMid 0.922
2026-09-25,crosslayer,SENATE-AK-2026,metaculus 0.54,0.54,no,ticket SENATEAK-26-D snapshotMid 0.675
2026-09-25,crosslayer,SENATE-MT-2026,metaculus 0.01,0.01,no,ticket SENATEMT-26-D snapshotMid 0.006
2026-09-25,crosslayer,SENATE-NE-2026,metaculus 0.001,0.001,no,ticket SENATENE-26-D snapshotMid 0.004
2026-09-25,crosslayer,SENATE-CONTROL-2026,metaculus 0.581,0.581,no,ticket CONTROLS-2026-D snapshotMid 0.645
2026-09-25,crosslayer,HOUSE-CONTROL-2026,metaculus 0.918,0.918,no,ticket CONTROLH-2026-D snapshotMid 0.9205
2026-09-25,crosslayer,SENATE-OR-2026,metaculus 0.99,0.99,no,ticket SENATEOR-26-D snapshotMid 0.985
2026-09-25,crosslayer,SENATE-RI-2026,metaculus 0.99,0.99,no,ticket SENATERI-26-D snapshotMid 0.9905
2026-09-25,crosslayer,SENATE-CO-2026,metaculus 0.982,0.982,no,ticket SENATECO-26-D snapshotMid 0.9865
2026-09-25,crosslayer,SENATE-MN-2026,metaculus 0.94,0.94,no,ticket SENATEMN-26-D snapshotMid 0.875
2026-09-25,crosslayer,GOVERNOR-HI-2026,metaculus 0.98,0.98,no,ticket GOVPARTYHI-26-D snapshotMid 0.9735
2026-09-25,crosslayer,GOVERNOR-NM-2026,metaculus 0.93,0.93,no,ticket GOVPARTYNM-26-D snapshotMid 0.945
2026-09-25,crosslayer,GOVERNOR-OR-2026,metaculus 0.872,0.872,no,ticket GOVPARTYOR-26-D snapshotMid 0.735
2026-09-25,crosslayer,GOVERNOR-MI-2026,metaculus 0.85,0.85,no,ticket GOVPARTYMI-26-D snapshotMid 0.9275
2026-09-25,crosslayer,SENATE-AK-2026,metaculus 0.525,0.525,no,ticket SENATEAK-26-D snapshotMid 0.705
2026-09-25,crosslayer,SENATE-MT-2026,metaculus 0.01,0.01,no,ticket SENATEMT-26-D snapshotMid 0.007
2026-09-25,crosslayer,SENATE-NE-2026,metaculus 0.001,0.001,no,ticket SENATENE-26-D snapshotMid 0.004
2026-09-25,crosslayer,SENATE-CONTROL-2026,metaculus 0.576,0.576,no,ticket CONTROLS-2026-D snapshotMid 0.625
2026-09-25,crosslayer,HOUSE-CONTROL-2026,metaculus 0.919,0.919,no,ticket CONTROLH-2026-D snapshotMid 0.9195
2026-09-25,crosslayer,GOVERNOR-HI-2026,metaculus 0.98,0.98,no,ticket GOVPARTYHI-26-D snapshotMid 0.971
2026-09-25,crosslayer,GOVERNOR-NM-2026,metaculus 0.94,0.94,no,ticket GOVPARTYNM-26-D snapshotMid 0.9455
2026-09-25,crosslayer,GOVERNOR-OR-2026,metaculus 0.87,0.87,no,ticket GOVPARTYOR-26-D snapshotMid 0.735
2026-09-25,crosslayer,GOVERNOR-MI-2026,metaculus 0.85,0.85,no,ticket GOVPARTYMI-26-D snapshotMid 0.927
2026-09-25,crosslayer,SENATE-AK-2026,metaculus 0.525,0.525,no,ticket SENATEAK-26-D snapshotMid 0.73
2026-09-25,crosslayer,SENATE-MT-2026,metaculus 0.01,0.01,no,ticket SENATEMT-26-D snapshotMid 0.0085
2026-09-25,crosslayer,SENATE-NE-2026,metaculus 0.001,0.001,no,ticket SENATENE-26-D snapshotMid 0.004
2026-09-25,crosslayer,SENATE-CONTROL-2026,metaculus 0.584,0.584,no,ticket CONTROLS-2026-D snapshotMid 0.645
2026-09-25,crosslayer,HOUSE-CONTROL-2026,metaculus 0.929,0.929,no,ticket CONTROLH-2026-D snapshotMid 0.9165
2026-09-25,crosslayer,SENATE-OR-2026,metaculus 0.99,0.99,no,ticket SENATEOR-26-D snapshotMid 0.988
2026-09-25,crosslayer,SENATE-RI-2026,metaculus 0.99,0.99,no,ticket SENATERI-26-D snapshotMid 0.9905
2026-09-25,crosslayer,SENATE-CO-2026,metaculus 0.982,0.982,no,ticket SENATECO-26-D snapshotMid 0.9915
2026-09-25,crosslayer,SENATE-MN-2026,metaculus 0.925,0.925,no,ticket SENATEMN-26-D snapshotMid 0.865
2026-09-25,crosslayer,GOVERNOR-HI-2026,metaculus 0.98,0.98,no,ticket GOVPARTYHI-26-D snapshotMid 0.9735
2026-09-25,crosslayer,GOVERNOR-NM-2026,metaculus 0.94,0.94,no,ticket GOVPARTYNM-26-D snapshotMid 0.945
2026-09-25,crosslayer,GOVERNOR-OR-2026,metaculus 0.86,0.86,no,ticket GOVPARTYOR-26-D snapshotMid 0.755
2026-09-25,crosslayer,GOVERNOR-MI-2026,metaculus 0.85,0.85,no,ticket GOVPARTYMI-26-D snapshotMid 0.9305
2026-09-25,crosslayer,SENATE-AK-2026,metaculus 0.525,0.525,no,ticket SENATEAK-26-D snapshotMid 0.735
2026-09-25,crosslayer,SENATE-MT-2026,metaculus 0.01,0.01,no,ticket SENATEMT-26-D snapshotMid 0.021
2026-09-25,crosslayer,SENATE-NE-2026,metaculus 0.001,0.001,no,ticket SENATENE-26-D snapshotMid 0.0015
2026-09-25,crosslayer,SENATE-CONTROL-2026,metaculus 0.586,0.586,no,ticket CONTROLS-2026-D snapshotMid 0.645
2026-09-25,crosslayer,HOUSE-CONTROL-2026,metaculus 0.929,0.929,no,ticket CONTROLH-2026-D snapshotMid 0.9155
2026-09-25,crosslayer,SENATE-OR-2026,metaculus 0.99,0.99,no,ticket SENATEOR-26-D snapshotMid 0.9855
2026-09-25,crosslayer,SENATE-RI-2026,metaculus 0.99,0.99,no,ticket SENATERI-26-D snapshotMid 0.99
2026-09-25,crosslayer,SENATE-CO-2026,metaculus 0.982,0.982,no,ticket SENATECO-26-D snapshotMid 0.991
2026-09-25,crosslayer,SENATE-MN-2026,metaculus 0.925,0.925,no,ticket SENATEMN-26-D snapshotMid 0.865
2026-09-25,crosslayer,GOVERNOR-HI-2026,metaculus 0.98,0.98,no,ticket GOVPARTYHI-26-D snapshotMid 0.9735
2026-09-25,crosslayer,GOVERNOR-NM-2026,metaculus 0.94,0.94,no,ticket GOVPARTYNM-26-D snapshotMid 0.9465
2026-09-25,crosslayer,GOVERNOR-OR-2026,metaculus 0.86,0.86,no,ticket GOVPARTYOR-26-D snapshotMid 0.76
2026-09-25,crosslayer,GOVERNOR-MI-2026,metaculus 0.85,0.85,no,ticket GOVPARTYMI-26-D snapshotMid 0.937
2026-09-25,crosslayer,SENATE-AK-2026,metaculus 0.525,0.525,no,ticket SENATEAK-26-D snapshotMid 0.745
2026-09-25,crosslayer,SENATE-MT-2026,metaculus 0.009,0.009,no,ticket SENATEMT-26-D snapshotMid 0.009
2026-09-25,crosslayer,SENATE-NE-2026,metaculus 0.001,0.001,no,ticket SENATENE-26-D snapshotMid 0.0015
2026-09-25,crosslayer,SENATE-CONTROL-2026,metaculus 0.588,0.588,no,ticket CONTROLS-2026-D snapshotMid 0.635
2026-09-25,crosslayer,HOUSE-CONTROL-2026,metaculus 0.922,0.922,no,ticket CONTROLH-2026-D snapshotMid 0.895
2026-09-25,crosslayer,SENATE-RI-2026,metaculus 0.99,0.99,no,ticket SENATERI-26-D snapshotMid 0.989
2026-09-25,crosslayer,SENATE-OR-2026,metaculus 0.99,0.99,no,ticket SENATEOR-26-D snapshotMid 0.9855
2026-09-25,crosslayer,SENATE-CO-2026,metaculus 0.985,0.985,no,ticket SENATECO-26-D snapshotMid 0.991
2026-09-25,crosslayer,SENATE-NC-2026,metaculus 0.92,0.92,no,ticket SENATENC-26-D snapshotMid 0.968
2026-09-25,crosslayer,GOVERNOR-HI-2026,metaculus 0.98,0.98,no,ticket GOVPARTYHI-26-D snapshotMid 0.9775
2026-09-25,crosslayer,GOVERNOR-NM-2026,metaculus 0.94,0.94,no,ticket GOVPARTYNM-26-D snapshotMid 0.94
2026-09-25,crosslayer,GOVERNOR-OR-2026,metaculus 0.858,0.858,no,ticket GOVPARTYOR-26-D snapshotMid 0.775
2026-09-25,crosslayer,GOVERNOR-MI-2026,metaculus 0.85,0.85,no,ticket GOVPARTYMI-26-D snapshotMid 0.9225
2026-09-25,crosslayer,SENATE-AK-2026,metaculus 0.54,0.54,no,ticket SENATEAK-26-D snapshotMid 0.765
2026-09-25,crosslayer,SENATE-MT-2026,metaculus 0.009,0.009,no,ticket SENATEMT-26-D snapshotMid 0.008
2026-09-25,crosslayer,SENATE-NE-2026,metaculus 0.001,0.001,no,ticket SENATENE-26-D snapshotMid 0.0015
2026-09-25,crosslayer,SENATE-CONTROL-2026,metaculus 0.598,0.598,no,ticket CONTROLS-2026-D snapshotMid 0.615
2026-09-25,crosslayer,HOUSE-CONTROL-2026,metaculus 0.922,0.922,no,ticket CONTROLH-2026-D snapshotMid 0.9005
2026-09-25,crosslayer,SENATE-OR-2026,metaculus 0.99,0.99,no,ticket SENATEOR-26-D snapshotMid 0.983
2026-09-25,crosslayer,SENATE-RI-2026,metaculus 0.99,0.99,no,ticket SENATERI-26-D snapshotMid 0.9885
2026-09-25,crosslayer,SENATE-CO-2026,metaculus 0.985,0.985,no,ticket SENATECO-26-D snapshotMid 0.988
2026-09-25,crosslayer,SENATE-NC-2026,metaculus 0.92,0.92,no,ticket SENATENC-26-D snapshotMid 0.9685
2026-09-25,crosslayer,GOVERNOR-HI-2026,metaculus 0.98,0.98,no,ticket GOVPARTYHI-26-D snapshotMid 0.9795
2026-09-25,crosslayer,GOVERNOR-NM-2026,metaculus 0.94,0.94,no,ticket GOVPARTYNM-26-D snapshotMid 0.939
2026-09-25,crosslayer,GOVERNOR-OR-2026,metaculus 0.86,0.86,no,ticket GOVPARTYOR-26-D snapshotMid 0.755
2026-09-25,crosslayer,GOVERNOR-MI-2026,metaculus 0.85,0.85,no,ticket GOVPARTYMI-26-D snapshotMid 0.9205
2026-09-25,crosslayer,SENATE-AK-2026,metaculus 0.548,0.548,no,ticket SENATEAK-26-D snapshotMid 0.755
2026-09-25,crosslayer,SENATE-MT-2026,metaculus 0.009,0.009,no,ticket SENATEMT-26-D snapshotMid 0.0085
2026-09-25,crosslayer,SENATE-NE-2026,metaculus 0.001,0.001,no,ticket SENATENE-26-D snapshotMid 0.001
2026-09-25,crosslayer,SENATE-CONTROL-2026,metaculus 0.608,0.608,no,ticket CONTROLS-2026-D snapshotMid 0.605
2026-09-25,crosslayer,HOUSE-CONTROL-2026,metaculus 0.93,0.93,no,ticket CONTROLH-2026-D snapshotMid 0.895
2026-09-25,crosslayer,SENATE-OR-2026,metaculus 0.99,0.99,no,ticket SENATEOR-26-D snapshotMid 0.983
2026-09-25,crosslayer,SENATE-RI-2026,metaculus 0.99,0.99,no,ticket SENATERI-26-D snapshotMid 0.978
2026-09-25,crosslayer,SENATE-CO-2026,metaculus 0.985,0.985,no,ticket SENATECO-26-D snapshotMid 0.988
2026-09-25,crosslayer,SENATE-GA-2026,metaculus 0.93,0.93,no,ticket SENATEGA-26-D snapshotMid 0.9545
2026-09-25,crosslayer,SENATE-AK-2026,metaculus 0.54,0.54,no,ticket SENATEAK-26-D snapshotMid 0.735
2026-09-25,crosslayer,SENATE-MT-2026,metaculus 0.01,0.01,no,ticket SENATEMT-26-D snapshotMid 0.0085
2026-09-25,crosslayer,SENATE-NE-2026,metaculus 0.001,0.001,no,ticket SENATENE-26-D snapshotMid 0.0025
2026-09-26,poll,cnn-ssrs-2026-09-me-senate,U.S. Senate — Maine CNN Poll conducted by SSRS,0.6608,yes,margin 3pp -> logistic k=4.5; ticket SENATEME-26-D
2026-09-26,poll,cnn-ssrs-2026-09-mi-senate,U.S. Senate — Michigan (open seat) CNN Poll conducted by SSRS,0.6608,yes,margin 3pp -> logistic k=4.5; ticket SENATEMI-26-D
2026-09-26,poll,emerson-2026-09-mi-senate,U.S. Senate — Michigan (open seat) Emerson College Polling / Nexstar Media,0.6093,yes,margin 2pp -> logistic k=4.5; ticket SENATEMI-26-D
2026-09-26,poll,emerson-2026-09-tx-senate,U.S. Senate — Texas (open seat) Emerson College Polling / Nexstar Media,0.5553,yes,margin 1pp -> logistic k=4.5; ticket SENATETX-26-D
2026-09-26,poll,emerson-2026-09-ia-senate,U.S. Senate — Iowa (open seat) Emerson College Polling / Nexstar Media,0.2477,yes,margin -5pp -> logistic k=4.5; ticket SENATEIA-26-D
2026-09-26,poll,reconmr-siena-2026-09-tx-senate,U.S. Senate — Texas (open seat) Texas Poll — ReconMR fieldwork (released via Siena Research Institute),0.7914,yes,margin 6pp -> logistic k=4.5; ticket SENATETX-26-D
2026-09-26,poll,suffolk-2026-08-ia-senate,U.S. Senate — Iowa (open seat) Suffolk University Political Research Center (SUPRC),0.2913,yes,margin -4pp -> logistic k=4.5; ticket SENATEIA-26-D
2026-09-26,poll,npi-2026-08-az-governor,Governor — Arizona Noble Predictive Insights — Arizona Public Opinion Pulse (AZPOP),0.9473,yes,margin 13pp -> logistic k=4.5; ticket GOVPARTYAZ-26-D
2026-09-26,poll,fm-2026-08-pa-governor,Governor — Pennsylvania Franklin & Marshall College Poll,0.9961,yes,margin 25pp -> logistic k=4.5; ticket GOVPARTYPA-26-D
2026-09-26,poll,elon-2026-09-nc-senate,U.S. Senate — North Carolina Elon University Poll (fielded by YouGov),0.9202,yes,margin 11pp -> logistic k=4.5; ticket SENATENC-26-D
2026-09-26,poll,hpu-2026-04-nc-senate,U.S. Senate — North Carolina HPU Poll 120 — High Point University Survey Research Center (fielded by YouGov),0.8554,yes,margin 8pp -> logistic k=4.5; ticket SENATENC-26-D
2026-09-26,poll,hpu-2026-08-nc-senate,U.S. Senate — North Carolina HPU Poll 126 — High Point University Survey Research Center (fielded by YouGov),0.7523,yes,margin 5pp -> logistic k=4.5; ticket SENATENC-26-D
2026-09-26,poll,stetson-2026-04-fl-governor,Governor — Florida Stetson University Center for Public Opinion Research (CPOR) — Spring 2026 Survey,0.1743,yes,margin -7pp -> logistic k=4.5; ticket GOVPARTYFL-26-D
2026-09-26,poll,ppp-2026-07-nc-senate,U.S. Senate — North Carolina Public Policy Polling (PPP),0.7087,yes,margin 4pp -> logistic k=4.5; ticket SENATENC-26-D
2026-09-26,poll,unf-2026-07-fl-governor,Governor — Florida University of North Florida Public Opinion Research Lab,0.2477,yes,margin -5pp -> logistic k=4.5; ticket GOVPARTYFL-26-D
2026-09-26,poll,unf-2026-07-fl-senate,U.S. Senate — Florida (special) University of North Florida Public Opinion Research Lab,0.1446,yes,margin -8pp -> logistic k=4.5; ticket SENATEFLS-26-D
2026-09-26,poll,rasmussen-2026-09-ga-governor,Governor — Georgia Rasmussen Reports (field work by Pulse Opinion Research),0.3392,yes,margin -3pp -> logistic k=4.5; ticket GOVPARTYGA-26-D
2026-09-26,poll,rasmussen-2026-09-ga-senate,U.S. Senate — Georgia Rasmussen Reports (field work by Pulse Opinion Research),0.8808,yes,margin 9pp -> logistic k=4.5; ticket SENATEGA-26-D
2026-09-26,poll,rasmussen-2026-09-sc-senate,U.S. Senate — South Carolina (special) Rasmussen Reports (field work by Pulse Opinion Research),0.2477,yes,margin -5pp -> logistic k=4.5; ticket SENATESC-26-D
2026-09-26,rating,AK,Toss Up / Tilt R,0.25-0.65,yes,ticket SENATEAK-26-D
2026-09-26,rating,IA,Toss Up / Tilt R,0.25-0.65,yes,ticket SENATEIA-26-D
2026-09-26,rating,ME,Toss Up / Toss-up,0.35-0.65,yes,ticket SENATEME-26-D
2026-09-26,rating,MI,Toss Up / Toss-up,0.35-0.65,yes,ticket SENATEMI-26-D
2026-09-26,rating,NH,Toss Up / Toss-up,0.35-0.65,yes,ticket SENATENH-26-D
2026-09-26,rating,OH,Toss Up / Toss-up,0.35-0.65,yes,ticket SENATEOHS-26-D
2026-09-26,rating,TX,Toss Up / Lean R,0.2-0.65,yes,ticket SENATETX-26-D
2026-09-26,rating,GA,Lean D / Tilt D,0.55-0.8,yes,ticket SENATEGA-26-D
2026-09-26,rating,NC,Lean D / Tilt D,0.55-0.8,yes,ticket SENATENC-26-D
2026-09-26,rating,MN,Likely D / Likely D,0.75-0.92,yes,ticket SENATEMN-26-D
2026-09-26,rating,KS,Likely R / Likely R,0.08-0.25,yes,ticket SENATEKS-26-D
2026-09-26,rating,SC,Solid R / Likely R,0-0.25,yes,ticket SENATESC-26-D
2026-09-26,crosslayer,SENATE-CONTROL-2026,metaculus 0.517,0.517,yes,ticket CONTROLS-2026-D snapshotMid 0.595
2026-09-26,crosslayer,HOUSE-CONTROL-2026,metaculus 0.888,0.888,yes,ticket CONTROLH-2026-D snapshotMid 0.895
2026-09-26,crosslayer,HOUSE-CONTROL-2026,metaculus 0.888,0.888,yes,ticket CONTROLH-2026-D snapshotMid 0.9015
2026-09-26,crosslayer,GOVERNOR-HI-2026,metaculus 0.98,0.98,yes,ticket GOVPARTYHI-26-D snapshotMid 0.974
2026-09-26,crosslayer,GOVERNOR-NM-2026,metaculus 0.922,0.922,yes,ticket GOVPARTYNM-26-D snapshotMid 0.9255
2026-09-26,crosslayer,GOVERNOR-OR-2026,metaculus 0.88,0.88,yes,ticket GOVPARTYOR-26-D snapshotMid 0.845
2026-09-26,crosslayer,GOVERNOR-MI-2026,metaculus 0.85,0.85,yes,ticket GOVPARTYMI-26-D snapshotMid 0.915
2026-09-26,crosslayer,SENATE-MT-2026,metaculus 0.01,0.01,yes,ticket SENATEMT-26-D snapshotMid 0.0075
2026-09-26,crosslayer,SENATE-NE-2026,metaculus 0.001,0.001,yes,ticket SENATENE-26-D snapshotMid 0.0005
2026-09-26,crosslayer,SENATE-RI-2026,metaculus 0.99,0.99,yes,ticket SENATERI-26-D snapshotMid 0.979
2026-09-26,crosslayer,SENATE-OR-2026,metaculus 0.99,0.99,yes,ticket SENATEOR-26-D snapshotMid 0.977
2026-09-26,crosslayer,SENATE-CO-2026,metaculus 0.98,0.98,yes,ticket SENATECO-26-D snapshotMid 0.9725
2026-09-26,crosslayer,SENATE-MN-2026,metaculus 0.92,0.92,yes,ticket SENATEMN-26-D snapshotMid 0.9035
2026-09-26,crosslayer,SENATE-AK-2026,metaculus 0.54,0.54,yes,ticket SENATEAK-26-D snapshotMid 0.695
2026-09-26,crosslayer,SENATE-CONTROL-2026,metaculus 0.5,0.5,yes,ticket CONTROLS-2026-D snapshotMid 0.605
2026-09-26,crosslayer,HOUSE-CONTROL-2026,metaculus 0.9,0.9,yes,ticket CONTROLH-2026-D snapshotMid 0.9085
2026-09-26,crosslayer,SENATE-RI-2026,metaculus 0.99,0.99,yes,ticket SENATERI-26-D snapshotMid 0.982
2026-09-26,crosslayer,SENATE-OR-2026,metaculus 0.99,0.99,yes,ticket SENATEOR-26-D snapshotMid 0.977
2026-09-26,crosslayer,SENATE-CO-2026,metaculus 0.98,0.98,yes,ticket SENATECO-26-D snapshotMid 0.973
2026-09-26,crosslayer,SENATE-MN-2026,metaculus 0.93,0.93,yes,ticket SENATEMN-26-D snapshotMid 0.902
2026-09-26,crosslayer,GOVERNOR-HI-2026,metaculus 0.98,0.98,yes,ticket GOVPARTYHI-26-D snapshotMid 0.974
2026-09-26,crosslayer,GOVERNOR-NM-2026,metaculus 0.922,0.922,yes,ticket GOVPARTYNM-26-D snapshotMid 0.928
2026-09-26,crosslayer,GOVERNOR-OR-2026,metaculus 0.88,0.88,yes,ticket GOVPARTYOR-26-D snapshotMid 0.86
2026-09-26,crosslayer,GOVERNOR-MI-2026,metaculus 0.85,0.85,yes,ticket GOVPARTYMI-26-D snapshotMid 0.9165
2026-09-26,crosslayer,SENATE-AK-2026,metaculus 0.54,0.54,yes,ticket SENATEAK-26-D snapshotMid 0.705
2026-09-26,crosslayer,SENATE-MT-2026,metaculus 0.01,0.01,yes,ticket SENATEMT-26-D snapshotMid 0.01
2026-09-26,crosslayer,SENATE-NE-2026,metaculus 0.001,0.001,yes,ticket SENATENE-26-D snapshotMid 0.0025
2026-09-26,crosslayer,SENATE-CONTROL-2026,metaculus 0.512,0.512,yes,ticket CONTROLS-2026-D snapshotMid 0.605
2026-09-26,crosslayer,HOUSE-CONTROL-2026,metaculus 0.908,0.908,yes,ticket CONTROLH-2026-D snapshotMid 0.9065
2026-09-26,crosslayer,SENATE-RI-2026,metaculus 0.99,0.99,yes,ticket SENATERI-26-D snapshotMid 0.9825
2026-09-26,crosslayer,SENATE-OR-2026,metaculus 0.99,0.99,yes,ticket SENATEOR-26-D snapshotMid 0.977
2026-09-26,crosslayer,SENATE-CO-2026,metaculus 0.98,0.98,yes,ticket SENATECO-26-D snapshotMid 0.973
2026-09-26,crosslayer,SENATE-MN-2026,metaculus 0.93,0.93,yes,ticket SENATEMN-26-D snapshotMid 0.905
2026-09-26,crosslayer,GOVERNOR-HI-2026,metaculus 0.98,0.98,yes,ticket GOVPARTYHI-26-D snapshotMid 0.974
2026-09-26,crosslayer,GOVERNOR-NM-2026,metaculus 0.928,0.928,yes,ticket GOVPARTYNM-26-D snapshotMid 0.931
2026-09-26,crosslayer,GOVERNOR-OR-2026,metaculus 0.882,0.882,yes,ticket GOVPARTYOR-26-D snapshotMid 0.86
2026-09-26,crosslayer,GOVERNOR-MI-2026,metaculus 0.84,0.84,yes,ticket GOVPARTYMI-26-D snapshotMid 0.923
2026-09-26,crosslayer,SENATE-AK-2026,metaculus 0.54,0.54,yes,ticket SENATEAK-26-D snapshotMid 0.735
2026-09-26,crosslayer,SENATE-MT-2026,metaculus 0.01,0.01,yes,ticket SENATEMT-26-D snapshotMid 0.009
2026-09-26,crosslayer,SENATE-NE-2026,metaculus 0.001,0.001,yes,ticket SENATENE-26-D snapshotMid 0.002
2026-09-26,crosslayer,SENATE-GA-2026,metaculus 0.92,0.92,yes,ticket SENATEGA-26-D snapshotMid 0.9385
2026-09-26,crosslayer,SENATE-CONTROL-2026,metaculus 0.531,0.531,yes,ticket CONTROLS-2026-D snapshotMid 0.625
2026-09-26,crosslayer,HOUSE-CONTROL-2026,metaculus 0.906,0.906,yes,ticket CONTROLH-2026-D snapshotMid 0.9095
2026-09-26,crosslayer,SENATE-RI-2026,metaculus 0.99,0.99,yes,ticket SENATERI-26-D snapshotMid 0.9865
2026-09-26,crosslayer,SENATE-OR-2026,metaculus 0.99,0.99,yes,ticket SENATEOR-26-D snapshotMid 0.977
2026-09-26,crosslayer,SENATE-CO-2026,metaculus 0.98,0.98,yes,ticket SENATECO-26-D snapshotMid 0.9735
2026-09-26,crosslayer,SENATE-GA-2026,metaculus 0.92,0.92,yes,ticket SENATEGA-26-D snapshotMid 0.9385
2026-09-26,crosslayer,GOVERNOR-HI-2026,metaculus 0.98,0.98,yes,ticket GOVPARTYHI-26-D snapshotMid 0.973
2026-09-26,crosslayer,GOVERNOR-NM-2026,metaculus 0.928,0.928,yes,ticket GOVPARTYNM-26-D snapshotMid 0.931
2026-09-26,crosslayer,GOVERNOR-OR-2026,metaculus 0.882,0.882,yes,ticket GOVPARTYOR-26-D snapshotMid 0.855
2026-09-26,crosslayer,GOVERNOR-MI-2026,metaculus 0.84,0.84,yes,ticket GOVPARTYMI-26-D snapshotMid 0.9235
2026-09-26,crosslayer,SENATE-AK-2026,metaculus 0.54,0.54,yes,ticket SENATEAK-26-D snapshotMid 0.755
2026-09-26,crosslayer,SENATE-MT-2026,metaculus 0.01,0.01,yes,ticket SENATEMT-26-D snapshotMid 0.012
2026-09-26,crosslayer,SENATE-NE-2026,metaculus 0.002,0.002,yes,ticket SENATENE-26-D snapshotMid 0.0025
2026-09-26,crosslayer,SENATE-NC-2026,metaculus 0.92,0.92,yes,ticket SENATENC-26-D snapshotMid 0.9365
2026-09-26,crosslayer,SENATE-CONTROL-2026,metaculus 0.567,0.567,yes,ticket CONTROLS-2026-D snapshotMid 0.615
2026-09-26,crosslayer,HOUSE-CONTROL-2026,metaculus 0.91,0.91,yes,ticket CONTROLH-2026-D snapshotMid 0.9165
2026-09-26,crosslayer,SENATE-RI-2026,metaculus 0.996,0.996,yes,ticket SENATERI-26-D snapshotMid 0.99
2026-09-26,crosslayer,SENATE-OR-2026,metaculus 0.99,0.99,yes,ticket SENATEOR-26-D snapshotMid 0.9775
2026-09-26,crosslayer,SENATE-CO-2026,metaculus 0.98,0.98,yes,ticket SENATECO-26-D snapshotMid 0.9845
2026-09-26,crosslayer,SENATE-MN-2026,metaculus 0.94,0.94,yes,ticket SENATEMN-26-D snapshotMid 0.9055
2026-09-26,crosslayer,GOVERNOR-HI-2026,metaculus 0.98,0.98,yes,ticket GOVPARTYHI-26-D snapshotMid 0.9745
2026-09-26,crosslayer,GOVERNOR-NM-2026,metaculus 0.928,0.928,yes,ticket GOVPARTYNM-26-D snapshotMid 0.9295
2026-09-26,crosslayer,GOVERNOR-OR-2026,metaculus 0.88,0.88,yes,ticket GOVPARTYOR-26-D snapshotMid 0.84
2026-09-26,crosslayer,GOVERNOR-MI-2026,metaculus 0.85,0.85,yes,ticket GOVPARTYMI-26-D snapshotMid 0.927
2026-09-26,crosslayer,SENATE-AK-2026,metaculus 0.548,0.548,yes,ticket SENATEAK-26-D snapshotMid 0.705
2026-09-26,crosslayer,SENATE-MT-2026,metaculus 0.01,0.01,yes,ticket SENATEMT-26-D snapshotMid 0.0095
2026-09-26,crosslayer,SENATE-NE-2026,metaculus 0.001,0.001,yes,ticket SENATENE-26-D snapshotMid 0.002
2026-09-26,crosslayer,SENATE-CONTROL-2026,metaculus 0.582,0.582,yes,ticket CONTROLS-2026-D snapshotMid 0.605
2026-09-26,crosslayer,HOUSE-CONTROL-2026,metaculus 0.929,0.929,yes,ticket CONTROLH-2026-D snapshotMid 0.919
2026-09-26,crosslayer,SENATE-RI-2026,metaculus 0.996,0.996,yes,ticket SENATERI-26-D snapshotMid 0.99
2026-09-26,crosslayer,SENATE-OR-2026,metaculus 0.99,0.99,yes,ticket SENATEOR-26-D snapshotMid 0.9775
2026-09-26,crosslayer,SENATE-CO-2026,metaculus 0.98,0.98,yes,ticket SENATECO-26-D snapshotMid 0.9855
2026-09-26,crosslayer,SENATE-MN-2026,metaculus 0.94,0.94,yes,ticket SENATEMN-26-D snapshotMid 0.895
2026-09-26,crosslayer,GOVERNOR-HI-2026,metaculus 0.98,0.98,yes,ticket GOVPARTYHI-26-D snapshotMid 0.9745
2026-09-26,crosslayer,GOVERNOR-NM-2026,metaculus 0.93,0.93,yes,ticket GOVPARTYNM-26-D snapshotMid 0.928
2026-09-26,crosslayer,GOVERNOR-OR-2026,metaculus 0.88,0.88,yes,ticket GOVPARTYOR-26-D snapshotMid 0.85
2026-09-26,crosslayer,GOVERNOR-MI-2026,metaculus 0.85,0.85,yes,ticket GOVPARTYMI-26-D snapshotMid 0.925
2026-09-26,crosslayer,SENATE-AK-2026,metaculus 0.548,0.548,yes,ticket SENATEAK-26-D snapshotMid 0.705
2026-09-26,crosslayer,SENATE-MT-2026,metaculus 0.01,0.01,yes,ticket SENATEMT-26-D snapshotMid 0.011
2026-09-26,crosslayer,SENATE-NE-2026,metaculus 0.001,0.001,yes,ticket SENATENE-26-D snapshotMid 0.002
2026-09-26,crosslayer,SENATE-CONTROL-2026,metaculus 0.572,0.572,no,ticket CONTROLS-2026-D snapshotMid 0.615
2026-09-26,crosslayer,HOUSE-CONTROL-2026,metaculus 0.929,0.929,no,ticket CONTROLH-2026-D snapshotMid 0.919
2026-09-26,crosslayer,SENATE-RI-2026,metaculus 0.993,0.993,no,ticket SENATERI-26-D snapshotMid 0.99
2026-09-26,crosslayer,SENATE-OR-2026,metaculus 0.99,0.99,no,ticket SENATEOR-26-D snapshotMid 0.9775
2026-09-26,crosslayer,SENATE-CO-2026,metaculus 0.98,0.98,no,ticket SENATECO-26-D snapshotMid 0.985
2026-09-26,crosslayer,SENATE-MN-2026,metaculus 0.94,0.94,no,ticket SENATEMN-26-D snapshotMid 0.895
2026-09-26,crosslayer,GOVERNOR-HI-2026,metaculus 0.98,0.98,no,ticket GOVPARTYHI-26-D snapshotMid 0.9745
2026-09-26,crosslayer,GOVERNOR-NM-2026,metaculus 0.928,0.928,no,ticket GOVPARTYNM-26-D snapshotMid 0.9275
2026-09-26,crosslayer,GOVERNOR-OR-2026,metaculus 0.88,0.88,no,ticket GOVPARTYOR-26-D snapshotMid 0.84
2026-09-26,crosslayer,GOVERNOR-MI-2026,metaculus 0.85,0.85,no,ticket GOVPARTYMI-26-D snapshotMid 0.927
2026-09-26,crosslayer,SENATE-AK-2026,metaculus 0.548,0.548,no,ticket SENATEAK-26-D snapshotMid 0.705
2026-09-26,crosslayer,SENATE-MT-2026,metaculus 0.01,0.01,no,ticket SENATEMT-26-D snapshotMid 0.016
2026-09-26,crosslayer,SENATE-NE-2026,metaculus 0.001,0.001,no,ticket SENATENE-26-D snapshotMid 0.0005
2026-09-26,crosslayer,SENATE-CONTROL-2026,metaculus 0.555,0.555,no,ticket CONTROLS-2026-D snapshotMid 0.615
2026-09-26,crosslayer,HOUSE-CONTROL-2026,metaculus 0.919,0.919,no,ticket CONTROLH-2026-D snapshotMid 0.9165
2026-09-26,crosslayer,SENATE-RI-2026,metaculus 0.993,0.993,no,ticket SENATERI-26-D snapshotMid 0.9905
2026-09-26,crosslayer,SENATE-OR-2026,metaculus 0.99,0.99,no,ticket SENATEOR-26-D snapshotMid 0.9775
2026-09-26,crosslayer,SENATE-CO-2026,metaculus 0.98,0.98,no,ticket SENATECO-26-D snapshotMid 0.9855
2026-09-26,crosslayer,SENATE-MN-2026,metaculus 0.95,0.95,no,ticket SENATEMN-26-D snapshotMid 0.895
2026-09-26,crosslayer,GOVERNOR-HI-2026,metaculus 0.98,0.98,no,ticket GOVPARTYHI-26-D snapshotMid 0.9745
2026-09-26,crosslayer,GOVERNOR-NM-2026,metaculus 0.925,0.925,no,ticket GOVPARTYNM-26-D snapshotMid 0.929
2026-09-26,crosslayer,GOVERNOR-OR-2026,metaculus 0.874,0.874,no,ticket GOVPARTYOR-26-D snapshotMid 0.805
2026-09-26,crosslayer,GOVERNOR-MI-2026,metaculus 0.84,0.84,no,ticket GOVPARTYMI-26-D snapshotMid 0.9235
2026-09-26,crosslayer,SENATE-AK-2026,metaculus 0.54,0.54,no,ticket SENATEAK-26-D snapshotMid 0.705
2026-09-26,crosslayer,SENATE-MT-2026,metaculus 0.01,0.01,no,ticket SENATEMT-26-D snapshotMid 0.0145
2026-09-26,crosslayer,SENATE-NE-2026,metaculus 0.001,0.001,no,ticket SENATENE-26-D snapshotMid 0.0025
2026-09-26,crosslayer,SENATE-CONTROL-2026,metaculus 0.569,0.569,no,ticket CONTROLS-2026-D snapshotMid 0.625
2026-09-26,crosslayer,HOUSE-CONTROL-2026,metaculus 0.925,0.925,no,ticket CONTROLH-2026-D snapshotMid 0.9155
2026-09-26,crosslayer,SENATE-RI-2026,metaculus 0.991,0.991,no,ticket SENATERI-26-D snapshotMid 0.9885
2026-09-26,crosslayer,SENATE-OR-2026,metaculus 0.99,0.99,no,ticket SENATEOR-26-D snapshotMid 0.9775
2026-09-26,crosslayer,SENATE-CO-2026,metaculus 0.98,0.98,no,ticket SENATECO-26-D snapshotMid 0.9855
2026-09-26,crosslayer,SENATE-MN-2026,metaculus 0.95,0.95,no,ticket SENATEMN-26-D snapshotMid 0.895
2026-09-26,crosslayer,GOVERNOR-HI-2026,metaculus 0.98,0.98,no,ticket GOVPARTYHI-26-D snapshotMid 0.9745
2026-09-26,crosslayer,GOVERNOR-NM-2026,metaculus 0.925,0.925,no,ticket GOVPARTYNM-26-D snapshotMid 0.93
2026-09-26,crosslayer,GOVERNOR-OR-2026,metaculus 0.874,0.874,no,ticket GOVPARTYOR-26-D snapshotMid 0.815
2026-09-26,crosslayer,GOVERNOR-MI-2026,metaculus 0.84,0.84,no,ticket GOVPARTYMI-26-D snapshotMid 0.926
2026-09-26,crosslayer,SENATE-AK-2026,metaculus 0.54,0.54,no,ticket SENATEAK-26-D snapshotMid 0.695
2026-09-26,crosslayer,SENATE-MT-2026,metaculus 0.01,0.01,no,ticket SENATEMT-26-D snapshotMid 0.0145
2026-09-26,crosslayer,SENATE-NE-2026,metaculus 0.001,0.001,no,ticket SENATENE-26-D snapshotMid 0.0025
2026-09-26,crosslayer,SENATE-CONTROL-2026,metaculus 0.562,0.562,no,ticket CONTROLS-2026-D snapshotMid 0.625
2026-09-26,crosslayer,HOUSE-CONTROL-2026,metaculus 0.919,0.919,no,ticket CONTROLH-2026-D snapshotMid 0.915
2026-09-26,crosslayer,SENATE-RI-2026,metaculus 0.99,0.99,no,ticket SENATERI-26-D snapshotMid 0.9885
2026-09-26,crosslayer,SENATE-OR-2026,metaculus 0.99,0.99,no,ticket SENATEOR-26-D snapshotMid 0.983
2026-09-26,crosslayer,SENATE-CO-2026,metaculus 0.98,0.98,no,ticket SENATECO-26-D snapshotMid 0.9855
2026-09-26,crosslayer,SENATE-MN-2026,metaculus 0.95,0.95,no,ticket SENATEMN-26-D snapshotMid 0.885
2026-09-26,crosslayer,GOVERNOR-HI-2026,metaculus 0.98,0.98,no,ticket GOVPARTYHI-26-D snapshotMid 0.969
2026-09-26,crosslayer,GOVERNOR-NM-2026,metaculus 0.925,0.925,no,ticket GOVPARTYNM-26-D snapshotMid 0.9295
2026-09-26,crosslayer,GOVERNOR-OR-2026,metaculus 0.874,0.874,no,ticket GOVPARTYOR-26-D snapshotMid 0.795
2026-09-26,crosslayer,GOVERNOR-MI-2026,metaculus 0.84,0.84,no,ticket GOVPARTYMI-26-D snapshotMid 0.9225
2026-09-26,crosslayer,SENATE-AK-2026,metaculus 0.54,0.54,no,ticket SENATEAK-26-D snapshotMid 0.705
2026-09-26,crosslayer,SENATE-MT-2026,metaculus 0.01,0.01,no,ticket SENATEMT-26-D snapshotMid 0.009
2026-09-26,crosslayer,SENATE-NE-2026,metaculus 0.001,0.001,no,ticket SENATENE-26-D snapshotMid 0.002
2026-09-26,crosslayer,SENATE-CONTROL-2026,metaculus 0.565,0.565,no,ticket CONTROLS-2026-D snapshotMid 0.625
2026-09-26,crosslayer,HOUSE-CONTROL-2026,metaculus 0.924,0.924,no,ticket CONTROLH-2026-D snapshotMid 0.9155
2026-09-26,crosslayer,SENATE-RI-2026,metaculus 0.99,0.99,no,ticket SENATERI-26-D snapshotMid 0.99
2026-09-26,crosslayer,SENATE-OR-2026,metaculus 0.99,0.99,no,ticket SENATEOR-26-D snapshotMid 0.9785
2026-09-26,crosslayer,SENATE-CO-2026,metaculus 0.98,0.98,no,ticket SENATECO-26-D snapshotMid 0.9865
2026-09-26,crosslayer,SENATE-MN-2026,metaculus 0.94,0.94,no,ticket SENATEMN-26-D snapshotMid 0.875
2026-09-26,crosslayer,GOVERNOR-HI-2026,metaculus 0.98,0.98,no,ticket GOVPARTYHI-26-D snapshotMid 0.9745
2026-09-26,crosslayer,GOVERNOR-NM-2026,metaculus 0.93,0.93,no,ticket GOVPARTYNM-26-D snapshotMid 0.9305
2026-09-26,crosslayer,GOVERNOR-OR-2026,metaculus 0.88,0.88,no,ticket GOVPARTYOR-26-D snapshotMid 0.765
2026-09-26,crosslayer,GOVERNOR-MI-2026,metaculus 0.85,0.85,no,ticket GOVPARTYMI-26-D snapshotMid 0.92
2026-09-26,crosslayer,SENATE-AK-2026,metaculus 0.54,0.54,no,ticket SENATEAK-26-D snapshotMid 0.685
2026-09-26,crosslayer,SENATE-MT-2026,metaculus 0.01,0.01,no,ticket SENATEMT-26-D snapshotMid 0.006
2026-09-26,crosslayer,SENATE-CONTROL-2026,metaculus 0.575,0.575,no,ticket CONTROLS-2026-D snapshotMid 0.625
2026-09-26,crosslayer,HOUSE-CONTROL-2026,metaculus 0.924,0.924,no,ticket CONTROLH-2026-D snapshotMid 0.9165
2026-09-26,crosslayer,SENATE-RI-2026,metaculus 0.99,0.99,no,ticket SENATERI-26-D snapshotMid 0.9905
2026-09-26,crosslayer,SENATE-OR-2026,metaculus 0.99,0.99,no,ticket SENATEOR-26-D snapshotMid 0.985
2026-09-26,crosslayer,SENATE-CO-2026,metaculus 0.98,0.98,no,ticket SENATECO-26-D snapshotMid 0.9865
2026-09-26,crosslayer,SENATE-MN-2026,metaculus 0.94,0.94,no,ticket SENATEMN-26-D snapshotMid 0.895
2026-09-26,crosslayer,GOVERNOR-HI-2026,metaculus 0.98,0.98,no,ticket GOVPARTYHI-26-D snapshotMid 0.9715
2026-09-26,crosslayer,GOVERNOR-NM-2026,metaculus 0.93,0.93,no,ticket GOVPARTYNM-26-D snapshotMid 0.94
2026-09-26,crosslayer,GOVERNOR-OR-2026,metaculus 0.872,0.872,no,ticket GOVPARTYOR-26-D snapshotMid 0.715
2026-09-26,crosslayer,GOVERNOR-MI-2026,metaculus 0.84,0.84,no,ticket GOVPARTYMI-26-D snapshotMid 0.922
2026-09-26,crosslayer,SENATE-AK-2026,metaculus 0.54,0.54,no,ticket SENATEAK-26-D snapshotMid 0.675
2026-09-26,crosslayer,SENATE-MT-2026,metaculus 0.01,0.01,no,ticket SENATEMT-26-D snapshotMid 0.006
2026-09-26,crosslayer,SENATE-NE-2026,metaculus 0.001,0.001,no,ticket SENATENE-26-D snapshotMid 0.004
2026-09-26,crosslayer,SENATE-CONTROL-2026,metaculus 0.581,0.581,no,ticket CONTROLS-2026-D snapshotMid 0.645
2026-09-26,crosslayer,HOUSE-CONTROL-2026,metaculus 0.918,0.918,no,ticket CONTROLH-2026-D snapshotMid 0.9205
2026-09-26,crosslayer,SENATE-OR-2026,metaculus 0.99,0.99,no,ticket SENATEOR-26-D snapshotMid 0.985
2026-09-26,crosslayer,SENATE-RI-2026,metaculus 0.99,0.99,no,ticket SENATERI-26-D snapshotMid 0.9905
2026-09-26,crosslayer,SENATE-CO-2026,metaculus 0.982,0.982,no,ticket SENATECO-26-D snapshotMid 0.9865
2026-09-26,crosslayer,SENATE-MN-2026,metaculus 0.94,0.94,no,ticket SENATEMN-26-D snapshotMid 0.875
2026-09-26,crosslayer,GOVERNOR-HI-2026,metaculus 0.98,0.98,no,ticket GOVPARTYHI-26-D snapshotMid 0.9735
2026-09-26,crosslayer,GOVERNOR-NM-2026,metaculus 0.93,0.93,no,ticket GOVPARTYNM-26-D snapshotMid 0.945
2026-09-26,crosslayer,GOVERNOR-OR-2026,metaculus 0.872,0.872,no,ticket GOVPARTYOR-26-D snapshotMid 0.735
2026-09-26,crosslayer,GOVERNOR-MI-2026,metaculus 0.85,0.85,no,ticket GOVPARTYMI-26-D snapshotMid 0.9275
2026-09-26,crosslayer,SENATE-AK-2026,metaculus 0.525,0.525,no,ticket SENATEAK-26-D snapshotMid 0.705
2026-09-26,crosslayer,SENATE-MT-2026,metaculus 0.01,0.01,no,ticket SENATEMT-26-D snapshotMid 0.007
2026-09-26,crosslayer,SENATE-NE-2026,metaculus 0.001,0.001,no,ticket SENATENE-26-D snapshotMid 0.004
2026-09-26,crosslayer,SENATE-CONTROL-2026,metaculus 0.576,0.576,no,ticket CONTROLS-2026-D snapshotMid 0.625
2026-09-26,crosslayer,HOUSE-CONTROL-2026,metaculus 0.919,0.919,no,ticket CONTROLH-2026-D snapshotMid 0.9195
2026-09-26,crosslayer,GOVERNOR-HI-2026,metaculus 0.98,0.98,no,ticket GOVPARTYHI-26-D snapshotMid 0.971
2026-09-26,crosslayer,GOVERNOR-NM-2026,metaculus 0.94,0.94,no,ticket GOVPARTYNM-26-D snapshotMid 0.9455
2026-09-26,crosslayer,GOVERNOR-OR-2026,metaculus 0.87,0.87,no,ticket GOVPARTYOR-26-D snapshotMid 0.735
2026-09-26,crosslayer,GOVERNOR-MI-2026,metaculus 0.85,0.85,no,ticket GOVPARTYMI-26-D snapshotMid 0.927
2026-09-26,crosslayer,SENATE-AK-2026,metaculus 0.525,0.525,no,ticket SENATEAK-26-D snapshotMid 0.73
2026-09-26,crosslayer,SENATE-MT-2026,metaculus 0.01,0.01,no,ticket SENATEMT-26-D snapshotMid 0.0085
2026-09-26,crosslayer,SENATE-NE-2026,metaculus 0.001,0.001,no,ticket SENATENE-26-D snapshotMid 0.004
2026-09-26,crosslayer,SENATE-CONTROL-2026,metaculus 0.584,0.584,no,ticket CONTROLS-2026-D snapshotMid 0.645
2026-09-26,crosslayer,HOUSE-CONTROL-2026,metaculus 0.929,0.929,no,ticket CONTROLH-2026-D snapshotMid 0.9165
2026-09-26,crosslayer,SENATE-OR-2026,metaculus 0.99,0.99,no,ticket SENATEOR-26-D snapshotMid 0.988
2026-09-26,crosslayer,SENATE-RI-2026,metaculus 0.99,0.99,no,ticket SENATERI-26-D snapshotMid 0.9905
2026-09-26,crosslayer,SENATE-CO-2026,metaculus 0.982,0.982,no,ticket SENATECO-26-D snapshotMid 0.9915
2026-09-26,crosslayer,SENATE-MN-2026,metaculus 0.925,0.925,no,ticket SENATEMN-26-D snapshotMid 0.865
2026-09-26,crosslayer,GOVERNOR-HI-2026,metaculus 0.98,0.98,no,ticket GOVPARTYHI-26-D snapshotMid 0.9735
2026-09-26,crosslayer,GOVERNOR-NM-2026,metaculus 0.94,0.94,no,ticket GOVPARTYNM-26-D snapshotMid 0.945
2026-09-26,crosslayer,GOVERNOR-OR-2026,metaculus 0.86,0.86,no,ticket GOVPARTYOR-26-D snapshotMid 0.755
2026-09-26,crosslayer,GOVERNOR-MI-2026,metaculus 0.85,0.85,no,ticket GOVPARTYMI-26-D snapshotMid 0.9305
2026-09-26,crosslayer,SENATE-AK-2026,metaculus 0.525,0.525,no,ticket SENATEAK-26-D snapshotMid 0.735
2026-09-26,crosslayer,SENATE-MT-2026,metaculus 0.01,0.01,no,ticket SENATEMT-26-D snapshotMid 0.021
2026-09-26,crosslayer,SENATE-NE-2026,metaculus 0.001,0.001,no,ticket SENATENE-26-D snapshotMid 0.0015
2026-09-26,crosslayer,SENATE-CONTROL-2026,metaculus 0.586,0.586,no,ticket CONTROLS-2026-D snapshotMid 0.645
2026-09-26,crosslayer,HOUSE-CONTROL-2026,metaculus 0.929,0.929,no,ticket CONTROLH-2026-D snapshotMid 0.9155
2026-09-26,crosslayer,SENATE-OR-2026,metaculus 0.99,0.99,no,ticket SENATEOR-26-D snapshotMid 0.9855
2026-09-26,crosslayer,SENATE-RI-2026,metaculus 0.99,0.99,no,ticket SENATERI-26-D snapshotMid 0.99
2026-09-26,crosslayer,SENATE-CO-2026,metaculus 0.982,0.982,no,ticket SENATECO-26-D snapshotMid 0.991
2026-09-26,crosslayer,SENATE-MN-2026,metaculus 0.925,0.925,no,ticket SENATEMN-26-D snapshotMid 0.865
2026-09-26,crosslayer,GOVERNOR-HI-2026,metaculus 0.98,0.98,no,ticket GOVPARTYHI-26-D snapshotMid 0.9735
2026-09-26,crosslayer,GOVERNOR-NM-2026,metaculus 0.94,0.94,no,ticket GOVPARTYNM-26-D snapshotMid 0.9465
2026-09-26,crosslayer,GOVERNOR-OR-2026,metaculus 0.86,0.86,no,ticket GOVPARTYOR-26-D snapshotMid 0.76
2026-09-26,crosslayer,GOVERNOR-MI-2026,metaculus 0.85,0.85,no,ticket GOVPARTYMI-26-D snapshotMid 0.937
2026-09-26,crosslayer,SENATE-AK-2026,metaculus 0.525,0.525,no,ticket SENATEAK-26-D snapshotMid 0.745
2026-09-26,crosslayer,SENATE-MT-2026,metaculus 0.009,0.009,no,ticket SENATEMT-26-D snapshotMid 0.009
2026-09-26,crosslayer,SENATE-NE-2026,metaculus 0.001,0.001,no,ticket SENATENE-26-D snapshotMid 0.0015
2026-09-26,crosslayer,SENATE-CONTROL-2026,metaculus 0.588,0.588,no,ticket CONTROLS-2026-D snapshotMid 0.635
2026-09-26,crosslayer,HOUSE-CONTROL-2026,metaculus 0.922,0.922,no,ticket CONTROLH-2026-D snapshotMid 0.895
2026-09-26,crosslayer,SENATE-RI-2026,metaculus 0.99,0.99,no,ticket SENATERI-26-D snapshotMid 0.989
2026-09-26,crosslayer,SENATE-OR-2026,metaculus 0.99,0.99,no,ticket SENATEOR-26-D snapshotMid 0.9855
2026-09-26,crosslayer,SENATE-CO-2026,metaculus 0.985,0.985,no,ticket SENATECO-26-D snapshotMid 0.991
2026-09-26,crosslayer,SENATE-NC-2026,metaculus 0.92,0.92,no,ticket SENATENC-26-D snapshotMid 0.968
2026-09-26,crosslayer,GOVERNOR-HI-2026,metaculus 0.98,0.98,no,ticket GOVPARTYHI-26-D snapshotMid 0.9775
2026-09-26,crosslayer,GOVERNOR-NM-2026,metaculus 0.94,0.94,no,ticket GOVPARTYNM-26-D snapshotMid 0.94
2026-09-26,crosslayer,GOVERNOR-OR-2026,metaculus 0.858,0.858,no,ticket GOVPARTYOR-26-D snapshotMid 0.775
2026-09-26,crosslayer,GOVERNOR-MI-2026,metaculus 0.85,0.85,no,ticket GOVPARTYMI-26-D snapshotMid 0.9225
2026-09-26,crosslayer,SENATE-AK-2026,metaculus 0.54,0.54,no,ticket SENATEAK-26-D snapshotMid 0.765
2026-09-26,crosslayer,SENATE-MT-2026,metaculus 0.009,0.009,no,ticket SENATEMT-26-D snapshotMid 0.008
2026-09-26,crosslayer,SENATE-NE-2026,metaculus 0.001,0.001,no,ticket SENATENE-26-D snapshotMid 0.0015
2026-09-26,crosslayer,SENATE-CONTROL-2026,metaculus 0.598,0.598,no,ticket CONTROLS-2026-D snapshotMid 0.615
2026-09-26,crosslayer,HOUSE-CONTROL-2026,metaculus 0.922,0.922,no,ticket CONTROLH-2026-D snapshotMid 0.9005
2026-09-26,crosslayer,SENATE-OR-2026,metaculus 0.99,0.99,no,ticket SENATEOR-26-D snapshotMid 0.983
2026-09-26,crosslayer,SENATE-RI-2026,metaculus 0.99,0.99,no,ticket SENATERI-26-D snapshotMid 0.9885
2026-09-26,crosslayer,SENATE-CO-2026,metaculus 0.985,0.985,no,ticket SENATECO-26-D snapshotMid 0.988
2026-09-26,crosslayer,SENATE-NC-2026,metaculus 0.92,0.92,no,ticket SENATENC-26-D snapshotMid 0.9685
2026-09-26,crosslayer,GOVERNOR-HI-2026,metaculus 0.98,0.98,no,ticket GOVPARTYHI-26-D snapshotMid 0.9795
2026-09-26,crosslayer,GOVERNOR-NM-2026,metaculus 0.94,0.94,no,ticket GOVPARTYNM-26-D snapshotMid 0.939
2026-09-26,crosslayer,GOVERNOR-OR-2026,metaculus 0.86,0.86,no,ticket GOVPARTYOR-26-D snapshotMid 0.755
2026-09-26,crosslayer,GOVERNOR-MI-2026,metaculus 0.85,0.85,no,ticket GOVPARTYMI-26-D snapshotMid 0.9205
2026-09-26,crosslayer,SENATE-AK-2026,metaculus 0.548,0.548,no,ticket SENATEAK-26-D snapshotMid 0.755
2026-09-26,crosslayer,SENATE-MT-2026,metaculus 0.009,0.009,no,ticket SENATEMT-26-D snapshotMid 0.0085
2026-09-26,crosslayer,SENATE-NE-2026,metaculus 0.001,0.001,no,ticket SENATENE-26-D snapshotMid 0.001
2026-09-26,crosslayer,SENATE-CONTROL-2026,metaculus 0.608,0.608,no,ticket CONTROLS-2026-D snapshotMid 0.605
2026-09-26,crosslayer,HOUSE-CONTROL-2026,metaculus 0.93,0.93,no,ticket CONTROLH-2026-D snapshotMid 0.895
2026-09-26,crosslayer,SENATE-OR-2026,metaculus 0.99,0.99,no,ticket SENATEOR-26-D snapshotMid 0.983
2026-09-26,crosslayer,SENATE-RI-2026,metaculus 0.99,0.99,no,ticket SENATERI-26-D snapshotMid 0.978
2026-09-26,crosslayer,SENATE-CO-2026,metaculus 0.985,0.985,no,ticket SENATECO-26-D snapshotMid 0.988
2026-09-26,crosslayer,SENATE-GA-2026,metaculus 0.93,0.93,no,ticket SENATEGA-26-D snapshotMid 0.9545
2026-09-26,crosslayer,SENATE-AK-2026,metaculus 0.54,0.54,no,ticket SENATEAK-26-D snapshotMid 0.735
2026-09-26,crosslayer,SENATE-MT-2026,metaculus 0.01,0.01,no,ticket SENATEMT-26-D snapshotMid 0.0085
2026-09-26,crosslayer,SENATE-NE-2026,metaculus 0.001,0.001,no,ticket SENATENE-26-D snapshotMid 0.0025
2026-09-27,poll,cnn-ssrs-2026-09-me-senate,U.S. Senate — Maine CNN Poll conducted by SSRS,0.6608,yes,margin 3pp -> logistic k=4.5; ticket SENATEME-26-D
2026-09-27,poll,cnn-ssrs-2026-09-mi-senate,U.S. Senate — Michigan (open seat) CNN Poll conducted by SSRS,0.6608,yes,margin 3pp -> logistic k=4.5; ticket SENATEMI-26-D
2026-09-27,poll,emerson-2026-09-mi-senate,U.S. Senate — Michigan (open seat) Emerson College Polling / Nexstar Media,0.6093,yes,margin 2pp -> logistic k=4.5; ticket SENATEMI-26-D
2026-09-27,poll,emerson-2026-09-tx-senate,U.S. Senate — Texas (open seat) Emerson College Polling / Nexstar Media,0.5553,yes,margin 1pp -> logistic k=4.5; ticket SENATETX-26-D
2026-09-27,poll,emerson-2026-09-ia-senate,U.S. Senate — Iowa (open seat) Emerson College Polling / Nexstar Media,0.2477,yes,margin -5pp -> logistic k=4.5; ticket SENATEIA-26-D
2026-09-27,poll,reconmr-siena-2026-09-tx-senate,U.S. Senate — Texas (open seat) Texas Poll — ReconMR fieldwork (released via Siena Research Institute),0.7914,yes,margin 6pp -> logistic k=4.5; ticket SENATETX-26-D
2026-09-27,poll,suffolk-2026-08-ia-senate,U.S. Senate — Iowa (open seat) Suffolk University Political Research Center (SUPRC),0.2913,yes,margin -4pp -> logistic k=4.5; ticket SENATEIA-26-D
2026-09-27,poll,npi-2026-08-az-governor,Governor — Arizona Noble Predictive Insights — Arizona Public Opinion Pulse (AZPOP),0.9473,yes,margin 13pp -> logistic k=4.5; ticket GOVPARTYAZ-26-D
2026-09-27,poll,fm-2026-08-pa-governor,Governor — Pennsylvania Franklin & Marshall College Poll,0.9961,yes,margin 25pp -> logistic k=4.5; ticket GOVPARTYPA-26-D
2026-09-27,poll,elon-2026-09-nc-senate,U.S. Senate — North Carolina Elon University Poll (fielded by YouGov),0.9202,yes,margin 11pp -> logistic k=4.5; ticket SENATENC-26-D
2026-09-27,poll,hpu-2026-04-nc-senate,U.S. Senate — North Carolina HPU Poll 120 — High Point University Survey Research Center (fielded by YouGov),0.8554,yes,margin 8pp -> logistic k=4.5; ticket SENATENC-26-D
2026-09-27,poll,hpu-2026-08-nc-senate,U.S. Senate — North Carolina HPU Poll 126 — High Point University Survey Research Center (fielded by YouGov),0.7523,yes,margin 5pp -> logistic k=4.5; ticket SENATENC-26-D
2026-09-27,poll,stetson-2026-04-fl-governor,Governor — Florida Stetson University Center for Public Opinion Research (CPOR) — Spring 2026 Survey,0.1743,yes,margin -7pp -> logistic k=4.5; ticket GOVPARTYFL-26-D
2026-09-27,poll,ppp-2026-07-nc-senate,U.S. Senate — North Carolina Public Policy Polling (PPP),0.7087,yes,margin 4pp -> logistic k=4.5; ticket SENATENC-26-D
2026-09-27,poll,unf-2026-07-fl-governor,Governor — Florida University of North Florida Public Opinion Research Lab,0.2477,yes,margin -5pp -> logistic k=4.5; ticket GOVPARTYFL-26-D
2026-09-27,poll,unf-2026-07-fl-senate,U.S. Senate — Florida (special) University of North Florida Public Opinion Research Lab,0.1446,yes,margin -8pp -> logistic k=4.5; ticket SENATEFLS-26-D
2026-09-27,poll,rasmussen-2026-09-ga-governor,Governor — Georgia Rasmussen Reports (field work by Pulse Opinion Research),0.3392,yes,margin -3pp -> logistic k=4.5; ticket GOVPARTYGA-26-D
2026-09-27,poll,rasmussen-2026-09-ga-senate,U.S. Senate — Georgia Rasmussen Reports (field work by Pulse Opinion Research),0.8808,yes,margin 9pp -> logistic k=4.5; ticket SENATEGA-26-D
2026-09-27,poll,rasmussen-2026-09-sc-senate,U.S. Senate — South Carolina (special) Rasmussen Reports (field work by Pulse Opinion Research),0.2477,yes,margin -5pp -> logistic k=4.5; ticket SENATESC-26-D
2026-09-27,rating,AK,Toss Up / Tilt R,0.25-0.65,yes,ticket SENATEAK-26-D
2026-09-27,rating,IA,Toss Up / Tilt R,0.25-0.65,yes,ticket SENATEIA-26-D
2026-09-27,rating,ME,Toss Up / Toss-up,0.35-0.65,yes,ticket SENATEME-26-D
2026-09-27,rating,MI,Toss Up / Toss-up,0.35-0.65,yes,ticket SENATEMI-26-D
2026-09-27,rating,NH,Toss Up / Toss-up,0.35-0.65,yes,ticket SENATENH-26-D
2026-09-27,rating,OH,Toss Up / Toss-up,0.35-0.65,yes,ticket SENATEOHS-26-D
2026-09-27,rating,TX,Toss Up / Lean R,0.2-0.65,yes,ticket SENATETX-26-D
2026-09-27,rating,GA,Lean D / Tilt D,0.55-0.8,yes,ticket SENATEGA-26-D
2026-09-27,rating,NC,Lean D / Tilt D,0.55-0.8,yes,ticket SENATENC-26-D
2026-09-27,rating,MN,Likely D / Likely D,0.75-0.92,yes,ticket SENATEMN-26-D
2026-09-27,rating,KS,Likely R / Likely R,0.08-0.25,yes,ticket SENATEKS-26-D
2026-09-27,rating,SC,Solid R / Likely R,0-0.25,yes,ticket SENATESC-26-D
2026-09-27,crosslayer,SENATE-CONTROL-2026,metaculus 0.517,0.517,yes,ticket CONTROLS-2026-D snapshotMid 0.595
2026-09-27,crosslayer,HOUSE-CONTROL-2026,metaculus 0.888,0.888,yes,ticket CONTROLH-2026-D snapshotMid 0.895
2026-09-27,crosslayer,HOUSE-CONTROL-2026,metaculus 0.888,0.888,yes,ticket CONTROLH-2026-D snapshotMid 0.9015
2026-09-27,crosslayer,GOVERNOR-HI-2026,metaculus 0.98,0.98,yes,ticket GOVPARTYHI-26-D snapshotMid 0.974
2026-09-27,crosslayer,GOVERNOR-NM-2026,metaculus 0.922,0.922,yes,ticket GOVPARTYNM-26-D snapshotMid 0.9255
2026-09-27,crosslayer,GOVERNOR-OR-2026,metaculus 0.88,0.88,yes,ticket GOVPARTYOR-26-D snapshotMid 0.845
2026-09-27,crosslayer,GOVERNOR-MI-2026,metaculus 0.85,0.85,yes,ticket GOVPARTYMI-26-D snapshotMid 0.915
2026-09-27,crosslayer,SENATE-MT-2026,metaculus 0.01,0.01,yes,ticket SENATEMT-26-D snapshotMid 0.0075
2026-09-27,crosslayer,SENATE-NE-2026,metaculus 0.001,0.001,yes,ticket SENATENE-26-D snapshotMid 0.0005
2026-09-27,crosslayer,SENATE-RI-2026,metaculus 0.99,0.99,yes,ticket SENATERI-26-D snapshotMid 0.979
2026-09-27,crosslayer,SENATE-OR-2026,metaculus 0.99,0.99,yes,ticket SENATEOR-26-D snapshotMid 0.977
2026-09-27,crosslayer,SENATE-CO-2026,metaculus 0.98,0.98,yes,ticket SENATECO-26-D snapshotMid 0.9725
2026-09-27,crosslayer,SENATE-MN-2026,metaculus 0.92,0.92,yes,ticket SENATEMN-26-D snapshotMid 0.9035
2026-09-27,crosslayer,SENATE-AK-2026,metaculus 0.54,0.54,yes,ticket SENATEAK-26-D snapshotMid 0.695
2026-09-27,crosslayer,SENATE-CONTROL-2026,metaculus 0.5,0.5,yes,ticket CONTROLS-2026-D snapshotMid 0.605
2026-09-27,crosslayer,HOUSE-CONTROL-2026,metaculus 0.9,0.9,yes,ticket CONTROLH-2026-D snapshotMid 0.9085
2026-09-27,crosslayer,SENATE-RI-2026,metaculus 0.99,0.99,yes,ticket SENATERI-26-D snapshotMid 0.982
2026-09-27,crosslayer,SENATE-OR-2026,metaculus 0.99,0.99,yes,ticket SENATEOR-26-D snapshotMid 0.977
2026-09-27,crosslayer,SENATE-CO-2026,metaculus 0.98,0.98,yes,ticket SENATECO-26-D snapshotMid 0.973
2026-09-27,crosslayer,SENATE-MN-2026,metaculus 0.93,0.93,yes,ticket SENATEMN-26-D snapshotMid 0.902
2026-09-27,crosslayer,GOVERNOR-HI-2026,metaculus 0.98,0.98,yes,ticket GOVPARTYHI-26-D snapshotMid 0.974
2026-09-27,crosslayer,GOVERNOR-NM-2026,metaculus 0.922,0.922,yes,ticket GOVPARTYNM-26-D snapshotMid 0.928
2026-09-27,crosslayer,GOVERNOR-OR-2026,metaculus 0.88,0.88,yes,ticket GOVPARTYOR-26-D snapshotMid 0.86
2026-09-27,crosslayer,GOVERNOR-MI-2026,metaculus 0.85,0.85,yes,ticket GOVPARTYMI-26-D snapshotMid 0.9165
2026-09-27,crosslayer,SENATE-AK-2026,metaculus 0.54,0.54,yes,ticket SENATEAK-26-D snapshotMid 0.705
2026-09-27,crosslayer,SENATE-MT-2026,metaculus 0.01,0.01,yes,ticket SENATEMT-26-D snapshotMid 0.01
2026-09-27,crosslayer,SENATE-NE-2026,metaculus 0.001,0.001,yes,ticket SENATENE-26-D snapshotMid 0.0025
2026-09-27,crosslayer,SENATE-CONTROL-2026,metaculus 0.512,0.512,yes,ticket CONTROLS-2026-D snapshotMid 0.605
2026-09-27,crosslayer,HOUSE-CONTROL-2026,metaculus 0.908,0.908,yes,ticket CONTROLH-2026-D snapshotMid 0.9065
2026-09-27,crosslayer,SENATE-RI-2026,metaculus 0.99,0.99,yes,ticket SENATERI-26-D snapshotMid 0.9825
2026-09-27,crosslayer,SENATE-OR-2026,metaculus 0.99,0.99,yes,ticket SENATEOR-26-D snapshotMid 0.977
2026-09-27,crosslayer,SENATE-CO-2026,metaculus 0.98,0.98,yes,ticket SENATECO-26-D snapshotMid 0.973
2026-09-27,crosslayer,SENATE-MN-2026,metaculus 0.93,0.93,yes,ticket SENATEMN-26-D snapshotMid 0.905
2026-09-27,crosslayer,GOVERNOR-HI-2026,metaculus 0.98,0.98,yes,ticket GOVPARTYHI-26-D snapshotMid 0.974
2026-09-27,crosslayer,GOVERNOR-NM-2026,metaculus 0.928,0.928,yes,ticket GOVPARTYNM-26-D snapshotMid 0.931
2026-09-27,crosslayer,GOVERNOR-OR-2026,metaculus 0.882,0.882,yes,ticket GOVPARTYOR-26-D snapshotMid 0.86
2026-09-27,crosslayer,GOVERNOR-MI-2026,metaculus 0.84,0.84,yes,ticket GOVPARTYMI-26-D snapshotMid 0.923
2026-09-27,crosslayer,SENATE-AK-2026,metaculus 0.54,0.54,yes,ticket SENATEAK-26-D snapshotMid 0.735
2026-09-27,crosslayer,SENATE-MT-2026,metaculus 0.01,0.01,yes,ticket SENATEMT-26-D snapshotMid 0.009
2026-09-27,crosslayer,SENATE-NE-2026,metaculus 0.001,0.001,yes,ticket SENATENE-26-D snapshotMid 0.002
2026-09-27,crosslayer,SENATE-GA-2026,metaculus 0.92,0.92,yes,ticket SENATEGA-26-D snapshotMid 0.9385
2026-09-27,crosslayer,SENATE-CONTROL-2026,metaculus 0.531,0.531,yes,ticket CONTROLS-2026-D snapshotMid 0.625
2026-09-27,crosslayer,HOUSE-CONTROL-2026,metaculus 0.906,0.906,yes,ticket CONTROLH-2026-D snapshotMid 0.9095
2026-09-27,crosslayer,SENATE-RI-2026,metaculus 0.99,0.99,yes,ticket SENATERI-26-D snapshotMid 0.9865
2026-09-27,crosslayer,SENATE-OR-2026,metaculus 0.99,0.99,yes,ticket SENATEOR-26-D snapshotMid 0.977
2026-09-27,crosslayer,SENATE-CO-2026,metaculus 0.98,0.98,yes,ticket SENATECO-26-D snapshotMid 0.9735
2026-09-27,crosslayer,SENATE-GA-2026,metaculus 0.92,0.92,yes,ticket SENATEGA-26-D snapshotMid 0.9385
2026-09-27,crosslayer,GOVERNOR-HI-2026,metaculus 0.98,0.98,yes,ticket GOVPARTYHI-26-D snapshotMid 0.973
2026-09-27,crosslayer,GOVERNOR-NM-2026,metaculus 0.928,0.928,yes,ticket GOVPARTYNM-26-D snapshotMid 0.931
2026-09-27,crosslayer,GOVERNOR-OR-2026,metaculus 0.882,0.882,yes,ticket GOVPARTYOR-26-D snapshotMid 0.855
2026-09-27,crosslayer,GOVERNOR-MI-2026,metaculus 0.84,0.84,yes,ticket GOVPARTYMI-26-D snapshotMid 0.9235
2026-09-27,crosslayer,SENATE-AK-2026,metaculus 0.54,0.54,yes,ticket SENATEAK-26-D snapshotMid 0.755
2026-09-27,crosslayer,SENATE-MT-2026,metaculus 0.01,0.01,yes,ticket SENATEMT-26-D snapshotMid 0.012
2026-09-27,crosslayer,SENATE-NE-2026,metaculus 0.002,0.002,yes,ticket SENATENE-26-D snapshotMid 0.0025
2026-09-27,crosslayer,SENATE-NC-2026,metaculus 0.92,0.92,yes,ticket SENATENC-26-D snapshotMid 0.9365
2026-09-27,crosslayer,SENATE-CONTROL-2026,metaculus 0.567,0.567,yes,ticket CONTROLS-2026-D snapshotMid 0.615
2026-09-27,crosslayer,HOUSE-CONTROL-2026,metaculus 0.91,0.91,yes,ticket CONTROLH-2026-D snapshotMid 0.9165
2026-09-27,crosslayer,SENATE-RI-2026,metaculus 0.996,0.996,yes,ticket SENATERI-26-D snapshotMid 0.99
2026-09-27,crosslayer,SENATE-OR-2026,metaculus 0.99,0.99,yes,ticket SENATEOR-26-D snapshotMid 0.9775
2026-09-27,crosslayer,SENATE-CO-2026,metaculus 0.98,0.98,yes,ticket SENATECO-26-D snapshotMid 0.9845
2026-09-27,crosslayer,SENATE-MN-2026,metaculus 0.94,0.94,yes,ticket SENATEMN-26-D snapshotMid 0.9055
2026-09-27,crosslayer,GOVERNOR-HI-2026,metaculus 0.98,0.98,yes,ticket GOVPARTYHI-26-D snapshotMid 0.9745
2026-09-27,crosslayer,GOVERNOR-NM-2026,metaculus 0.928,0.928,yes,ticket GOVPARTYNM-26-D snapshotMid 0.9295
2026-09-27,crosslayer,GOVERNOR-OR-2026,metaculus 0.88,0.88,yes,ticket GOVPARTYOR-26-D snapshotMid 0.84
2026-09-27,crosslayer,GOVERNOR-MI-2026,metaculus 0.85,0.85,yes,ticket GOVPARTYMI-26-D snapshotMid 0.927
2026-09-27,crosslayer,SENATE-AK-2026,metaculus 0.548,0.548,yes,ticket SENATEAK-26-D snapshotMid 0.705
2026-09-27,crosslayer,SENATE-MT-2026,metaculus 0.01,0.01,yes,ticket SENATEMT-26-D snapshotMid 0.0095
2026-09-27,crosslayer,SENATE-NE-2026,metaculus 0.001,0.001,yes,ticket SENATENE-26-D snapshotMid 0.002
2026-09-27,crosslayer,SENATE-CONTROL-2026,metaculus 0.582,0.582,yes,ticket CONTROLS-2026-D snapshotMid 0.605
2026-09-27,crosslayer,HOUSE-CONTROL-2026,metaculus 0.929,0.929,yes,ticket CONTROLH-2026-D snapshotMid 0.919
2026-09-27,crosslayer,SENATE-RI-2026,metaculus 0.996,0.996,yes,ticket SENATERI-26-D snapshotMid 0.99
2026-09-27,crosslayer,SENATE-OR-2026,metaculus 0.99,0.99,yes,ticket SENATEOR-26-D snapshotMid 0.9775
2026-09-27,crosslayer,SENATE-CO-2026,metaculus 0.98,0.98,yes,ticket SENATECO-26-D snapshotMid 0.9855
2026-09-27,crosslayer,SENATE-MN-2026,metaculus 0.94,0.94,yes,ticket SENATEMN-26-D snapshotMid 0.895
2026-09-27,crosslayer,GOVERNOR-HI-2026,metaculus 0.98,0.98,yes,ticket GOVPARTYHI-26-D snapshotMid 0.9745
2026-09-27,crosslayer,GOVERNOR-NM-2026,metaculus 0.93,0.93,yes,ticket GOVPARTYNM-26-D snapshotMid 0.928
2026-09-27,crosslayer,GOVERNOR-OR-2026,metaculus 0.88,0.88,yes,ticket GOVPARTYOR-26-D snapshotMid 0.85
2026-09-27,crosslayer,GOVERNOR-MI-2026,metaculus 0.85,0.85,yes,ticket GOVPARTYMI-26-D snapshotMid 0.925
2026-09-27,crosslayer,SENATE-AK-2026,metaculus 0.548,0.548,yes,ticket SENATEAK-26-D snapshotMid 0.705
2026-09-27,crosslayer,SENATE-MT-2026,metaculus 0.01,0.01,yes,ticket SENATEMT-26-D snapshotMid 0.011
2026-09-27,crosslayer,SENATE-NE-2026,metaculus 0.001,0.001,yes,ticket SENATENE-26-D snapshotMid 0.002
2026-09-27,crosslayer,SENATE-CONTROL-2026,metaculus 0.572,0.572,yes,ticket CONTROLS-2026-D snapshotMid 0.615
2026-09-27,crosslayer,HOUSE-CONTROL-2026,metaculus 0.929,0.929,yes,ticket CONTROLH-2026-D snapshotMid 0.919
2026-09-27,crosslayer,SENATE-RI-2026,metaculus 0.993,0.993,yes,ticket SENATERI-26-D snapshotMid 0.99
2026-09-27,crosslayer,SENATE-OR-2026,metaculus 0.99,0.99,yes,ticket SENATEOR-26-D snapshotMid 0.9775
2026-09-27,crosslayer,SENATE-CO-2026,metaculus 0.98,0.98,yes,ticket SENATECO-26-D snapshotMid 0.985
2026-09-27,crosslayer,SENATE-MN-2026,metaculus 0.94,0.94,yes,ticket SENATEMN-26-D snapshotMid 0.895
2026-09-27,crosslayer,GOVERNOR-HI-2026,metaculus 0.98,0.98,yes,ticket GOVPARTYHI-26-D snapshotMid 0.9745
2026-09-27,crosslayer,GOVERNOR-NM-2026,metaculus 0.928,0.928,yes,ticket GOVPARTYNM-26-D snapshotMid 0.9275
2026-09-27,crosslayer,GOVERNOR-OR-2026,metaculus 0.88,0.88,yes,ticket GOVPARTYOR-26-D snapshotMid 0.84
2026-09-27,crosslayer,GOVERNOR-MI-2026,metaculus 0.85,0.85,yes,ticket GOVPARTYMI-26-D snapshotMid 0.927
2026-09-27,crosslayer,SENATE-AK-2026,metaculus 0.548,0.548,yes,ticket SENATEAK-26-D snapshotMid 0.705
2026-09-27,crosslayer,SENATE-MT-2026,metaculus 0.01,0.01,yes,ticket SENATEMT-26-D snapshotMid 0.016
2026-09-27,crosslayer,SENATE-NE-2026,metaculus 0.001,0.001,yes,ticket SENATENE-26-D snapshotMid 0.0005
2026-09-27,crosslayer,SENATE-CONTROL-2026,metaculus 0.555,0.555,no,ticket CONTROLS-2026-D snapshotMid 0.615
2026-09-27,crosslayer,HOUSE-CONTROL-2026,metaculus 0.919,0.919,no,ticket CONTROLH-2026-D snapshotMid 0.9165
2026-09-27,crosslayer,SENATE-RI-2026,metaculus 0.993,0.993,no,ticket SENATERI-26-D snapshotMid 0.9905
2026-09-27,crosslayer,SENATE-OR-2026,metaculus 0.99,0.99,no,ticket SENATEOR-26-D snapshotMid 0.9775
2026-09-27,crosslayer,SENATE-CO-2026,metaculus 0.98,0.98,no,ticket SENATECO-26-D snapshotMid 0.9855
2026-09-27,crosslayer,SENATE-MN-2026,metaculus 0.95,0.95,no,ticket SENATEMN-26-D snapshotMid 0.895
2026-09-27,crosslayer,GOVERNOR-HI-2026,metaculus 0.98,0.98,no,ticket GOVPARTYHI-26-D snapshotMid 0.9745
2026-09-27,crosslayer,GOVERNOR-NM-2026,metaculus 0.925,0.925,no,ticket GOVPARTYNM-26-D snapshotMid 0.929
2026-09-27,crosslayer,GOVERNOR-OR-2026,metaculus 0.874,0.874,no,ticket GOVPARTYOR-26-D snapshotMid 0.805
2026-09-27,crosslayer,GOVERNOR-MI-2026,metaculus 0.84,0.84,no,ticket GOVPARTYMI-26-D snapshotMid 0.9235
2026-09-27,crosslayer,SENATE-AK-2026,metaculus 0.54,0.54,no,ticket SENATEAK-26-D snapshotMid 0.705
2026-09-27,crosslayer,SENATE-MT-2026,metaculus 0.01,0.01,no,ticket SENATEMT-26-D snapshotMid 0.0145
2026-09-27,crosslayer,SENATE-NE-2026,metaculus 0.001,0.001,no,ticket SENATENE-26-D snapshotMid 0.0025
2026-09-27,crosslayer,SENATE-CONTROL-2026,metaculus 0.569,0.569,no,ticket CONTROLS-2026-D snapshotMid 0.625
2026-09-27,crosslayer,HOUSE-CONTROL-2026,metaculus 0.925,0.925,no,ticket CONTROLH-2026-D snapshotMid 0.9155
2026-09-27,crosslayer,SENATE-RI-2026,metaculus 0.991,0.991,no,ticket SENATERI-26-D snapshotMid 0.9885
2026-09-27,crosslayer,SENATE-OR-2026,metaculus 0.99,0.99,no,ticket SENATEOR-26-D snapshotMid 0.9775
2026-09-27,crosslayer,SENATE-CO-2026,metaculus 0.98,0.98,no,ticket SENATECO-26-D snapshotMid 0.9855
2026-09-27,crosslayer,SENATE-MN-2026,metaculus 0.95,0.95,no,ticket SENATEMN-26-D snapshotMid 0.895
2026-09-27,crosslayer,GOVERNOR-HI-2026,metaculus 0.98,0.98,no,ticket GOVPARTYHI-26-D snapshotMid 0.9745
2026-09-27,crosslayer,GOVERNOR-NM-2026,metaculus 0.925,0.925,no,ticket GOVPARTYNM-26-D snapshotMid 0.93
2026-09-27,crosslayer,GOVERNOR-OR-2026,metaculus 0.874,0.874,no,ticket GOVPARTYOR-26-D snapshotMid 0.815
2026-09-27,crosslayer,GOVERNOR-MI-2026,metaculus 0.84,0.84,no,ticket GOVPARTYMI-26-D snapshotMid 0.926
2026-09-27,crosslayer,SENATE-AK-2026,metaculus 0.54,0.54,no,ticket SENATEAK-26-D snapshotMid 0.695
2026-09-27,crosslayer,SENATE-MT-2026,metaculus 0.01,0.01,no,ticket SENATEMT-26-D snapshotMid 0.0145
2026-09-27,crosslayer,SENATE-NE-2026,metaculus 0.001,0.001,no,ticket SENATENE-26-D snapshotMid 0.0025
2026-09-27,crosslayer,SENATE-CONTROL-2026,metaculus 0.562,0.562,no,ticket CONTROLS-2026-D snapshotMid 0.625
2026-09-27,crosslayer,HOUSE-CONTROL-2026,metaculus 0.919,0.919,no,ticket CONTROLH-2026-D snapshotMid 0.915
2026-09-27,crosslayer,SENATE-RI-2026,metaculus 0.99,0.99,no,ticket SENATERI-26-D snapshotMid 0.9885
2026-09-27,crosslayer,SENATE-OR-2026,metaculus 0.99,0.99,no,ticket SENATEOR-26-D snapshotMid 0.983
2026-09-27,crosslayer,SENATE-CO-2026,metaculus 0.98,0.98,no,ticket SENATECO-26-D snapshotMid 0.9855
2026-09-27,crosslayer,SENATE-MN-2026,metaculus 0.95,0.95,no,ticket SENATEMN-26-D snapshotMid 0.885
2026-09-27,crosslayer,GOVERNOR-HI-2026,metaculus 0.98,0.98,no,ticket GOVPARTYHI-26-D snapshotMid 0.969
2026-09-27,crosslayer,GOVERNOR-NM-2026,metaculus 0.925,0.925,no,ticket GOVPARTYNM-26-D snapshotMid 0.9295
2026-09-27,crosslayer,GOVERNOR-OR-2026,metaculus 0.874,0.874,no,ticket GOVPARTYOR-26-D snapshotMid 0.795
2026-09-27,crosslayer,GOVERNOR-MI-2026,metaculus 0.84,0.84,no,ticket GOVPARTYMI-26-D snapshotMid 0.9225
2026-09-27,crosslayer,SENATE-AK-2026,metaculus 0.54,0.54,no,ticket SENATEAK-26-D snapshotMid 0.705
2026-09-27,crosslayer,SENATE-MT-2026,metaculus 0.01,0.01,no,ticket SENATEMT-26-D snapshotMid 0.009
2026-09-27,crosslayer,SENATE-NE-2026,metaculus 0.001,0.001,no,ticket SENATENE-26-D snapshotMid 0.002
2026-09-27,crosslayer,SENATE-CONTROL-2026,metaculus 0.565,0.565,no,ticket CONTROLS-2026-D snapshotMid 0.625
2026-09-27,crosslayer,HOUSE-CONTROL-2026,metaculus 0.924,0.924,no,ticket CONTROLH-2026-D snapshotMid 0.9155
2026-09-27,crosslayer,SENATE-RI-2026,metaculus 0.99,0.99,no,ticket SENATERI-26-D snapshotMid 0.99
2026-09-27,crosslayer,SENATE-OR-2026,metaculus 0.99,0.99,no,ticket SENATEOR-26-D snapshotMid 0.9785
2026-09-27,crosslayer,SENATE-CO-2026,metaculus 0.98,0.98,no,ticket SENATECO-26-D snapshotMid 0.9865
2026-09-27,crosslayer,SENATE-MN-2026,metaculus 0.94,0.94,no,ticket SENATEMN-26-D snapshotMid 0.875
2026-09-27,crosslayer,GOVERNOR-HI-2026,metaculus 0.98,0.98,no,ticket GOVPARTYHI-26-D snapshotMid 0.9745
2026-09-27,crosslayer,GOVERNOR-NM-2026,metaculus 0.93,0.93,no,ticket GOVPARTYNM-26-D snapshotMid 0.9305
2026-09-27,crosslayer,GOVERNOR-OR-2026,metaculus 0.88,0.88,no,ticket GOVPARTYOR-26-D snapshotMid 0.765
2026-09-27,crosslayer,GOVERNOR-MI-2026,metaculus 0.85,0.85,no,ticket GOVPARTYMI-26-D snapshotMid 0.92
2026-09-27,crosslayer,SENATE-AK-2026,metaculus 0.54,0.54,no,ticket SENATEAK-26-D snapshotMid 0.685
2026-09-27,crosslayer,SENATE-MT-2026,metaculus 0.01,0.01,no,ticket SENATEMT-26-D snapshotMid 0.006
2026-09-27,crosslayer,SENATE-CONTROL-2026,metaculus 0.575,0.575,no,ticket CONTROLS-2026-D snapshotMid 0.625
2026-09-27,crosslayer,HOUSE-CONTROL-2026,metaculus 0.924,0.924,no,ticket CONTROLH-2026-D snapshotMid 0.9165
2026-09-27,crosslayer,SENATE-RI-2026,metaculus 0.99,0.99,no,ticket SENATERI-26-D snapshotMid 0.9905
2026-09-27,crosslayer,SENATE-OR-2026,metaculus 0.99,0.99,no,ticket SENATEOR-26-D snapshotMid 0.985
2026-09-27,crosslayer,SENATE-CO-2026,metaculus 0.98,0.98,no,ticket SENATECO-26-D snapshotMid 0.9865
2026-09-27,crosslayer,SENATE-MN-2026,metaculus 0.94,0.94,no,ticket SENATEMN-26-D snapshotMid 0.895
2026-09-27,crosslayer,GOVERNOR-HI-2026,metaculus 0.98,0.98,no,ticket GOVPARTYHI-26-D snapshotMid 0.9715
2026-09-27,crosslayer,GOVERNOR-NM-2026,metaculus 0.93,0.93,no,ticket GOVPARTYNM-26-D snapshotMid 0.94
2026-09-27,crosslayer,GOVERNOR-OR-2026,metaculus 0.872,0.872,no,ticket GOVPARTYOR-26-D snapshotMid 0.715
2026-09-27,crosslayer,GOVERNOR-MI-2026,metaculus 0.84,0.84,no,ticket GOVPARTYMI-26-D snapshotMid 0.922
2026-09-27,crosslayer,SENATE-AK-2026,metaculus 0.54,0.54,no,ticket SENATEAK-26-D snapshotMid 0.675
2026-09-27,crosslayer,SENATE-MT-2026,metaculus 0.01,0.01,no,ticket SENATEMT-26-D snapshotMid 0.006
2026-09-27,crosslayer,SENATE-NE-2026,metaculus 0.001,0.001,no,ticket SENATENE-26-D snapshotMid 0.004
2026-09-27,crosslayer,SENATE-CONTROL-2026,metaculus 0.581,0.581,no,ticket CONTROLS-2026-D snapshotMid 0.645
2026-09-27,crosslayer,HOUSE-CONTROL-2026,metaculus 0.918,0.918,no,ticket CONTROLH-2026-D snapshotMid 0.9205
2026-09-27,crosslayer,SENATE-OR-2026,metaculus 0.99,0.99,no,ticket SENATEOR-26-D snapshotMid 0.985
2026-09-27,crosslayer,SENATE-RI-2026,metaculus 0.99,0.99,no,ticket SENATERI-26-D snapshotMid 0.9905
2026-09-27,crosslayer,SENATE-CO-2026,metaculus 0.982,0.982,no,ticket SENATECO-26-D snapshotMid 0.9865
2026-09-27,crosslayer,SENATE-MN-2026,metaculus 0.94,0.94,no,ticket SENATEMN-26-D snapshotMid 0.875
2026-09-27,crosslayer,GOVERNOR-HI-2026,metaculus 0.98,0.98,no,ticket GOVPARTYHI-26-D snapshotMid 0.9735
2026-09-27,crosslayer,GOVERNOR-NM-2026,metaculus 0.93,0.93,no,ticket GOVPARTYNM-26-D snapshotMid 0.945
2026-09-27,crosslayer,GOVERNOR-OR-2026,metaculus 0.872,0.872,no,ticket GOVPARTYOR-26-D snapshotMid 0.735
2026-09-27,crosslayer,GOVERNOR-MI-2026,metaculus 0.85,0.85,no,ticket GOVPARTYMI-26-D snapshotMid 0.9275
2026-09-27,crosslayer,SENATE-AK-2026,metaculus 0.525,0.525,no,ticket SENATEAK-26-D snapshotMid 0.705
2026-09-27,crosslayer,SENATE-MT-2026,metaculus 0.01,0.01,no,ticket SENATEMT-26-D snapshotMid 0.007
2026-09-27,crosslayer,SENATE-NE-2026,metaculus 0.001,0.001,no,ticket SENATENE-26-D snapshotMid 0.004
2026-09-27,crosslayer,SENATE-CONTROL-2026,metaculus 0.576,0.576,no,ticket CONTROLS-2026-D snapshotMid 0.625
2026-09-27,crosslayer,HOUSE-CONTROL-2026,metaculus 0.919,0.919,no,ticket CONTROLH-2026-D snapshotMid 0.9195
2026-09-27,crosslayer,GOVERNOR-HI-2026,metaculus 0.98,0.98,no,ticket GOVPARTYHI-26-D snapshotMid 0.971
2026-09-27,crosslayer,GOVERNOR-NM-2026,metaculus 0.94,0.94,no,ticket GOVPARTYNM-26-D snapshotMid 0.9455
2026-09-27,crosslayer,GOVERNOR-OR-2026,metaculus 0.87,0.87,no,ticket GOVPARTYOR-26-D snapshotMid 0.735
2026-09-27,crosslayer,GOVERNOR-MI-2026,metaculus 0.85,0.85,no,ticket GOVPARTYMI-26-D snapshotMid 0.927
2026-09-27,crosslayer,SENATE-AK-2026,metaculus 0.525,0.525,no,ticket SENATEAK-26-D snapshotMid 0.73
2026-09-27,crosslayer,SENATE-MT-2026,metaculus 0.01,0.01,no,ticket SENATEMT-26-D snapshotMid 0.0085
2026-09-27,crosslayer,SENATE-NE-2026,metaculus 0.001,0.001,no,ticket SENATENE-26-D snapshotMid 0.004
2026-09-27,crosslayer,SENATE-CONTROL-2026,metaculus 0.584,0.584,no,ticket CONTROLS-2026-D snapshotMid 0.645
2026-09-27,crosslayer,HOUSE-CONTROL-2026,metaculus 0.929,0.929,no,ticket CONTROLH-2026-D snapshotMid 0.9165
2026-09-27,crosslayer,SENATE-OR-2026,metaculus 0.99,0.99,no,ticket SENATEOR-26-D snapshotMid 0.988
2026-09-27,crosslayer,SENATE-RI-2026,metaculus 0.99,0.99,no,ticket SENATERI-26-D snapshotMid 0.9905
2026-09-27,crosslayer,SENATE-CO-2026,metaculus 0.982,0.982,no,ticket SENATECO-26-D snapshotMid 0.9915
2026-09-27,crosslayer,SENATE-MN-2026,metaculus 0.925,0.925,no,ticket SENATEMN-26-D snapshotMid 0.865
2026-09-27,crosslayer,GOVERNOR-HI-2026,metaculus 0.98,0.98,no,ticket GOVPARTYHI-26-D snapshotMid 0.9735
2026-09-27,crosslayer,GOVERNOR-NM-2026,metaculus 0.94,0.94,no,ticket GOVPARTYNM-26-D snapshotMid 0.945
2026-09-27,crosslayer,GOVERNOR-OR-2026,metaculus 0.86,0.86,no,ticket GOVPARTYOR-26-D snapshotMid 0.755
2026-09-27,crosslayer,GOVERNOR-MI-2026,metaculus 0.85,0.85,no,ticket GOVPARTYMI-26-D snapshotMid 0.9305
2026-09-27,crosslayer,SENATE-AK-2026,metaculus 0.525,0.525,no,ticket SENATEAK-26-D snapshotMid 0.735
2026-09-27,crosslayer,SENATE-MT-2026,metaculus 0.01,0.01,no,ticket SENATEMT-26-D snapshotMid 0.021
2026-09-27,crosslayer,SENATE-NE-2026,metaculus 0.001,0.001,no,ticket SENATENE-26-D snapshotMid 0.0015
2026-09-27,crosslayer,SENATE-CONTROL-2026,metaculus 0.586,0.586,no,ticket CONTROLS-2026-D snapshotMid 0.645
2026-09-27,crosslayer,HOUSE-CONTROL-2026,metaculus 0.929,0.929,no,ticket CONTROLH-2026-D snapshotMid 0.9155
2026-09-27,crosslayer,SENATE-OR-2026,metaculus 0.99,0.99,no,ticket SENATEOR-26-D snapshotMid 0.9855
2026-09-27,crosslayer,SENATE-RI-2026,metaculus 0.99,0.99,no,ticket SENATERI-26-D snapshotMid 0.99
2026-09-27,crosslayer,SENATE-CO-2026,metaculus 0.982,0.982,no,ticket SENATECO-26-D snapshotMid 0.991
2026-09-27,crosslayer,SENATE-MN-2026,metaculus 0.925,0.925,no,ticket SENATEMN-26-D snapshotMid 0.865
2026-09-27,crosslayer,GOVERNOR-HI-2026,metaculus 0.98,0.98,no,ticket GOVPARTYHI-26-D snapshotMid 0.9735
2026-09-27,crosslayer,GOVERNOR-NM-2026,metaculus 0.94,0.94,no,ticket GOVPARTYNM-26-D snapshotMid 0.9465
2026-09-27,crosslayer,GOVERNOR-OR-2026,metaculus 0.86,0.86,no,ticket GOVPARTYOR-26-D snapshotMid 0.76
2026-09-27,crosslayer,GOVERNOR-MI-2026,metaculus 0.85,0.85,no,ticket GOVPARTYMI-26-D snapshotMid 0.937
2026-09-27,crosslayer,SENATE-AK-2026,metaculus 0.525,0.525,no,ticket SENATEAK-26-D snapshotMid 0.745
2026-09-27,crosslayer,SENATE-MT-2026,metaculus 0.009,0.009,no,ticket SENATEMT-26-D snapshotMid 0.009
2026-09-27,crosslayer,SENATE-NE-2026,metaculus 0.001,0.001,no,ticket SENATENE-26-D snapshotMid 0.0015
2026-09-27,crosslayer,SENATE-CONTROL-2026,metaculus 0.588,0.588,no,ticket CONTROLS-2026-D snapshotMid 0.635
2026-09-27,crosslayer,HOUSE-CONTROL-2026,metaculus 0.922,0.922,no,ticket CONTROLH-2026-D snapshotMid 0.895
2026-09-27,crosslayer,SENATE-RI-2026,metaculus 0.99,0.99,no,ticket SENATERI-26-D snapshotMid 0.989
2026-09-27,crosslayer,SENATE-OR-2026,metaculus 0.99,0.99,no,ticket SENATEOR-26-D snapshotMid 0.9855
2026-09-27,crosslayer,SENATE-CO-2026,metaculus 0.985,0.985,no,ticket SENATECO-26-D snapshotMid 0.991
2026-09-27,crosslayer,SENATE-NC-2026,metaculus 0.92,0.92,no,ticket SENATENC-26-D snapshotMid 0.968
2026-09-27,crosslayer,GOVERNOR-HI-2026,metaculus 0.98,0.98,no,ticket GOVPARTYHI-26-D snapshotMid 0.9775
2026-09-27,crosslayer,GOVERNOR-NM-2026,metaculus 0.94,0.94,no,ticket GOVPARTYNM-26-D snapshotMid 0.94
2026-09-27,crosslayer,GOVERNOR-OR-2026,metaculus 0.858,0.858,no,ticket GOVPARTYOR-26-D snapshotMid 0.775
2026-09-27,crosslayer,GOVERNOR-MI-2026,metaculus 0.85,0.85,no,ticket GOVPARTYMI-26-D snapshotMid 0.9225
2026-09-27,crosslayer,SENATE-AK-2026,metaculus 0.54,0.54,no,ticket SENATEAK-26-D snapshotMid 0.765
2026-09-27,crosslayer,SENATE-MT-2026,metaculus 0.009,0.009,no,ticket SENATEMT-26-D snapshotMid 0.008
2026-09-27,crosslayer,SENATE-NE-2026,metaculus 0.001,0.001,no,ticket SENATENE-26-D snapshotMid 0.0015
2026-09-27,crosslayer,SENATE-CONTROL-2026,metaculus 0.598,0.598,no,ticket CONTROLS-2026-D snapshotMid 0.615
2026-09-27,crosslayer,HOUSE-CONTROL-2026,metaculus 0.922,0.922,no,ticket CONTROLH-2026-D snapshotMid 0.9005
2026-09-27,crosslayer,SENATE-OR-2026,metaculus 0.99,0.99,no,ticket SENATEOR-26-D snapshotMid 0.983
2026-09-27,crosslayer,SENATE-RI-2026,metaculus 0.99,0.99,no,ticket SENATERI-26-D snapshotMid 0.9885
2026-09-27,crosslayer,SENATE-CO-2026,metaculus 0.985,0.985,no,ticket SENATECO-26-D snapshotMid 0.988
2026-09-27,crosslayer,SENATE-NC-2026,metaculus 0.92,0.92,no,ticket SENATENC-26-D snapshotMid 0.9685
2026-09-27,crosslayer,GOVERNOR-HI-2026,metaculus 0.98,0.98,no,ticket GOVPARTYHI-26-D snapshotMid 0.9795
2026-09-27,crosslayer,GOVERNOR-NM-2026,metaculus 0.94,0.94,no,ticket GOVPARTYNM-26-D snapshotMid 0.939
2026-09-27,crosslayer,GOVERNOR-OR-2026,metaculus 0.86,0.86,no,ticket GOVPARTYOR-26-D snapshotMid 0.755
2026-09-27,crosslayer,GOVERNOR-MI-2026,metaculus 0.85,0.85,no,ticket GOVPARTYMI-26-D snapshotMid 0.9205
2026-09-27,crosslayer,SENATE-AK-2026,metaculus 0.548,0.548,no,ticket SENATEAK-26-D snapshotMid 0.755
2026-09-27,crosslayer,SENATE-MT-2026,metaculus 0.009,0.009,no,ticket SENATEMT-26-D snapshotMid 0.0085
2026-09-27,crosslayer,SENATE-NE-2026,metaculus 0.001,0.001,no,ticket SENATENE-26-D snapshotMid 0.001
2026-09-27,crosslayer,SENATE-CONTROL-2026,metaculus 0.608,0.608,no,ticket CONTROLS-2026-D snapshotMid 0.605
2026-09-27,crosslayer,HOUSE-CONTROL-2026,metaculus 0.93,0.93,no,ticket CONTROLH-2026-D snapshotMid 0.895
2026-09-27,crosslayer,SENATE-OR-2026,metaculus 0.99,0.99,no,ticket SENATEOR-26-D snapshotMid 0.983
2026-09-27,crosslayer,SENATE-RI-2026,metaculus 0.99,0.99,no,ticket SENATERI-26-D snapshotMid 0.978
2026-09-27,crosslayer,SENATE-CO-2026,metaculus 0.985,0.985,no,ticket SENATECO-26-D snapshotMid 0.988
2026-09-27,crosslayer,SENATE-GA-2026,metaculus 0.93,0.93,no,ticket SENATEGA-26-D snapshotMid 0.9545
2026-09-27,crosslayer,SENATE-AK-2026,metaculus 0.54,0.54,no,ticket SENATEAK-26-D snapshotMid 0.735
2026-09-27,crosslayer,SENATE-MT-2026,metaculus 0.01,0.01,no,ticket SENATEMT-26-D snapshotMid 0.0085
2026-09-27,crosslayer,SENATE-NE-2026,metaculus 0.001,0.001,no,ticket SENATENE-26-D snapshotMid 0.0025
2026-09-28,poll,cnn-ssrs-2026-09-me-senate,U.S. Senate — Maine CNN Poll conducted by SSRS,0.6608,yes,margin 3pp -> logistic k=4.5; ticket SENATEME-26-D
2026-09-28,poll,cnn-ssrs-2026-09-mi-senate,U.S. Senate — Michigan (open seat) CNN Poll conducted by SSRS,0.6608,yes,margin 3pp -> logistic k=4.5; ticket SENATEMI-26-D
2026-09-28,poll,emerson-2026-09-mi-senate,U.S. Senate — Michigan (open seat) Emerson College Polling / Nexstar Media,0.6093,yes,margin 2pp -> logistic k=4.5; ticket SENATEMI-26-D
2026-09-28,poll,emerson-2026-09-tx-senate,U.S. Senate — Texas (open seat) Emerson College Polling / Nexstar Media,0.5553,yes,margin 1pp -> logistic k=4.5; ticket SENATETX-26-D
2026-09-28,poll,emerson-2026-09-ia-senate,U.S. Senate — Iowa (open seat) Emerson College Polling / Nexstar Media,0.2477,yes,margin -5pp -> logistic k=4.5; ticket SENATEIA-26-D
2026-09-28,poll,reconmr-siena-2026-09-tx-senate,U.S. Senate — Texas (open seat) Texas Poll — ReconMR fieldwork (released via Siena Research Institute),0.7914,yes,margin 6pp -> logistic k=4.5; ticket SENATETX-26-D
2026-09-28,poll,suffolk-2026-08-ia-senate,U.S. Senate — Iowa (open seat) Suffolk University Political Research Center (SUPRC),0.2913,yes,margin -4pp -> logistic k=4.5; ticket SENATEIA-26-D
2026-09-28,poll,npi-2026-08-az-governor,Governor — Arizona Noble Predictive Insights — Arizona Public Opinion Pulse (AZPOP),0.9473,yes,margin 13pp -> logistic k=4.5; ticket GOVPARTYAZ-26-D
2026-09-28,poll,fm-2026-08-pa-governor,Governor — Pennsylvania Franklin & Marshall College Poll,0.9961,yes,margin 25pp -> logistic k=4.5; ticket GOVPARTYPA-26-D
2026-09-28,poll,elon-2026-09-nc-senate,U.S. Senate — North Carolina Elon University Poll (fielded by YouGov),0.9202,yes,margin 11pp -> logistic k=4.5; ticket SENATENC-26-D
2026-09-28,poll,hpu-2026-04-nc-senate,U.S. Senate — North Carolina HPU Poll 120 — High Point University Survey Research Center (fielded by YouGov),0.8554,yes,margin 8pp -> logistic k=4.5; ticket SENATENC-26-D
2026-09-28,poll,hpu-2026-08-nc-senate,U.S. Senate — North Carolina HPU Poll 126 — High Point University Survey Research Center (fielded by YouGov),0.7523,yes,margin 5pp -> logistic k=4.5; ticket SENATENC-26-D
2026-09-28,poll,stetson-2026-04-fl-governor,Governor — Florida Stetson University Center for Public Opinion Research (CPOR) — Spring 2026 Survey,0.1743,yes,margin -7pp -> logistic k=4.5; ticket GOVPARTYFL-26-D
2026-09-28,poll,ppp-2026-07-nc-senate,U.S. Senate — North Carolina Public Policy Polling (PPP),0.7087,yes,margin 4pp -> logistic k=4.5; ticket SENATENC-26-D
2026-09-28,poll,unf-2026-07-fl-governor,Governor — Florida University of North Florida Public Opinion Research Lab,0.2477,yes,margin -5pp -> logistic k=4.5; ticket GOVPARTYFL-26-D
2026-09-28,poll,unf-2026-07-fl-senate,U.S. Senate — Florida (special) University of North Florida Public Opinion Research Lab,0.1446,yes,margin -8pp -> logistic k=4.5; ticket SENATEFLS-26-D
2026-09-28,poll,rasmussen-2026-09-ga-governor,Governor — Georgia Rasmussen Reports (field work by Pulse Opinion Research),0.3392,yes,margin -3pp -> logistic k=4.5; ticket GOVPARTYGA-26-D
2026-09-28,poll,rasmussen-2026-09-ga-senate,U.S. Senate — Georgia Rasmussen Reports (field work by Pulse Opinion Research),0.8808,yes,margin 9pp -> logistic k=4.5; ticket SENATEGA-26-D
2026-09-28,poll,rasmussen-2026-09-sc-senate,U.S. Senate — South Carolina (special) Rasmussen Reports (field work by Pulse Opinion Research),0.2477,yes,margin -5pp -> logistic k=4.5; ticket SENATESC-26-D
2026-09-28,rating,AK,Toss Up / Tilt R,0.25-0.65,yes,ticket SENATEAK-26-D
2026-09-28,rating,IA,Toss Up / Tilt R,0.25-0.65,yes,ticket SENATEIA-26-D
2026-09-28,rating,ME,Toss Up / Toss-up,0.35-0.65,yes,ticket SENATEME-26-D
2026-09-28,rating,MI,Toss Up / Toss-up,0.35-0.65,yes,ticket SENATEMI-26-D
2026-09-28,rating,NH,Toss Up / Toss-up,0.35-0.65,yes,ticket SENATENH-26-D
2026-09-28,rating,OH,Toss Up / Toss-up,0.35-0.65,yes,ticket SENATEOHS-26-D
2026-09-28,rating,TX,Toss Up / Lean R,0.2-0.65,yes,ticket SENATETX-26-D
2026-09-28,rating,GA,Lean D / Tilt D,0.55-0.8,yes,ticket SENATEGA-26-D
2026-09-28,rating,NC,Lean D / Tilt D,0.55-0.8,yes,ticket SENATENC-26-D
2026-09-28,rating,MN,Likely D / Likely D,0.75-0.92,yes,ticket SENATEMN-26-D
2026-09-28,rating,KS,Likely R / Likely R,0.08-0.25,yes,ticket SENATEKS-26-D
2026-09-28,rating,SC,Solid R / Likely R,0-0.25,yes,ticket SENATESC-26-D
2026-09-28,crosslayer,SENATE-CONTROL-2026,metaculus 0.517,0.517,yes,ticket CONTROLS-2026-D snapshotMid 0.595
2026-09-28,crosslayer,HOUSE-CONTROL-2026,metaculus 0.888,0.888,yes,ticket CONTROLH-2026-D snapshotMid 0.895
2026-09-28,crosslayer,HOUSE-CONTROL-2026,metaculus 0.888,0.888,yes,ticket CONTROLH-2026-D snapshotMid 0.9015
2026-09-28,crosslayer,GOVERNOR-HI-2026,metaculus 0.98,0.98,yes,ticket GOVPARTYHI-26-D snapshotMid 0.974
2026-09-28,crosslayer,GOVERNOR-NM-2026,metaculus 0.922,0.922,yes,ticket GOVPARTYNM-26-D snapshotMid 0.9255
2026-09-28,crosslayer,GOVERNOR-OR-2026,metaculus 0.88,0.88,yes,ticket GOVPARTYOR-26-D snapshotMid 0.845
2026-09-28,crosslayer,GOVERNOR-MI-2026,metaculus 0.85,0.85,yes,ticket GOVPARTYMI-26-D snapshotMid 0.915
2026-09-28,crosslayer,SENATE-MT-2026,metaculus 0.01,0.01,yes,ticket SENATEMT-26-D snapshotMid 0.0075
2026-09-28,crosslayer,SENATE-NE-2026,metaculus 0.001,0.001,yes,ticket SENATENE-26-D snapshotMid 0.0005
2026-09-28,crosslayer,SENATE-RI-2026,metaculus 0.99,0.99,yes,ticket SENATERI-26-D snapshotMid 0.979
2026-09-28,crosslayer,SENATE-OR-2026,metaculus 0.99,0.99,yes,ticket SENATEOR-26-D snapshotMid 0.977
2026-09-28,crosslayer,SENATE-CO-2026,metaculus 0.98,0.98,yes,ticket SENATECO-26-D snapshotMid 0.9725
2026-09-28,crosslayer,SENATE-MN-2026,metaculus 0.92,0.92,yes,ticket SENATEMN-26-D snapshotMid 0.9035
2026-09-28,crosslayer,SENATE-AK-2026,metaculus 0.54,0.54,yes,ticket SENATEAK-26-D snapshotMid 0.695
2026-09-28,crosslayer,SENATE-CONTROL-2026,metaculus 0.5,0.5,yes,ticket CONTROLS-2026-D snapshotMid 0.605
2026-09-28,crosslayer,HOUSE-CONTROL-2026,metaculus 0.9,0.9,yes,ticket CONTROLH-2026-D snapshotMid 0.9085
2026-09-28,crosslayer,SENATE-RI-2026,metaculus 0.99,0.99,yes,ticket SENATERI-26-D snapshotMid 0.982
2026-09-28,crosslayer,SENATE-OR-2026,metaculus 0.99,0.99,yes,ticket SENATEOR-26-D snapshotMid 0.977
2026-09-28,crosslayer,SENATE-CO-2026,metaculus 0.98,0.98,yes,ticket SENATECO-26-D snapshotMid 0.973
2026-09-28,crosslayer,SENATE-MN-2026,metaculus 0.93,0.93,yes,ticket SENATEMN-26-D snapshotMid 0.902
2026-09-28,crosslayer,GOVERNOR-HI-2026,metaculus 0.98,0.98,yes,ticket GOVPARTYHI-26-D snapshotMid 0.974
2026-09-28,crosslayer,GOVERNOR-NM-2026,metaculus 0.922,0.922,yes,ticket GOVPARTYNM-26-D snapshotMid 0.928
2026-09-28,crosslayer,GOVERNOR-OR-2026,metaculus 0.88,0.88,yes,ticket GOVPARTYOR-26-D snapshotMid 0.86
2026-09-28,crosslayer,GOVERNOR-MI-2026,metaculus 0.85,0.85,yes,ticket GOVPARTYMI-26-D snapshotMid 0.9165
2026-09-28,crosslayer,SENATE-AK-2026,metaculus 0.54,0.54,yes,ticket SENATEAK-26-D snapshotMid 0.705
2026-09-28,crosslayer,SENATE-MT-2026,metaculus 0.01,0.01,yes,ticket SENATEMT-26-D snapshotMid 0.01
2026-09-28,crosslayer,SENATE-NE-2026,metaculus 0.001,0.001,yes,ticket SENATENE-26-D snapshotMid 0.0025
2026-09-28,crosslayer,SENATE-CONTROL-2026,metaculus 0.512,0.512,yes,ticket CONTROLS-2026-D snapshotMid 0.605
2026-09-28,crosslayer,HOUSE-CONTROL-2026,metaculus 0.908,0.908,yes,ticket CONTROLH-2026-D snapshotMid 0.9065
2026-09-28,crosslayer,SENATE-RI-2026,metaculus 0.99,0.99,yes,ticket SENATERI-26-D snapshotMid 0.9825
2026-09-28,crosslayer,SENATE-OR-2026,metaculus 0.99,0.99,yes,ticket SENATEOR-26-D snapshotMid 0.977
2026-09-28,crosslayer,SENATE-CO-2026,metaculus 0.98,0.98,yes,ticket SENATECO-26-D snapshotMid 0.973
2026-09-28,crosslayer,SENATE-MN-2026,metaculus 0.93,0.93,yes,ticket SENATEMN-26-D snapshotMid 0.905
2026-09-28,crosslayer,GOVERNOR-HI-2026,metaculus 0.98,0.98,yes,ticket GOVPARTYHI-26-D snapshotMid 0.974
2026-09-28,crosslayer,GOVERNOR-NM-2026,metaculus 0.928,0.928,yes,ticket GOVPARTYNM-26-D snapshotMid 0.931
2026-09-28,crosslayer,GOVERNOR-OR-2026,metaculus 0.882,0.882,yes,ticket GOVPARTYOR-26-D snapshotMid 0.86
2026-09-28,crosslayer,GOVERNOR-MI-2026,metaculus 0.84,0.84,yes,ticket GOVPARTYMI-26-D snapshotMid 0.923
2026-09-28,crosslayer,SENATE-AK-2026,metaculus 0.54,0.54,yes,ticket SENATEAK-26-D snapshotMid 0.735
2026-09-28,crosslayer,SENATE-MT-2026,metaculus 0.01,0.01,yes,ticket SENATEMT-26-D snapshotMid 0.009
2026-09-28,crosslayer,SENATE-NE-2026,metaculus 0.001,0.001,yes,ticket SENATENE-26-D snapshotMid 0.002
2026-09-28,crosslayer,SENATE-GA-2026,metaculus 0.92,0.92,yes,ticket SENATEGA-26-D snapshotMid 0.9385
2026-09-28,crosslayer,SENATE-CONTROL-2026,metaculus 0.531,0.531,yes,ticket CONTROLS-2026-D snapshotMid 0.625
2026-09-28,crosslayer,HOUSE-CONTROL-2026,metaculus 0.906,0.906,yes,ticket CONTROLH-2026-D snapshotMid 0.9095
2026-09-28,crosslayer,SENATE-RI-2026,metaculus 0.99,0.99,yes,ticket SENATERI-26-D snapshotMid 0.9865
2026-09-28,crosslayer,SENATE-OR-2026,metaculus 0.99,0.99,yes,ticket SENATEOR-26-D snapshotMid 0.977
2026-09-28,crosslayer,SENATE-CO-2026,metaculus 0.98,0.98,yes,ticket SENATECO-26-D snapshotMid 0.9735
2026-09-28,crosslayer,SENATE-GA-2026,metaculus 0.92,0.92,yes,ticket SENATEGA-26-D snapshotMid 0.9385
2026-09-28,crosslayer,GOVERNOR-HI-2026,metaculus 0.98,0.98,yes,ticket GOVPARTYHI-26-D snapshotMid 0.973
2026-09-28,crosslayer,GOVERNOR-NM-2026,metaculus 0.928,0.928,yes,ticket GOVPARTYNM-26-D snapshotMid 0.931
2026-09-28,crosslayer,GOVERNOR-OR-2026,metaculus 0.882,0.882,yes,ticket GOVPARTYOR-26-D snapshotMid 0.855
2026-09-28,crosslayer,GOVERNOR-MI-2026,metaculus 0.84,0.84,yes,ticket GOVPARTYMI-26-D snapshotMid 0.9235
2026-09-28,crosslayer,SENATE-AK-2026,metaculus 0.54,0.54,yes,ticket SENATEAK-26-D snapshotMid 0.755
2026-09-28,crosslayer,SENATE-MT-2026,metaculus 0.01,0.01,yes,ticket SENATEMT-26-D snapshotMid 0.012
2026-09-28,crosslayer,SENATE-NE-2026,metaculus 0.002,0.002,yes,ticket SENATENE-26-D snapshotMid 0.0025
2026-09-28,crosslayer,SENATE-NC-2026,metaculus 0.92,0.92,yes,ticket SENATENC-26-D snapshotMid 0.9365
2026-09-28,crosslayer,SENATE-CONTROL-2026,metaculus 0.567,0.567,yes,ticket CONTROLS-2026-D snapshotMid 0.615
2026-09-28,crosslayer,HOUSE-CONTROL-2026,metaculus 0.91,0.91,yes,ticket CONTROLH-2026-D snapshotMid 0.9165
2026-09-28,crosslayer,SENATE-RI-2026,metaculus 0.996,0.996,yes,ticket SENATERI-26-D snapshotMid 0.99
2026-09-28,crosslayer,SENATE-OR-2026,metaculus 0.99,0.99,yes,ticket SENATEOR-26-D snapshotMid 0.9775
2026-09-28,crosslayer,SENATE-CO-2026,metaculus 0.98,0.98,yes,ticket SENATECO-26-D snapshotMid 0.9845
2026-09-28,crosslayer,SENATE-MN-2026,metaculus 0.94,0.94,yes,ticket SENATEMN-26-D snapshotMid 0.9055
2026-09-28,crosslayer,GOVERNOR-HI-2026,metaculus 0.98,0.98,yes,ticket GOVPARTYHI-26-D snapshotMid 0.9745
2026-09-28,crosslayer,GOVERNOR-NM-2026,metaculus 0.928,0.928,yes,ticket GOVPARTYNM-26-D snapshotMid 0.9295
2026-09-28,crosslayer,GOVERNOR-OR-2026,metaculus 0.88,0.88,yes,ticket GOVPARTYOR-26-D snapshotMid 0.84
2026-09-28,crosslayer,GOVERNOR-MI-2026,metaculus 0.85,0.85,yes,ticket GOVPARTYMI-26-D snapshotMid 0.927
2026-09-28,crosslayer,SENATE-AK-2026,metaculus 0.548,0.548,yes,ticket SENATEAK-26-D snapshotMid 0.705
2026-09-28,crosslayer,SENATE-MT-2026,metaculus 0.01,0.01,yes,ticket SENATEMT-26-D snapshotMid 0.0095
2026-09-28,crosslayer,SENATE-NE-2026,metaculus 0.001,0.001,yes,ticket SENATENE-26-D snapshotMid 0.002
2026-09-28,crosslayer,SENATE-CONTROL-2026,metaculus 0.582,0.582,yes,ticket CONTROLS-2026-D snapshotMid 0.605
2026-09-28,crosslayer,HOUSE-CONTROL-2026,metaculus 0.929,0.929,yes,ticket CONTROLH-2026-D snapshotMid 0.919
2026-09-28,crosslayer,SENATE-RI-2026,metaculus 0.996,0.996,yes,ticket SENATERI-26-D snapshotMid 0.99
2026-09-28,crosslayer,SENATE-OR-2026,metaculus 0.99,0.99,yes,ticket SENATEOR-26-D snapshotMid 0.9775
2026-09-28,crosslayer,SENATE-CO-2026,metaculus 0.98,0.98,yes,ticket SENATECO-26-D snapshotMid 0.9855
2026-09-28,crosslayer,SENATE-MN-2026,metaculus 0.94,0.94,yes,ticket SENATEMN-26-D snapshotMid 0.895
2026-09-28,crosslayer,GOVERNOR-HI-2026,metaculus 0.98,0.98,yes,ticket GOVPARTYHI-26-D snapshotMid 0.9745
2026-09-28,crosslayer,GOVERNOR-NM-2026,metaculus 0.93,0.93,yes,ticket GOVPARTYNM-26-D snapshotMid 0.928
2026-09-28,crosslayer,GOVERNOR-OR-2026,metaculus 0.88,0.88,yes,ticket GOVPARTYOR-26-D snapshotMid 0.85
2026-09-28,crosslayer,GOVERNOR-MI-2026,metaculus 0.85,0.85,yes,ticket GOVPARTYMI-26-D snapshotMid 0.925
2026-09-28,crosslayer,SENATE-AK-2026,metaculus 0.548,0.548,yes,ticket SENATEAK-26-D snapshotMid 0.705
2026-09-28,crosslayer,SENATE-MT-2026,metaculus 0.01,0.01,yes,ticket SENATEMT-26-D snapshotMid 0.011
2026-09-28,crosslayer,SENATE-NE-2026,metaculus 0.001,0.001,yes,ticket SENATENE-26-D snapshotMid 0.002
2026-09-28,crosslayer,SENATE-CONTROL-2026,metaculus 0.572,0.572,yes,ticket CONTROLS-2026-D snapshotMid 0.615
2026-09-28,crosslayer,HOUSE-CONTROL-2026,metaculus 0.929,0.929,yes,ticket CONTROLH-2026-D snapshotMid 0.919
2026-09-28,crosslayer,SENATE-RI-2026,metaculus 0.993,0.993,yes,ticket SENATERI-26-D snapshotMid 0.99
2026-09-28,crosslayer,SENATE-OR-2026,metaculus 0.99,0.99,yes,ticket SENATEOR-26-D snapshotMid 0.9775
2026-09-28,crosslayer,SENATE-CO-2026,metaculus 0.98,0.98,yes,ticket SENATECO-26-D snapshotMid 0.985
2026-09-28,crosslayer,SENATE-MN-2026,metaculus 0.94,0.94,yes,ticket SENATEMN-26-D snapshotMid 0.895
2026-09-28,crosslayer,GOVERNOR-HI-2026,metaculus 0.98,0.98,yes,ticket GOVPARTYHI-26-D snapshotMid 0.9745
2026-09-28,crosslayer,GOVERNOR-NM-2026,metaculus 0.928,0.928,yes,ticket GOVPARTYNM-26-D snapshotMid 0.9275
2026-09-28,crosslayer,GOVERNOR-OR-2026,metaculus 0.88,0.88,yes,ticket GOVPARTYOR-26-D snapshotMid 0.84
2026-09-28,crosslayer,GOVERNOR-MI-2026,metaculus 0.85,0.85,yes,ticket GOVPARTYMI-26-D snapshotMid 0.927
2026-09-28,crosslayer,SENATE-AK-2026,metaculus 0.548,0.548,yes,ticket SENATEAK-26-D snapshotMid 0.705
2026-09-28,crosslayer,SENATE-MT-2026,metaculus 0.01,0.01,yes,ticket SENATEMT-26-D snapshotMid 0.016
2026-09-28,crosslayer,SENATE-NE-2026,metaculus 0.001,0.001,yes,ticket SENATENE-26-D snapshotMid 0.0005
2026-09-28,crosslayer,SENATE-CONTROL-2026,metaculus 0.555,0.555,no,ticket CONTROLS-2026-D snapshotMid 0.615
2026-09-28,crosslayer,HOUSE-CONTROL-2026,metaculus 0.919,0.919,no,ticket CONTROLH-2026-D snapshotMid 0.9165
2026-09-28,crosslayer,SENATE-RI-2026,metaculus 0.993,0.993,no,ticket SENATERI-26-D snapshotMid 0.9905
2026-09-28,crosslayer,SENATE-OR-2026,metaculus 0.99,0.99,no,ticket SENATEOR-26-D snapshotMid 0.9775
2026-09-28,crosslayer,SENATE-CO-2026,metaculus 0.98,0.98,no,ticket SENATECO-26-D snapshotMid 0.9855
2026-09-28,crosslayer,SENATE-MN-2026,metaculus 0.95,0.95,no,ticket SENATEMN-26-D snapshotMid 0.895
2026-09-28,crosslayer,GOVERNOR-HI-2026,metaculus 0.98,0.98,no,ticket GOVPARTYHI-26-D snapshotMid 0.9745
2026-09-28,crosslayer,GOVERNOR-NM-2026,metaculus 0.925,0.925,no,ticket GOVPARTYNM-26-D snapshotMid 0.929
2026-09-28,crosslayer,GOVERNOR-OR-2026,metaculus 0.874,0.874,no,ticket GOVPARTYOR-26-D snapshotMid 0.805
2026-09-28,crosslayer,GOVERNOR-MI-2026,metaculus 0.84,0.84,no,ticket GOVPARTYMI-26-D snapshotMid 0.9235
2026-09-28,crosslayer,SENATE-AK-2026,metaculus 0.54,0.54,no,ticket SENATEAK-26-D snapshotMid 0.705
2026-09-28,crosslayer,SENATE-MT-2026,metaculus 0.01,0.01,no,ticket SENATEMT-26-D snapshotMid 0.0145
2026-09-28,crosslayer,SENATE-NE-2026,metaculus 0.001,0.001,no,ticket SENATENE-26-D snapshotMid 0.0025
2026-09-28,crosslayer,SENATE-CONTROL-2026,metaculus 0.569,0.569,no,ticket CONTROLS-2026-D snapshotMid 0.625
2026-09-28,crosslayer,HOUSE-CONTROL-2026,metaculus 0.925,0.925,no,ticket CONTROLH-2026-D snapshotMid 0.9155
2026-09-28,crosslayer,SENATE-RI-2026,metaculus 0.991,0.991,no,ticket SENATERI-26-D snapshotMid 0.9885
2026-09-28,crosslayer,SENATE-OR-2026,metaculus 0.99,0.99,no,ticket SENATEOR-26-D snapshotMid 0.9775
2026-09-28,crosslayer,SENATE-CO-2026,metaculus 0.98,0.98,no,ticket SENATECO-26-D snapshotMid 0.9855
2026-09-28,crosslayer,SENATE-MN-2026,metaculus 0.95,0.95,no,ticket SENATEMN-26-D snapshotMid 0.895
2026-09-28,crosslayer,GOVERNOR-HI-2026,metaculus 0.98,0.98,no,ticket GOVPARTYHI-26-D snapshotMid 0.9745
2026-09-28,crosslayer,GOVERNOR-NM-2026,metaculus 0.925,0.925,no,ticket GOVPARTYNM-26-D snapshotMid 0.93
2026-09-28,crosslayer,GOVERNOR-OR-2026,metaculus 0.874,0.874,no,ticket GOVPARTYOR-26-D snapshotMid 0.815
2026-09-28,crosslayer,GOVERNOR-MI-2026,metaculus 0.84,0.84,no,ticket GOVPARTYMI-26-D snapshotMid 0.926
2026-09-28,crosslayer,SENATE-AK-2026,metaculus 0.54,0.54,no,ticket SENATEAK-26-D snapshotMid 0.695
2026-09-28,crosslayer,SENATE-MT-2026,metaculus 0.01,0.01,no,ticket SENATEMT-26-D snapshotMid 0.0145
2026-09-28,crosslayer,SENATE-NE-2026,metaculus 0.001,0.001,no,ticket SENATENE-26-D snapshotMid 0.0025
2026-09-28,crosslayer,SENATE-CONTROL-2026,metaculus 0.562,0.562,no,ticket CONTROLS-2026-D snapshotMid 0.625
2026-09-28,crosslayer,HOUSE-CONTROL-2026,metaculus 0.919,0.919,no,ticket CONTROLH-2026-D snapshotMid 0.915
2026-09-28,crosslayer,SENATE-RI-2026,metaculus 0.99,0.99,no,ticket SENATERI-26-D snapshotMid 0.9885
2026-09-28,crosslayer,SENATE-OR-2026,metaculus 0.99,0.99,no,ticket SENATEOR-26-D snapshotMid 0.983
2026-09-28,crosslayer,SENATE-CO-2026,metaculus 0.98,0.98,no,ticket SENATECO-26-D snapshotMid 0.9855
2026-09-28,crosslayer,SENATE-MN-2026,metaculus 0.95,0.95,no,ticket SENATEMN-26-D snapshotMid 0.885
2026-09-28,crosslayer,GOVERNOR-HI-2026,metaculus 0.98,0.98,no,ticket GOVPARTYHI-26-D snapshotMid 0.969
2026-09-28,crosslayer,GOVERNOR-NM-2026,metaculus 0.925,0.925,no,ticket GOVPARTYNM-26-D snapshotMid 0.9295
2026-09-28,crosslayer,GOVERNOR-OR-2026,metaculus 0.874,0.874,no,ticket GOVPARTYOR-26-D snapshotMid 0.795
2026-09-28,crosslayer,GOVERNOR-MI-2026,metaculus 0.84,0.84,no,ticket GOVPARTYMI-26-D snapshotMid 0.9225
2026-09-28,crosslayer,SENATE-AK-2026,metaculus 0.54,0.54,no,ticket SENATEAK-26-D snapshotMid 0.705
2026-09-28,crosslayer,SENATE-MT-2026,metaculus 0.01,0.01,no,ticket SENATEMT-26-D snapshotMid 0.009
2026-09-28,crosslayer,SENATE-NE-2026,metaculus 0.001,0.001,no,ticket SENATENE-26-D snapshotMid 0.002
2026-09-28,crosslayer,SENATE-CONTROL-2026,metaculus 0.565,0.565,no,ticket CONTROLS-2026-D snapshotMid 0.625
2026-09-28,crosslayer,HOUSE-CONTROL-2026,metaculus 0.924,0.924,no,ticket CONTROLH-2026-D snapshotMid 0.9155
2026-09-28,crosslayer,SENATE-RI-2026,metaculus 0.99,0.99,no,ticket SENATERI-26-D snapshotMid 0.99
2026-09-28,crosslayer,SENATE-OR-2026,metaculus 0.99,0.99,no,ticket SENATEOR-26-D snapshotMid 0.9785
2026-09-28,crosslayer,SENATE-CO-2026,metaculus 0.98,0.98,no,ticket SENATECO-26-D snapshotMid 0.9865
2026-09-28,crosslayer,SENATE-MN-2026,metaculus 0.94,0.94,no,ticket SENATEMN-26-D snapshotMid 0.875
2026-09-28,crosslayer,GOVERNOR-HI-2026,metaculus 0.98,0.98,no,ticket GOVPARTYHI-26-D snapshotMid 0.9745
2026-09-28,crosslayer,GOVERNOR-NM-2026,metaculus 0.93,0.93,no,ticket GOVPARTYNM-26-D snapshotMid 0.9305
2026-09-28,crosslayer,GOVERNOR-OR-2026,metaculus 0.88,0.88,no,ticket GOVPARTYOR-26-D snapshotMid 0.765
2026-09-28,crosslayer,GOVERNOR-MI-2026,metaculus 0.85,0.85,no,ticket GOVPARTYMI-26-D snapshotMid 0.92
2026-09-28,crosslayer,SENATE-AK-2026,metaculus 0.54,0.54,no,ticket SENATEAK-26-D snapshotMid 0.685
2026-09-28,crosslayer,SENATE-MT-2026,metaculus 0.01,0.01,no,ticket SENATEMT-26-D snapshotMid 0.006
2026-09-28,crosslayer,SENATE-CONTROL-2026,metaculus 0.575,0.575,no,ticket CONTROLS-2026-D snapshotMid 0.625
2026-09-28,crosslayer,HOUSE-CONTROL-2026,metaculus 0.924,0.924,no,ticket CONTROLH-2026-D snapshotMid 0.9165
2026-09-28,crosslayer,SENATE-RI-2026,metaculus 0.99,0.99,no,ticket SENATERI-26-D snapshotMid 0.9905
2026-09-28,crosslayer,SENATE-OR-2026,metaculus 0.99,0.99,no,ticket SENATEOR-26-D snapshotMid 0.985
2026-09-28,crosslayer,SENATE-CO-2026,metaculus 0.98,0.98,no,ticket SENATECO-26-D snapshotMid 0.9865
2026-09-28,crosslayer,SENATE-MN-2026,metaculus 0.94,0.94,no,ticket SENATEMN-26-D snapshotMid 0.895
2026-09-28,crosslayer,GOVERNOR-HI-2026,metaculus 0.98,0.98,no,ticket GOVPARTYHI-26-D snapshotMid 0.9715
2026-09-28,crosslayer,GOVERNOR-NM-2026,metaculus 0.93,0.93,no,ticket GOVPARTYNM-26-D snapshotMid 0.94
2026-09-28,crosslayer,GOVERNOR-OR-2026,metaculus 0.872,0.872,no,ticket GOVPARTYOR-26-D snapshotMid 0.715
2026-09-28,crosslayer,GOVERNOR-MI-2026,metaculus 0.84,0.84,no,ticket GOVPARTYMI-26-D snapshotMid 0.922
2026-09-28,crosslayer,SENATE-AK-2026,metaculus 0.54,0.54,no,ticket SENATEAK-26-D snapshotMid 0.675
2026-09-28,crosslayer,SENATE-MT-2026,metaculus 0.01,0.01,no,ticket SENATEMT-26-D snapshotMid 0.006
2026-09-28,crosslayer,SENATE-NE-2026,metaculus 0.001,0.001,no,ticket SENATENE-26-D snapshotMid 0.004
2026-09-28,crosslayer,SENATE-CONTROL-2026,metaculus 0.581,0.581,no,ticket CONTROLS-2026-D snapshotMid 0.645
2026-09-28,crosslayer,HOUSE-CONTROL-2026,metaculus 0.918,0.918,no,ticket CONTROLH-2026-D snapshotMid 0.9205
2026-09-28,crosslayer,SENATE-OR-2026,metaculus 0.99,0.99,no,ticket SENATEOR-26-D snapshotMid 0.985
2026-09-28,crosslayer,SENATE-RI-2026,metaculus 0.99,0.99,no,ticket SENATERI-26-D snapshotMid 0.9905
2026-09-28,crosslayer,SENATE-CO-2026,metaculus 0.982,0.982,no,ticket SENATECO-26-D snapshotMid 0.9865
2026-09-28,crosslayer,SENATE-MN-2026,metaculus 0.94,0.94,no,ticket SENATEMN-26-D snapshotMid 0.875
2026-09-28,crosslayer,GOVERNOR-HI-2026,metaculus 0.98,0.98,no,ticket GOVPARTYHI-26-D snapshotMid 0.9735
2026-09-28,crosslayer,GOVERNOR-NM-2026,metaculus 0.93,0.93,no,ticket GOVPARTYNM-26-D snapshotMid 0.945
2026-09-28,crosslayer,GOVERNOR-OR-2026,metaculus 0.872,0.872,no,ticket GOVPARTYOR-26-D snapshotMid 0.735
2026-09-28,crosslayer,GOVERNOR-MI-2026,metaculus 0.85,0.85,no,ticket GOVPARTYMI-26-D snapshotMid 0.9275
2026-09-28,crosslayer,SENATE-AK-2026,metaculus 0.525,0.525,no,ticket SENATEAK-26-D snapshotMid 0.705
2026-09-28,crosslayer,SENATE-MT-2026,metaculus 0.01,0.01,no,ticket SENATEMT-26-D snapshotMid 0.007
2026-09-28,crosslayer,SENATE-NE-2026,metaculus 0.001,0.001,no,ticket SENATENE-26-D snapshotMid 0.004
2026-09-28,crosslayer,SENATE-CONTROL-2026,metaculus 0.576,0.576,no,ticket CONTROLS-2026-D snapshotMid 0.625
2026-09-28,crosslayer,HOUSE-CONTROL-2026,metaculus 0.919,0.919,no,ticket CONTROLH-2026-D snapshotMid 0.9195
2026-09-28,crosslayer,GOVERNOR-HI-2026,metaculus 0.98,0.98,no,ticket GOVPARTYHI-26-D snapshotMid 0.971
2026-09-28,crosslayer,GOVERNOR-NM-2026,metaculus 0.94,0.94,no,ticket GOVPARTYNM-26-D snapshotMid 0.9455
2026-09-28,crosslayer,GOVERNOR-OR-2026,metaculus 0.87,0.87,no,ticket GOVPARTYOR-26-D snapshotMid 0.735
2026-09-28,crosslayer,GOVERNOR-MI-2026,metaculus 0.85,0.85,no,ticket GOVPARTYMI-26-D snapshotMid 0.927
2026-09-28,crosslayer,SENATE-AK-2026,metaculus 0.525,0.525,no,ticket SENATEAK-26-D snapshotMid 0.73
2026-09-28,crosslayer,SENATE-MT-2026,metaculus 0.01,0.01,no,ticket SENATEMT-26-D snapshotMid 0.0085
2026-09-28,crosslayer,SENATE-NE-2026,metaculus 0.001,0.001,no,ticket SENATENE-26-D snapshotMid 0.004
2026-09-28,crosslayer,SENATE-CONTROL-2026,metaculus 0.584,0.584,no,ticket CONTROLS-2026-D snapshotMid 0.645
2026-09-28,crosslayer,HOUSE-CONTROL-2026,metaculus 0.929,0.929,no,ticket CONTROLH-2026-D snapshotMid 0.9165
2026-09-28,crosslayer,SENATE-OR-2026,metaculus 0.99,0.99,no,ticket SENATEOR-26-D snapshotMid 0.988
2026-09-28,crosslayer,SENATE-RI-2026,metaculus 0.99,0.99,no,ticket SENATERI-26-D snapshotMid 0.9905
2026-09-28,crosslayer,SENATE-CO-2026,metaculus 0.982,0.982,no,ticket SENATECO-26-D snapshotMid 0.9915
2026-09-28,crosslayer,SENATE-MN-2026,metaculus 0.925,0.925,no,ticket SENATEMN-26-D snapshotMid 0.865
2026-09-28,crosslayer,GOVERNOR-HI-2026,metaculus 0.98,0.98,no,ticket GOVPARTYHI-26-D snapshotMid 0.9735
2026-09-28,crosslayer,GOVERNOR-NM-2026,metaculus 0.94,0.94,no,ticket GOVPARTYNM-26-D snapshotMid 0.945
2026-09-28,crosslayer,GOVERNOR-OR-2026,metaculus 0.86,0.86,no,ticket GOVPARTYOR-26-D snapshotMid 0.755
2026-09-28,crosslayer,GOVERNOR-MI-2026,metaculus 0.85,0.85,no,ticket GOVPARTYMI-26-D snapshotMid 0.9305
2026-09-28,crosslayer,SENATE-AK-2026,metaculus 0.525,0.525,no,ticket SENATEAK-26-D snapshotMid 0.735
2026-09-28,crosslayer,SENATE-MT-2026,metaculus 0.01,0.01,no,ticket SENATEMT-26-D snapshotMid 0.021
2026-09-28,crosslayer,SENATE-NE-2026,metaculus 0.001,0.001,no,ticket SENATENE-26-D snapshotMid 0.0015
2026-09-28,crosslayer,SENATE-CONTROL-2026,metaculus 0.586,0.586,no,ticket CONTROLS-2026-D snapshotMid 0.645
2026-09-28,crosslayer,HOUSE-CONTROL-2026,metaculus 0.929,0.929,no,ticket CONTROLH-2026-D snapshotMid 0.9155
2026-09-28,crosslayer,SENATE-OR-2026,metaculus 0.99,0.99,no,ticket SENATEOR-26-D snapshotMid 0.9855
2026-09-28,crosslayer,SENATE-RI-2026,metaculus 0.99,0.99,no,ticket SENATERI-26-D snapshotMid 0.99
2026-09-28,crosslayer,SENATE-CO-2026,metaculus 0.982,0.982,no,ticket SENATECO-26-D snapshotMid 0.991
2026-09-28,crosslayer,SENATE-MN-2026,metaculus 0.925,0.925,no,ticket SENATEMN-26-D snapshotMid 0.865
2026-09-28,crosslayer,GOVERNOR-HI-2026,metaculus 0.98,0.98,no,ticket GOVPARTYHI-26-D snapshotMid 0.9735
2026-09-28,crosslayer,GOVERNOR-NM-2026,metaculus 0.94,0.94,no,ticket GOVPARTYNM-26-D snapshotMid 0.9465
2026-09-28,crosslayer,GOVERNOR-OR-2026,metaculus 0.86,0.86,no,ticket GOVPARTYOR-26-D snapshotMid 0.76
2026-09-28,crosslayer,GOVERNOR-MI-2026,metaculus 0.85,0.85,no,ticket GOVPARTYMI-26-D snapshotMid 0.937
2026-09-28,crosslayer,SENATE-AK-2026,metaculus 0.525,0.525,no,ticket SENATEAK-26-D snapshotMid 0.745
2026-09-28,crosslayer,SENATE-MT-2026,metaculus 0.009,0.009,no,ticket SENATEMT-26-D snapshotMid 0.009
2026-09-28,crosslayer,SENATE-NE-2026,metaculus 0.001,0.001,no,ticket SENATENE-26-D snapshotMid 0.0015
2026-09-28,crosslayer,SENATE-CONTROL-2026,metaculus 0.588,0.588,no,ticket CONTROLS-2026-D snapshotMid 0.635
2026-09-28,crosslayer,HOUSE-CONTROL-2026,metaculus 0.922,0.922,no,ticket CONTROLH-2026-D snapshotMid 0.895
2026-09-28,crosslayer,SENATE-RI-2026,metaculus 0.99,0.99,no,ticket SENATERI-26-D snapshotMid 0.989
2026-09-28,crosslayer,SENATE-OR-2026,metaculus 0.99,0.99,no,ticket SENATEOR-26-D snapshotMid 0.9855
2026-09-28,crosslayer,SENATE-CO-2026,metaculus 0.985,0.985,no,ticket SENATECO-26-D snapshotMid 0.991
2026-09-28,crosslayer,SENATE-NC-2026,metaculus 0.92,0.92,no,ticket SENATENC-26-D snapshotMid 0.968
2026-09-28,crosslayer,GOVERNOR-HI-2026,metaculus 0.98,0.98,no,ticket GOVPARTYHI-26-D snapshotMid 0.9775
2026-09-28,crosslayer,GOVERNOR-NM-2026,metaculus 0.94,0.94,no,ticket GOVPARTYNM-26-D snapshotMid 0.94
2026-09-28,crosslayer,GOVERNOR-OR-2026,metaculus 0.858,0.858,no,ticket GOVPARTYOR-26-D snapshotMid 0.775
2026-09-28,crosslayer,GOVERNOR-MI-2026,metaculus 0.85,0.85,no,ticket GOVPARTYMI-26-D snapshotMid 0.9225
2026-09-28,crosslayer,SENATE-AK-2026,metaculus 0.54,0.54,no,ticket SENATEAK-26-D snapshotMid 0.765
2026-09-28,crosslayer,SENATE-MT-2026,metaculus 0.009,0.009,no,ticket SENATEMT-26-D snapshotMid 0.008
2026-09-28,crosslayer,SENATE-NE-2026,metaculus 0.001,0.001,no,ticket SENATENE-26-D snapshotMid 0.0015
2026-09-28,crosslayer,SENATE-CONTROL-2026,metaculus 0.598,0.598,no,ticket CONTROLS-2026-D snapshotMid 0.615
2026-09-28,crosslayer,HOUSE-CONTROL-2026,metaculus 0.922,0.922,no,ticket CONTROLH-2026-D snapshotMid 0.9005
2026-09-28,crosslayer,SENATE-OR-2026,metaculus 0.99,0.99,no,ticket SENATEOR-26-D snapshotMid 0.983
2026-09-28,crosslayer,SENATE-RI-2026,metaculus 0.99,0.99,no,ticket SENATERI-26-D snapshotMid 0.9885
2026-09-28,crosslayer,SENATE-CO-2026,metaculus 0.985,0.985,no,ticket SENATECO-26-D snapshotMid 0.988
2026-09-28,crosslayer,SENATE-NC-2026,metaculus 0.92,0.92,no,ticket SENATENC-26-D snapshotMid 0.9685
2026-09-28,crosslayer,GOVERNOR-HI-2026,metaculus 0.98,0.98,no,ticket GOVPARTYHI-26-D snapshotMid 0.9795
2026-09-28,crosslayer,GOVERNOR-NM-2026,metaculus 0.94,0.94,no,ticket GOVPARTYNM-26-D snapshotMid 0.939
2026-09-28,crosslayer,GOVERNOR-OR-2026,metaculus 0.86,0.86,no,ticket GOVPARTYOR-26-D snapshotMid 0.755
2026-09-28,crosslayer,GOVERNOR-MI-2026,metaculus 0.85,0.85,no,ticket GOVPARTYMI-26-D snapshotMid 0.9205
2026-09-28,crosslayer,SENATE-AK-2026,metaculus 0.548,0.548,no,ticket SENATEAK-26-D snapshotMid 0.755
2026-09-28,crosslayer,SENATE-MT-2026,metaculus 0.009,0.009,no,ticket SENATEMT-26-D snapshotMid 0.0085
2026-09-28,crosslayer,SENATE-NE-2026,metaculus 0.001,0.001,no,ticket SENATENE-26-D snapshotMid 0.001
2026-09-28,crosslayer,SENATE-CONTROL-2026,metaculus 0.608,0.608,no,ticket CONTROLS-2026-D snapshotMid 0.605
2026-09-28,crosslayer,HOUSE-CONTROL-2026,metaculus 0.93,0.93,no,ticket CONTROLH-2026-D snapshotMid 0.895
2026-09-28,crosslayer,SENATE-OR-2026,metaculus 0.99,0.99,no,ticket SENATEOR-26-D snapshotMid 0.983
2026-09-28,crosslayer,SENATE-RI-2026,metaculus 0.99,0.99,no,ticket SENATERI-26-D snapshotMid 0.978
2026-09-28,crosslayer,SENATE-CO-2026,metaculus 0.985,0.985,no,ticket SENATECO-26-D snapshotMid 0.988
2026-09-28,crosslayer,SENATE-GA-2026,metaculus 0.93,0.93,no,ticket SENATEGA-26-D snapshotMid 0.9545
2026-09-28,crosslayer,SENATE-AK-2026,metaculus 0.54,0.54,no,ticket SENATEAK-26-D snapshotMid 0.735
2026-09-28,crosslayer,SENATE-MT-2026,metaculus 0.01,0.01,no,ticket SENATEMT-26-D snapshotMid 0.0085
2026-09-28,crosslayer,SENATE-NE-2026,metaculus 0.001,0.001,no,ticket SENATENE-26-D snapshotMid 0.0025
2026-09-29,poll,cnn-ssrs-2026-09-me-senate,U.S. Senate — Maine CNN Poll conducted by SSRS,0.6608,yes,margin 3pp -> logistic k=4.5; ticket SENATEME-26-D
2026-09-29,poll,cnn-ssrs-2026-09-mi-senate,U.S. Senate — Michigan (open seat) CNN Poll conducted by SSRS,0.6608,yes,margin 3pp -> logistic k=4.5; ticket SENATEMI-26-D
2026-09-29,poll,emerson-2026-09-mi-senate,U.S. Senate — Michigan (open seat) Emerson College Polling / Nexstar Media,0.6093,yes,margin 2pp -> logistic k=4.5; ticket SENATEMI-26-D
2026-09-29,poll,emerson-2026-09-tx-senate,U.S. Senate — Texas (open seat) Emerson College Polling / Nexstar Media,0.5553,yes,margin 1pp -> logistic k=4.5; ticket SENATETX-26-D
2026-09-29,poll,emerson-2026-09-ia-senate,U.S. Senate — Iowa (open seat) Emerson College Polling / Nexstar Media,0.2477,yes,margin -5pp -> logistic k=4.5; ticket SENATEIA-26-D
2026-09-29,poll,reconmr-siena-2026-09-tx-senate,U.S. Senate — Texas (open seat) Texas Poll — ReconMR fieldwork (released via Siena Research Institute),0.7914,yes,margin 6pp -> logistic k=4.5; ticket SENATETX-26-D
2026-09-29,poll,suffolk-2026-08-ia-senate,U.S. Senate — Iowa (open seat) Suffolk University Political Research Center (SUPRC),0.2913,yes,margin -4pp -> logistic k=4.5; ticket SENATEIA-26-D
2026-09-29,poll,npi-2026-08-az-governor,Governor — Arizona Noble Predictive Insights — Arizona Public Opinion Pulse (AZPOP),0.9473,yes,margin 13pp -> logistic k=4.5; ticket GOVPARTYAZ-26-D
2026-09-29,poll,fm-2026-08-pa-governor,Governor — Pennsylvania Franklin & Marshall College Poll,0.9961,yes,margin 25pp -> logistic k=4.5; ticket GOVPARTYPA-26-D
2026-09-29,poll,elon-2026-09-nc-senate,U.S. Senate — North Carolina Elon University Poll (fielded by YouGov),0.9202,yes,margin 11pp -> logistic k=4.5; ticket SENATENC-26-D
2026-09-29,poll,hpu-2026-04-nc-senate,U.S. Senate — North Carolina HPU Poll 120 — High Point University Survey Research Center (fielded by YouGov),0.8554,yes,margin 8pp -> logistic k=4.5; ticket SENATENC-26-D
2026-09-29,poll,hpu-2026-08-nc-senate,U.S. Senate — North Carolina HPU Poll 126 — High Point University Survey Research Center (fielded by YouGov),0.7523,yes,margin 5pp -> logistic k=4.5; ticket SENATENC-26-D
2026-09-29,poll,stetson-2026-04-fl-governor,Governor — Florida Stetson University Center for Public Opinion Research (CPOR) — Spring 2026 Survey,0.1743,yes,margin -7pp -> logistic k=4.5; ticket GOVPARTYFL-26-D
2026-09-29,poll,ppp-2026-07-nc-senate,U.S. Senate — North Carolina Public Policy Polling (PPP),0.7087,yes,margin 4pp -> logistic k=4.5; ticket SENATENC-26-D
2026-09-29,poll,unf-2026-07-fl-governor,Governor — Florida University of North Florida Public Opinion Research Lab,0.2477,yes,margin -5pp -> logistic k=4.5; ticket GOVPARTYFL-26-D
2026-09-29,poll,unf-2026-07-fl-senate,U.S. Senate — Florida (special) University of North Florida Public Opinion Research Lab,0.1446,yes,margin -8pp -> logistic k=4.5; ticket SENATEFLS-26-D
2026-09-29,poll,rasmussen-2026-09-ga-governor,Governor — Georgia Rasmussen Reports (field work by Pulse Opinion Research),0.3392,yes,margin -3pp -> logistic k=4.5; ticket GOVPARTYGA-26-D
2026-09-29,poll,rasmussen-2026-09-ga-senate,U.S. Senate — Georgia Rasmussen Reports (field work by Pulse Opinion Research),0.8808,yes,margin 9pp -> logistic k=4.5; ticket SENATEGA-26-D
2026-09-29,poll,rasmussen-2026-09-sc-senate,U.S. Senate — South Carolina (special) Rasmussen Reports (field work by Pulse Opinion Research),0.2477,yes,margin -5pp -> logistic k=4.5; ticket SENATESC-26-D
2026-09-29,rating,AK,Toss Up / Tilt R,0.25-0.65,yes,ticket SENATEAK-26-D
2026-09-29,rating,IA,Toss Up / Tilt R,0.25-0.65,yes,ticket SENATEIA-26-D
2026-09-29,rating,ME,Toss Up / Toss-up,0.35-0.65,yes,ticket SENATEME-26-D
2026-09-29,rating,MI,Toss Up / Toss-up,0.35-0.65,yes,ticket SENATEMI-26-D
2026-09-29,rating,NH,Toss Up / Toss-up,0.35-0.65,yes,ticket SENATENH-26-D
2026-09-29,rating,OH,Toss Up / Toss-up,0.35-0.65,yes,ticket SENATEOHS-26-D
2026-09-29,rating,TX,Toss Up / Lean R,0.2-0.65,yes,ticket SENATETX-26-D
2026-09-29,rating,GA,Lean D / Tilt D,0.55-0.8,yes,ticket SENATEGA-26-D
2026-09-29,rating,NC,Lean D / Tilt D,0.55-0.8,yes,ticket SENATENC-26-D
2026-09-29,rating,MN,Likely D / Likely D,0.75-0.92,yes,ticket SENATEMN-26-D
2026-09-29,rating,KS,Likely R / Likely R,0.08-0.25,yes,ticket SENATEKS-26-D
2026-09-29,rating,SC,Solid R / Likely R,0-0.25,yes,ticket SENATESC-26-D
2026-09-29,crosslayer,SENATE-CONTROL-2026,metaculus 0.517,0.517,yes,ticket CONTROLS-2026-D snapshotMid 0.595
2026-09-29,crosslayer,HOUSE-CONTROL-2026,metaculus 0.888,0.888,yes,ticket CONTROLH-2026-D snapshotMid 0.895
2026-09-29,crosslayer,HOUSE-CONTROL-2026,metaculus 0.888,0.888,yes,ticket CONTROLH-2026-D snapshotMid 0.9015
2026-09-29,crosslayer,GOVERNOR-HI-2026,metaculus 0.98,0.98,yes,ticket GOVPARTYHI-26-D snapshotMid 0.974
2026-09-29,crosslayer,GOVERNOR-NM-2026,metaculus 0.922,0.922,yes,ticket GOVPARTYNM-26-D snapshotMid 0.9255
2026-09-29,crosslayer,GOVERNOR-OR-2026,metaculus 0.88,0.88,yes,ticket GOVPARTYOR-26-D snapshotMid 0.845
2026-09-29,crosslayer,GOVERNOR-MI-2026,metaculus 0.85,0.85,yes,ticket GOVPARTYMI-26-D snapshotMid 0.915
2026-09-29,crosslayer,SENATE-MT-2026,metaculus 0.01,0.01,yes,ticket SENATEMT-26-D snapshotMid 0.0075
2026-09-29,crosslayer,SENATE-NE-2026,metaculus 0.001,0.001,yes,ticket SENATENE-26-D snapshotMid 0.0005
2026-09-29,crosslayer,SENATE-RI-2026,metaculus 0.99,0.99,yes,ticket SENATERI-26-D snapshotMid 0.979
2026-09-29,crosslayer,SENATE-OR-2026,metaculus 0.99,0.99,yes,ticket SENATEOR-26-D snapshotMid 0.977
2026-09-29,crosslayer,SENATE-CO-2026,metaculus 0.98,0.98,yes,ticket SENATECO-26-D snapshotMid 0.9725
2026-09-29,crosslayer,SENATE-MN-2026,metaculus 0.92,0.92,yes,ticket SENATEMN-26-D snapshotMid 0.9035
2026-09-29,crosslayer,SENATE-AK-2026,metaculus 0.54,0.54,yes,ticket SENATEAK-26-D snapshotMid 0.695
2026-09-29,crosslayer,SENATE-CONTROL-2026,metaculus 0.5,0.5,yes,ticket CONTROLS-2026-D snapshotMid 0.605
2026-09-29,crosslayer,HOUSE-CONTROL-2026,metaculus 0.9,0.9,yes,ticket CONTROLH-2026-D snapshotMid 0.9085
2026-09-29,crosslayer,SENATE-RI-2026,metaculus 0.99,0.99,yes,ticket SENATERI-26-D snapshotMid 0.982
2026-09-29,crosslayer,SENATE-OR-2026,metaculus 0.99,0.99,yes,ticket SENATEOR-26-D snapshotMid 0.977
2026-09-29,crosslayer,SENATE-CO-2026,metaculus 0.98,0.98,yes,ticket SENATECO-26-D snapshotMid 0.973
2026-09-29,crosslayer,SENATE-MN-2026,metaculus 0.93,0.93,yes,ticket SENATEMN-26-D snapshotMid 0.902
2026-09-29,crosslayer,GOVERNOR-HI-2026,metaculus 0.98,0.98,yes,ticket GOVPARTYHI-26-D snapshotMid 0.974
2026-09-29,crosslayer,GOVERNOR-NM-2026,metaculus 0.922,0.922,yes,ticket GOVPARTYNM-26-D snapshotMid 0.928
2026-09-29,crosslayer,GOVERNOR-OR-2026,metaculus 0.88,0.88,yes,ticket GOVPARTYOR-26-D snapshotMid 0.86
2026-09-29,crosslayer,GOVERNOR-MI-2026,metaculus 0.85,0.85,yes,ticket GOVPARTYMI-26-D snapshotMid 0.9165
2026-09-29,crosslayer,SENATE-AK-2026,metaculus 0.54,0.54,yes,ticket SENATEAK-26-D snapshotMid 0.705
2026-09-29,crosslayer,SENATE-MT-2026,metaculus 0.01,0.01,yes,ticket SENATEMT-26-D snapshotMid 0.01
2026-09-29,crosslayer,SENATE-NE-2026,metaculus 0.001,0.001,yes,ticket SENATENE-26-D snapshotMid 0.0025
2026-09-29,crosslayer,SENATE-CONTROL-2026,metaculus 0.512,0.512,yes,ticket CONTROLS-2026-D snapshotMid 0.605
2026-09-29,crosslayer,HOUSE-CONTROL-2026,metaculus 0.908,0.908,yes,ticket CONTROLH-2026-D snapshotMid 0.9065
2026-09-29,crosslayer,SENATE-RI-2026,metaculus 0.99,0.99,yes,ticket SENATERI-26-D snapshotMid 0.9825
2026-09-29,crosslayer,SENATE-OR-2026,metaculus 0.99,0.99,yes,ticket SENATEOR-26-D snapshotMid 0.977
2026-09-29,crosslayer,SENATE-CO-2026,metaculus 0.98,0.98,yes,ticket SENATECO-26-D snapshotMid 0.973
2026-09-29,crosslayer,SENATE-MN-2026,metaculus 0.93,0.93,yes,ticket SENATEMN-26-D snapshotMid 0.905
2026-09-29,crosslayer,GOVERNOR-HI-2026,metaculus 0.98,0.98,yes,ticket GOVPARTYHI-26-D snapshotMid 0.974
2026-09-29,crosslayer,GOVERNOR-NM-2026,metaculus 0.928,0.928,yes,ticket GOVPARTYNM-26-D snapshotMid 0.931
2026-09-29,crosslayer,GOVERNOR-OR-2026,metaculus 0.882,0.882,yes,ticket GOVPARTYOR-26-D snapshotMid 0.86
2026-09-29,crosslayer,GOVERNOR-MI-2026,metaculus 0.84,0.84,yes,ticket GOVPARTYMI-26-D snapshotMid 0.923
2026-09-29,crosslayer,SENATE-AK-2026,metaculus 0.54,0.54,yes,ticket SENATEAK-26-D snapshotMid 0.735
2026-09-29,crosslayer,SENATE-MT-2026,metaculus 0.01,0.01,yes,ticket SENATEMT-26-D snapshotMid 0.009
2026-09-29,crosslayer,SENATE-NE-2026,metaculus 0.001,0.001,yes,ticket SENATENE-26-D snapshotMid 0.002
2026-09-29,crosslayer,SENATE-GA-2026,metaculus 0.92,0.92,yes,ticket SENATEGA-26-D snapshotMid 0.9385
2026-09-29,crosslayer,SENATE-CONTROL-2026,metaculus 0.531,0.531,yes,ticket CONTROLS-2026-D snapshotMid 0.625
2026-09-29,crosslayer,HOUSE-CONTROL-2026,metaculus 0.906,0.906,yes,ticket CONTROLH-2026-D snapshotMid 0.9095
2026-09-29,crosslayer,SENATE-RI-2026,metaculus 0.99,0.99,yes,ticket SENATERI-26-D snapshotMid 0.9865
2026-09-29,crosslayer,SENATE-OR-2026,metaculus 0.99,0.99,yes,ticket SENATEOR-26-D snapshotMid 0.977
2026-09-29,crosslayer,SENATE-CO-2026,metaculus 0.98,0.98,yes,ticket SENATECO-26-D snapshotMid 0.9735
2026-09-29,crosslayer,SENATE-GA-2026,metaculus 0.92,0.92,yes,ticket SENATEGA-26-D snapshotMid 0.9385
2026-09-29,crosslayer,GOVERNOR-HI-2026,metaculus 0.98,0.98,yes,ticket GOVPARTYHI-26-D snapshotMid 0.973
2026-09-29,crosslayer,GOVERNOR-NM-2026,metaculus 0.928,0.928,yes,ticket GOVPARTYNM-26-D snapshotMid 0.931
2026-09-29,crosslayer,GOVERNOR-OR-2026,metaculus 0.882,0.882,yes,ticket GOVPARTYOR-26-D snapshotMid 0.855
2026-09-29,crosslayer,GOVERNOR-MI-2026,metaculus 0.84,0.84,yes,ticket GOVPARTYMI-26-D snapshotMid 0.9235
2026-09-29,crosslayer,SENATE-AK-2026,metaculus 0.54,0.54,yes,ticket SENATEAK-26-D snapshotMid 0.755
2026-09-29,crosslayer,SENATE-MT-2026,metaculus 0.01,0.01,yes,ticket SENATEMT-26-D snapshotMid 0.012
2026-09-29,crosslayer,SENATE-NE-2026,metaculus 0.002,0.002,yes,ticket SENATENE-26-D snapshotMid 0.0025
2026-09-29,crosslayer,SENATE-NC-2026,metaculus 0.92,0.92,yes,ticket SENATENC-26-D snapshotMid 0.9365
2026-09-29,crosslayer,SENATE-CONTROL-2026,metaculus 0.567,0.567,yes,ticket CONTROLS-2026-D snapshotMid 0.615
2026-09-29,crosslayer,HOUSE-CONTROL-2026,metaculus 0.91,0.91,yes,ticket CONTROLH-2026-D snapshotMid 0.9165
2026-09-29,crosslayer,SENATE-RI-2026,metaculus 0.996,0.996,yes,ticket SENATERI-26-D snapshotMid 0.99
2026-09-29,crosslayer,SENATE-OR-2026,metaculus 0.99,0.99,yes,ticket SENATEOR-26-D snapshotMid 0.9775
2026-09-29,crosslayer,SENATE-CO-2026,metaculus 0.98,0.98,yes,ticket SENATECO-26-D snapshotMid 0.9845
2026-09-29,crosslayer,SENATE-MN-2026,metaculus 0.94,0.94,yes,ticket SENATEMN-26-D snapshotMid 0.9055
2026-09-29,crosslayer,GOVERNOR-HI-2026,metaculus 0.98,0.98,yes,ticket GOVPARTYHI-26-D snapshotMid 0.9745
2026-09-29,crosslayer,GOVERNOR-NM-2026,metaculus 0.928,0.928,yes,ticket GOVPARTYNM-26-D snapshotMid 0.9295
2026-09-29,crosslayer,GOVERNOR-OR-2026,metaculus 0.88,0.88,yes,ticket GOVPARTYOR-26-D snapshotMid 0.84
2026-09-29,crosslayer,GOVERNOR-MI-2026,metaculus 0.85,0.85,yes,ticket GOVPARTYMI-26-D snapshotMid 0.927
2026-09-29,crosslayer,SENATE-AK-2026,metaculus 0.548,0.548,yes,ticket SENATEAK-26-D snapshotMid 0.705
2026-09-29,crosslayer,SENATE-MT-2026,metaculus 0.01,0.01,yes,ticket SENATEMT-26-D snapshotMid 0.0095
2026-09-29,crosslayer,SENATE-NE-2026,metaculus 0.001,0.001,yes,ticket SENATENE-26-D snapshotMid 0.002
2026-09-29,crosslayer,SENATE-CONTROL-2026,metaculus 0.582,0.582,yes,ticket CONTROLS-2026-D snapshotMid 0.605
2026-09-29,crosslayer,HOUSE-CONTROL-2026,metaculus 0.929,0.929,yes,ticket CONTROLH-2026-D snapshotMid 0.919
2026-09-29,crosslayer,SENATE-RI-2026,metaculus 0.996,0.996,yes,ticket SENATERI-26-D snapshotMid 0.99
2026-09-29,crosslayer,SENATE-OR-2026,metaculus 0.99,0.99,yes,ticket SENATEOR-26-D snapshotMid 0.9775
2026-09-29,crosslayer,SENATE-CO-2026,metaculus 0.98,0.98,yes,ticket SENATECO-26-D snapshotMid 0.9855
2026-09-29,crosslayer,SENATE-MN-2026,metaculus 0.94,0.94,yes,ticket SENATEMN-26-D snapshotMid 0.895
2026-09-29,crosslayer,GOVERNOR-HI-2026,metaculus 0.98,0.98,yes,ticket GOVPARTYHI-26-D snapshotMid 0.9745
2026-09-29,crosslayer,GOVERNOR-NM-2026,metaculus 0.93,0.93,yes,ticket GOVPARTYNM-26-D snapshotMid 0.928
2026-09-29,crosslayer,GOVERNOR-OR-2026,metaculus 0.88,0.88,yes,ticket GOVPARTYOR-26-D snapshotMid 0.85
2026-09-29,crosslayer,GOVERNOR-MI-2026,metaculus 0.85,0.85,yes,ticket GOVPARTYMI-26-D snapshotMid 0.925
2026-09-29,crosslayer,SENATE-AK-2026,metaculus 0.548,0.548,yes,ticket SENATEAK-26-D snapshotMid 0.705
2026-09-29,crosslayer,SENATE-MT-2026,metaculus 0.01,0.01,yes,ticket SENATEMT-26-D snapshotMid 0.011
2026-09-29,crosslayer,SENATE-NE-2026,metaculus 0.001,0.001,yes,ticket SENATENE-26-D snapshotMid 0.002
2026-09-29,crosslayer,SENATE-CONTROL-2026,metaculus 0.572,0.572,yes,ticket CONTROLS-2026-D snapshotMid 0.615
2026-09-29,crosslayer,HOUSE-CONTROL-2026,metaculus 0.929,0.929,yes,ticket CONTROLH-2026-D snapshotMid 0.919
2026-09-29,crosslayer,SENATE-RI-2026,metaculus 0.993,0.993,yes,ticket SENATERI-26-D snapshotMid 0.99
2026-09-29,crosslayer,SENATE-OR-2026,metaculus 0.99,0.99,yes,ticket SENATEOR-26-D snapshotMid 0.9775
2026-09-29,crosslayer,SENATE-CO-2026,metaculus 0.98,0.98,yes,ticket SENATECO-26-D snapshotMid 0.985
2026-09-29,crosslayer,SENATE-MN-2026,metaculus 0.94,0.94,yes,ticket SENATEMN-26-D snapshotMid 0.895
2026-09-29,crosslayer,GOVERNOR-HI-2026,metaculus 0.98,0.98,yes,ticket GOVPARTYHI-26-D snapshotMid 0.9745
2026-09-29,crosslayer,GOVERNOR-NM-2026,metaculus 0.928,0.928,yes,ticket GOVPARTYNM-26-D snapshotMid 0.9275
2026-09-29,crosslayer,GOVERNOR-OR-2026,metaculus 0.88,0.88,yes,ticket GOVPARTYOR-26-D snapshotMid 0.84
2026-09-29,crosslayer,GOVERNOR-MI-2026,metaculus 0.85,0.85,yes,ticket GOVPARTYMI-26-D snapshotMid 0.927
2026-09-29,crosslayer,SENATE-AK-2026,metaculus 0.548,0.548,yes,ticket SENATEAK-26-D snapshotMid 0.705
2026-09-29,crosslayer,SENATE-MT-2026,metaculus 0.01,0.01,yes,ticket SENATEMT-26-D snapshotMid 0.016
2026-09-29,crosslayer,SENATE-NE-2026,metaculus 0.001,0.001,yes,ticket SENATENE-26-D snapshotMid 0.0005
2026-09-29,crosslayer,SENATE-CONTROL-2026,metaculus 0.555,0.555,yes,ticket CONTROLS-2026-D snapshotMid 0.615
2026-09-29,crosslayer,HOUSE-CONTROL-2026,metaculus 0.919,0.919,yes,ticket CONTROLH-2026-D snapshotMid 0.9165
2026-09-29,crosslayer,SENATE-RI-2026,metaculus 0.993,0.993,yes,ticket SENATERI-26-D snapshotMid 0.9905
2026-09-29,crosslayer,SENATE-OR-2026,metaculus 0.99,0.99,yes,ticket SENATEOR-26-D snapshotMid 0.9775
2026-09-29,crosslayer,SENATE-CO-2026,metaculus 0.98,0.98,yes,ticket SENATECO-26-D snapshotMid 0.9855
2026-09-29,crosslayer,SENATE-MN-2026,metaculus 0.95,0.95,yes,ticket SENATEMN-26-D snapshotMid 0.895
2026-09-29,crosslayer,GOVERNOR-HI-2026,metaculus 0.98,0.98,yes,ticket GOVPARTYHI-26-D snapshotMid 0.9745
2026-09-29,crosslayer,GOVERNOR-NM-2026,metaculus 0.925,0.925,yes,ticket GOVPARTYNM-26-D snapshotMid 0.929
2026-09-29,crosslayer,GOVERNOR-OR-2026,metaculus 0.874,0.874,yes,ticket GOVPARTYOR-26-D snapshotMid 0.805
2026-09-29,crosslayer,GOVERNOR-MI-2026,metaculus 0.84,0.84,yes,ticket GOVPARTYMI-26-D snapshotMid 0.9235
2026-09-29,crosslayer,SENATE-AK-2026,metaculus 0.54,0.54,yes,ticket SENATEAK-26-D snapshotMid 0.705
2026-09-29,crosslayer,SENATE-MT-2026,metaculus 0.01,0.01,yes,ticket SENATEMT-26-D snapshotMid 0.0145
2026-09-29,crosslayer,SENATE-NE-2026,metaculus 0.001,0.001,yes,ticket SENATENE-26-D snapshotMid 0.0025
2026-09-29,crosslayer,SENATE-CONTROL-2026,metaculus 0.569,0.569,no,ticket CONTROLS-2026-D snapshotMid 0.625
2026-09-29,crosslayer,HOUSE-CONTROL-2026,metaculus 0.925,0.925,no,ticket CONTROLH-2026-D snapshotMid 0.9155
2026-09-29,crosslayer,SENATE-RI-2026,metaculus 0.991,0.991,no,ticket SENATERI-26-D snapshotMid 0.9885
2026-09-29,crosslayer,SENATE-OR-2026,metaculus 0.99,0.99,no,ticket SENATEOR-26-D snapshotMid 0.9775
2026-09-29,crosslayer,SENATE-CO-2026,metaculus 0.98,0.98,no,ticket SENATECO-26-D snapshotMid 0.9855
2026-09-29,crosslayer,SENATE-MN-2026,metaculus 0.95,0.95,no,ticket SENATEMN-26-D snapshotMid 0.895
2026-09-29,crosslayer,GOVERNOR-HI-2026,metaculus 0.98,0.98,no,ticket GOVPARTYHI-26-D snapshotMid 0.9745
2026-09-29,crosslayer,GOVERNOR-NM-2026,metaculus 0.925,0.925,no,ticket GOVPARTYNM-26-D snapshotMid 0.93
2026-09-29,crosslayer,GOVERNOR-OR-2026,metaculus 0.874,0.874,no,ticket GOVPARTYOR-26-D snapshotMid 0.815
2026-09-29,crosslayer,GOVERNOR-MI-2026,metaculus 0.84,0.84,no,ticket GOVPARTYMI-26-D snapshotMid 0.926
2026-09-29,crosslayer,SENATE-AK-2026,metaculus 0.54,0.54,no,ticket SENATEAK-26-D snapshotMid 0.695
2026-09-29,crosslayer,SENATE-MT-2026,metaculus 0.01,0.01,no,ticket SENATEMT-26-D snapshotMid 0.0145
2026-09-29,crosslayer,SENATE-NE-2026,metaculus 0.001,0.001,no,ticket SENATENE-26-D snapshotMid 0.0025
2026-09-29,crosslayer,SENATE-CONTROL-2026,metaculus 0.562,0.562,no,ticket CONTROLS-2026-D snapshotMid 0.625
2026-09-29,crosslayer,HOUSE-CONTROL-2026,metaculus 0.919,0.919,no,ticket CONTROLH-2026-D snapshotMid 0.915
2026-09-29,crosslayer,SENATE-RI-2026,metaculus 0.99,0.99,no,ticket SENATERI-26-D snapshotMid 0.9885
2026-09-29,crosslayer,SENATE-OR-2026,metaculus 0.99,0.99,no,ticket SENATEOR-26-D snapshotMid 0.983
2026-09-29,crosslayer,SENATE-CO-2026,metaculus 0.98,0.98,no,ticket SENATECO-26-D snapshotMid 0.9855
2026-09-29,crosslayer,SENATE-MN-2026,metaculus 0.95,0.95,no,ticket SENATEMN-26-D snapshotMid 0.885
2026-09-29,crosslayer,GOVERNOR-HI-2026,metaculus 0.98,0.98,no,ticket GOVPARTYHI-26-D snapshotMid 0.969
2026-09-29,crosslayer,GOVERNOR-NM-2026,metaculus 0.925,0.925,no,ticket GOVPARTYNM-26-D snapshotMid 0.9295
2026-09-29,crosslayer,GOVERNOR-OR-2026,metaculus 0.874,0.874,no,ticket GOVPARTYOR-26-D snapshotMid 0.795
2026-09-29,crosslayer,GOVERNOR-MI-2026,metaculus 0.84,0.84,no,ticket GOVPARTYMI-26-D snapshotMid 0.9225
2026-09-29,crosslayer,SENATE-AK-2026,metaculus 0.54,0.54,no,ticket SENATEAK-26-D snapshotMid 0.705
2026-09-29,crosslayer,SENATE-MT-2026,metaculus 0.01,0.01,no,ticket SENATEMT-26-D snapshotMid 0.009
2026-09-29,crosslayer,SENATE-NE-2026,metaculus 0.001,0.001,no,ticket SENATENE-26-D snapshotMid 0.002
2026-09-29,crosslayer,SENATE-CONTROL-2026,metaculus 0.565,0.565,no,ticket CONTROLS-2026-D snapshotMid 0.625
2026-09-29,crosslayer,HOUSE-CONTROL-2026,metaculus 0.924,0.924,no,ticket CONTROLH-2026-D snapshotMid 0.9155
2026-09-29,crosslayer,SENATE-RI-2026,metaculus 0.99,0.99,no,ticket SENATERI-26-D snapshotMid 0.99
2026-09-29,crosslayer,SENATE-OR-2026,metaculus 0.99,0.99,no,ticket SENATEOR-26-D snapshotMid 0.9785
2026-09-29,crosslayer,SENATE-CO-2026,metaculus 0.98,0.98,no,ticket SENATECO-26-D snapshotMid 0.9865
2026-09-29,crosslayer,SENATE-MN-2026,metaculus 0.94,0.94,no,ticket SENATEMN-26-D snapshotMid 0.875
2026-09-29,crosslayer,GOVERNOR-HI-2026,metaculus 0.98,0.98,no,ticket GOVPARTYHI-26-D snapshotMid 0.9745
2026-09-29,crosslayer,GOVERNOR-NM-2026,metaculus 0.93,0.93,no,ticket GOVPARTYNM-26-D snapshotMid 0.9305
2026-09-29,crosslayer,GOVERNOR-OR-2026,metaculus 0.88,0.88,no,ticket GOVPARTYOR-26-D snapshotMid 0.765
2026-09-29,crosslayer,GOVERNOR-MI-2026,metaculus 0.85,0.85,no,ticket GOVPARTYMI-26-D snapshotMid 0.92
2026-09-29,crosslayer,SENATE-AK-2026,metaculus 0.54,0.54,no,ticket SENATEAK-26-D snapshotMid 0.685
2026-09-29,crosslayer,SENATE-MT-2026,metaculus 0.01,0.01,no,ticket SENATEMT-26-D snapshotMid 0.006
2026-09-29,crosslayer,SENATE-CONTROL-2026,metaculus 0.575,0.575,no,ticket CONTROLS-2026-D snapshotMid 0.625
2026-09-29,crosslayer,HOUSE-CONTROL-2026,metaculus 0.924,0.924,no,ticket CONTROLH-2026-D snapshotMid 0.9165
2026-09-29,crosslayer,SENATE-RI-2026,metaculus 0.99,0.99,no,ticket SENATERI-26-D snapshotMid 0.9905
2026-09-29,crosslayer,SENATE-OR-2026,metaculus 0.99,0.99,no,ticket SENATEOR-26-D snapshotMid 0.985
2026-09-29,crosslayer,SENATE-CO-2026,metaculus 0.98,0.98,no,ticket SENATECO-26-D snapshotMid 0.9865
2026-09-29,crosslayer,SENATE-MN-2026,metaculus 0.94,0.94,no,ticket SENATEMN-26-D snapshotMid 0.895
2026-09-29,crosslayer,GOVERNOR-HI-2026,metaculus 0.98,0.98,no,ticket GOVPARTYHI-26-D snapshotMid 0.9715
2026-09-29,crosslayer,GOVERNOR-NM-2026,metaculus 0.93,0.93,no,ticket GOVPARTYNM-26-D snapshotMid 0.94
2026-09-29,crosslayer,GOVERNOR-OR-2026,metaculus 0.872,0.872,no,ticket GOVPARTYOR-26-D snapshotMid 0.715
2026-09-29,crosslayer,GOVERNOR-MI-2026,metaculus 0.84,0.84,no,ticket GOVPARTYMI-26-D snapshotMid 0.922
2026-09-29,crosslayer,SENATE-AK-2026,metaculus 0.54,0.54,no,ticket SENATEAK-26-D snapshotMid 0.675
2026-09-29,crosslayer,SENATE-MT-2026,metaculus 0.01,0.01,no,ticket SENATEMT-26-D snapshotMid 0.006
2026-09-29,crosslayer,SENATE-NE-2026,metaculus 0.001,0.001,no,ticket SENATENE-26-D snapshotMid 0.004
2026-09-29,crosslayer,SENATE-CONTROL-2026,metaculus 0.581,0.581,no,ticket CONTROLS-2026-D snapshotMid 0.645
2026-09-29,crosslayer,HOUSE-CONTROL-2026,metaculus 0.918,0.918,no,ticket CONTROLH-2026-D snapshotMid 0.9205
2026-09-29,crosslayer,SENATE-OR-2026,metaculus 0.99,0.99,no,ticket SENATEOR-26-D snapshotMid 0.985
2026-09-29,crosslayer,SENATE-RI-2026,metaculus 0.99,0.99,no,ticket SENATERI-26-D snapshotMid 0.9905
2026-09-29,crosslayer,SENATE-CO-2026,metaculus 0.982,0.982,no,ticket SENATECO-26-D snapshotMid 0.9865
2026-09-29,crosslayer,SENATE-MN-2026,metaculus 0.94,0.94,no,ticket SENATEMN-26-D snapshotMid 0.875
2026-09-29,crosslayer,GOVERNOR-HI-2026,metaculus 0.98,0.98,no,ticket GOVPARTYHI-26-D snapshotMid 0.9735
2026-09-29,crosslayer,GOVERNOR-NM-2026,metaculus 0.93,0.93,no,ticket GOVPARTYNM-26-D snapshotMid 0.945
2026-09-29,crosslayer,GOVERNOR-OR-2026,metaculus 0.872,0.872,no,ticket GOVPARTYOR-26-D snapshotMid 0.735
2026-09-29,crosslayer,GOVERNOR-MI-2026,metaculus 0.85,0.85,no,ticket GOVPARTYMI-26-D snapshotMid 0.9275
2026-09-29,crosslayer,SENATE-AK-2026,metaculus 0.525,0.525,no,ticket SENATEAK-26-D snapshotMid 0.705
2026-09-29,crosslayer,SENATE-MT-2026,metaculus 0.01,0.01,no,ticket SENATEMT-26-D snapshotMid 0.007
2026-09-29,crosslayer,SENATE-NE-2026,metaculus 0.001,0.001,no,ticket SENATENE-26-D snapshotMid 0.004
2026-09-29,crosslayer,SENATE-CONTROL-2026,metaculus 0.576,0.576,no,ticket CONTROLS-2026-D snapshotMid 0.625
2026-09-29,crosslayer,HOUSE-CONTROL-2026,metaculus 0.919,0.919,no,ticket CONTROLH-2026-D snapshotMid 0.9195
2026-09-29,crosslayer,GOVERNOR-HI-2026,metaculus 0.98,0.98,no,ticket GOVPARTYHI-26-D snapshotMid 0.971
2026-09-29,crosslayer,GOVERNOR-NM-2026,metaculus 0.94,0.94,no,ticket GOVPARTYNM-26-D snapshotMid 0.9455
2026-09-29,crosslayer,GOVERNOR-OR-2026,metaculus 0.87,0.87,no,ticket GOVPARTYOR-26-D snapshotMid 0.735
2026-09-29,crosslayer,GOVERNOR-MI-2026,metaculus 0.85,0.85,no,ticket GOVPARTYMI-26-D snapshotMid 0.927
2026-09-29,crosslayer,SENATE-AK-2026,metaculus 0.525,0.525,no,ticket SENATEAK-26-D snapshotMid 0.73
2026-09-29,crosslayer,SENATE-MT-2026,metaculus 0.01,0.01,no,ticket SENATEMT-26-D snapshotMid 0.0085
2026-09-29,crosslayer,SENATE-NE-2026,metaculus 0.001,0.001,no,ticket SENATENE-26-D snapshotMid 0.004
2026-09-29,crosslayer,SENATE-CONTROL-2026,metaculus 0.584,0.584,no,ticket CONTROLS-2026-D snapshotMid 0.645
2026-09-29,crosslayer,HOUSE-CONTROL-2026,metaculus 0.929,0.929,no,ticket CONTROLH-2026-D snapshotMid 0.9165
2026-09-29,crosslayer,SENATE-OR-2026,metaculus 0.99,0.99,no,ticket SENATEOR-26-D snapshotMid 0.988
2026-09-29,crosslayer,SENATE-RI-2026,metaculus 0.99,0.99,no,ticket SENATERI-26-D snapshotMid 0.9905
2026-09-29,crosslayer,SENATE-CO-2026,metaculus 0.982,0.982,no,ticket SENATECO-26-D snapshotMid 0.9915
2026-09-29,crosslayer,SENATE-MN-2026,metaculus 0.925,0.925,no,ticket SENATEMN-26-D snapshotMid 0.865
2026-09-29,crosslayer,GOVERNOR-HI-2026,metaculus 0.98,0.98,no,ticket GOVPARTYHI-26-D snapshotMid 0.9735
2026-09-29,crosslayer,GOVERNOR-NM-2026,metaculus 0.94,0.94,no,ticket GOVPARTYNM-26-D snapshotMid 0.945
2026-09-29,crosslayer,GOVERNOR-OR-2026,metaculus 0.86,0.86,no,ticket GOVPARTYOR-26-D snapshotMid 0.755
2026-09-29,crosslayer,GOVERNOR-MI-2026,metaculus 0.85,0.85,no,ticket GOVPARTYMI-26-D snapshotMid 0.9305
2026-09-29,crosslayer,SENATE-AK-2026,metaculus 0.525,0.525,no,ticket SENATEAK-26-D snapshotMid 0.735
2026-09-29,crosslayer,SENATE-MT-2026,metaculus 0.01,0.01,no,ticket SENATEMT-26-D snapshotMid 0.021
2026-09-29,crosslayer,SENATE-NE-2026,metaculus 0.001,0.001,no,ticket SENATENE-26-D snapshotMid 0.0015
2026-09-29,crosslayer,SENATE-CONTROL-2026,metaculus 0.586,0.586,no,ticket CONTROLS-2026-D snapshotMid 0.645
2026-09-29,crosslayer,HOUSE-CONTROL-2026,metaculus 0.929,0.929,no,ticket CONTROLH-2026-D snapshotMid 0.9155
2026-09-29,crosslayer,SENATE-OR-2026,metaculus 0.99,0.99,no,ticket SENATEOR-26-D snapshotMid 0.9855
2026-09-29,crosslayer,SENATE-RI-2026,metaculus 0.99,0.99,no,ticket SENATERI-26-D snapshotMid 0.99
2026-09-29,crosslayer,SENATE-CO-2026,metaculus 0.982,0.982,no,ticket SENATECO-26-D snapshotMid 0.991
2026-09-29,crosslayer,SENATE-MN-2026,metaculus 0.925,0.925,no,ticket SENATEMN-26-D snapshotMid 0.865
2026-09-29,crosslayer,GOVERNOR-HI-2026,metaculus 0.98,0.98,no,ticket GOVPARTYHI-26-D snapshotMid 0.9735
2026-09-29,crosslayer,GOVERNOR-NM-2026,metaculus 0.94,0.94,no,ticket GOVPARTYNM-26-D snapshotMid 0.9465
2026-09-29,crosslayer,GOVERNOR-OR-2026,metaculus 0.86,0.86,no,ticket GOVPARTYOR-26-D snapshotMid 0.76
2026-09-29,crosslayer,GOVERNOR-MI-2026,metaculus 0.85,0.85,no,ticket GOVPARTYMI-26-D snapshotMid 0.937
2026-09-29,crosslayer,SENATE-AK-2026,metaculus 0.525,0.525,no,ticket SENATEAK-26-D snapshotMid 0.745
2026-09-29,crosslayer,SENATE-MT-2026,metaculus 0.009,0.009,no,ticket SENATEMT-26-D snapshotMid 0.009
2026-09-29,crosslayer,SENATE-NE-2026,metaculus 0.001,0.001,no,ticket SENATENE-26-D snapshotMid 0.0015
2026-09-29,crosslayer,SENATE-CONTROL-2026,metaculus 0.588,0.588,no,ticket CONTROLS-2026-D snapshotMid 0.635
2026-09-29,crosslayer,HOUSE-CONTROL-2026,metaculus 0.922,0.922,no,ticket CONTROLH-2026-D snapshotMid 0.895
2026-09-29,crosslayer,SENATE-RI-2026,metaculus 0.99,0.99,no,ticket SENATERI-26-D snapshotMid 0.989
2026-09-29,crosslayer,SENATE-OR-2026,metaculus 0.99,0.99,no,ticket SENATEOR-26-D snapshotMid 0.9855
2026-09-29,crosslayer,SENATE-CO-2026,metaculus 0.985,0.985,no,ticket SENATECO-26-D snapshotMid 0.991
2026-09-29,crosslayer,SENATE-NC-2026,metaculus 0.92,0.92,no,ticket SENATENC-26-D snapshotMid 0.968
2026-09-29,crosslayer,GOVERNOR-HI-2026,metaculus 0.98,0.98,no,ticket GOVPARTYHI-26-D snapshotMid 0.9775
2026-09-29,crosslayer,GOVERNOR-NM-2026,metaculus 0.94,0.94,no,ticket GOVPARTYNM-26-D snapshotMid 0.94
2026-09-29,crosslayer,GOVERNOR-OR-2026,metaculus 0.858,0.858,no,ticket GOVPARTYOR-26-D snapshotMid 0.775
2026-09-29,crosslayer,GOVERNOR-MI-2026,metaculus 0.85,0.85,no,ticket GOVPARTYMI-26-D snapshotMid 0.9225
2026-09-29,crosslayer,SENATE-AK-2026,metaculus 0.54,0.54,no,ticket SENATEAK-26-D snapshotMid 0.765
2026-09-29,crosslayer,SENATE-MT-2026,metaculus 0.009,0.009,no,ticket SENATEMT-26-D snapshotMid 0.008
2026-09-29,crosslayer,SENATE-NE-2026,metaculus 0.001,0.001,no,ticket SENATENE-26-D snapshotMid 0.0015
2026-09-29,crosslayer,SENATE-CONTROL-2026,metaculus 0.598,0.598,no,ticket CONTROLS-2026-D snapshotMid 0.615
2026-09-29,crosslayer,HOUSE-CONTROL-2026,metaculus 0.922,0.922,no,ticket CONTROLH-2026-D snapshotMid 0.9005
2026-09-29,crosslayer,SENATE-OR-2026,metaculus 0.99,0.99,no,ticket SENATEOR-26-D snapshotMid 0.983
2026-09-29,crosslayer,SENATE-RI-2026,metaculus 0.99,0.99,no,ticket SENATERI-26-D snapshotMid 0.9885
2026-09-29,crosslayer,SENATE-CO-2026,metaculus 0.985,0.985,no,ticket SENATECO-26-D snapshotMid 0.988
2026-09-29,crosslayer,SENATE-NC-2026,metaculus 0.92,0.92,no,ticket SENATENC-26-D snapshotMid 0.9685
2026-09-29,crosslayer,GOVERNOR-HI-2026,metaculus 0.98,0.98,no,ticket GOVPARTYHI-26-D snapshotMid 0.9795
2026-09-29,crosslayer,GOVERNOR-NM-2026,metaculus 0.94,0.94,no,ticket GOVPARTYNM-26-D snapshotMid 0.939
2026-09-29,crosslayer,GOVERNOR-OR-2026,metaculus 0.86,0.86,no,ticket GOVPARTYOR-26-D snapshotMid 0.755
2026-09-29,crosslayer,GOVERNOR-MI-2026,metaculus 0.85,0.85,no,ticket GOVPARTYMI-26-D snapshotMid 0.9205
2026-09-29,crosslayer,SENATE-AK-2026,metaculus 0.548,0.548,no,ticket SENATEAK-26-D snapshotMid 0.755
2026-09-29,crosslayer,SENATE-MT-2026,metaculus 0.009,0.009,no,ticket SENATEMT-26-D snapshotMid 0.0085
2026-09-29,crosslayer,SENATE-NE-2026,metaculus 0.001,0.001,no,ticket SENATENE-26-D snapshotMid 0.001
2026-09-29,crosslayer,SENATE-CONTROL-2026,metaculus 0.608,0.608,no,ticket CONTROLS-2026-D snapshotMid 0.605
2026-09-29,crosslayer,HOUSE-CONTROL-2026,metaculus 0.93,0.93,no,ticket CONTROLH-2026-D snapshotMid 0.895
2026-09-29,crosslayer,SENATE-OR-2026,metaculus 0.99,0.99,no,ticket SENATEOR-26-D snapshotMid 0.983
2026-09-29,crosslayer,SENATE-RI-2026,metaculus 0.99,0.99,no,ticket SENATERI-26-D snapshotMid 0.978
2026-09-29,crosslayer,SENATE-CO-2026,metaculus 0.985,0.985,no,ticket SENATECO-26-D snapshotMid 0.988
2026-09-29,crosslayer,SENATE-GA-2026,metaculus 0.93,0.93,no,ticket SENATEGA-26-D snapshotMid 0.9545
2026-09-29,crosslayer,SENATE-AK-2026,metaculus 0.54,0.54,no,ticket SENATEAK-26-D snapshotMid 0.735
2026-09-29,crosslayer,SENATE-MT-2026,metaculus 0.01,0.01,no,ticket SENATEMT-26-D snapshotMid 0.0085
2026-09-29,crosslayer,SENATE-NE-2026,metaculus 0.001,0.001,no,ticket SENATENE-26-D snapshotMid 0.0025
2026-09-30,poll,cnn-ssrs-2026-09-me-senate,U.S. Senate — Maine CNN Poll conducted by SSRS,0.6608,yes,margin 3pp -> logistic k=4.5; ticket SENATEME-26-D
2026-09-30,poll,cnn-ssrs-2026-09-mi-senate,U.S. Senate — Michigan (open seat) CNN Poll conducted by SSRS,0.6608,yes,margin 3pp -> logistic k=4.5; ticket SENATEMI-26-D
2026-09-30,poll,emerson-2026-09-mi-senate,U.S. Senate — Michigan (open seat) Emerson College Polling / Nexstar Media,0.6093,yes,margin 2pp -> logistic k=4.5; ticket SENATEMI-26-D
2026-09-30,poll,emerson-2026-09-tx-senate,U.S. Senate — Texas (open seat) Emerson College Polling / Nexstar Media,0.5553,yes,margin 1pp -> logistic k=4.5; ticket SENATETX-26-D
2026-09-30,poll,emerson-2026-09-ia-senate,U.S. Senate — Iowa (open seat) Emerson College Polling / Nexstar Media,0.2477,yes,margin -5pp -> logistic k=4.5; ticket SENATEIA-26-D
2026-09-30,poll,reconmr-siena-2026-09-tx-senate,U.S. Senate — Texas (open seat) Texas Poll — ReconMR fieldwork (released via Siena Research Institute),0.7914,yes,margin 6pp -> logistic k=4.5; ticket SENATETX-26-D
2026-09-30,poll,suffolk-2026-08-ia-senate,U.S. Senate — Iowa (open seat) Suffolk University Political Research Center (SUPRC),0.2913,yes,margin -4pp -> logistic k=4.5; ticket SENATEIA-26-D
2026-09-30,poll,npi-2026-08-az-governor,Governor — Arizona Noble Predictive Insights — Arizona Public Opinion Pulse (AZPOP),0.9473,yes,margin 13pp -> logistic k=4.5; ticket GOVPARTYAZ-26-D
2026-09-30,poll,fm-2026-08-pa-governor,Governor — Pennsylvania Franklin & Marshall College Poll,0.9961,yes,margin 25pp -> logistic k=4.5; ticket GOVPARTYPA-26-D
2026-09-30,poll,elon-2026-09-nc-senate,U.S. Senate — North Carolina Elon University Poll (fielded by YouGov),0.9202,yes,margin 11pp -> logistic k=4.5; ticket SENATENC-26-D
2026-09-30,poll,hpu-2026-04-nc-senate,U.S. Senate — North Carolina HPU Poll 120 — High Point University Survey Research Center (fielded by YouGov),0.8554,yes,margin 8pp -> logistic k=4.5; ticket SENATENC-26-D
2026-09-30,poll,hpu-2026-08-nc-senate,U.S. Senate — North Carolina HPU Poll 126 — High Point University Survey Research Center (fielded by YouGov),0.7523,yes,margin 5pp -> logistic k=4.5; ticket SENATENC-26-D
2026-09-30,poll,stetson-2026-04-fl-governor,Governor — Florida Stetson University Center for Public Opinion Research (CPOR) — Spring 2026 Survey,0.1743,yes,margin -7pp -> logistic k=4.5; ticket GOVPARTYFL-26-D
2026-09-30,poll,ppp-2026-07-nc-senate,U.S. Senate — North Carolina Public Policy Polling (PPP),0.7087,yes,margin 4pp -> logistic k=4.5; ticket SENATENC-26-D
2026-09-30,poll,unf-2026-07-fl-governor,Governor — Florida University of North Florida Public Opinion Research Lab,0.2477,yes,margin -5pp -> logistic k=4.5; ticket GOVPARTYFL-26-D
2026-09-30,poll,unf-2026-07-fl-senate,U.S. Senate — Florida (special) University of North Florida Public Opinion Research Lab,0.1446,yes,margin -8pp -> logistic k=4.5; ticket SENATEFLS-26-D
2026-09-30,poll,rasmussen-2026-09-ga-governor,Governor — Georgia Rasmussen Reports (field work by Pulse Opinion Research),0.3392,yes,margin -3pp -> logistic k=4.5; ticket GOVPARTYGA-26-D
2026-09-30,poll,rasmussen-2026-09-ga-senate,U.S. Senate — Georgia Rasmussen Reports (field work by Pulse Opinion Research),0.8808,yes,margin 9pp -> logistic k=4.5; ticket SENATEGA-26-D
2026-09-30,poll,rasmussen-2026-09-sc-senate,U.S. Senate — South Carolina (special) Rasmussen Reports (field work by Pulse Opinion Research),0.2477,yes,margin -5pp -> logistic k=4.5; ticket SENATESC-26-D
2026-09-30,rating,AK,Toss Up / Tilt R,0.25-0.65,yes,ticket SENATEAK-26-D
2026-09-30,rating,IA,Toss Up / Tilt R,0.25-0.65,yes,ticket SENATEIA-26-D
2026-09-30,rating,ME,Toss Up / Toss-up,0.35-0.65,yes,ticket SENATEME-26-D
2026-09-30,rating,MI,Toss Up / Toss-up,0.35-0.65,yes,ticket SENATEMI-26-D
2026-09-30,rating,NH,Toss Up / Toss-up,0.35-0.65,yes,ticket SENATENH-26-D
2026-09-30,rating,OH,Toss Up / Toss-up,0.35-0.65,yes,ticket SENATEOHS-26-D
2026-09-30,rating,TX,Toss Up / Lean R,0.2-0.65,yes,ticket SENATETX-26-D
2026-09-30,rating,GA,Lean D / Tilt D,0.55-0.8,yes,ticket SENATEGA-26-D
2026-09-30,rating,NC,Lean D / Tilt D,0.55-0.8,yes,ticket SENATENC-26-D
2026-09-30,rating,MN,Likely D / Likely D,0.75-0.92,yes,ticket SENATEMN-26-D
2026-09-30,rating,KS,Likely R / Likely R,0.08-0.25,yes,ticket SENATEKS-26-D
2026-09-30,rating,SC,Solid R / Likely R,0-0.25,yes,ticket SENATESC-26-D
2026-09-30,crosslayer,SENATE-CONTROL-2026,metaculus 0.517,0.517,yes,ticket CONTROLS-2026-D snapshotMid 0.595
2026-09-30,crosslayer,HOUSE-CONTROL-2026,metaculus 0.888,0.888,yes,ticket CONTROLH-2026-D snapshotMid 0.895
2026-09-30,crosslayer,HOUSE-CONTROL-2026,metaculus 0.888,0.888,yes,ticket CONTROLH-2026-D snapshotMid 0.9015
2026-09-30,crosslayer,GOVERNOR-HI-2026,metaculus 0.98,0.98,yes,ticket GOVPARTYHI-26-D snapshotMid 0.974
2026-09-30,crosslayer,GOVERNOR-NM-2026,metaculus 0.922,0.922,yes,ticket GOVPARTYNM-26-D snapshotMid 0.9255
2026-09-30,crosslayer,GOVERNOR-OR-2026,metaculus 0.88,0.88,yes,ticket GOVPARTYOR-26-D snapshotMid 0.845
2026-09-30,crosslayer,GOVERNOR-MI-2026,metaculus 0.85,0.85,yes,ticket GOVPARTYMI-26-D snapshotMid 0.915
2026-09-30,crosslayer,SENATE-MT-2026,metaculus 0.01,0.01,yes,ticket SENATEMT-26-D snapshotMid 0.0075
2026-09-30,crosslayer,SENATE-NE-2026,metaculus 0.001,0.001,yes,ticket SENATENE-26-D snapshotMid 0.0005
2026-09-30,crosslayer,SENATE-RI-2026,metaculus 0.99,0.99,yes,ticket SENATERI-26-D snapshotMid 0.979
2026-09-30,crosslayer,SENATE-OR-2026,metaculus 0.99,0.99,yes,ticket SENATEOR-26-D snapshotMid 0.977
2026-09-30,crosslayer,SENATE-CO-2026,metaculus 0.98,0.98,yes,ticket SENATECO-26-D snapshotMid 0.9725
2026-09-30,crosslayer,SENATE-MN-2026,metaculus 0.92,0.92,yes,ticket SENATEMN-26-D snapshotMid 0.9035
2026-09-30,crosslayer,SENATE-AK-2026,metaculus 0.54,0.54,yes,ticket SENATEAK-26-D snapshotMid 0.695
2026-09-30,crosslayer,SENATE-CONTROL-2026,metaculus 0.5,0.5,yes,ticket CONTROLS-2026-D snapshotMid 0.605
2026-09-30,crosslayer,HOUSE-CONTROL-2026,metaculus 0.9,0.9,yes,ticket CONTROLH-2026-D snapshotMid 0.9085
2026-09-30,crosslayer,SENATE-RI-2026,metaculus 0.99,0.99,yes,ticket SENATERI-26-D snapshotMid 0.982
2026-09-30,crosslayer,SENATE-OR-2026,metaculus 0.99,0.99,yes,ticket SENATEOR-26-D snapshotMid 0.977
2026-09-30,crosslayer,SENATE-CO-2026,metaculus 0.98,0.98,yes,ticket SENATECO-26-D snapshotMid 0.973
2026-09-30,crosslayer,SENATE-MN-2026,metaculus 0.93,0.93,yes,ticket SENATEMN-26-D snapshotMid 0.902
2026-09-30,crosslayer,GOVERNOR-HI-2026,metaculus 0.98,0.98,yes,ticket GOVPARTYHI-26-D snapshotMid 0.974
2026-09-30,crosslayer,GOVERNOR-NM-2026,metaculus 0.922,0.922,yes,ticket GOVPARTYNM-26-D snapshotMid 0.928
2026-09-30,crosslayer,GOVERNOR-OR-2026,metaculus 0.88,0.88,yes,ticket GOVPARTYOR-26-D snapshotMid 0.86
2026-09-30,crosslayer,GOVERNOR-MI-2026,metaculus 0.85,0.85,yes,ticket GOVPARTYMI-26-D snapshotMid 0.9165
2026-09-30,crosslayer,SENATE-AK-2026,metaculus 0.54,0.54,yes,ticket SENATEAK-26-D snapshotMid 0.705
2026-09-30,crosslayer,SENATE-MT-2026,metaculus 0.01,0.01,yes,ticket SENATEMT-26-D snapshotMid 0.01
2026-09-30,crosslayer,SENATE-NE-2026,metaculus 0.001,0.001,yes,ticket SENATENE-26-D snapshotMid 0.0025
2026-09-30,crosslayer,SENATE-CONTROL-2026,metaculus 0.512,0.512,yes,ticket CONTROLS-2026-D snapshotMid 0.605
2026-09-30,crosslayer,HOUSE-CONTROL-2026,metaculus 0.908,0.908,yes,ticket CONTROLH-2026-D snapshotMid 0.9065
2026-09-30,crosslayer,SENATE-RI-2026,metaculus 0.99,0.99,yes,ticket SENATERI-26-D snapshotMid 0.9825
2026-09-30,crosslayer,SENATE-OR-2026,metaculus 0.99,0.99,yes,ticket SENATEOR-26-D snapshotMid 0.977
2026-09-30,crosslayer,SENATE-CO-2026,metaculus 0.98,0.98,yes,ticket SENATECO-26-D snapshotMid 0.973
2026-09-30,crosslayer,SENATE-MN-2026,metaculus 0.93,0.93,yes,ticket SENATEMN-26-D snapshotMid 0.905
2026-09-30,crosslayer,GOVERNOR-HI-2026,metaculus 0.98,0.98,yes,ticket GOVPARTYHI-26-D snapshotMid 0.974
2026-09-30,crosslayer,GOVERNOR-NM-2026,metaculus 0.928,0.928,yes,ticket GOVPARTYNM-26-D snapshotMid 0.931
2026-09-30,crosslayer,GOVERNOR-OR-2026,metaculus 0.882,0.882,yes,ticket GOVPARTYOR-26-D snapshotMid 0.86
2026-09-30,crosslayer,GOVERNOR-MI-2026,metaculus 0.84,0.84,yes,ticket GOVPARTYMI-26-D snapshotMid 0.923
2026-09-30,crosslayer,SENATE-AK-2026,metaculus 0.54,0.54,yes,ticket SENATEAK-26-D snapshotMid 0.735
2026-09-30,crosslayer,SENATE-MT-2026,metaculus 0.01,0.01,yes,ticket SENATEMT-26-D snapshotMid 0.009
2026-09-30,crosslayer,SENATE-NE-2026,metaculus 0.001,0.001,yes,ticket SENATENE-26-D snapshotMid 0.002
2026-09-30,crosslayer,SENATE-GA-2026,metaculus 0.92,0.92,yes,ticket SENATEGA-26-D snapshotMid 0.9385
2026-09-30,crosslayer,SENATE-CONTROL-2026,metaculus 0.531,0.531,yes,ticket CONTROLS-2026-D snapshotMid 0.625
2026-09-30,crosslayer,HOUSE-CONTROL-2026,metaculus 0.906,0.906,yes,ticket CONTROLH-2026-D snapshotMid 0.9095
2026-09-30,crosslayer,SENATE-RI-2026,metaculus 0.99,0.99,yes,ticket SENATERI-26-D snapshotMid 0.9865
2026-09-30,crosslayer,SENATE-OR-2026,metaculus 0.99,0.99,yes,ticket SENATEOR-26-D snapshotMid 0.977
2026-09-30,crosslayer,SENATE-CO-2026,metaculus 0.98,0.98,yes,ticket SENATECO-26-D snapshotMid 0.9735
2026-09-30,crosslayer,SENATE-GA-2026,metaculus 0.92,0.92,yes,ticket SENATEGA-26-D snapshotMid 0.9385
2026-09-30,crosslayer,GOVERNOR-HI-2026,metaculus 0.98,0.98,yes,ticket GOVPARTYHI-26-D snapshotMid 0.973
2026-09-30,crosslayer,GOVERNOR-NM-2026,metaculus 0.928,0.928,yes,ticket GOVPARTYNM-26-D snapshotMid 0.931
2026-09-30,crosslayer,GOVERNOR-OR-2026,metaculus 0.882,0.882,yes,ticket GOVPARTYOR-26-D snapshotMid 0.855
2026-09-30,crosslayer,GOVERNOR-MI-2026,metaculus 0.84,0.84,yes,ticket GOVPARTYMI-26-D snapshotMid 0.9235
2026-09-30,crosslayer,SENATE-AK-2026,metaculus 0.54,0.54,yes,ticket SENATEAK-26-D snapshotMid 0.755
2026-09-30,crosslayer,SENATE-MT-2026,metaculus 0.01,0.01,yes,ticket SENATEMT-26-D snapshotMid 0.012
2026-09-30,crosslayer,SENATE-NE-2026,metaculus 0.002,0.002,yes,ticket SENATENE-26-D snapshotMid 0.0025
2026-09-30,crosslayer,SENATE-NC-2026,metaculus 0.92,0.92,yes,ticket SENATENC-26-D snapshotMid 0.9365
2026-09-30,crosslayer,SENATE-CONTROL-2026,metaculus 0.567,0.567,yes,ticket CONTROLS-2026-D snapshotMid 0.615
2026-09-30,crosslayer,HOUSE-CONTROL-2026,metaculus 0.91,0.91,yes,ticket CONTROLH-2026-D snapshotMid 0.9165
2026-09-30,crosslayer,SENATE-RI-2026,metaculus 0.996,0.996,yes,ticket SENATERI-26-D snapshotMid 0.99
2026-09-30,crosslayer,SENATE-OR-2026,metaculus 0.99,0.99,yes,ticket SENATEOR-26-D snapshotMid 0.9775
2026-09-30,crosslayer,SENATE-CO-2026,metaculus 0.98,0.98,yes,ticket SENATECO-26-D snapshotMid 0.9845
2026-09-30,crosslayer,SENATE-MN-2026,metaculus 0.94,0.94,yes,ticket SENATEMN-26-D snapshotMid 0.9055
2026-09-30,crosslayer,GOVERNOR-HI-2026,metaculus 0.98,0.98,yes,ticket GOVPARTYHI-26-D snapshotMid 0.9745
2026-09-30,crosslayer,GOVERNOR-NM-2026,metaculus 0.928,0.928,yes,ticket GOVPARTYNM-26-D snapshotMid 0.9295
2026-09-30,crosslayer,GOVERNOR-OR-2026,metaculus 0.88,0.88,yes,ticket GOVPARTYOR-26-D snapshotMid 0.84
2026-09-30,crosslayer,GOVERNOR-MI-2026,metaculus 0.85,0.85,yes,ticket GOVPARTYMI-26-D snapshotMid 0.927
2026-09-30,crosslayer,SENATE-AK-2026,metaculus 0.548,0.548,yes,ticket SENATEAK-26-D snapshotMid 0.705
2026-09-30,crosslayer,SENATE-MT-2026,metaculus 0.01,0.01,yes,ticket SENATEMT-26-D snapshotMid 0.0095
2026-09-30,crosslayer,SENATE-NE-2026,metaculus 0.001,0.001,yes,ticket SENATENE-26-D snapshotMid 0.002
2026-09-30,crosslayer,SENATE-CONTROL-2026,metaculus 0.582,0.582,yes,ticket CONTROLS-2026-D snapshotMid 0.605
2026-09-30,crosslayer,HOUSE-CONTROL-2026,metaculus 0.929,0.929,yes,ticket CONTROLH-2026-D snapshotMid 0.919
2026-09-30,crosslayer,SENATE-RI-2026,metaculus 0.996,0.996,yes,ticket SENATERI-26-D snapshotMid 0.99
2026-09-30,crosslayer,SENATE-OR-2026,metaculus 0.99,0.99,yes,ticket SENATEOR-26-D snapshotMid 0.9775
2026-09-30,crosslayer,SENATE-CO-2026,metaculus 0.98,0.98,yes,ticket SENATECO-26-D snapshotMid 0.9855
2026-09-30,crosslayer,SENATE-MN-2026,metaculus 0.94,0.94,yes,ticket SENATEMN-26-D snapshotMid 0.895
2026-09-30,crosslayer,GOVERNOR-HI-2026,metaculus 0.98,0.98,yes,ticket GOVPARTYHI-26-D snapshotMid 0.9745
2026-09-30,crosslayer,GOVERNOR-NM-2026,metaculus 0.93,0.93,yes,ticket GOVPARTYNM-26-D snapshotMid 0.928
2026-09-30,crosslayer,GOVERNOR-OR-2026,metaculus 0.88,0.88,yes,ticket GOVPARTYOR-26-D snapshotMid 0.85
2026-09-30,crosslayer,GOVERNOR-MI-2026,metaculus 0.85,0.85,yes,ticket GOVPARTYMI-26-D snapshotMid 0.925
2026-09-30,crosslayer,SENATE-AK-2026,metaculus 0.548,0.548,yes,ticket SENATEAK-26-D snapshotMid 0.705
2026-09-30,crosslayer,SENATE-MT-2026,metaculus 0.01,0.01,yes,ticket SENATEMT-26-D snapshotMid 0.011
2026-09-30,crosslayer,SENATE-NE-2026,metaculus 0.001,0.001,yes,ticket SENATENE-26-D snapshotMid 0.002
2026-09-30,crosslayer,SENATE-CONTROL-2026,metaculus 0.572,0.572,yes,ticket CONTROLS-2026-D snapshotMid 0.615
2026-09-30,crosslayer,HOUSE-CONTROL-2026,metaculus 0.929,0.929,yes,ticket CONTROLH-2026-D snapshotMid 0.919
2026-09-30,crosslayer,SENATE-RI-2026,metaculus 0.993,0.993,yes,ticket SENATERI-26-D snapshotMid 0.99
2026-09-30,crosslayer,SENATE-OR-2026,metaculus 0.99,0.99,yes,ticket SENATEOR-26-D snapshotMid 0.9775
2026-09-30,crosslayer,SENATE-CO-2026,metaculus 0.98,0.98,yes,ticket SENATECO-26-D snapshotMid 0.985
2026-09-30,crosslayer,SENATE-MN-2026,metaculus 0.94,0.94,yes,ticket SENATEMN-26-D snapshotMid 0.895
2026-09-30,crosslayer,GOVERNOR-HI-2026,metaculus 0.98,0.98,yes,ticket GOVPARTYHI-26-D snapshotMid 0.9745
2026-09-30,crosslayer,GOVERNOR-NM-2026,metaculus 0.928,0.928,yes,ticket GOVPARTYNM-26-D snapshotMid 0.9275
2026-09-30,crosslayer,GOVERNOR-OR-2026,metaculus 0.88,0.88,yes,ticket GOVPARTYOR-26-D snapshotMid 0.84
2026-09-30,crosslayer,GOVERNOR-MI-2026,metaculus 0.85,0.85,yes,ticket GOVPARTYMI-26-D snapshotMid 0.927
2026-09-30,crosslayer,SENATE-AK-2026,metaculus 0.548,0.548,yes,ticket SENATEAK-26-D snapshotMid 0.705
2026-09-30,crosslayer,SENATE-MT-2026,metaculus 0.01,0.01,yes,ticket SENATEMT-26-D snapshotMid 0.016
2026-09-30,crosslayer,SENATE-NE-2026,metaculus 0.001,0.001,yes,ticket SENATENE-26-D snapshotMid 0.0005
2026-09-30,crosslayer,SENATE-CONTROL-2026,metaculus 0.555,0.555,yes,ticket CONTROLS-2026-D snapshotMid 0.615
2026-09-30,crosslayer,HOUSE-CONTROL-2026,metaculus 0.919,0.919,yes,ticket CONTROLH-2026-D snapshotMid 0.9165
2026-09-30,crosslayer,SENATE-RI-2026,metaculus 0.993,0.993,yes,ticket SENATERI-26-D snapshotMid 0.9905
2026-09-30,crosslayer,SENATE-OR-2026,metaculus 0.99,0.99,yes,ticket SENATEOR-26-D snapshotMid 0.9775
2026-09-30,crosslayer,SENATE-CO-2026,metaculus 0.98,0.98,yes,ticket SENATECO-26-D snapshotMid 0.9855
2026-09-30,crosslayer,SENATE-MN-2026,metaculus 0.95,0.95,yes,ticket SENATEMN-26-D snapshotMid 0.895
2026-09-30,crosslayer,GOVERNOR-HI-2026,metaculus 0.98,0.98,yes,ticket GOVPARTYHI-26-D snapshotMid 0.9745
2026-09-30,crosslayer,GOVERNOR-NM-2026,metaculus 0.925,0.925,yes,ticket GOVPARTYNM-26-D snapshotMid 0.929
2026-09-30,crosslayer,GOVERNOR-OR-2026,metaculus 0.874,0.874,yes,ticket GOVPARTYOR-26-D snapshotMid 0.805
2026-09-30,crosslayer,GOVERNOR-MI-2026,metaculus 0.84,0.84,yes,ticket GOVPARTYMI-26-D snapshotMid 0.9235
2026-09-30,crosslayer,SENATE-AK-2026,metaculus 0.54,0.54,yes,ticket SENATEAK-26-D snapshotMid 0.705
2026-09-30,crosslayer,SENATE-MT-2026,metaculus 0.01,0.01,yes,ticket SENATEMT-26-D snapshotMid 0.0145
2026-09-30,crosslayer,SENATE-NE-2026,metaculus 0.001,0.001,yes,ticket SENATENE-26-D snapshotMid 0.0025
2026-09-30,crosslayer,SENATE-CONTROL-2026,metaculus 0.569,0.569,yes,ticket CONTROLS-2026-D snapshotMid 0.625
2026-09-30,crosslayer,HOUSE-CONTROL-2026,metaculus 0.925,0.925,yes,ticket CONTROLH-2026-D snapshotMid 0.9155
2026-09-30,crosslayer,SENATE-RI-2026,metaculus 0.991,0.991,yes,ticket SENATERI-26-D snapshotMid 0.9885
2026-09-30,crosslayer,SENATE-OR-2026,metaculus 0.99,0.99,yes,ticket SENATEOR-26-D snapshotMid 0.9775
2026-09-30,crosslayer,SENATE-CO-2026,metaculus 0.98,0.98,yes,ticket SENATECO-26-D snapshotMid 0.9855
2026-09-30,crosslayer,SENATE-MN-2026,metaculus 0.95,0.95,yes,ticket SENATEMN-26-D snapshotMid 0.895
2026-09-30,crosslayer,GOVERNOR-HI-2026,metaculus 0.98,0.98,yes,ticket GOVPARTYHI-26-D snapshotMid 0.9745
2026-09-30,crosslayer,GOVERNOR-NM-2026,metaculus 0.925,0.925,yes,ticket GOVPARTYNM-26-D snapshotMid 0.93
2026-09-30,crosslayer,GOVERNOR-OR-2026,metaculus 0.874,0.874,yes,ticket GOVPARTYOR-26-D snapshotMid 0.815
2026-09-30,crosslayer,GOVERNOR-MI-2026,metaculus 0.84,0.84,yes,ticket GOVPARTYMI-26-D snapshotMid 0.926
2026-09-30,crosslayer,SENATE-AK-2026,metaculus 0.54,0.54,yes,ticket SENATEAK-26-D snapshotMid 0.695
2026-09-30,crosslayer,SENATE-MT-2026,metaculus 0.01,0.01,yes,ticket SENATEMT-26-D snapshotMid 0.0145
2026-09-30,crosslayer,SENATE-NE-2026,metaculus 0.001,0.001,yes,ticket SENATENE-26-D snapshotMid 0.0025
2026-09-30,crosslayer,SENATE-CONTROL-2026,metaculus 0.562,0.562,no,ticket CONTROLS-2026-D snapshotMid 0.625
2026-09-30,crosslayer,HOUSE-CONTROL-2026,metaculus 0.919,0.919,no,ticket CONTROLH-2026-D snapshotMid 0.915
2026-09-30,crosslayer,SENATE-RI-2026,metaculus 0.99,0.99,no,ticket SENATERI-26-D snapshotMid 0.9885
2026-09-30,crosslayer,SENATE-OR-2026,metaculus 0.99,0.99,no,ticket SENATEOR-26-D snapshotMid 0.983
2026-09-30,crosslayer,SENATE-CO-2026,metaculus 0.98,0.98,no,ticket SENATECO-26-D snapshotMid 0.9855
2026-09-30,crosslayer,SENATE-MN-2026,metaculus 0.95,0.95,no,ticket SENATEMN-26-D snapshotMid 0.885
2026-09-30,crosslayer,GOVERNOR-HI-2026,metaculus 0.98,0.98,no,ticket GOVPARTYHI-26-D snapshotMid 0.969
2026-09-30,crosslayer,GOVERNOR-NM-2026,metaculus 0.925,0.925,no,ticket GOVPARTYNM-26-D snapshotMid 0.9295
2026-09-30,crosslayer,GOVERNOR-OR-2026,metaculus 0.874,0.874,no,ticket GOVPARTYOR-26-D snapshotMid 0.795
2026-09-30,crosslayer,GOVERNOR-MI-2026,metaculus 0.84,0.84,no,ticket GOVPARTYMI-26-D snapshotMid 0.9225
2026-09-30,crosslayer,SENATE-AK-2026,metaculus 0.54,0.54,no,ticket SENATEAK-26-D snapshotMid 0.705
2026-09-30,crosslayer,SENATE-MT-2026,metaculus 0.01,0.01,no,ticket SENATEMT-26-D snapshotMid 0.009
2026-09-30,crosslayer,SENATE-NE-2026,metaculus 0.001,0.001,no,ticket SENATENE-26-D snapshotMid 0.002
2026-09-30,crosslayer,SENATE-CONTROL-2026,metaculus 0.565,0.565,no,ticket CONTROLS-2026-D snapshotMid 0.625
2026-09-30,crosslayer,HOUSE-CONTROL-2026,metaculus 0.924,0.924,no,ticket CONTROLH-2026-D snapshotMid 0.9155
2026-09-30,crosslayer,SENATE-RI-2026,metaculus 0.99,0.99,no,ticket SENATERI-26-D snapshotMid 0.99
2026-09-30,crosslayer,SENATE-OR-2026,metaculus 0.99,0.99,no,ticket SENATEOR-26-D snapshotMid 0.9785
2026-09-30,crosslayer,SENATE-CO-2026,metaculus 0.98,0.98,no,ticket SENATECO-26-D snapshotMid 0.9865
2026-09-30,crosslayer,SENATE-MN-2026,metaculus 0.94,0.94,no,ticket SENATEMN-26-D snapshotMid 0.875
2026-09-30,crosslayer,GOVERNOR-HI-2026,metaculus 0.98,0.98,no,ticket GOVPARTYHI-26-D snapshotMid 0.9745
2026-09-30,crosslayer,GOVERNOR-NM-2026,metaculus 0.93,0.93,no,ticket GOVPARTYNM-26-D snapshotMid 0.9305
2026-09-30,crosslayer,GOVERNOR-OR-2026,metaculus 0.88,0.88,no,ticket GOVPARTYOR-26-D snapshotMid 0.765
2026-09-30,crosslayer,GOVERNOR-MI-2026,metaculus 0.85,0.85,no,ticket GOVPARTYMI-26-D snapshotMid 0.92
2026-09-30,crosslayer,SENATE-AK-2026,metaculus 0.54,0.54,no,ticket SENATEAK-26-D snapshotMid 0.685
2026-09-30,crosslayer,SENATE-MT-2026,metaculus 0.01,0.01,no,ticket SENATEMT-26-D snapshotMid 0.006
2026-09-30,crosslayer,SENATE-CONTROL-2026,metaculus 0.575,0.575,no,ticket CONTROLS-2026-D snapshotMid 0.625
2026-09-30,crosslayer,HOUSE-CONTROL-2026,metaculus 0.924,0.924,no,ticket CONTROLH-2026-D snapshotMid 0.9165
2026-09-30,crosslayer,SENATE-RI-2026,metaculus 0.99,0.99,no,ticket SENATERI-26-D snapshotMid 0.9905
2026-09-30,crosslayer,SENATE-OR-2026,metaculus 0.99,0.99,no,ticket SENATEOR-26-D snapshotMid 0.985
2026-09-30,crosslayer,SENATE-CO-2026,metaculus 0.98,0.98,no,ticket SENATECO-26-D snapshotMid 0.9865
2026-09-30,crosslayer,SENATE-MN-2026,metaculus 0.94,0.94,no,ticket SENATEMN-26-D snapshotMid 0.895
2026-09-30,crosslayer,GOVERNOR-HI-2026,metaculus 0.98,0.98,no,ticket GOVPARTYHI-26-D snapshotMid 0.9715
2026-09-30,crosslayer,GOVERNOR-NM-2026,metaculus 0.93,0.93,no,ticket GOVPARTYNM-26-D snapshotMid 0.94
2026-09-30,crosslayer,GOVERNOR-OR-2026,metaculus 0.872,0.872,no,ticket GOVPARTYOR-26-D snapshotMid 0.715
2026-09-30,crosslayer,GOVERNOR-MI-2026,metaculus 0.84,0.84,no,ticket GOVPARTYMI-26-D snapshotMid 0.922
2026-09-30,crosslayer,SENATE-AK-2026,metaculus 0.54,0.54,no,ticket SENATEAK-26-D snapshotMid 0.675
2026-09-30,crosslayer,SENATE-MT-2026,metaculus 0.01,0.01,no,ticket SENATEMT-26-D snapshotMid 0.006
2026-09-30,crosslayer,SENATE-NE-2026,metaculus 0.001,0.001,no,ticket SENATENE-26-D snapshotMid 0.004
2026-09-30,crosslayer,SENATE-CONTROL-2026,metaculus 0.581,0.581,no,ticket CONTROLS-2026-D snapshotMid 0.645
2026-09-30,crosslayer,HOUSE-CONTROL-2026,metaculus 0.918,0.918,no,ticket CONTROLH-2026-D snapshotMid 0.9205
2026-09-30,crosslayer,SENATE-OR-2026,metaculus 0.99,0.99,no,ticket SENATEOR-26-D snapshotMid 0.985
2026-09-30,crosslayer,SENATE-RI-2026,metaculus 0.99,0.99,no,ticket SENATERI-26-D snapshotMid 0.9905
2026-09-30,crosslayer,SENATE-CO-2026,metaculus 0.982,0.982,no,ticket SENATECO-26-D snapshotMid 0.9865
2026-09-30,crosslayer,SENATE-MN-2026,metaculus 0.94,0.94,no,ticket SENATEMN-26-D snapshotMid 0.875
2026-09-30,crosslayer,GOVERNOR-HI-2026,metaculus 0.98,0.98,no,ticket GOVPARTYHI-26-D snapshotMid 0.9735
2026-09-30,crosslayer,GOVERNOR-NM-2026,metaculus 0.93,0.93,no,ticket GOVPARTYNM-26-D snapshotMid 0.945
2026-09-30,crosslayer,GOVERNOR-OR-2026,metaculus 0.872,0.872,no,ticket GOVPARTYOR-26-D snapshotMid 0.735
2026-09-30,crosslayer,GOVERNOR-MI-2026,metaculus 0.85,0.85,no,ticket GOVPARTYMI-26-D snapshotMid 0.9275
2026-09-30,crosslayer,SENATE-AK-2026,metaculus 0.525,0.525,no,ticket SENATEAK-26-D snapshotMid 0.705
2026-09-30,crosslayer,SENATE-MT-2026,metaculus 0.01,0.01,no,ticket SENATEMT-26-D snapshotMid 0.007
2026-09-30,crosslayer,SENATE-NE-2026,metaculus 0.001,0.001,no,ticket SENATENE-26-D snapshotMid 0.004
2026-09-30,crosslayer,SENATE-CONTROL-2026,metaculus 0.576,0.576,no,ticket CONTROLS-2026-D snapshotMid 0.625
2026-09-30,crosslayer,HOUSE-CONTROL-2026,metaculus 0.919,0.919,no,ticket CONTROLH-2026-D snapshotMid 0.9195
2026-09-30,crosslayer,GOVERNOR-HI-2026,metaculus 0.98,0.98,no,ticket GOVPARTYHI-26-D snapshotMid 0.971
2026-09-30,crosslayer,GOVERNOR-NM-2026,metaculus 0.94,0.94,no,ticket GOVPARTYNM-26-D snapshotMid 0.9455
2026-09-30,crosslayer,GOVERNOR-OR-2026,metaculus 0.87,0.87,no,ticket GOVPARTYOR-26-D snapshotMid 0.735
2026-09-30,crosslayer,GOVERNOR-MI-2026,metaculus 0.85,0.85,no,ticket GOVPARTYMI-26-D snapshotMid 0.927
2026-09-30,crosslayer,SENATE-AK-2026,metaculus 0.525,0.525,no,ticket SENATEAK-26-D snapshotMid 0.73
2026-09-30,crosslayer,SENATE-MT-2026,metaculus 0.01,0.01,no,ticket SENATEMT-26-D snapshotMid 0.0085
2026-09-30,crosslayer,SENATE-NE-2026,metaculus 0.001,0.001,no,ticket SENATENE-26-D snapshotMid 0.004
2026-09-30,crosslayer,SENATE-CONTROL-2026,metaculus 0.584,0.584,no,ticket CONTROLS-2026-D snapshotMid 0.645
2026-09-30,crosslayer,HOUSE-CONTROL-2026,metaculus 0.929,0.929,no,ticket CONTROLH-2026-D snapshotMid 0.9165
2026-09-30,crosslayer,SENATE-OR-2026,metaculus 0.99,0.99,no,ticket SENATEOR-26-D snapshotMid 0.988
2026-09-30,crosslayer,SENATE-RI-2026,metaculus 0.99,0.99,no,ticket SENATERI-26-D snapshotMid 0.9905
2026-09-30,crosslayer,SENATE-CO-2026,metaculus 0.982,0.982,no,ticket SENATECO-26-D snapshotMid 0.9915
2026-09-30,crosslayer,SENATE-MN-2026,metaculus 0.925,0.925,no,ticket SENATEMN-26-D snapshotMid 0.865
2026-09-30,crosslayer,GOVERNOR-HI-2026,metaculus 0.98,0.98,no,ticket GOVPARTYHI-26-D snapshotMid 0.9735
2026-09-30,crosslayer,GOVERNOR-NM-2026,metaculus 0.94,0.94,no,ticket GOVPARTYNM-26-D snapshotMid 0.945
2026-09-30,crosslayer,GOVERNOR-OR-2026,metaculus 0.86,0.86,no,ticket GOVPARTYOR-26-D snapshotMid 0.755
2026-09-30,crosslayer,GOVERNOR-MI-2026,metaculus 0.85,0.85,no,ticket GOVPARTYMI-26-D snapshotMid 0.9305
2026-09-30,crosslayer,SENATE-AK-2026,metaculus 0.525,0.525,no,ticket SENATEAK-26-D snapshotMid 0.735
2026-09-30,crosslayer,SENATE-MT-2026,metaculus 0.01,0.01,no,ticket SENATEMT-26-D snapshotMid 0.021
2026-09-30,crosslayer,SENATE-NE-2026,metaculus 0.001,0.001,no,ticket SENATENE-26-D snapshotMid 0.0015
2026-09-30,crosslayer,SENATE-CONTROL-2026,metaculus 0.586,0.586,no,ticket CONTROLS-2026-D snapshotMid 0.645
2026-09-30,crosslayer,HOUSE-CONTROL-2026,metaculus 0.929,0.929,no,ticket CONTROLH-2026-D snapshotMid 0.9155
2026-09-30,crosslayer,SENATE-OR-2026,metaculus 0.99,0.99,no,ticket SENATEOR-26-D snapshotMid 0.9855
2026-09-30,crosslayer,SENATE-RI-2026,metaculus 0.99,0.99,no,ticket SENATERI-26-D snapshotMid 0.99
2026-09-30,crosslayer,SENATE-CO-2026,metaculus 0.982,0.982,no,ticket SENATECO-26-D snapshotMid 0.991
2026-09-30,crosslayer,SENATE-MN-2026,metaculus 0.925,0.925,no,ticket SENATEMN-26-D snapshotMid 0.865
2026-09-30,crosslayer,GOVERNOR-HI-2026,metaculus 0.98,0.98,no,ticket GOVPARTYHI-26-D snapshotMid 0.9735
2026-09-30,crosslayer,GOVERNOR-NM-2026,metaculus 0.94,0.94,no,ticket GOVPARTYNM-26-D snapshotMid 0.9465
2026-09-30,crosslayer,GOVERNOR-OR-2026,metaculus 0.86,0.86,no,ticket GOVPARTYOR-26-D snapshotMid 0.76
2026-09-30,crosslayer,GOVERNOR-MI-2026,metaculus 0.85,0.85,no,ticket GOVPARTYMI-26-D snapshotMid 0.937
2026-09-30,crosslayer,SENATE-AK-2026,metaculus 0.525,0.525,no,ticket SENATEAK-26-D snapshotMid 0.745
2026-09-30,crosslayer,SENATE-MT-2026,metaculus 0.009,0.009,no,ticket SENATEMT-26-D snapshotMid 0.009
2026-09-30,crosslayer,SENATE-NE-2026,metaculus 0.001,0.001,no,ticket SENATENE-26-D snapshotMid 0.0015
2026-09-30,crosslayer,SENATE-CONTROL-2026,metaculus 0.588,0.588,no,ticket CONTROLS-2026-D snapshotMid 0.635
2026-09-30,crosslayer,HOUSE-CONTROL-2026,metaculus 0.922,0.922,no,ticket CONTROLH-2026-D snapshotMid 0.895
2026-09-30,crosslayer,SENATE-RI-2026,metaculus 0.99,0.99,no,ticket SENATERI-26-D snapshotMid 0.989
2026-09-30,crosslayer,SENATE-OR-2026,metaculus 0.99,0.99,no,ticket SENATEOR-26-D snapshotMid 0.9855
2026-09-30,crosslayer,SENATE-CO-2026,metaculus 0.985,0.985,no,ticket SENATECO-26-D snapshotMid 0.991
2026-09-30,crosslayer,SENATE-NC-2026,metaculus 0.92,0.92,no,ticket SENATENC-26-D snapshotMid 0.968
2026-09-30,crosslayer,GOVERNOR-HI-2026,metaculus 0.98,0.98,no,ticket GOVPARTYHI-26-D snapshotMid 0.9775
2026-09-30,crosslayer,GOVERNOR-NM-2026,metaculus 0.94,0.94,no,ticket GOVPARTYNM-26-D snapshotMid 0.94
2026-09-30,crosslayer,GOVERNOR-OR-2026,metaculus 0.858,0.858,no,ticket GOVPARTYOR-26-D snapshotMid 0.775
2026-09-30,crosslayer,GOVERNOR-MI-2026,metaculus 0.85,0.85,no,ticket GOVPARTYMI-26-D snapshotMid 0.9225
2026-09-30,crosslayer,SENATE-AK-2026,metaculus 0.54,0.54,no,ticket SENATEAK-26-D snapshotMid 0.765
2026-09-30,crosslayer,SENATE-MT-2026,metaculus 0.009,0.009,no,ticket SENATEMT-26-D snapshotMid 0.008
2026-09-30,crosslayer,SENATE-NE-2026,metaculus 0.001,0.001,no,ticket SENATENE-26-D snapshotMid 0.0015
2026-09-30,crosslayer,SENATE-CONTROL-2026,metaculus 0.598,0.598,no,ticket CONTROLS-2026-D snapshotMid 0.615
2026-09-30,crosslayer,HOUSE-CONTROL-2026,metaculus 0.922,0.922,no,ticket CONTROLH-2026-D snapshotMid 0.9005
2026-09-30,crosslayer,SENATE-OR-2026,metaculus 0.99,0.99,no,ticket SENATEOR-26-D snapshotMid 0.983
2026-09-30,crosslayer,SENATE-RI-2026,metaculus 0.99,0.99,no,ticket SENATERI-26-D snapshotMid 0.9885
2026-09-30,crosslayer,SENATE-CO-2026,metaculus 0.985,0.985,no,ticket SENATECO-26-D snapshotMid 0.988
2026-09-30,crosslayer,SENATE-NC-2026,metaculus 0.92,0.92,no,ticket SENATENC-26-D snapshotMid 0.9685
2026-09-30,crosslayer,GOVERNOR-HI-2026,metaculus 0.98,0.98,no,ticket GOVPARTYHI-26-D snapshotMid 0.9795
2026-09-30,crosslayer,GOVERNOR-NM-2026,metaculus 0.94,0.94,no,ticket GOVPARTYNM-26-D snapshotMid 0.939
2026-09-30,crosslayer,GOVERNOR-OR-2026,metaculus 0.86,0.86,no,ticket GOVPARTYOR-26-D snapshotMid 0.755
2026-09-30,crosslayer,GOVERNOR-MI-2026,metaculus 0.85,0.85,no,ticket GOVPARTYMI-26-D snapshotMid 0.9205
2026-09-30,crosslayer,SENATE-AK-2026,metaculus 0.548,0.548,no,ticket SENATEAK-26-D snapshotMid 0.755
2026-09-30,crosslayer,SENATE-MT-2026,metaculus 0.009,0.009,no,ticket SENATEMT-26-D snapshotMid 0.0085
2026-09-30,crosslayer,SENATE-NE-2026,metaculus 0.001,0.001,no,ticket SENATENE-26-D snapshotMid 0.001
2026-09-30,crosslayer,SENATE-CONTROL-2026,metaculus 0.608,0.608,no,ticket CONTROLS-2026-D snapshotMid 0.605
2026-09-30,crosslayer,HOUSE-CONTROL-2026,metaculus 0.93,0.93,no,ticket CONTROLH-2026-D snapshotMid 0.895
2026-09-30,crosslayer,SENATE-OR-2026,metaculus 0.99,0.99,no,ticket SENATEOR-26-D snapshotMid 0.983
2026-09-30,crosslayer,SENATE-RI-2026,metaculus 0.99,0.99,no,ticket SENATERI-26-D snapshotMid 0.978
2026-09-30,crosslayer,SENATE-CO-2026,metaculus 0.985,0.985,no,ticket SENATECO-26-D snapshotMid 0.988
2026-09-30,crosslayer,SENATE-GA-2026,metaculus 0.93,0.93,no,ticket SENATEGA-26-D snapshotMid 0.9545
2026-09-30,crosslayer,SENATE-AK-2026,metaculus 0.54,0.54,no,ticket SENATEAK-26-D snapshotMid 0.735
2026-09-30,crosslayer,SENATE-MT-2026,metaculus 0.01,0.01,no,ticket SENATEMT-26-D snapshotMid 0.0085
2026-09-30,crosslayer,SENATE-NE-2026,metaculus 0.001,0.001,no,ticket SENATENE-26-D snapshotMid 0.0025
2026-10-01,poll,cnn-ssrs-2026-09-me-senate,U.S. Senate — Maine CNN Poll conducted by SSRS,0.6608,yes,margin 3pp -> logistic k=4.5; ticket SENATEME-26-D
2026-10-01,poll,cnn-ssrs-2026-09-mi-senate,U.S. Senate — Michigan (open seat) CNN Poll conducted by SSRS,0.6608,yes,margin 3pp -> logistic k=4.5; ticket SENATEMI-26-D
2026-10-01,poll,emerson-2026-09-mi-senate,U.S. Senate — Michigan (open seat) Emerson College Polling / Nexstar Media,0.6093,yes,margin 2pp -> logistic k=4.5; ticket SENATEMI-26-D
2026-10-01,poll,emerson-2026-09-tx-senate,U.S. Senate — Texas (open seat) Emerson College Polling / Nexstar Media,0.5553,yes,margin 1pp -> logistic k=4.5; ticket SENATETX-26-D
2026-10-01,poll,emerson-2026-09-ia-senate,U.S. Senate — Iowa (open seat) Emerson College Polling / Nexstar Media,0.2477,yes,margin -5pp -> logistic k=4.5; ticket SENATEIA-26-D
2026-10-01,poll,reconmr-siena-2026-09-tx-senate,U.S. Senate — Texas (open seat) Texas Poll — ReconMR fieldwork (released via Siena Research Institute),0.7914,yes,margin 6pp -> logistic k=4.5; ticket SENATETX-26-D
2026-10-01,poll,suffolk-2026-08-ia-senate,U.S. Senate — Iowa (open seat) Suffolk University Political Research Center (SUPRC),0.2913,yes,margin -4pp -> logistic k=4.5; ticket SENATEIA-26-D
2026-10-01,poll,npi-2026-08-az-governor,Governor — Arizona Noble Predictive Insights — Arizona Public Opinion Pulse (AZPOP),0.9473,yes,margin 13pp -> logistic k=4.5; ticket GOVPARTYAZ-26-D
2026-10-01,poll,fm-2026-08-pa-governor,Governor — Pennsylvania Franklin & Marshall College Poll,0.9961,yes,margin 25pp -> logistic k=4.5; ticket GOVPARTYPA-26-D
2026-10-01,poll,elon-2026-09-nc-senate,U.S. Senate — North Carolina Elon University Poll (fielded by YouGov),0.9202,yes,margin 11pp -> logistic k=4.5; ticket SENATENC-26-D
2026-10-01,poll,hpu-2026-04-nc-senate,U.S. Senate — North Carolina HPU Poll 120 — High Point University Survey Research Center (fielded by YouGov),0.8554,yes,margin 8pp -> logistic k=4.5; ticket SENATENC-26-D
2026-10-01,poll,hpu-2026-08-nc-senate,U.S. Senate — North Carolina HPU Poll 126 — High Point University Survey Research Center (fielded by YouGov),0.7523,yes,margin 5pp -> logistic k=4.5; ticket SENATENC-26-D
2026-10-01,poll,stetson-2026-04-fl-governor,Governor — Florida Stetson University Center for Public Opinion Research (CPOR) — Spring 2026 Survey,0.1743,yes,margin -7pp -> logistic k=4.5; ticket GOVPARTYFL-26-D
2026-10-01,poll,ppp-2026-07-nc-senate,U.S. Senate — North Carolina Public Policy Polling (PPP),0.7087,yes,margin 4pp -> logistic k=4.5; ticket SENATENC-26-D
2026-10-01,poll,unf-2026-07-fl-governor,Governor — Florida University of North Florida Public Opinion Research Lab,0.2477,yes,margin -5pp -> logistic k=4.5; ticket GOVPARTYFL-26-D
2026-10-01,poll,unf-2026-07-fl-senate,U.S. Senate — Florida (special) University of North Florida Public Opinion Research Lab,0.1446,yes,margin -8pp -> logistic k=4.5; ticket SENATEFLS-26-D
2026-10-01,poll,rasmussen-2026-09-ga-governor,Governor — Georgia Rasmussen Reports (field work by Pulse Opinion Research),0.3392,yes,margin -3pp -> logistic k=4.5; ticket GOVPARTYGA-26-D
2026-10-01,poll,rasmussen-2026-09-ga-senate,U.S. Senate — Georgia Rasmussen Reports (field work by Pulse Opinion Research),0.8808,yes,margin 9pp -> logistic k=4.5; ticket SENATEGA-26-D
2026-10-01,poll,rasmussen-2026-09-sc-senate,U.S. Senate — South Carolina (special) Rasmussen Reports (field work by Pulse Opinion Research),0.2477,yes,margin -5pp -> logistic k=4.5; ticket SENATESC-26-D
2026-10-01,rating,AK,Toss Up / Tilt R,0.25-0.65,yes,ticket SENATEAK-26-D
2026-10-01,rating,IA,Toss Up / Tilt R,0.25-0.65,yes,ticket SENATEIA-26-D
2026-10-01,rating,ME,Toss Up / Toss-up,0.35-0.65,yes,ticket SENATEME-26-D
2026-10-01,rating,MI,Toss Up / Toss-up,0.35-0.65,yes,ticket SENATEMI-26-D
2026-10-01,rating,NH,Toss Up / Toss-up,0.35-0.65,yes,ticket SENATENH-26-D
2026-10-01,rating,OH,Toss Up / Toss-up,0.35-0.65,yes,ticket SENATEOHS-26-D
2026-10-01,rating,TX,Toss Up / Lean R,0.2-0.65,yes,ticket SENATETX-26-D
2026-10-01,rating,GA,Lean D / Tilt D,0.55-0.8,yes,ticket SENATEGA-26-D
2026-10-01,rating,NC,Lean D / Tilt D,0.55-0.8,yes,ticket SENATENC-26-D
2026-10-01,rating,MN,Likely D / Likely D,0.75-0.92,yes,ticket SENATEMN-26-D
2026-10-01,rating,KS,Likely R / Likely R,0.08-0.25,yes,ticket SENATEKS-26-D
2026-10-01,rating,SC,Solid R / Likely R,0-0.25,yes,ticket SENATESC-26-D
2026-10-01,crosslayer,SENATE-CONTROL-2026,metaculus 0.517,0.517,yes,ticket CONTROLS-2026-D snapshotMid 0.595
2026-10-01,crosslayer,HOUSE-CONTROL-2026,metaculus 0.888,0.888,yes,ticket CONTROLH-2026-D snapshotMid 0.895
2026-10-01,crosslayer,HOUSE-CONTROL-2026,metaculus 0.888,0.888,yes,ticket CONTROLH-2026-D snapshotMid 0.9015
2026-10-01,crosslayer,GOVERNOR-HI-2026,metaculus 0.98,0.98,yes,ticket GOVPARTYHI-26-D snapshotMid 0.974
2026-10-01,crosslayer,GOVERNOR-NM-2026,metaculus 0.922,0.922,yes,ticket GOVPARTYNM-26-D snapshotMid 0.9255
2026-10-01,crosslayer,GOVERNOR-OR-2026,metaculus 0.88,0.88,yes,ticket GOVPARTYOR-26-D snapshotMid 0.845
2026-10-01,crosslayer,GOVERNOR-MI-2026,metaculus 0.85,0.85,yes,ticket GOVPARTYMI-26-D snapshotMid 0.915
2026-10-01,crosslayer,SENATE-MT-2026,metaculus 0.01,0.01,yes,ticket SENATEMT-26-D snapshotMid 0.0075
2026-10-01,crosslayer,SENATE-NE-2026,metaculus 0.001,0.001,yes,ticket SENATENE-26-D snapshotMid 0.0005
2026-10-01,crosslayer,SENATE-RI-2026,metaculus 0.99,0.99,yes,ticket SENATERI-26-D snapshotMid 0.979
2026-10-01,crosslayer,SENATE-OR-2026,metaculus 0.99,0.99,yes,ticket SENATEOR-26-D snapshotMid 0.977
2026-10-01,crosslayer,SENATE-CO-2026,metaculus 0.98,0.98,yes,ticket SENATECO-26-D snapshotMid 0.9725
2026-10-01,crosslayer,SENATE-MN-2026,metaculus 0.92,0.92,yes,ticket SENATEMN-26-D snapshotMid 0.9035
2026-10-01,crosslayer,SENATE-AK-2026,metaculus 0.54,0.54,yes,ticket SENATEAK-26-D snapshotMid 0.695
2026-10-01,crosslayer,SENATE-CONTROL-2026,metaculus 0.5,0.5,yes,ticket CONTROLS-2026-D snapshotMid 0.605
2026-10-01,crosslayer,HOUSE-CONTROL-2026,metaculus 0.9,0.9,yes,ticket CONTROLH-2026-D snapshotMid 0.9085
2026-10-01,crosslayer,SENATE-RI-2026,metaculus 0.99,0.99,yes,ticket SENATERI-26-D snapshotMid 0.982
2026-10-01,crosslayer,SENATE-OR-2026,metaculus 0.99,0.99,yes,ticket SENATEOR-26-D snapshotMid 0.977
2026-10-01,crosslayer,SENATE-CO-2026,metaculus 0.98,0.98,yes,ticket SENATECO-26-D snapshotMid 0.973
2026-10-01,crosslayer,SENATE-MN-2026,metaculus 0.93,0.93,yes,ticket SENATEMN-26-D snapshotMid 0.902
2026-10-01,crosslayer,GOVERNOR-HI-2026,metaculus 0.98,0.98,yes,ticket GOVPARTYHI-26-D snapshotMid 0.974
2026-10-01,crosslayer,GOVERNOR-NM-2026,metaculus 0.922,0.922,yes,ticket GOVPARTYNM-26-D snapshotMid 0.928
2026-10-01,crosslayer,GOVERNOR-OR-2026,metaculus 0.88,0.88,yes,ticket GOVPARTYOR-26-D snapshotMid 0.86
2026-10-01,crosslayer,GOVERNOR-MI-2026,metaculus 0.85,0.85,yes,ticket GOVPARTYMI-26-D snapshotMid 0.9165
2026-10-01,crosslayer,SENATE-AK-2026,metaculus 0.54,0.54,yes,ticket SENATEAK-26-D snapshotMid 0.705
2026-10-01,crosslayer,SENATE-MT-2026,metaculus 0.01,0.01,yes,ticket SENATEMT-26-D snapshotMid 0.01
2026-10-01,crosslayer,SENATE-NE-2026,metaculus 0.001,0.001,yes,ticket SENATENE-26-D snapshotMid 0.0025
2026-10-01,crosslayer,SENATE-CONTROL-2026,metaculus 0.512,0.512,yes,ticket CONTROLS-2026-D snapshotMid 0.605
2026-10-01,crosslayer,HOUSE-CONTROL-2026,metaculus 0.908,0.908,yes,ticket CONTROLH-2026-D snapshotMid 0.9065
2026-10-01,crosslayer,SENATE-RI-2026,metaculus 0.99,0.99,yes,ticket SENATERI-26-D snapshotMid 0.9825
2026-10-01,crosslayer,SENATE-OR-2026,metaculus 0.99,0.99,yes,ticket SENATEOR-26-D snapshotMid 0.977
2026-10-01,crosslayer,SENATE-CO-2026,metaculus 0.98,0.98,yes,ticket SENATECO-26-D snapshotMid 0.973
2026-10-01,crosslayer,SENATE-MN-2026,metaculus 0.93,0.93,yes,ticket SENATEMN-26-D snapshotMid 0.905
2026-10-01,crosslayer,GOVERNOR-HI-2026,metaculus 0.98,0.98,yes,ticket GOVPARTYHI-26-D snapshotMid 0.974
2026-10-01,crosslayer,GOVERNOR-NM-2026,metaculus 0.928,0.928,yes,ticket GOVPARTYNM-26-D snapshotMid 0.931
2026-10-01,crosslayer,GOVERNOR-OR-2026,metaculus 0.882,0.882,yes,ticket GOVPARTYOR-26-D snapshotMid 0.86
2026-10-01,crosslayer,GOVERNOR-MI-2026,metaculus 0.84,0.84,yes,ticket GOVPARTYMI-26-D snapshotMid 0.923
2026-10-01,crosslayer,SENATE-AK-2026,metaculus 0.54,0.54,yes,ticket SENATEAK-26-D snapshotMid 0.735
2026-10-01,crosslayer,SENATE-MT-2026,metaculus 0.01,0.01,yes,ticket SENATEMT-26-D snapshotMid 0.009
2026-10-01,crosslayer,SENATE-NE-2026,metaculus 0.001,0.001,yes,ticket SENATENE-26-D snapshotMid 0.002
2026-10-01,crosslayer,SENATE-GA-2026,metaculus 0.92,0.92,yes,ticket SENATEGA-26-D snapshotMid 0.9385
2026-10-01,crosslayer,SENATE-CONTROL-2026,metaculus 0.531,0.531,yes,ticket CONTROLS-2026-D snapshotMid 0.625
2026-10-01,crosslayer,HOUSE-CONTROL-2026,metaculus 0.906,0.906,yes,ticket CONTROLH-2026-D snapshotMid 0.9095
2026-10-01,crosslayer,SENATE-RI-2026,metaculus 0.99,0.99,yes,ticket SENATERI-26-D snapshotMid 0.9865
2026-10-01,crosslayer,SENATE-OR-2026,metaculus 0.99,0.99,yes,ticket SENATEOR-26-D snapshotMid 0.977
2026-10-01,crosslayer,SENATE-CO-2026,metaculus 0.98,0.98,yes,ticket SENATECO-26-D snapshotMid 0.9735
2026-10-01,crosslayer,SENATE-GA-2026,metaculus 0.92,0.92,yes,ticket SENATEGA-26-D snapshotMid 0.9385
2026-10-01,crosslayer,GOVERNOR-HI-2026,metaculus 0.98,0.98,yes,ticket GOVPARTYHI-26-D snapshotMid 0.973
2026-10-01,crosslayer,GOVERNOR-NM-2026,metaculus 0.928,0.928,yes,ticket GOVPARTYNM-26-D snapshotMid 0.931
2026-10-01,crosslayer,GOVERNOR-OR-2026,metaculus 0.882,0.882,yes,ticket GOVPARTYOR-26-D snapshotMid 0.855
2026-10-01,crosslayer,GOVERNOR-MI-2026,metaculus 0.84,0.84,yes,ticket GOVPARTYMI-26-D snapshotMid 0.9235
2026-10-01,crosslayer,SENATE-AK-2026,metaculus 0.54,0.54,yes,ticket SENATEAK-26-D snapshotMid 0.755
2026-10-01,crosslayer,SENATE-MT-2026,metaculus 0.01,0.01,yes,ticket SENATEMT-26-D snapshotMid 0.012
2026-10-01,crosslayer,SENATE-NE-2026,metaculus 0.002,0.002,yes,ticket SENATENE-26-D snapshotMid 0.0025
2026-10-01,crosslayer,SENATE-NC-2026,metaculus 0.92,0.92,yes,ticket SENATENC-26-D snapshotMid 0.9365
2026-10-01,crosslayer,SENATE-CONTROL-2026,metaculus 0.567,0.567,yes,ticket CONTROLS-2026-D snapshotMid 0.615
2026-10-01,crosslayer,HOUSE-CONTROL-2026,metaculus 0.91,0.91,yes,ticket CONTROLH-2026-D snapshotMid 0.9165
2026-10-01,crosslayer,SENATE-RI-2026,metaculus 0.996,0.996,yes,ticket SENATERI-26-D snapshotMid 0.99
2026-10-01,crosslayer,SENATE-OR-2026,metaculus 0.99,0.99,yes,ticket SENATEOR-26-D snapshotMid 0.9775
2026-10-01,crosslayer,SENATE-CO-2026,metaculus 0.98,0.98,yes,ticket SENATECO-26-D snapshotMid 0.9845
2026-10-01,crosslayer,SENATE-MN-2026,metaculus 0.94,0.94,yes,ticket SENATEMN-26-D snapshotMid 0.9055
2026-10-01,crosslayer,GOVERNOR-HI-2026,metaculus 0.98,0.98,yes,ticket GOVPARTYHI-26-D snapshotMid 0.9745
2026-10-01,crosslayer,GOVERNOR-NM-2026,metaculus 0.928,0.928,yes,ticket GOVPARTYNM-26-D snapshotMid 0.9295
2026-10-01,crosslayer,GOVERNOR-OR-2026,metaculus 0.88,0.88,yes,ticket GOVPARTYOR-26-D snapshotMid 0.84
2026-10-01,crosslayer,GOVERNOR-MI-2026,metaculus 0.85,0.85,yes,ticket GOVPARTYMI-26-D snapshotMid 0.927
2026-10-01,crosslayer,SENATE-AK-2026,metaculus 0.548,0.548,yes,ticket SENATEAK-26-D snapshotMid 0.705
2026-10-01,crosslayer,SENATE-MT-2026,metaculus 0.01,0.01,yes,ticket SENATEMT-26-D snapshotMid 0.0095
2026-10-01,crosslayer,SENATE-NE-2026,metaculus 0.001,0.001,yes,ticket SENATENE-26-D snapshotMid 0.002
2026-10-01,crosslayer,SENATE-CONTROL-2026,metaculus 0.582,0.582,yes,ticket CONTROLS-2026-D snapshotMid 0.605
2026-10-01,crosslayer,HOUSE-CONTROL-2026,metaculus 0.929,0.929,yes,ticket CONTROLH-2026-D snapshotMid 0.919
2026-10-01,crosslayer,SENATE-RI-2026,metaculus 0.996,0.996,yes,ticket SENATERI-26-D snapshotMid 0.99
2026-10-01,crosslayer,SENATE-OR-2026,metaculus 0.99,0.99,yes,ticket SENATEOR-26-D snapshotMid 0.9775
2026-10-01,crosslayer,SENATE-CO-2026,metaculus 0.98,0.98,yes,ticket SENATECO-26-D snapshotMid 0.9855
2026-10-01,crosslayer,SENATE-MN-2026,metaculus 0.94,0.94,yes,ticket SENATEMN-26-D snapshotMid 0.895
2026-10-01,crosslayer,GOVERNOR-HI-2026,metaculus 0.98,0.98,yes,ticket GOVPARTYHI-26-D snapshotMid 0.9745
2026-10-01,crosslayer,GOVERNOR-NM-2026,metaculus 0.93,0.93,yes,ticket GOVPARTYNM-26-D snapshotMid 0.928
2026-10-01,crosslayer,GOVERNOR-OR-2026,metaculus 0.88,0.88,yes,ticket GOVPARTYOR-26-D snapshotMid 0.85
2026-10-01,crosslayer,GOVERNOR-MI-2026,metaculus 0.85,0.85,yes,ticket GOVPARTYMI-26-D snapshotMid 0.925
2026-10-01,crosslayer,SENATE-AK-2026,metaculus 0.548,0.548,yes,ticket SENATEAK-26-D snapshotMid 0.705
2026-10-01,crosslayer,SENATE-MT-2026,metaculus 0.01,0.01,yes,ticket SENATEMT-26-D snapshotMid 0.011
2026-10-01,crosslayer,SENATE-NE-2026,metaculus 0.001,0.001,yes,ticket SENATENE-26-D snapshotMid 0.002
2026-10-01,crosslayer,SENATE-CONTROL-2026,metaculus 0.572,0.572,yes,ticket CONTROLS-2026-D snapshotMid 0.615
2026-10-01,crosslayer,HOUSE-CONTROL-2026,metaculus 0.929,0.929,yes,ticket CONTROLH-2026-D snapshotMid 0.919
2026-10-01,crosslayer,SENATE-RI-2026,metaculus 0.993,0.993,yes,ticket SENATERI-26-D snapshotMid 0.99
2026-10-01,crosslayer,SENATE-OR-2026,metaculus 0.99,0.99,yes,ticket SENATEOR-26-D snapshotMid 0.9775
2026-10-01,crosslayer,SENATE-CO-2026,metaculus 0.98,0.98,yes,ticket SENATECO-26-D snapshotMid 0.985
2026-10-01,crosslayer,SENATE-MN-2026,metaculus 0.94,0.94,yes,ticket SENATEMN-26-D snapshotMid 0.895
2026-10-01,crosslayer,GOVERNOR-HI-2026,metaculus 0.98,0.98,yes,ticket GOVPARTYHI-26-D snapshotMid 0.9745
2026-10-01,crosslayer,GOVERNOR-NM-2026,metaculus 0.928,0.928,yes,ticket GOVPARTYNM-26-D snapshotMid 0.9275
2026-10-01,crosslayer,GOVERNOR-OR-2026,metaculus 0.88,0.88,yes,ticket GOVPARTYOR-26-D snapshotMid 0.84
2026-10-01,crosslayer,GOVERNOR-MI-2026,metaculus 0.85,0.85,yes,ticket GOVPARTYMI-26-D snapshotMid 0.927
2026-10-01,crosslayer,SENATE-AK-2026,metaculus 0.548,0.548,yes,ticket SENATEAK-26-D snapshotMid 0.705
2026-10-01,crosslayer,SENATE-MT-2026,metaculus 0.01,0.01,yes,ticket SENATEMT-26-D snapshotMid 0.016
2026-10-01,crosslayer,SENATE-NE-2026,metaculus 0.001,0.001,yes,ticket SENATENE-26-D snapshotMid 0.0005
2026-10-01,crosslayer,SENATE-CONTROL-2026,metaculus 0.555,0.555,yes,ticket CONTROLS-2026-D snapshotMid 0.615
2026-10-01,crosslayer,HOUSE-CONTROL-2026,metaculus 0.919,0.919,yes,ticket CONTROLH-2026-D snapshotMid 0.9165
2026-10-01,crosslayer,SENATE-RI-2026,metaculus 0.993,0.993,yes,ticket SENATERI-26-D snapshotMid 0.9905
2026-10-01,crosslayer,SENATE-OR-2026,metaculus 0.99,0.99,yes,ticket SENATEOR-26-D snapshotMid 0.9775
2026-10-01,crosslayer,SENATE-CO-2026,metaculus 0.98,0.98,yes,ticket SENATECO-26-D snapshotMid 0.9855
2026-10-01,crosslayer,SENATE-MN-2026,metaculus 0.95,0.95,yes,ticket SENATEMN-26-D snapshotMid 0.895
2026-10-01,crosslayer,GOVERNOR-HI-2026,metaculus 0.98,0.98,yes,ticket GOVPARTYHI-26-D snapshotMid 0.9745
2026-10-01,crosslayer,GOVERNOR-NM-2026,metaculus 0.925,0.925,yes,ticket GOVPARTYNM-26-D snapshotMid 0.929
2026-10-01,crosslayer,GOVERNOR-OR-2026,metaculus 0.874,0.874,yes,ticket GOVPARTYOR-26-D snapshotMid 0.805
2026-10-01,crosslayer,GOVERNOR-MI-2026,metaculus 0.84,0.84,yes,ticket GOVPARTYMI-26-D snapshotMid 0.9235
2026-10-01,crosslayer,SENATE-AK-2026,metaculus 0.54,0.54,yes,ticket SENATEAK-26-D snapshotMid 0.705
2026-10-01,crosslayer,SENATE-MT-2026,metaculus 0.01,0.01,yes,ticket SENATEMT-26-D snapshotMid 0.0145
2026-10-01,crosslayer,SENATE-NE-2026,metaculus 0.001,0.001,yes,ticket SENATENE-26-D snapshotMid 0.0025
2026-10-01,crosslayer,SENATE-CONTROL-2026,metaculus 0.569,0.569,yes,ticket CONTROLS-2026-D snapshotMid 0.625
2026-10-01,crosslayer,HOUSE-CONTROL-2026,metaculus 0.925,0.925,yes,ticket CONTROLH-2026-D snapshotMid 0.9155
2026-10-01,crosslayer,SENATE-RI-2026,metaculus 0.991,0.991,yes,ticket SENATERI-26-D snapshotMid 0.9885
2026-10-01,crosslayer,SENATE-OR-2026,metaculus 0.99,0.99,yes,ticket SENATEOR-26-D snapshotMid 0.9775
2026-10-01,crosslayer,SENATE-CO-2026,metaculus 0.98,0.98,yes,ticket SENATECO-26-D snapshotMid 0.9855
2026-10-01,crosslayer,SENATE-MN-2026,metaculus 0.95,0.95,yes,ticket SENATEMN-26-D snapshotMid 0.895
2026-10-01,crosslayer,GOVERNOR-HI-2026,metaculus 0.98,0.98,yes,ticket GOVPARTYHI-26-D snapshotMid 0.9745
2026-10-01,crosslayer,GOVERNOR-NM-2026,metaculus 0.925,0.925,yes,ticket GOVPARTYNM-26-D snapshotMid 0.93
2026-10-01,crosslayer,GOVERNOR-OR-2026,metaculus 0.874,0.874,yes,ticket GOVPARTYOR-26-D snapshotMid 0.815
2026-10-01,crosslayer,GOVERNOR-MI-2026,metaculus 0.84,0.84,yes,ticket GOVPARTYMI-26-D snapshotMid 0.926
2026-10-01,crosslayer,SENATE-AK-2026,metaculus 0.54,0.54,yes,ticket SENATEAK-26-D snapshotMid 0.695
2026-10-01,crosslayer,SENATE-MT-2026,metaculus 0.01,0.01,yes,ticket SENATEMT-26-D snapshotMid 0.0145
2026-10-01,crosslayer,SENATE-NE-2026,metaculus 0.001,0.001,yes,ticket SENATENE-26-D snapshotMid 0.0025
2026-10-01,crosslayer,SENATE-CONTROL-2026,metaculus 0.562,0.562,yes,ticket CONTROLS-2026-D snapshotMid 0.625
2026-10-01,crosslayer,HOUSE-CONTROL-2026,metaculus 0.919,0.919,yes,ticket CONTROLH-2026-D snapshotMid 0.915
2026-10-01,crosslayer,SENATE-RI-2026,metaculus 0.99,0.99,yes,ticket SENATERI-26-D snapshotMid 0.9885
2026-10-01,crosslayer,SENATE-OR-2026,metaculus 0.99,0.99,yes,ticket SENATEOR-26-D snapshotMid 0.983
2026-10-01,crosslayer,SENATE-CO-2026,metaculus 0.98,0.98,yes,ticket SENATECO-26-D snapshotMid 0.9855
2026-10-01,crosslayer,SENATE-MN-2026,metaculus 0.95,0.95,yes,ticket SENATEMN-26-D snapshotMid 0.885
2026-10-01,crosslayer,GOVERNOR-HI-2026,metaculus 0.98,0.98,yes,ticket GOVPARTYHI-26-D snapshotMid 0.969
2026-10-01,crosslayer,GOVERNOR-NM-2026,metaculus 0.925,0.925,yes,ticket GOVPARTYNM-26-D snapshotMid 0.9295
2026-10-01,crosslayer,GOVERNOR-OR-2026,metaculus 0.874,0.874,yes,ticket GOVPARTYOR-26-D snapshotMid 0.795
2026-10-01,crosslayer,GOVERNOR-MI-2026,metaculus 0.84,0.84,yes,ticket GOVPARTYMI-26-D snapshotMid 0.9225
2026-10-01,crosslayer,SENATE-AK-2026,metaculus 0.54,0.54,yes,ticket SENATEAK-26-D snapshotMid 0.705
2026-10-01,crosslayer,SENATE-MT-2026,metaculus 0.01,0.01,yes,ticket SENATEMT-26-D snapshotMid 0.009
2026-10-01,crosslayer,SENATE-NE-2026,metaculus 0.001,0.001,yes,ticket SENATENE-26-D snapshotMid 0.002
2026-10-01,crosslayer,SENATE-CONTROL-2026,metaculus 0.565,0.565,no,ticket CONTROLS-2026-D snapshotMid 0.625
2026-10-01,crosslayer,HOUSE-CONTROL-2026,metaculus 0.924,0.924,no,ticket CONTROLH-2026-D snapshotMid 0.9155
2026-10-01,crosslayer,SENATE-RI-2026,metaculus 0.99,0.99,no,ticket SENATERI-26-D snapshotMid 0.99
2026-10-01,crosslayer,SENATE-OR-2026,metaculus 0.99,0.99,no,ticket SENATEOR-26-D snapshotMid 0.9785
2026-10-01,crosslayer,SENATE-CO-2026,metaculus 0.98,0.98,no,ticket SENATECO-26-D snapshotMid 0.9865
2026-10-01,crosslayer,SENATE-MN-2026,metaculus 0.94,0.94,no,ticket SENATEMN-26-D snapshotMid 0.875
2026-10-01,crosslayer,GOVERNOR-HI-2026,metaculus 0.98,0.98,no,ticket GOVPARTYHI-26-D snapshotMid 0.9745
2026-10-01,crosslayer,GOVERNOR-NM-2026,metaculus 0.93,0.93,no,ticket GOVPARTYNM-26-D snapshotMid 0.9305
2026-10-01,crosslayer,GOVERNOR-OR-2026,metaculus 0.88,0.88,no,ticket GOVPARTYOR-26-D snapshotMid 0.765
2026-10-01,crosslayer,GOVERNOR-MI-2026,metaculus 0.85,0.85,no,ticket GOVPARTYMI-26-D snapshotMid 0.92
2026-10-01,crosslayer,SENATE-AK-2026,metaculus 0.54,0.54,no,ticket SENATEAK-26-D snapshotMid 0.685
2026-10-01,crosslayer,SENATE-MT-2026,metaculus 0.01,0.01,no,ticket SENATEMT-26-D snapshotMid 0.006
2026-10-01,crosslayer,SENATE-CONTROL-2026,metaculus 0.575,0.575,no,ticket CONTROLS-2026-D snapshotMid 0.625
2026-10-01,crosslayer,HOUSE-CONTROL-2026,metaculus 0.924,0.924,no,ticket CONTROLH-2026-D snapshotMid 0.9165
2026-10-01,crosslayer,SENATE-RI-2026,metaculus 0.99,0.99,no,ticket SENATERI-26-D snapshotMid 0.9905
2026-10-01,crosslayer,SENATE-OR-2026,metaculus 0.99,0.99,no,ticket SENATEOR-26-D snapshotMid 0.985
2026-10-01,crosslayer,SENATE-CO-2026,metaculus 0.98,0.98,no,ticket SENATECO-26-D snapshotMid 0.9865
2026-10-01,crosslayer,SENATE-MN-2026,metaculus 0.94,0.94,no,ticket SENATEMN-26-D snapshotMid 0.895
2026-10-01,crosslayer,GOVERNOR-HI-2026,metaculus 0.98,0.98,no,ticket GOVPARTYHI-26-D snapshotMid 0.9715
2026-10-01,crosslayer,GOVERNOR-NM-2026,metaculus 0.93,0.93,no,ticket GOVPARTYNM-26-D snapshotMid 0.94
2026-10-01,crosslayer,GOVERNOR-OR-2026,metaculus 0.872,0.872,no,ticket GOVPARTYOR-26-D snapshotMid 0.715
2026-10-01,crosslayer,GOVERNOR-MI-2026,metaculus 0.84,0.84,no,ticket GOVPARTYMI-26-D snapshotMid 0.922
2026-10-01,crosslayer,SENATE-AK-2026,metaculus 0.54,0.54,no,ticket SENATEAK-26-D snapshotMid 0.675
2026-10-01,crosslayer,SENATE-MT-2026,metaculus 0.01,0.01,no,ticket SENATEMT-26-D snapshotMid 0.006
2026-10-01,crosslayer,SENATE-NE-2026,metaculus 0.001,0.001,no,ticket SENATENE-26-D snapshotMid 0.004
2026-10-01,crosslayer,SENATE-CONTROL-2026,metaculus 0.581,0.581,no,ticket CONTROLS-2026-D snapshotMid 0.645
2026-10-01,crosslayer,HOUSE-CONTROL-2026,metaculus 0.918,0.918,no,ticket CONTROLH-2026-D snapshotMid 0.9205
2026-10-01,crosslayer,SENATE-OR-2026,metaculus 0.99,0.99,no,ticket SENATEOR-26-D snapshotMid 0.985
2026-10-01,crosslayer,SENATE-RI-2026,metaculus 0.99,0.99,no,ticket SENATERI-26-D snapshotMid 0.9905
2026-10-01,crosslayer,SENATE-CO-2026,metaculus 0.982,0.982,no,ticket SENATECO-26-D snapshotMid 0.9865
2026-10-01,crosslayer,SENATE-MN-2026,metaculus 0.94,0.94,no,ticket SENATEMN-26-D snapshotMid 0.875
2026-10-01,crosslayer,GOVERNOR-HI-2026,metaculus 0.98,0.98,no,ticket GOVPARTYHI-26-D snapshotMid 0.9735
2026-10-01,crosslayer,GOVERNOR-NM-2026,metaculus 0.93,0.93,no,ticket GOVPARTYNM-26-D snapshotMid 0.945
2026-10-01,crosslayer,GOVERNOR-OR-2026,metaculus 0.872,0.872,no,ticket GOVPARTYOR-26-D snapshotMid 0.735
2026-10-01,crosslayer,GOVERNOR-MI-2026,metaculus 0.85,0.85,no,ticket GOVPARTYMI-26-D snapshotMid 0.9275
2026-10-01,crosslayer,SENATE-AK-2026,metaculus 0.525,0.525,no,ticket SENATEAK-26-D snapshotMid 0.705
2026-10-01,crosslayer,SENATE-MT-2026,metaculus 0.01,0.01,no,ticket SENATEMT-26-D snapshotMid 0.007
2026-10-01,crosslayer,SENATE-NE-2026,metaculus 0.001,0.001,no,ticket SENATENE-26-D snapshotMid 0.004
2026-10-01,crosslayer,SENATE-CONTROL-2026,metaculus 0.576,0.576,no,ticket CONTROLS-2026-D snapshotMid 0.625
2026-10-01,crosslayer,HOUSE-CONTROL-2026,metaculus 0.919,0.919,no,ticket CONTROLH-2026-D snapshotMid 0.9195
2026-10-01,crosslayer,GOVERNOR-HI-2026,metaculus 0.98,0.98,no,ticket GOVPARTYHI-26-D snapshotMid 0.971
2026-10-01,crosslayer,GOVERNOR-NM-2026,metaculus 0.94,0.94,no,ticket GOVPARTYNM-26-D snapshotMid 0.9455
2026-10-01,crosslayer,GOVERNOR-OR-2026,metaculus 0.87,0.87,no,ticket GOVPARTYOR-26-D snapshotMid 0.735
2026-10-01,crosslayer,GOVERNOR-MI-2026,metaculus 0.85,0.85,no,ticket GOVPARTYMI-26-D snapshotMid 0.927
2026-10-01,crosslayer,SENATE-AK-2026,metaculus 0.525,0.525,no,ticket SENATEAK-26-D snapshotMid 0.73
2026-10-01,crosslayer,SENATE-MT-2026,metaculus 0.01,0.01,no,ticket SENATEMT-26-D snapshotMid 0.0085
2026-10-01,crosslayer,SENATE-NE-2026,metaculus 0.001,0.001,no,ticket SENATENE-26-D snapshotMid 0.004
2026-10-01,crosslayer,SENATE-CONTROL-2026,metaculus 0.584,0.584,no,ticket CONTROLS-2026-D snapshotMid 0.645
2026-10-01,crosslayer,HOUSE-CONTROL-2026,metaculus 0.929,0.929,no,ticket CONTROLH-2026-D snapshotMid 0.9165
2026-10-01,crosslayer,SENATE-OR-2026,metaculus 0.99,0.99,no,ticket SENATEOR-26-D snapshotMid 0.988
2026-10-01,crosslayer,SENATE-RI-2026,metaculus 0.99,0.99,no,ticket SENATERI-26-D snapshotMid 0.9905
2026-10-01,crosslayer,SENATE-CO-2026,metaculus 0.982,0.982,no,ticket SENATECO-26-D snapshotMid 0.9915
2026-10-01,crosslayer,SENATE-MN-2026,metaculus 0.925,0.925,no,ticket SENATEMN-26-D snapshotMid 0.865
2026-10-01,crosslayer,GOVERNOR-HI-2026,metaculus 0.98,0.98,no,ticket GOVPARTYHI-26-D snapshotMid 0.9735
2026-10-01,crosslayer,GOVERNOR-NM-2026,metaculus 0.94,0.94,no,ticket GOVPARTYNM-26-D snapshotMid 0.945
2026-10-01,crosslayer,GOVERNOR-OR-2026,metaculus 0.86,0.86,no,ticket GOVPARTYOR-26-D snapshotMid 0.755
2026-10-01,crosslayer,GOVERNOR-MI-2026,metaculus 0.85,0.85,no,ticket GOVPARTYMI-26-D snapshotMid 0.9305
2026-10-01,crosslayer,SENATE-AK-2026,metaculus 0.525,0.525,no,ticket SENATEAK-26-D snapshotMid 0.735
2026-10-01,crosslayer,SENATE-MT-2026,metaculus 0.01,0.01,no,ticket SENATEMT-26-D snapshotMid 0.021
2026-10-01,crosslayer,SENATE-NE-2026,metaculus 0.001,0.001,no,ticket SENATENE-26-D snapshotMid 0.0015
2026-10-01,crosslayer,SENATE-CONTROL-2026,metaculus 0.586,0.586,no,ticket CONTROLS-2026-D snapshotMid 0.645
2026-10-01,crosslayer,HOUSE-CONTROL-2026,metaculus 0.929,0.929,no,ticket CONTROLH-2026-D snapshotMid 0.9155
2026-10-01,crosslayer,SENATE-OR-2026,metaculus 0.99,0.99,no,ticket SENATEOR-26-D snapshotMid 0.9855
2026-10-01,crosslayer,SENATE-RI-2026,metaculus 0.99,0.99,no,ticket SENATERI-26-D snapshotMid 0.99
2026-10-01,crosslayer,SENATE-CO-2026,metaculus 0.982,0.982,no,ticket SENATECO-26-D snapshotMid 0.991
2026-10-01,crosslayer,SENATE-MN-2026,metaculus 0.925,0.925,no,ticket SENATEMN-26-D snapshotMid 0.865
2026-10-01,crosslayer,GOVERNOR-HI-2026,metaculus 0.98,0.98,no,ticket GOVPARTYHI-26-D snapshotMid 0.9735
2026-10-01,crosslayer,GOVERNOR-NM-2026,metaculus 0.94,0.94,no,ticket GOVPARTYNM-26-D snapshotMid 0.9465
2026-10-01,crosslayer,GOVERNOR-OR-2026,metaculus 0.86,0.86,no,ticket GOVPARTYOR-26-D snapshotMid 0.76
2026-10-01,crosslayer,GOVERNOR-MI-2026,metaculus 0.85,0.85,no,ticket GOVPARTYMI-26-D snapshotMid 0.937
2026-10-01,crosslayer,SENATE-AK-2026,metaculus 0.525,0.525,no,ticket SENATEAK-26-D snapshotMid 0.745
2026-10-01,crosslayer,SENATE-MT-2026,metaculus 0.009,0.009,no,ticket SENATEMT-26-D snapshotMid 0.009
2026-10-01,crosslayer,SENATE-NE-2026,metaculus 0.001,0.001,no,ticket SENATENE-26-D snapshotMid 0.0015
2026-10-01,crosslayer,SENATE-CONTROL-2026,metaculus 0.588,0.588,no,ticket CONTROLS-2026-D snapshotMid 0.635
2026-10-01,crosslayer,HOUSE-CONTROL-2026,metaculus 0.922,0.922,no,ticket CONTROLH-2026-D snapshotMid 0.895
2026-10-01,crosslayer,SENATE-RI-2026,metaculus 0.99,0.99,no,ticket SENATERI-26-D snapshotMid 0.989
2026-10-01,crosslayer,SENATE-OR-2026,metaculus 0.99,0.99,no,ticket SENATEOR-26-D snapshotMid 0.9855
2026-10-01,crosslayer,SENATE-CO-2026,metaculus 0.985,0.985,no,ticket SENATECO-26-D snapshotMid 0.991
2026-10-01,crosslayer,SENATE-NC-2026,metaculus 0.92,0.92,no,ticket SENATENC-26-D snapshotMid 0.968
2026-10-01,crosslayer,GOVERNOR-HI-2026,metaculus 0.98,0.98,no,ticket GOVPARTYHI-26-D snapshotMid 0.9775
2026-10-01,crosslayer,GOVERNOR-NM-2026,metaculus 0.94,0.94,no,ticket GOVPARTYNM-26-D snapshotMid 0.94
2026-10-01,crosslayer,GOVERNOR-OR-2026,metaculus 0.858,0.858,no,ticket GOVPARTYOR-26-D snapshotMid 0.775
2026-10-01,crosslayer,GOVERNOR-MI-2026,metaculus 0.85,0.85,no,ticket GOVPARTYMI-26-D snapshotMid 0.9225
2026-10-01,crosslayer,SENATE-AK-2026,metaculus 0.54,0.54,no,ticket SENATEAK-26-D snapshotMid 0.765
2026-10-01,crosslayer,SENATE-MT-2026,metaculus 0.009,0.009,no,ticket SENATEMT-26-D snapshotMid 0.008
2026-10-01,crosslayer,SENATE-NE-2026,metaculus 0.001,0.001,no,ticket SENATENE-26-D snapshotMid 0.0015
2026-10-01,crosslayer,SENATE-CONTROL-2026,metaculus 0.598,0.598,no,ticket CONTROLS-2026-D snapshotMid 0.615
2026-10-01,crosslayer,HOUSE-CONTROL-2026,metaculus 0.922,0.922,no,ticket CONTROLH-2026-D snapshotMid 0.9005
2026-10-01,crosslayer,SENATE-OR-2026,metaculus 0.99,0.99,no,ticket SENATEOR-26-D snapshotMid 0.983
2026-10-01,crosslayer,SENATE-RI-2026,metaculus 0.99,0.99,no,ticket SENATERI-26-D snapshotMid 0.9885
2026-10-01,crosslayer,SENATE-CO-2026,metaculus 0.985,0.985,no,ticket SENATECO-26-D snapshotMid 0.988
2026-10-01,crosslayer,SENATE-NC-2026,metaculus 0.92,0.92,no,ticket SENATENC-26-D snapshotMid 0.9685
2026-10-01,crosslayer,GOVERNOR-HI-2026,metaculus 0.98,0.98,no,ticket GOVPARTYHI-26-D snapshotMid 0.9795
2026-10-01,crosslayer,GOVERNOR-NM-2026,metaculus 0.94,0.94,no,ticket GOVPARTYNM-26-D snapshotMid 0.939
2026-10-01,crosslayer,GOVERNOR-OR-2026,metaculus 0.86,0.86,no,ticket GOVPARTYOR-26-D snapshotMid 0.755
2026-10-01,crosslayer,GOVERNOR-MI-2026,metaculus 0.85,0.85,no,ticket GOVPARTYMI-26-D snapshotMid 0.9205
2026-10-01,crosslayer,SENATE-AK-2026,metaculus 0.548,0.548,no,ticket SENATEAK-26-D snapshotMid 0.755
2026-10-01,crosslayer,SENATE-MT-2026,metaculus 0.009,0.009,no,ticket SENATEMT-26-D snapshotMid 0.0085
2026-10-01,crosslayer,SENATE-NE-2026,metaculus 0.001,0.001,no,ticket SENATENE-26-D snapshotMid 0.001
2026-10-01,crosslayer,SENATE-CONTROL-2026,metaculus 0.608,0.608,no,ticket CONTROLS-2026-D snapshotMid 0.605
2026-10-01,crosslayer,HOUSE-CONTROL-2026,metaculus 0.93,0.93,no,ticket CONTROLH-2026-D snapshotMid 0.895
2026-10-01,crosslayer,SENATE-OR-2026,metaculus 0.99,0.99,no,ticket SENATEOR-26-D snapshotMid 0.983
2026-10-01,crosslayer,SENATE-RI-2026,metaculus 0.99,0.99,no,ticket SENATERI-26-D snapshotMid 0.978
2026-10-01,crosslayer,SENATE-CO-2026,metaculus 0.985,0.985,no,ticket SENATECO-26-D snapshotMid 0.988
2026-10-01,crosslayer,SENATE-GA-2026,metaculus 0.93,0.93,no,ticket SENATEGA-26-D snapshotMid 0.9545
2026-10-01,crosslayer,SENATE-AK-2026,metaculus 0.54,0.54,no,ticket SENATEAK-26-D snapshotMid 0.735
2026-10-01,crosslayer,SENATE-MT-2026,metaculus 0.01,0.01,no,ticket SENATEMT-26-D snapshotMid 0.0085
2026-10-01,crosslayer,SENATE-NE-2026,metaculus 0.001,0.001,no,ticket SENATENE-26-D snapshotMid 0.0025
2026-10-02,poll,cnn-ssrs-2026-09-me-senate,U.S. Senate — Maine CNN Poll conducted by SSRS,0.6608,yes,margin 3pp -> logistic k=4.5; ticket SENATEME-26-D
2026-10-02,poll,cnn-ssrs-2026-09-mi-senate,U.S. Senate — Michigan (open seat) CNN Poll conducted by SSRS,0.6608,yes,margin 3pp -> logistic k=4.5; ticket SENATEMI-26-D
2026-10-02,poll,emerson-2026-09-mi-senate,U.S. Senate — Michigan (open seat) Emerson College Polling / Nexstar Media,0.6093,yes,margin 2pp -> logistic k=4.5; ticket SENATEMI-26-D
2026-10-02,poll,emerson-2026-09-tx-senate,U.S. Senate — Texas (open seat) Emerson College Polling / Nexstar Media,0.5553,yes,margin 1pp -> logistic k=4.5; ticket SENATETX-26-D
2026-10-02,poll,emerson-2026-09-ia-senate,U.S. Senate — Iowa (open seat) Emerson College Polling / Nexstar Media,0.2477,yes,margin -5pp -> logistic k=4.5; ticket SENATEIA-26-D
2026-10-02,poll,reconmr-siena-2026-09-tx-senate,U.S. Senate — Texas (open seat) Texas Poll — ReconMR fieldwork (released via Siena Research Institute),0.7914,yes,margin 6pp -> logistic k=4.5; ticket SENATETX-26-D
2026-10-02,poll,suffolk-2026-08-ia-senate,U.S. Senate — Iowa (open seat) Suffolk University Political Research Center (SUPRC),0.2913,yes,margin -4pp -> logistic k=4.5; ticket SENATEIA-26-D
2026-10-02,poll,npi-2026-08-az-governor,Governor — Arizona Noble Predictive Insights — Arizona Public Opinion Pulse (AZPOP),0.9473,yes,margin 13pp -> logistic k=4.5; ticket GOVPARTYAZ-26-D
2026-10-02,poll,fm-2026-08-pa-governor,Governor — Pennsylvania Franklin & Marshall College Poll,0.9961,yes,margin 25pp -> logistic k=4.5; ticket GOVPARTYPA-26-D
2026-10-02,poll,elon-2026-09-nc-senate,U.S. Senate — North Carolina Elon University Poll (fielded by YouGov),0.9202,yes,margin 11pp -> logistic k=4.5; ticket SENATENC-26-D
2026-10-02,poll,hpu-2026-04-nc-senate,U.S. Senate — North Carolina HPU Poll 120 — High Point University Survey Research Center (fielded by YouGov),0.8554,yes,margin 8pp -> logistic k=4.5; ticket SENATENC-26-D
2026-10-02,poll,hpu-2026-08-nc-senate,U.S. Senate — North Carolina HPU Poll 126 — High Point University Survey Research Center (fielded by YouGov),0.7523,yes,margin 5pp -> logistic k=4.5; ticket SENATENC-26-D
2026-10-02,poll,stetson-2026-04-fl-governor,Governor — Florida Stetson University Center for Public Opinion Research (CPOR) — Spring 2026 Survey,0.1743,yes,margin -7pp -> logistic k=4.5; ticket GOVPARTYFL-26-D
2026-10-02,poll,ppp-2026-07-nc-senate,U.S. Senate — North Carolina Public Policy Polling (PPP),0.7087,yes,margin 4pp -> logistic k=4.5; ticket SENATENC-26-D
2026-10-02,poll,unf-2026-07-fl-governor,Governor — Florida University of North Florida Public Opinion Research Lab,0.2477,yes,margin -5pp -> logistic k=4.5; ticket GOVPARTYFL-26-D
2026-10-02,poll,unf-2026-07-fl-senate,U.S. Senate — Florida (special) University of North Florida Public Opinion Research Lab,0.1446,yes,margin -8pp -> logistic k=4.5; ticket SENATEFLS-26-D
2026-10-02,poll,rasmussen-2026-09-ga-governor,Governor — Georgia Rasmussen Reports (field work by Pulse Opinion Research),0.3392,yes,margin -3pp -> logistic k=4.5; ticket GOVPARTYGA-26-D
2026-10-02,poll,rasmussen-2026-09-ga-senate,U.S. Senate — Georgia Rasmussen Reports (field work by Pulse Opinion Research),0.8808,yes,margin 9pp -> logistic k=4.5; ticket SENATEGA-26-D
2026-10-02,poll,rasmussen-2026-09-sc-senate,U.S. Senate — South Carolina (special) Rasmussen Reports (field work by Pulse Opinion Research),0.2477,yes,margin -5pp -> logistic k=4.5; ticket SENATESC-26-D
2026-10-02,rating,AK,Toss Up / Tilt R,0.25-0.65,yes,ticket SENATEAK-26-D
2026-10-02,rating,IA,Toss Up / Tilt R,0.25-0.65,yes,ticket SENATEIA-26-D
2026-10-02,rating,ME,Toss Up / Toss-up,0.35-0.65,yes,ticket SENATEME-26-D
2026-10-02,rating,MI,Toss Up / Toss-up,0.35-0.65,yes,ticket SENATEMI-26-D
2026-10-02,rating,NH,Toss Up / Toss-up,0.35-0.65,yes,ticket SENATENH-26-D
2026-10-02,rating,OH,Toss Up / Toss-up,0.35-0.65,yes,ticket SENATEOHS-26-D
2026-10-02,rating,TX,Toss Up / Lean R,0.2-0.65,yes,ticket SENATETX-26-D
2026-10-02,rating,GA,Lean D / Tilt D,0.55-0.8,yes,ticket SENATEGA-26-D
2026-10-02,rating,NC,Lean D / Tilt D,0.55-0.8,yes,ticket SENATENC-26-D
2026-10-02,rating,MN,Likely D / Likely D,0.75-0.92,yes,ticket SENATEMN-26-D
2026-10-02,rating,KS,Likely R / Likely R,0.08-0.25,yes,ticket SENATEKS-26-D
2026-10-02,rating,SC,Solid R / Likely R,0-0.25,yes,ticket SENATESC-26-D
2026-10-02,crosslayer,SENATE-CONTROL-2026,metaculus 0.517,0.517,yes,ticket CONTROLS-2026-D snapshotMid 0.595
2026-10-02,crosslayer,HOUSE-CONTROL-2026,metaculus 0.888,0.888,yes,ticket CONTROLH-2026-D snapshotMid 0.895
2026-10-02,crosslayer,HOUSE-CONTROL-2026,metaculus 0.888,0.888,yes,ticket CONTROLH-2026-D snapshotMid 0.9015
2026-10-02,crosslayer,GOVERNOR-HI-2026,metaculus 0.98,0.98,yes,ticket GOVPARTYHI-26-D snapshotMid 0.974
2026-10-02,crosslayer,GOVERNOR-NM-2026,metaculus 0.922,0.922,yes,ticket GOVPARTYNM-26-D snapshotMid 0.9255
2026-10-02,crosslayer,GOVERNOR-OR-2026,metaculus 0.88,0.88,yes,ticket GOVPARTYOR-26-D snapshotMid 0.845
2026-10-02,crosslayer,GOVERNOR-MI-2026,metaculus 0.85,0.85,yes,ticket GOVPARTYMI-26-D snapshotMid 0.915
2026-10-02,crosslayer,SENATE-MT-2026,metaculus 0.01,0.01,yes,ticket SENATEMT-26-D snapshotMid 0.0075
2026-10-02,crosslayer,SENATE-NE-2026,metaculus 0.001,0.001,yes,ticket SENATENE-26-D snapshotMid 0.0005
2026-10-02,crosslayer,SENATE-RI-2026,metaculus 0.99,0.99,yes,ticket SENATERI-26-D snapshotMid 0.979
2026-10-02,crosslayer,SENATE-OR-2026,metaculus 0.99,0.99,yes,ticket SENATEOR-26-D snapshotMid 0.977
2026-10-02,crosslayer,SENATE-CO-2026,metaculus 0.98,0.98,yes,ticket SENATECO-26-D snapshotMid 0.9725
2026-10-02,crosslayer,SENATE-MN-2026,metaculus 0.92,0.92,yes,ticket SENATEMN-26-D snapshotMid 0.9035
2026-10-02,crosslayer,SENATE-AK-2026,metaculus 0.54,0.54,yes,ticket SENATEAK-26-D snapshotMid 0.695
2026-10-02,crosslayer,SENATE-CONTROL-2026,metaculus 0.5,0.5,yes,ticket CONTROLS-2026-D snapshotMid 0.605
2026-10-02,crosslayer,HOUSE-CONTROL-2026,metaculus 0.9,0.9,yes,ticket CONTROLH-2026-D snapshotMid 0.9085
2026-10-02,crosslayer,SENATE-RI-2026,metaculus 0.99,0.99,yes,ticket SENATERI-26-D snapshotMid 0.982
2026-10-02,crosslayer,SENATE-OR-2026,metaculus 0.99,0.99,yes,ticket SENATEOR-26-D snapshotMid 0.977
2026-10-02,crosslayer,SENATE-CO-2026,metaculus 0.98,0.98,yes,ticket SENATECO-26-D snapshotMid 0.973
2026-10-02,crosslayer,SENATE-MN-2026,metaculus 0.93,0.93,yes,ticket SENATEMN-26-D snapshotMid 0.902
2026-10-02,crosslayer,GOVERNOR-HI-2026,metaculus 0.98,0.98,yes,ticket GOVPARTYHI-26-D snapshotMid 0.974
2026-10-02,crosslayer,GOVERNOR-NM-2026,metaculus 0.922,0.922,yes,ticket GOVPARTYNM-26-D snapshotMid 0.928
2026-10-02,crosslayer,GOVERNOR-OR-2026,metaculus 0.88,0.88,yes,ticket GOVPARTYOR-26-D snapshotMid 0.86
2026-10-02,crosslayer,GOVERNOR-MI-2026,metaculus 0.85,0.85,yes,ticket GOVPARTYMI-26-D snapshotMid 0.9165
2026-10-02,crosslayer,SENATE-AK-2026,metaculus 0.54,0.54,yes,ticket SENATEAK-26-D snapshotMid 0.705
2026-10-02,crosslayer,SENATE-MT-2026,metaculus 0.01,0.01,yes,ticket SENATEMT-26-D snapshotMid 0.01
2026-10-02,crosslayer,SENATE-NE-2026,metaculus 0.001,0.001,yes,ticket SENATENE-26-D snapshotMid 0.0025
2026-10-02,crosslayer,SENATE-CONTROL-2026,metaculus 0.512,0.512,yes,ticket CONTROLS-2026-D snapshotMid 0.605
2026-10-02,crosslayer,HOUSE-CONTROL-2026,metaculus 0.908,0.908,yes,ticket CONTROLH-2026-D snapshotMid 0.9065
2026-10-02,crosslayer,SENATE-RI-2026,metaculus 0.99,0.99,yes,ticket SENATERI-26-D snapshotMid 0.9825
2026-10-02,crosslayer,SENATE-OR-2026,metaculus 0.99,0.99,yes,ticket SENATEOR-26-D snapshotMid 0.977
2026-10-02,crosslayer,SENATE-CO-2026,metaculus 0.98,0.98,yes,ticket SENATECO-26-D snapshotMid 0.973
2026-10-02,crosslayer,SENATE-MN-2026,metaculus 0.93,0.93,yes,ticket SENATEMN-26-D snapshotMid 0.905
2026-10-02,crosslayer,GOVERNOR-HI-2026,metaculus 0.98,0.98,yes,ticket GOVPARTYHI-26-D snapshotMid 0.974
2026-10-02,crosslayer,GOVERNOR-NM-2026,metaculus 0.928,0.928,yes,ticket GOVPARTYNM-26-D snapshotMid 0.931
2026-10-02,crosslayer,GOVERNOR-OR-2026,metaculus 0.882,0.882,yes,ticket GOVPARTYOR-26-D snapshotMid 0.86
2026-10-02,crosslayer,GOVERNOR-MI-2026,metaculus 0.84,0.84,yes,ticket GOVPARTYMI-26-D snapshotMid 0.923
2026-10-02,crosslayer,SENATE-AK-2026,metaculus 0.54,0.54,yes,ticket SENATEAK-26-D snapshotMid 0.735
2026-10-02,crosslayer,SENATE-MT-2026,metaculus 0.01,0.01,yes,ticket SENATEMT-26-D snapshotMid 0.009
2026-10-02,crosslayer,SENATE-NE-2026,metaculus 0.001,0.001,yes,ticket SENATENE-26-D snapshotMid 0.002
2026-10-02,crosslayer,SENATE-GA-2026,metaculus 0.92,0.92,yes,ticket SENATEGA-26-D snapshotMid 0.9385
2026-10-02,crosslayer,SENATE-CONTROL-2026,metaculus 0.531,0.531,yes,ticket CONTROLS-2026-D snapshotMid 0.625
2026-10-02,crosslayer,HOUSE-CONTROL-2026,metaculus 0.906,0.906,yes,ticket CONTROLH-2026-D snapshotMid 0.9095
2026-10-02,crosslayer,SENATE-RI-2026,metaculus 0.99,0.99,yes,ticket SENATERI-26-D snapshotMid 0.9865
2026-10-02,crosslayer,SENATE-OR-2026,metaculus 0.99,0.99,yes,ticket SENATEOR-26-D snapshotMid 0.977
2026-10-02,crosslayer,SENATE-CO-2026,metaculus 0.98,0.98,yes,ticket SENATECO-26-D snapshotMid 0.9735
2026-10-02,crosslayer,SENATE-GA-2026,metaculus 0.92,0.92,yes,ticket SENATEGA-26-D snapshotMid 0.9385
2026-10-02,crosslayer,GOVERNOR-HI-2026,metaculus 0.98,0.98,yes,ticket GOVPARTYHI-26-D snapshotMid 0.973
2026-10-02,crosslayer,GOVERNOR-NM-2026,metaculus 0.928,0.928,yes,ticket GOVPARTYNM-26-D snapshotMid 0.931
2026-10-02,crosslayer,GOVERNOR-OR-2026,metaculus 0.882,0.882,yes,ticket GOVPARTYOR-26-D snapshotMid 0.855
2026-10-02,crosslayer,GOVERNOR-MI-2026,metaculus 0.84,0.84,yes,ticket GOVPARTYMI-26-D snapshotMid 0.9235
2026-10-02,crosslayer,SENATE-AK-2026,metaculus 0.54,0.54,yes,ticket SENATEAK-26-D snapshotMid 0.755
2026-10-02,crosslayer,SENATE-MT-2026,metaculus 0.01,0.01,yes,ticket SENATEMT-26-D snapshotMid 0.012
2026-10-02,crosslayer,SENATE-NE-2026,metaculus 0.002,0.002,yes,ticket SENATENE-26-D snapshotMid 0.0025
2026-10-02,crosslayer,SENATE-NC-2026,metaculus 0.92,0.92,yes,ticket SENATENC-26-D snapshotMid 0.9365
2026-10-02,crosslayer,SENATE-CONTROL-2026,metaculus 0.567,0.567,yes,ticket CONTROLS-2026-D snapshotMid 0.615
2026-10-02,crosslayer,HOUSE-CONTROL-2026,metaculus 0.91,0.91,yes,ticket CONTROLH-2026-D snapshotMid 0.9165
2026-10-02,crosslayer,SENATE-RI-2026,metaculus 0.996,0.996,yes,ticket SENATERI-26-D snapshotMid 0.99
2026-10-02,crosslayer,SENATE-OR-2026,metaculus 0.99,0.99,yes,ticket SENATEOR-26-D snapshotMid 0.9775
2026-10-02,crosslayer,SENATE-CO-2026,metaculus 0.98,0.98,yes,ticket SENATECO-26-D snapshotMid 0.9845
2026-10-02,crosslayer,SENATE-MN-2026,metaculus 0.94,0.94,yes,ticket SENATEMN-26-D snapshotMid 0.9055
2026-10-02,crosslayer,GOVERNOR-HI-2026,metaculus 0.98,0.98,yes,ticket GOVPARTYHI-26-D snapshotMid 0.9745
2026-10-02,crosslayer,GOVERNOR-NM-2026,metaculus 0.928,0.928,yes,ticket GOVPARTYNM-26-D snapshotMid 0.9295
2026-10-02,crosslayer,GOVERNOR-OR-2026,metaculus 0.88,0.88,yes,ticket GOVPARTYOR-26-D snapshotMid 0.84
2026-10-02,crosslayer,GOVERNOR-MI-2026,metaculus 0.85,0.85,yes,ticket GOVPARTYMI-26-D snapshotMid 0.927
2026-10-02,crosslayer,SENATE-AK-2026,metaculus 0.548,0.548,yes,ticket SENATEAK-26-D snapshotMid 0.705
2026-10-02,crosslayer,SENATE-MT-2026,metaculus 0.01,0.01,yes,ticket SENATEMT-26-D snapshotMid 0.0095
2026-10-02,crosslayer,SENATE-NE-2026,metaculus 0.001,0.001,yes,ticket SENATENE-26-D snapshotMid 0.002
2026-10-02,crosslayer,SENATE-CONTROL-2026,metaculus 0.582,0.582,yes,ticket CONTROLS-2026-D snapshotMid 0.605
2026-10-02,crosslayer,HOUSE-CONTROL-2026,metaculus 0.929,0.929,yes,ticket CONTROLH-2026-D snapshotMid 0.919
2026-10-02,crosslayer,SENATE-RI-2026,metaculus 0.996,0.996,yes,ticket SENATERI-26-D snapshotMid 0.99
2026-10-02,crosslayer,SENATE-OR-2026,metaculus 0.99,0.99,yes,ticket SENATEOR-26-D snapshotMid 0.9775
2026-10-02,crosslayer,SENATE-CO-2026,metaculus 0.98,0.98,yes,ticket SENATECO-26-D snapshotMid 0.9855
2026-10-02,crosslayer,SENATE-MN-2026,metaculus 0.94,0.94,yes,ticket SENATEMN-26-D snapshotMid 0.895
2026-10-02,crosslayer,GOVERNOR-HI-2026,metaculus 0.98,0.98,yes,ticket GOVPARTYHI-26-D snapshotMid 0.9745
2026-10-02,crosslayer,GOVERNOR-NM-2026,metaculus 0.93,0.93,yes,ticket GOVPARTYNM-26-D snapshotMid 0.928
2026-10-02,crosslayer,GOVERNOR-OR-2026,metaculus 0.88,0.88,yes,ticket GOVPARTYOR-26-D snapshotMid 0.85
2026-10-02,crosslayer,GOVERNOR-MI-2026,metaculus 0.85,0.85,yes,ticket GOVPARTYMI-26-D snapshotMid 0.925
2026-10-02,crosslayer,SENATE-AK-2026,metaculus 0.548,0.548,yes,ticket SENATEAK-26-D snapshotMid 0.705
2026-10-02,crosslayer,SENATE-MT-2026,metaculus 0.01,0.01,yes,ticket SENATEMT-26-D snapshotMid 0.011
2026-10-02,crosslayer,SENATE-NE-2026,metaculus 0.001,0.001,yes,ticket SENATENE-26-D snapshotMid 0.002
2026-10-02,crosslayer,SENATE-CONTROL-2026,metaculus 0.572,0.572,yes,ticket CONTROLS-2026-D snapshotMid 0.615
2026-10-02,crosslayer,HOUSE-CONTROL-2026,metaculus 0.929,0.929,yes,ticket CONTROLH-2026-D snapshotMid 0.919
2026-10-02,crosslayer,SENATE-RI-2026,metaculus 0.993,0.993,yes,ticket SENATERI-26-D snapshotMid 0.99
2026-10-02,crosslayer,SENATE-OR-2026,metaculus 0.99,0.99,yes,ticket SENATEOR-26-D snapshotMid 0.9775
2026-10-02,crosslayer,SENATE-CO-2026,metaculus 0.98,0.98,yes,ticket SENATECO-26-D snapshotMid 0.985
2026-10-02,crosslayer,SENATE-MN-2026,metaculus 0.94,0.94,yes,ticket SENATEMN-26-D snapshotMid 0.895
2026-10-02,crosslayer,GOVERNOR-HI-2026,metaculus 0.98,0.98,yes,ticket GOVPARTYHI-26-D snapshotMid 0.9745
2026-10-02,crosslayer,GOVERNOR-NM-2026,metaculus 0.928,0.928,yes,ticket GOVPARTYNM-26-D snapshotMid 0.9275
2026-10-02,crosslayer,GOVERNOR-OR-2026,metaculus 0.88,0.88,yes,ticket GOVPARTYOR-26-D snapshotMid 0.84
2026-10-02,crosslayer,GOVERNOR-MI-2026,metaculus 0.85,0.85,yes,ticket GOVPARTYMI-26-D snapshotMid 0.927
2026-10-02,crosslayer,SENATE-AK-2026,metaculus 0.548,0.548,yes,ticket SENATEAK-26-D snapshotMid 0.705
2026-10-02,crosslayer,SENATE-MT-2026,metaculus 0.01,0.01,yes,ticket SENATEMT-26-D snapshotMid 0.016
2026-10-02,crosslayer,SENATE-NE-2026,metaculus 0.001,0.001,yes,ticket SENATENE-26-D snapshotMid 0.0005
2026-10-02,crosslayer,SENATE-CONTROL-2026,metaculus 0.555,0.555,yes,ticket CONTROLS-2026-D snapshotMid 0.615
2026-10-02,crosslayer,HOUSE-CONTROL-2026,metaculus 0.919,0.919,yes,ticket CONTROLH-2026-D snapshotMid 0.9165
2026-10-02,crosslayer,SENATE-RI-2026,metaculus 0.993,0.993,yes,ticket SENATERI-26-D snapshotMid 0.9905
2026-10-02,crosslayer,SENATE-OR-2026,metaculus 0.99,0.99,yes,ticket SENATEOR-26-D snapshotMid 0.9775
2026-10-02,crosslayer,SENATE-CO-2026,metaculus 0.98,0.98,yes,ticket SENATECO-26-D snapshotMid 0.9855
2026-10-02,crosslayer,SENATE-MN-2026,metaculus 0.95,0.95,yes,ticket SENATEMN-26-D snapshotMid 0.895
2026-10-02,crosslayer,GOVERNOR-HI-2026,metaculus 0.98,0.98,yes,ticket GOVPARTYHI-26-D snapshotMid 0.9745
2026-10-02,crosslayer,GOVERNOR-NM-2026,metaculus 0.925,0.925,yes,ticket GOVPARTYNM-26-D snapshotMid 0.929
2026-10-02,crosslayer,GOVERNOR-OR-2026,metaculus 0.874,0.874,yes,ticket GOVPARTYOR-26-D snapshotMid 0.805
2026-10-02,crosslayer,GOVERNOR-MI-2026,metaculus 0.84,0.84,yes,ticket GOVPARTYMI-26-D snapshotMid 0.9235
2026-10-02,crosslayer,SENATE-AK-2026,metaculus 0.54,0.54,yes,ticket SENATEAK-26-D snapshotMid 0.705
2026-10-02,crosslayer,SENATE-MT-2026,metaculus 0.01,0.01,yes,ticket SENATEMT-26-D snapshotMid 0.0145
2026-10-02,crosslayer,SENATE-NE-2026,metaculus 0.001,0.001,yes,ticket SENATENE-26-D snapshotMid 0.0025
2026-10-02,crosslayer,SENATE-CONTROL-2026,metaculus 0.569,0.569,yes,ticket CONTROLS-2026-D snapshotMid 0.625
2026-10-02,crosslayer,HOUSE-CONTROL-2026,metaculus 0.925,0.925,yes,ticket CONTROLH-2026-D snapshotMid 0.9155
2026-10-02,crosslayer,SENATE-RI-2026,metaculus 0.991,0.991,yes,ticket SENATERI-26-D snapshotMid 0.9885
2026-10-02,crosslayer,SENATE-OR-2026,metaculus 0.99,0.99,yes,ticket SENATEOR-26-D snapshotMid 0.9775
2026-10-02,crosslayer,SENATE-CO-2026,metaculus 0.98,0.98,yes,ticket SENATECO-26-D snapshotMid 0.9855
2026-10-02,crosslayer,SENATE-MN-2026,metaculus 0.95,0.95,yes,ticket SENATEMN-26-D snapshotMid 0.895
2026-10-02,crosslayer,GOVERNOR-HI-2026,metaculus 0.98,0.98,yes,ticket GOVPARTYHI-26-D snapshotMid 0.9745
2026-10-02,crosslayer,GOVERNOR-NM-2026,metaculus 0.925,0.925,yes,ticket GOVPARTYNM-26-D snapshotMid 0.93
2026-10-02,crosslayer,GOVERNOR-OR-2026,metaculus 0.874,0.874,yes,ticket GOVPARTYOR-26-D snapshotMid 0.815
2026-10-02,crosslayer,GOVERNOR-MI-2026,metaculus 0.84,0.84,yes,ticket GOVPARTYMI-26-D snapshotMid 0.926
2026-10-02,crosslayer,SENATE-AK-2026,metaculus 0.54,0.54,yes,ticket SENATEAK-26-D snapshotMid 0.695
2026-10-02,crosslayer,SENATE-MT-2026,metaculus 0.01,0.01,yes,ticket SENATEMT-26-D snapshotMid 0.0145
2026-10-02,crosslayer,SENATE-NE-2026,metaculus 0.001,0.001,yes,ticket SENATENE-26-D snapshotMid 0.0025
2026-10-02,crosslayer,SENATE-CONTROL-2026,metaculus 0.562,0.562,yes,ticket CONTROLS-2026-D snapshotMid 0.625
2026-10-02,crosslayer,HOUSE-CONTROL-2026,metaculus 0.919,0.919,yes,ticket CONTROLH-2026-D snapshotMid 0.915
2026-10-02,crosslayer,SENATE-RI-2026,metaculus 0.99,0.99,yes,ticket SENATERI-26-D snapshotMid 0.9885
2026-10-02,crosslayer,SENATE-OR-2026,metaculus 0.99,0.99,yes,ticket SENATEOR-26-D snapshotMid 0.983
2026-10-02,crosslayer,SENATE-CO-2026,metaculus 0.98,0.98,yes,ticket SENATECO-26-D snapshotMid 0.9855
2026-10-02,crosslayer,SENATE-MN-2026,metaculus 0.95,0.95,yes,ticket SENATEMN-26-D snapshotMid 0.885
2026-10-02,crosslayer,GOVERNOR-HI-2026,metaculus 0.98,0.98,yes,ticket GOVPARTYHI-26-D snapshotMid 0.969
2026-10-02,crosslayer,GOVERNOR-NM-2026,metaculus 0.925,0.925,yes,ticket GOVPARTYNM-26-D snapshotMid 0.9295
2026-10-02,crosslayer,GOVERNOR-OR-2026,metaculus 0.874,0.874,yes,ticket GOVPARTYOR-26-D snapshotMid 0.795
2026-10-02,crosslayer,GOVERNOR-MI-2026,metaculus 0.84,0.84,yes,ticket GOVPARTYMI-26-D snapshotMid 0.9225
2026-10-02,crosslayer,SENATE-AK-2026,metaculus 0.54,0.54,yes,ticket SENATEAK-26-D snapshotMid 0.705
2026-10-02,crosslayer,SENATE-MT-2026,metaculus 0.01,0.01,yes,ticket SENATEMT-26-D snapshotMid 0.009
2026-10-02,crosslayer,SENATE-NE-2026,metaculus 0.001,0.001,yes,ticket SENATENE-26-D snapshotMid 0.002
2026-10-02,crosslayer,SENATE-CONTROL-2026,metaculus 0.565,0.565,yes,ticket CONTROLS-2026-D snapshotMid 0.625
2026-10-02,crosslayer,HOUSE-CONTROL-2026,metaculus 0.924,0.924,yes,ticket CONTROLH-2026-D snapshotMid 0.9155
2026-10-02,crosslayer,SENATE-RI-2026,metaculus 0.99,0.99,yes,ticket SENATERI-26-D snapshotMid 0.99
2026-10-02,crosslayer,SENATE-OR-2026,metaculus 0.99,0.99,yes,ticket SENATEOR-26-D snapshotMid 0.9785
2026-10-02,crosslayer,SENATE-CO-2026,metaculus 0.98,0.98,yes,ticket SENATECO-26-D snapshotMid 0.9865
2026-10-02,crosslayer,SENATE-MN-2026,metaculus 0.94,0.94,yes,ticket SENATEMN-26-D snapshotMid 0.875
2026-10-02,crosslayer,GOVERNOR-HI-2026,metaculus 0.98,0.98,yes,ticket GOVPARTYHI-26-D snapshotMid 0.9745
2026-10-02,crosslayer,GOVERNOR-NM-2026,metaculus 0.93,0.93,yes,ticket GOVPARTYNM-26-D snapshotMid 0.9305
2026-10-02,crosslayer,GOVERNOR-OR-2026,metaculus 0.88,0.88,yes,ticket GOVPARTYOR-26-D snapshotMid 0.765
2026-10-02,crosslayer,GOVERNOR-MI-2026,metaculus 0.85,0.85,yes,ticket GOVPARTYMI-26-D snapshotMid 0.92
2026-10-02,crosslayer,SENATE-AK-2026,metaculus 0.54,0.54,yes,ticket SENATEAK-26-D snapshotMid 0.685
2026-10-02,crosslayer,SENATE-MT-2026,metaculus 0.01,0.01,yes,ticket SENATEMT-26-D snapshotMid 0.006
2026-10-02,crosslayer,SENATE-CONTROL-2026,metaculus 0.575,0.575,no,ticket CONTROLS-2026-D snapshotMid 0.625
2026-10-02,crosslayer,HOUSE-CONTROL-2026,metaculus 0.924,0.924,no,ticket CONTROLH-2026-D snapshotMid 0.9165
2026-10-02,crosslayer,SENATE-RI-2026,metaculus 0.99,0.99,no,ticket SENATERI-26-D snapshotMid 0.9905
2026-10-02,crosslayer,SENATE-OR-2026,metaculus 0.99,0.99,no,ticket SENATEOR-26-D snapshotMid 0.985
2026-10-02,crosslayer,SENATE-CO-2026,metaculus 0.98,0.98,no,ticket SENATECO-26-D snapshotMid 0.9865
2026-10-02,crosslayer,SENATE-MN-2026,metaculus 0.94,0.94,no,ticket SENATEMN-26-D snapshotMid 0.895
2026-10-02,crosslayer,GOVERNOR-HI-2026,metaculus 0.98,0.98,no,ticket GOVPARTYHI-26-D snapshotMid 0.9715
2026-10-02,crosslayer,GOVERNOR-NM-2026,metaculus 0.93,0.93,no,ticket GOVPARTYNM-26-D snapshotMid 0.94
2026-10-02,crosslayer,GOVERNOR-OR-2026,metaculus 0.872,0.872,no,ticket GOVPARTYOR-26-D snapshotMid 0.715
2026-10-02,crosslayer,GOVERNOR-MI-2026,metaculus 0.84,0.84,no,ticket GOVPARTYMI-26-D snapshotMid 0.922
2026-10-02,crosslayer,SENATE-AK-2026,metaculus 0.54,0.54,no,ticket SENATEAK-26-D snapshotMid 0.675
2026-10-02,crosslayer,SENATE-MT-2026,metaculus 0.01,0.01,no,ticket SENATEMT-26-D snapshotMid 0.006
2026-10-02,crosslayer,SENATE-NE-2026,metaculus 0.001,0.001,no,ticket SENATENE-26-D snapshotMid 0.004
2026-10-02,crosslayer,SENATE-CONTROL-2026,metaculus 0.581,0.581,no,ticket CONTROLS-2026-D snapshotMid 0.645
2026-10-02,crosslayer,HOUSE-CONTROL-2026,metaculus 0.918,0.918,no,ticket CONTROLH-2026-D snapshotMid 0.9205
2026-10-02,crosslayer,SENATE-OR-2026,metaculus 0.99,0.99,no,ticket SENATEOR-26-D snapshotMid 0.985
2026-10-02,crosslayer,SENATE-RI-2026,metaculus 0.99,0.99,no,ticket SENATERI-26-D snapshotMid 0.9905
2026-10-02,crosslayer,SENATE-CO-2026,metaculus 0.982,0.982,no,ticket SENATECO-26-D snapshotMid 0.9865
2026-10-02,crosslayer,SENATE-MN-2026,metaculus 0.94,0.94,no,ticket SENATEMN-26-D snapshotMid 0.875
2026-10-02,crosslayer,GOVERNOR-HI-2026,metaculus 0.98,0.98,no,ticket GOVPARTYHI-26-D snapshotMid 0.9735
2026-10-02,crosslayer,GOVERNOR-NM-2026,metaculus 0.93,0.93,no,ticket GOVPARTYNM-26-D snapshotMid 0.945
2026-10-02,crosslayer,GOVERNOR-OR-2026,metaculus 0.872,0.872,no,ticket GOVPARTYOR-26-D snapshotMid 0.735
2026-10-02,crosslayer,GOVERNOR-MI-2026,metaculus 0.85,0.85,no,ticket GOVPARTYMI-26-D snapshotMid 0.9275
2026-10-02,crosslayer,SENATE-AK-2026,metaculus 0.525,0.525,no,ticket SENATEAK-26-D snapshotMid 0.705
2026-10-02,crosslayer,SENATE-MT-2026,metaculus 0.01,0.01,no,ticket SENATEMT-26-D snapshotMid 0.007
2026-10-02,crosslayer,SENATE-NE-2026,metaculus 0.001,0.001,no,ticket SENATENE-26-D snapshotMid 0.004
2026-10-02,crosslayer,SENATE-CONTROL-2026,metaculus 0.576,0.576,no,ticket CONTROLS-2026-D snapshotMid 0.625
2026-10-02,crosslayer,HOUSE-CONTROL-2026,metaculus 0.919,0.919,no,ticket CONTROLH-2026-D snapshotMid 0.9195
2026-10-02,crosslayer,GOVERNOR-HI-2026,metaculus 0.98,0.98,no,ticket GOVPARTYHI-26-D snapshotMid 0.971
2026-10-02,crosslayer,GOVERNOR-NM-2026,metaculus 0.94,0.94,no,ticket GOVPARTYNM-26-D snapshotMid 0.9455
2026-10-02,crosslayer,GOVERNOR-OR-2026,metaculus 0.87,0.87,no,ticket GOVPARTYOR-26-D snapshotMid 0.735
2026-10-02,crosslayer,GOVERNOR-MI-2026,metaculus 0.85,0.85,no,ticket GOVPARTYMI-26-D snapshotMid 0.927
2026-10-02,crosslayer,SENATE-AK-2026,metaculus 0.525,0.525,no,ticket SENATEAK-26-D snapshotMid 0.73
2026-10-02,crosslayer,SENATE-MT-2026,metaculus 0.01,0.01,no,ticket SENATEMT-26-D snapshotMid 0.0085
2026-10-02,crosslayer,SENATE-NE-2026,metaculus 0.001,0.001,no,ticket SENATENE-26-D snapshotMid 0.004
2026-10-02,crosslayer,SENATE-CONTROL-2026,metaculus 0.584,0.584,no,ticket CONTROLS-2026-D snapshotMid 0.645
2026-10-02,crosslayer,HOUSE-CONTROL-2026,metaculus 0.929,0.929,no,ticket CONTROLH-2026-D snapshotMid 0.9165
2026-10-02,crosslayer,SENATE-OR-2026,metaculus 0.99,0.99,no,ticket SENATEOR-26-D snapshotMid 0.988
2026-10-02,crosslayer,SENATE-RI-2026,metaculus 0.99,0.99,no,ticket SENATERI-26-D snapshotMid 0.9905
2026-10-02,crosslayer,SENATE-CO-2026,metaculus 0.982,0.982,no,ticket SENATECO-26-D snapshotMid 0.9915
2026-10-02,crosslayer,SENATE-MN-2026,metaculus 0.925,0.925,no,ticket SENATEMN-26-D snapshotMid 0.865
2026-10-02,crosslayer,GOVERNOR-HI-2026,metaculus 0.98,0.98,no,ticket GOVPARTYHI-26-D snapshotMid 0.9735
2026-10-02,crosslayer,GOVERNOR-NM-2026,metaculus 0.94,0.94,no,ticket GOVPARTYNM-26-D snapshotMid 0.945
2026-10-02,crosslayer,GOVERNOR-OR-2026,metaculus 0.86,0.86,no,ticket GOVPARTYOR-26-D snapshotMid 0.755
2026-10-02,crosslayer,GOVERNOR-MI-2026,metaculus 0.85,0.85,no,ticket GOVPARTYMI-26-D snapshotMid 0.9305
2026-10-02,crosslayer,SENATE-AK-2026,metaculus 0.525,0.525,no,ticket SENATEAK-26-D snapshotMid 0.735
2026-10-02,crosslayer,SENATE-MT-2026,metaculus 0.01,0.01,no,ticket SENATEMT-26-D snapshotMid 0.021
2026-10-02,crosslayer,SENATE-NE-2026,metaculus 0.001,0.001,no,ticket SENATENE-26-D snapshotMid 0.0015
2026-10-02,crosslayer,SENATE-CONTROL-2026,metaculus 0.586,0.586,no,ticket CONTROLS-2026-D snapshotMid 0.645
2026-10-02,crosslayer,HOUSE-CONTROL-2026,metaculus 0.929,0.929,no,ticket CONTROLH-2026-D snapshotMid 0.9155
2026-10-02,crosslayer,SENATE-OR-2026,metaculus 0.99,0.99,no,ticket SENATEOR-26-D snapshotMid 0.9855
2026-10-02,crosslayer,SENATE-RI-2026,metaculus 0.99,0.99,no,ticket SENATERI-26-D snapshotMid 0.99
2026-10-02,crosslayer,SENATE-CO-2026,metaculus 0.982,0.982,no,ticket SENATECO-26-D snapshotMid 0.991
2026-10-02,crosslayer,SENATE-MN-2026,metaculus 0.925,0.925,no,ticket SENATEMN-26-D snapshotMid 0.865
2026-10-02,crosslayer,GOVERNOR-HI-2026,metaculus 0.98,0.98,no,ticket GOVPARTYHI-26-D snapshotMid 0.9735
2026-10-02,crosslayer,GOVERNOR-NM-2026,metaculus 0.94,0.94,no,ticket GOVPARTYNM-26-D snapshotMid 0.9465
2026-10-02,crosslayer,GOVERNOR-OR-2026,metaculus 0.86,0.86,no,ticket GOVPARTYOR-26-D snapshotMid 0.76
2026-10-02,crosslayer,GOVERNOR-MI-2026,metaculus 0.85,0.85,no,ticket GOVPARTYMI-26-D snapshotMid 0.937
2026-10-02,crosslayer,SENATE-AK-2026,metaculus 0.525,0.525,no,ticket SENATEAK-26-D snapshotMid 0.745
2026-10-02,crosslayer,SENATE-MT-2026,metaculus 0.009,0.009,no,ticket SENATEMT-26-D snapshotMid 0.009
2026-10-02,crosslayer,SENATE-NE-2026,metaculus 0.001,0.001,no,ticket SENATENE-26-D snapshotMid 0.0015
2026-10-02,crosslayer,SENATE-CONTROL-2026,metaculus 0.588,0.588,no,ticket CONTROLS-2026-D snapshotMid 0.635
2026-10-02,crosslayer,HOUSE-CONTROL-2026,metaculus 0.922,0.922,no,ticket CONTROLH-2026-D snapshotMid 0.895
2026-10-02,crosslayer,SENATE-RI-2026,metaculus 0.99,0.99,no,ticket SENATERI-26-D snapshotMid 0.989
2026-10-02,crosslayer,SENATE-OR-2026,metaculus 0.99,0.99,no,ticket SENATEOR-26-D snapshotMid 0.9855
2026-10-02,crosslayer,SENATE-CO-2026,metaculus 0.985,0.985,no,ticket SENATECO-26-D snapshotMid 0.991
2026-10-02,crosslayer,SENATE-NC-2026,metaculus 0.92,0.92,no,ticket SENATENC-26-D snapshotMid 0.968
2026-10-02,crosslayer,GOVERNOR-HI-2026,metaculus 0.98,0.98,no,ticket GOVPARTYHI-26-D snapshotMid 0.9775
2026-10-02,crosslayer,GOVERNOR-NM-2026,metaculus 0.94,0.94,no,ticket GOVPARTYNM-26-D snapshotMid 0.94
2026-10-02,crosslayer,GOVERNOR-OR-2026,metaculus 0.858,0.858,no,ticket GOVPARTYOR-26-D snapshotMid 0.775
2026-10-02,crosslayer,GOVERNOR-MI-2026,metaculus 0.85,0.85,no,ticket GOVPARTYMI-26-D snapshotMid 0.9225
2026-10-02,crosslayer,SENATE-AK-2026,metaculus 0.54,0.54,no,ticket SENATEAK-26-D snapshotMid 0.765
2026-10-02,crosslayer,SENATE-MT-2026,metaculus 0.009,0.009,no,ticket SENATEMT-26-D snapshotMid 0.008
2026-10-02,crosslayer,SENATE-NE-2026,metaculus 0.001,0.001,no,ticket SENATENE-26-D snapshotMid 0.0015
2026-10-02,crosslayer,SENATE-CONTROL-2026,metaculus 0.598,0.598,no,ticket CONTROLS-2026-D snapshotMid 0.615
2026-10-02,crosslayer,HOUSE-CONTROL-2026,metaculus 0.922,0.922,no,ticket CONTROLH-2026-D snapshotMid 0.9005
2026-10-02,crosslayer,SENATE-OR-2026,metaculus 0.99,0.99,no,ticket SENATEOR-26-D snapshotMid 0.983
2026-10-02,crosslayer,SENATE-RI-2026,metaculus 0.99,0.99,no,ticket SENATERI-26-D snapshotMid 0.9885
2026-10-02,crosslayer,SENATE-CO-2026,metaculus 0.985,0.985,no,ticket SENATECO-26-D snapshotMid 0.988
2026-10-02,crosslayer,SENATE-NC-2026,metaculus 0.92,0.92,no,ticket SENATENC-26-D snapshotMid 0.9685
2026-10-02,crosslayer,GOVERNOR-HI-2026,metaculus 0.98,0.98,no,ticket GOVPARTYHI-26-D snapshotMid 0.9795
2026-10-02,crosslayer,GOVERNOR-NM-2026,metaculus 0.94,0.94,no,ticket GOVPARTYNM-26-D snapshotMid 0.939
2026-10-02,crosslayer,GOVERNOR-OR-2026,metaculus 0.86,0.86,no,ticket GOVPARTYOR-26-D snapshotMid 0.755
2026-10-02,crosslayer,GOVERNOR-MI-2026,metaculus 0.85,0.85,no,ticket GOVPARTYMI-26-D snapshotMid 0.9205
2026-10-02,crosslayer,SENATE-AK-2026,metaculus 0.548,0.548,no,ticket SENATEAK-26-D snapshotMid 0.755
2026-10-02,crosslayer,SENATE-MT-2026,metaculus 0.009,0.009,no,ticket SENATEMT-26-D snapshotMid 0.0085
2026-10-02,crosslayer,SENATE-NE-2026,metaculus 0.001,0.001,no,ticket SENATENE-26-D snapshotMid 0.001
2026-10-02,crosslayer,SENATE-CONTROL-2026,metaculus 0.608,0.608,no,ticket CONTROLS-2026-D snapshotMid 0.605
2026-10-02,crosslayer,HOUSE-CONTROL-2026,metaculus 0.93,0.93,no,ticket CONTROLH-2026-D snapshotMid 0.895
2026-10-02,crosslayer,SENATE-OR-2026,metaculus 0.99,0.99,no,ticket SENATEOR-26-D snapshotMid 0.983
2026-10-02,crosslayer,SENATE-RI-2026,metaculus 0.99,0.99,no,ticket SENATERI-26-D snapshotMid 0.978
2026-10-02,crosslayer,SENATE-CO-2026,metaculus 0.985,0.985,no,ticket SENATECO-26-D snapshotMid 0.988
2026-10-02,crosslayer,SENATE-GA-2026,metaculus 0.93,0.93,no,ticket SENATEGA-26-D snapshotMid 0.9545
2026-10-02,crosslayer,SENATE-AK-2026,metaculus 0.54,0.54,no,ticket SENATEAK-26-D snapshotMid 0.735
2026-10-02,crosslayer,SENATE-MT-2026,metaculus 0.01,0.01,no,ticket SENATEMT-26-D snapshotMid 0.0085
2026-10-02,crosslayer,SENATE-NE-2026,metaculus 0.001,0.001,no,ticket SENATENE-26-D snapshotMid 0.0025
2026-10-03,poll,cnn-ssrs-2026-09-me-senate,U.S. Senate — Maine CNN Poll conducted by SSRS,0.6608,yes,margin 3pp -> logistic k=4.5; ticket SENATEME-26-D
2026-10-03,poll,cnn-ssrs-2026-09-mi-senate,U.S. Senate — Michigan (open seat) CNN Poll conducted by SSRS,0.6608,yes,margin 3pp -> logistic k=4.5; ticket SENATEMI-26-D
2026-10-03,poll,emerson-2026-09-mi-senate,U.S. Senate — Michigan (open seat) Emerson College Polling / Nexstar Media,0.6093,yes,margin 2pp -> logistic k=4.5; ticket SENATEMI-26-D
2026-10-03,poll,emerson-2026-09-tx-senate,U.S. Senate — Texas (open seat) Emerson College Polling / Nexstar Media,0.5553,yes,margin 1pp -> logistic k=4.5; ticket SENATETX-26-D
2026-10-03,poll,emerson-2026-09-ia-senate,U.S. Senate — Iowa (open seat) Emerson College Polling / Nexstar Media,0.2477,yes,margin -5pp -> logistic k=4.5; ticket SENATEIA-26-D
2026-10-03,poll,reconmr-siena-2026-09-tx-senate,U.S. Senate — Texas (open seat) Texas Poll — ReconMR fieldwork (released via Siena Research Institute),0.7914,yes,margin 6pp -> logistic k=4.5; ticket SENATETX-26-D
2026-10-03,poll,suffolk-2026-08-ia-senate,U.S. Senate — Iowa (open seat) Suffolk University Political Research Center (SUPRC),0.2913,yes,margin -4pp -> logistic k=4.5; ticket SENATEIA-26-D
2026-10-03,poll,npi-2026-08-az-governor,Governor — Arizona Noble Predictive Insights — Arizona Public Opinion Pulse (AZPOP),0.9473,yes,margin 13pp -> logistic k=4.5; ticket GOVPARTYAZ-26-D
2026-10-03,poll,fm-2026-08-pa-governor,Governor — Pennsylvania Franklin & Marshall College Poll,0.9961,yes,margin 25pp -> logistic k=4.5; ticket GOVPARTYPA-26-D
2026-10-03,poll,elon-2026-09-nc-senate,U.S. Senate — North Carolina Elon University Poll (fielded by YouGov),0.9202,yes,margin 11pp -> logistic k=4.5; ticket SENATENC-26-D
2026-10-03,poll,hpu-2026-04-nc-senate,U.S. Senate — North Carolina HPU Poll 120 — High Point University Survey Research Center (fielded by YouGov),0.8554,yes,margin 8pp -> logistic k=4.5; ticket SENATENC-26-D
2026-10-03,poll,hpu-2026-08-nc-senate,U.S. Senate — North Carolina HPU Poll 126 — High Point University Survey Research Center (fielded by YouGov),0.7523,yes,margin 5pp -> logistic k=4.5; ticket SENATENC-26-D
2026-10-03,poll,stetson-2026-04-fl-governor,Governor — Florida Stetson University Center for Public Opinion Research (CPOR) — Spring 2026 Survey,0.1743,yes,margin -7pp -> logistic k=4.5; ticket GOVPARTYFL-26-D
2026-10-03,poll,ppp-2026-07-nc-senate,U.S. Senate — North Carolina Public Policy Polling (PPP),0.7087,yes,margin 4pp -> logistic k=4.5; ticket SENATENC-26-D
2026-10-03,poll,unf-2026-07-fl-governor,Governor — Florida University of North Florida Public Opinion Research Lab,0.2477,yes,margin -5pp -> logistic k=4.5; ticket GOVPARTYFL-26-D
2026-10-03,poll,unf-2026-07-fl-senate,U.S. Senate — Florida (special) University of North Florida Public Opinion Research Lab,0.1446,yes,margin -8pp -> logistic k=4.5; ticket SENATEFLS-26-D
2026-10-03,poll,rasmussen-2026-09-ga-governor,Governor — Georgia Rasmussen Reports (field work by Pulse Opinion Research),0.3392,yes,margin -3pp -> logistic k=4.5; ticket GOVPARTYGA-26-D
2026-10-03,poll,rasmussen-2026-09-ga-senate,U.S. Senate — Georgia Rasmussen Reports (field work by Pulse Opinion Research),0.8808,yes,margin 9pp -> logistic k=4.5; ticket SENATEGA-26-D
2026-10-03,poll,rasmussen-2026-09-sc-senate,U.S. Senate — South Carolina (special) Rasmussen Reports (field work by Pulse Opinion Research),0.2477,yes,margin -5pp -> logistic k=4.5; ticket SENATESC-26-D
2026-10-03,rating,AK,Toss Up / Tilt R,0.25-0.65,yes,ticket SENATEAK-26-D
2026-10-03,rating,IA,Toss Up / Tilt R,0.25-0.65,yes,ticket SENATEIA-26-D
2026-10-03,rating,ME,Toss Up / Toss-up,0.35-0.65,yes,ticket SENATEME-26-D
2026-10-03,rating,MI,Toss Up / Toss-up,0.35-0.65,yes,ticket SENATEMI-26-D
2026-10-03,rating,NH,Toss Up / Toss-up,0.35-0.65,yes,ticket SENATENH-26-D
2026-10-03,rating,OH,Toss Up / Toss-up,0.35-0.65,yes,ticket SENATEOHS-26-D
2026-10-03,rating,TX,Toss Up / Lean R,0.2-0.65,yes,ticket SENATETX-26-D
2026-10-03,rating,GA,Lean D / Tilt D,0.55-0.8,yes,ticket SENATEGA-26-D
2026-10-03,rating,NC,Lean D / Tilt D,0.55-0.8,yes,ticket SENATENC-26-D
2026-10-03,rating,MN,Likely D / Likely D,0.75-0.92,yes,ticket SENATEMN-26-D
2026-10-03,rating,KS,Likely R / Likely R,0.08-0.25,yes,ticket SENATEKS-26-D
2026-10-03,rating,SC,Solid R / Likely R,0-0.25,yes,ticket SENATESC-26-D
2026-10-03,crosslayer,SENATE-CONTROL-2026,metaculus 0.517,0.517,yes,ticket CONTROLS-2026-D snapshotMid 0.595
2026-10-03,crosslayer,HOUSE-CONTROL-2026,metaculus 0.888,0.888,yes,ticket CONTROLH-2026-D snapshotMid 0.895
2026-10-03,crosslayer,HOUSE-CONTROL-2026,metaculus 0.888,0.888,yes,ticket CONTROLH-2026-D snapshotMid 0.9015
2026-10-03,crosslayer,GOVERNOR-HI-2026,metaculus 0.98,0.98,yes,ticket GOVPARTYHI-26-D snapshotMid 0.974
2026-10-03,crosslayer,GOVERNOR-NM-2026,metaculus 0.922,0.922,yes,ticket GOVPARTYNM-26-D snapshotMid 0.9255
2026-10-03,crosslayer,GOVERNOR-OR-2026,metaculus 0.88,0.88,yes,ticket GOVPARTYOR-26-D snapshotMid 0.845
2026-10-03,crosslayer,GOVERNOR-MI-2026,metaculus 0.85,0.85,yes,ticket GOVPARTYMI-26-D snapshotMid 0.915
2026-10-03,crosslayer,SENATE-MT-2026,metaculus 0.01,0.01,yes,ticket SENATEMT-26-D snapshotMid 0.0075
2026-10-03,crosslayer,SENATE-NE-2026,metaculus 0.001,0.001,yes,ticket SENATENE-26-D snapshotMid 0.0005
2026-10-03,crosslayer,SENATE-RI-2026,metaculus 0.99,0.99,yes,ticket SENATERI-26-D snapshotMid 0.979
2026-10-03,crosslayer,SENATE-OR-2026,metaculus 0.99,0.99,yes,ticket SENATEOR-26-D snapshotMid 0.977
2026-10-03,crosslayer,SENATE-CO-2026,metaculus 0.98,0.98,yes,ticket SENATECO-26-D snapshotMid 0.9725
2026-10-03,crosslayer,SENATE-MN-2026,metaculus 0.92,0.92,yes,ticket SENATEMN-26-D snapshotMid 0.9035
2026-10-03,crosslayer,SENATE-AK-2026,metaculus 0.54,0.54,yes,ticket SENATEAK-26-D snapshotMid 0.695
2026-10-03,crosslayer,SENATE-CONTROL-2026,metaculus 0.5,0.5,yes,ticket CONTROLS-2026-D snapshotMid 0.605
2026-10-03,crosslayer,HOUSE-CONTROL-2026,metaculus 0.9,0.9,yes,ticket CONTROLH-2026-D snapshotMid 0.9085
2026-10-03,crosslayer,SENATE-RI-2026,metaculus 0.99,0.99,yes,ticket SENATERI-26-D snapshotMid 0.982
2026-10-03,crosslayer,SENATE-OR-2026,metaculus 0.99,0.99,yes,ticket SENATEOR-26-D snapshotMid 0.977
2026-10-03,crosslayer,SENATE-CO-2026,metaculus 0.98,0.98,yes,ticket SENATECO-26-D snapshotMid 0.973
2026-10-03,crosslayer,SENATE-MN-2026,metaculus 0.93,0.93,yes,ticket SENATEMN-26-D snapshotMid 0.902
2026-10-03,crosslayer,GOVERNOR-HI-2026,metaculus 0.98,0.98,yes,ticket GOVPARTYHI-26-D snapshotMid 0.974
2026-10-03,crosslayer,GOVERNOR-NM-2026,metaculus 0.922,0.922,yes,ticket GOVPARTYNM-26-D snapshotMid 0.928
2026-10-03,crosslayer,GOVERNOR-OR-2026,metaculus 0.88,0.88,yes,ticket GOVPARTYOR-26-D snapshotMid 0.86
2026-10-03,crosslayer,GOVERNOR-MI-2026,metaculus 0.85,0.85,yes,ticket GOVPARTYMI-26-D snapshotMid 0.9165
2026-10-03,crosslayer,SENATE-AK-2026,metaculus 0.54,0.54,yes,ticket SENATEAK-26-D snapshotMid 0.705
2026-10-03,crosslayer,SENATE-MT-2026,metaculus 0.01,0.01,yes,ticket SENATEMT-26-D snapshotMid 0.01
2026-10-03,crosslayer,SENATE-NE-2026,metaculus 0.001,0.001,yes,ticket SENATENE-26-D snapshotMid 0.0025
2026-10-03,crosslayer,SENATE-CONTROL-2026,metaculus 0.512,0.512,yes,ticket CONTROLS-2026-D snapshotMid 0.605
2026-10-03,crosslayer,HOUSE-CONTROL-2026,metaculus 0.908,0.908,yes,ticket CONTROLH-2026-D snapshotMid 0.9065
2026-10-03,crosslayer,SENATE-RI-2026,metaculus 0.99,0.99,yes,ticket SENATERI-26-D snapshotMid 0.9825
2026-10-03,crosslayer,SENATE-OR-2026,metaculus 0.99,0.99,yes,ticket SENATEOR-26-D snapshotMid 0.977
2026-10-03,crosslayer,SENATE-CO-2026,metaculus 0.98,0.98,yes,ticket SENATECO-26-D snapshotMid 0.973
2026-10-03,crosslayer,SENATE-MN-2026,metaculus 0.93,0.93,yes,ticket SENATEMN-26-D snapshotMid 0.905
2026-10-03,crosslayer,GOVERNOR-HI-2026,metaculus 0.98,0.98,yes,ticket GOVPARTYHI-26-D snapshotMid 0.974
2026-10-03,crosslayer,GOVERNOR-NM-2026,metaculus 0.928,0.928,yes,ticket GOVPARTYNM-26-D snapshotMid 0.931
2026-10-03,crosslayer,GOVERNOR-OR-2026,metaculus 0.882,0.882,yes,ticket GOVPARTYOR-26-D snapshotMid 0.86
2026-10-03,crosslayer,GOVERNOR-MI-2026,metaculus 0.84,0.84,yes,ticket GOVPARTYMI-26-D snapshotMid 0.923
2026-10-03,crosslayer,SENATE-AK-2026,metaculus 0.54,0.54,yes,ticket SENATEAK-26-D snapshotMid 0.735
2026-10-03,crosslayer,SENATE-MT-2026,metaculus 0.01,0.01,yes,ticket SENATEMT-26-D snapshotMid 0.009
2026-10-03,crosslayer,SENATE-NE-2026,metaculus 0.001,0.001,yes,ticket SENATENE-26-D snapshotMid 0.002
2026-10-03,crosslayer,SENATE-GA-2026,metaculus 0.92,0.92,yes,ticket SENATEGA-26-D snapshotMid 0.9385
2026-10-03,crosslayer,SENATE-CONTROL-2026,metaculus 0.531,0.531,yes,ticket CONTROLS-2026-D snapshotMid 0.625
2026-10-03,crosslayer,HOUSE-CONTROL-2026,metaculus 0.906,0.906,yes,ticket CONTROLH-2026-D snapshotMid 0.9095
2026-10-03,crosslayer,SENATE-RI-2026,metaculus 0.99,0.99,yes,ticket SENATERI-26-D snapshotMid 0.9865
2026-10-03,crosslayer,SENATE-OR-2026,metaculus 0.99,0.99,yes,ticket SENATEOR-26-D snapshotMid 0.977
2026-10-03,crosslayer,SENATE-CO-2026,metaculus 0.98,0.98,yes,ticket SENATECO-26-D snapshotMid 0.9735
2026-10-03,crosslayer,SENATE-GA-2026,metaculus 0.92,0.92,yes,ticket SENATEGA-26-D snapshotMid 0.9385
2026-10-03,crosslayer,GOVERNOR-HI-2026,metaculus 0.98,0.98,yes,ticket GOVPARTYHI-26-D snapshotMid 0.973
2026-10-03,crosslayer,GOVERNOR-NM-2026,metaculus 0.928,0.928,yes,ticket GOVPARTYNM-26-D snapshotMid 0.931
2026-10-03,crosslayer,GOVERNOR-OR-2026,metaculus 0.882,0.882,yes,ticket GOVPARTYOR-26-D snapshotMid 0.855
2026-10-03,crosslayer,GOVERNOR-MI-2026,metaculus 0.84,0.84,yes,ticket GOVPARTYMI-26-D snapshotMid 0.9235
2026-10-03,crosslayer,SENATE-AK-2026,metaculus 0.54,0.54,yes,ticket SENATEAK-26-D snapshotMid 0.755
2026-10-03,crosslayer,SENATE-MT-2026,metaculus 0.01,0.01,yes,ticket SENATEMT-26-D snapshotMid 0.012
2026-10-03,crosslayer,SENATE-NE-2026,metaculus 0.002,0.002,yes,ticket SENATENE-26-D snapshotMid 0.0025
2026-10-03,crosslayer,SENATE-NC-2026,metaculus 0.92,0.92,yes,ticket SENATENC-26-D snapshotMid 0.9365
2026-10-03,crosslayer,SENATE-CONTROL-2026,metaculus 0.567,0.567,yes,ticket CONTROLS-2026-D snapshotMid 0.615
2026-10-03,crosslayer,HOUSE-CONTROL-2026,metaculus 0.91,0.91,yes,ticket CONTROLH-2026-D snapshotMid 0.9165
2026-10-03,crosslayer,SENATE-RI-2026,metaculus 0.996,0.996,yes,ticket SENATERI-26-D snapshotMid 0.99
2026-10-03,crosslayer,SENATE-OR-2026,metaculus 0.99,0.99,yes,ticket SENATEOR-26-D snapshotMid 0.9775
2026-10-03,crosslayer,SENATE-CO-2026,metaculus 0.98,0.98,yes,ticket SENATECO-26-D snapshotMid 0.9845
2026-10-03,crosslayer,SENATE-MN-2026,metaculus 0.94,0.94,yes,ticket SENATEMN-26-D snapshotMid 0.9055
2026-10-03,crosslayer,GOVERNOR-HI-2026,metaculus 0.98,0.98,yes,ticket GOVPARTYHI-26-D snapshotMid 0.9745
2026-10-03,crosslayer,GOVERNOR-NM-2026,metaculus 0.928,0.928,yes,ticket GOVPARTYNM-26-D snapshotMid 0.9295
2026-10-03,crosslayer,GOVERNOR-OR-2026,metaculus 0.88,0.88,yes,ticket GOVPARTYOR-26-D snapshotMid 0.84
2026-10-03,crosslayer,GOVERNOR-MI-2026,metaculus 0.85,0.85,yes,ticket GOVPARTYMI-26-D snapshotMid 0.927
2026-10-03,crosslayer,SENATE-AK-2026,metaculus 0.548,0.548,yes,ticket SENATEAK-26-D snapshotMid 0.705
2026-10-03,crosslayer,SENATE-MT-2026,metaculus 0.01,0.01,yes,ticket SENATEMT-26-D snapshotMid 0.0095
2026-10-03,crosslayer,SENATE-NE-2026,metaculus 0.001,0.001,yes,ticket SENATENE-26-D snapshotMid 0.002
2026-10-03,crosslayer,SENATE-CONTROL-2026,metaculus 0.582,0.582,yes,ticket CONTROLS-2026-D snapshotMid 0.605
2026-10-03,crosslayer,HOUSE-CONTROL-2026,metaculus 0.929,0.929,yes,ticket CONTROLH-2026-D snapshotMid 0.919
2026-10-03,crosslayer,SENATE-RI-2026,metaculus 0.996,0.996,yes,ticket SENATERI-26-D snapshotMid 0.99
2026-10-03,crosslayer,SENATE-OR-2026,metaculus 0.99,0.99,yes,ticket SENATEOR-26-D snapshotMid 0.9775
2026-10-03,crosslayer,SENATE-CO-2026,metaculus 0.98,0.98,yes,ticket SENATECO-26-D snapshotMid 0.9855
2026-10-03,crosslayer,SENATE-MN-2026,metaculus 0.94,0.94,yes,ticket SENATEMN-26-D snapshotMid 0.895
2026-10-03,crosslayer,GOVERNOR-HI-2026,metaculus 0.98,0.98,yes,ticket GOVPARTYHI-26-D snapshotMid 0.9745
2026-10-03,crosslayer,GOVERNOR-NM-2026,metaculus 0.93,0.93,yes,ticket GOVPARTYNM-26-D snapshotMid 0.928
2026-10-03,crosslayer,GOVERNOR-OR-2026,metaculus 0.88,0.88,yes,ticket GOVPARTYOR-26-D snapshotMid 0.85
2026-10-03,crosslayer,GOVERNOR-MI-2026,metaculus 0.85,0.85,yes,ticket GOVPARTYMI-26-D snapshotMid 0.925
2026-10-03,crosslayer,SENATE-AK-2026,metaculus 0.548,0.548,yes,ticket SENATEAK-26-D snapshotMid 0.705
2026-10-03,crosslayer,SENATE-MT-2026,metaculus 0.01,0.01,yes,ticket SENATEMT-26-D snapshotMid 0.011
2026-10-03,crosslayer,SENATE-NE-2026,metaculus 0.001,0.001,yes,ticket SENATENE-26-D snapshotMid 0.002
2026-10-03,crosslayer,SENATE-CONTROL-2026,metaculus 0.572,0.572,yes,ticket CONTROLS-2026-D snapshotMid 0.615
2026-10-03,crosslayer,HOUSE-CONTROL-2026,metaculus 0.929,0.929,yes,ticket CONTROLH-2026-D snapshotMid 0.919
2026-10-03,crosslayer,SENATE-RI-2026,metaculus 0.993,0.993,yes,ticket SENATERI-26-D snapshotMid 0.99
2026-10-03,crosslayer,SENATE-OR-2026,metaculus 0.99,0.99,yes,ticket SENATEOR-26-D snapshotMid 0.9775
2026-10-03,crosslayer,SENATE-CO-2026,metaculus 0.98,0.98,yes,ticket SENATECO-26-D snapshotMid 0.985
2026-10-03,crosslayer,SENATE-MN-2026,metaculus 0.94,0.94,yes,ticket SENATEMN-26-D snapshotMid 0.895
2026-10-03,crosslayer,GOVERNOR-HI-2026,metaculus 0.98,0.98,yes,ticket GOVPARTYHI-26-D snapshotMid 0.9745
2026-10-03,crosslayer,GOVERNOR-NM-2026,metaculus 0.928,0.928,yes,ticket GOVPARTYNM-26-D snapshotMid 0.9275
2026-10-03,crosslayer,GOVERNOR-OR-2026,metaculus 0.88,0.88,yes,ticket GOVPARTYOR-26-D snapshotMid 0.84
2026-10-03,crosslayer,GOVERNOR-MI-2026,metaculus 0.85,0.85,yes,ticket GOVPARTYMI-26-D snapshotMid 0.927
2026-10-03,crosslayer,SENATE-AK-2026,metaculus 0.548,0.548,yes,ticket SENATEAK-26-D snapshotMid 0.705
2026-10-03,crosslayer,SENATE-MT-2026,metaculus 0.01,0.01,yes,ticket SENATEMT-26-D snapshotMid 0.016
2026-10-03,crosslayer,SENATE-NE-2026,metaculus 0.001,0.001,yes,ticket SENATENE-26-D snapshotMid 0.0005
2026-10-03,crosslayer,SENATE-CONTROL-2026,metaculus 0.555,0.555,yes,ticket CONTROLS-2026-D snapshotMid 0.615
2026-10-03,crosslayer,HOUSE-CONTROL-2026,metaculus 0.919,0.919,yes,ticket CONTROLH-2026-D snapshotMid 0.9165
2026-10-03,crosslayer,SENATE-RI-2026,metaculus 0.993,0.993,yes,ticket SENATERI-26-D snapshotMid 0.9905
2026-10-03,crosslayer,SENATE-OR-2026,metaculus 0.99,0.99,yes,ticket SENATEOR-26-D snapshotMid 0.9775
2026-10-03,crosslayer,SENATE-CO-2026,metaculus 0.98,0.98,yes,ticket SENATECO-26-D snapshotMid 0.9855
2026-10-03,crosslayer,SENATE-MN-2026,metaculus 0.95,0.95,yes,ticket SENATEMN-26-D snapshotMid 0.895
2026-10-03,crosslayer,GOVERNOR-HI-2026,metaculus 0.98,0.98,yes,ticket GOVPARTYHI-26-D snapshotMid 0.9745
2026-10-03,crosslayer,GOVERNOR-NM-2026,metaculus 0.925,0.925,yes,ticket GOVPARTYNM-26-D snapshotMid 0.929
2026-10-03,crosslayer,GOVERNOR-OR-2026,metaculus 0.874,0.874,yes,ticket GOVPARTYOR-26-D snapshotMid 0.805
2026-10-03,crosslayer,GOVERNOR-MI-2026,metaculus 0.84,0.84,yes,ticket GOVPARTYMI-26-D snapshotMid 0.9235
2026-10-03,crosslayer,SENATE-AK-2026,metaculus 0.54,0.54,yes,ticket SENATEAK-26-D snapshotMid 0.705
2026-10-03,crosslayer,SENATE-MT-2026,metaculus 0.01,0.01,yes,ticket SENATEMT-26-D snapshotMid 0.0145
2026-10-03,crosslayer,SENATE-NE-2026,metaculus 0.001,0.001,yes,ticket SENATENE-26-D snapshotMid 0.0025
2026-10-03,crosslayer,SENATE-CONTROL-2026,metaculus 0.569,0.569,yes,ticket CONTROLS-2026-D snapshotMid 0.625
2026-10-03,crosslayer,HOUSE-CONTROL-2026,metaculus 0.925,0.925,yes,ticket CONTROLH-2026-D snapshotMid 0.9155
2026-10-03,crosslayer,SENATE-RI-2026,metaculus 0.991,0.991,yes,ticket SENATERI-26-D snapshotMid 0.9885
2026-10-03,crosslayer,SENATE-OR-2026,metaculus 0.99,0.99,yes,ticket SENATEOR-26-D snapshotMid 0.9775
2026-10-03,crosslayer,SENATE-CO-2026,metaculus 0.98,0.98,yes,ticket SENATECO-26-D snapshotMid 0.9855
2026-10-03,crosslayer,SENATE-MN-2026,metaculus 0.95,0.95,yes,ticket SENATEMN-26-D snapshotMid 0.895
2026-10-03,crosslayer,GOVERNOR-HI-2026,metaculus 0.98,0.98,yes,ticket GOVPARTYHI-26-D snapshotMid 0.9745
2026-10-03,crosslayer,GOVERNOR-NM-2026,metaculus 0.925,0.925,yes,ticket GOVPARTYNM-26-D snapshotMid 0.93
2026-10-03,crosslayer,GOVERNOR-OR-2026,metaculus 0.874,0.874,yes,ticket GOVPARTYOR-26-D snapshotMid 0.815
2026-10-03,crosslayer,GOVERNOR-MI-2026,metaculus 0.84,0.84,yes,ticket GOVPARTYMI-26-D snapshotMid 0.926
2026-10-03,crosslayer,SENATE-AK-2026,metaculus 0.54,0.54,yes,ticket SENATEAK-26-D snapshotMid 0.695
2026-10-03,crosslayer,SENATE-MT-2026,metaculus 0.01,0.01,yes,ticket SENATEMT-26-D snapshotMid 0.0145
2026-10-03,crosslayer,SENATE-NE-2026,metaculus 0.001,0.001,yes,ticket SENATENE-26-D snapshotMid 0.0025
2026-10-03,crosslayer,SENATE-CONTROL-2026,metaculus 0.562,0.562,yes,ticket CONTROLS-2026-D snapshotMid 0.625
2026-10-03,crosslayer,HOUSE-CONTROL-2026,metaculus 0.919,0.919,yes,ticket CONTROLH-2026-D snapshotMid 0.915
2026-10-03,crosslayer,SENATE-RI-2026,metaculus 0.99,0.99,yes,ticket SENATERI-26-D snapshotMid 0.9885
2026-10-03,crosslayer,SENATE-OR-2026,metaculus 0.99,0.99,yes,ticket SENATEOR-26-D snapshotMid 0.983
2026-10-03,crosslayer,SENATE-CO-2026,metaculus 0.98,0.98,yes,ticket SENATECO-26-D snapshotMid 0.9855
2026-10-03,crosslayer,SENATE-MN-2026,metaculus 0.95,0.95,yes,ticket SENATEMN-26-D snapshotMid 0.885
2026-10-03,crosslayer,GOVERNOR-HI-2026,metaculus 0.98,0.98,yes,ticket GOVPARTYHI-26-D snapshotMid 0.969
2026-10-03,crosslayer,GOVERNOR-NM-2026,metaculus 0.925,0.925,yes,ticket GOVPARTYNM-26-D snapshotMid 0.9295
2026-10-03,crosslayer,GOVERNOR-OR-2026,metaculus 0.874,0.874,yes,ticket GOVPARTYOR-26-D snapshotMid 0.795
2026-10-03,crosslayer,GOVERNOR-MI-2026,metaculus 0.84,0.84,yes,ticket GOVPARTYMI-26-D snapshotMid 0.9225
2026-10-03,crosslayer,SENATE-AK-2026,metaculus 0.54,0.54,yes,ticket SENATEAK-26-D snapshotMid 0.705
2026-10-03,crosslayer,SENATE-MT-2026,metaculus 0.01,0.01,yes,ticket SENATEMT-26-D snapshotMid 0.009
2026-10-03,crosslayer,SENATE-NE-2026,metaculus 0.001,0.001,yes,ticket SENATENE-26-D snapshotMid 0.002
2026-10-03,crosslayer,SENATE-CONTROL-2026,metaculus 0.565,0.565,yes,ticket CONTROLS-2026-D snapshotMid 0.625
2026-10-03,crosslayer,HOUSE-CONTROL-2026,metaculus 0.924,0.924,yes,ticket CONTROLH-2026-D snapshotMid 0.9155
2026-10-03,crosslayer,SENATE-RI-2026,metaculus 0.99,0.99,yes,ticket SENATERI-26-D snapshotMid 0.99
2026-10-03,crosslayer,SENATE-OR-2026,metaculus 0.99,0.99,yes,ticket SENATEOR-26-D snapshotMid 0.9785
2026-10-03,crosslayer,SENATE-CO-2026,metaculus 0.98,0.98,yes,ticket SENATECO-26-D snapshotMid 0.9865
2026-10-03,crosslayer,SENATE-MN-2026,metaculus 0.94,0.94,yes,ticket SENATEMN-26-D snapshotMid 0.875
2026-10-03,crosslayer,GOVERNOR-HI-2026,metaculus 0.98,0.98,yes,ticket GOVPARTYHI-26-D snapshotMid 0.9745
2026-10-03,crosslayer,GOVERNOR-NM-2026,metaculus 0.93,0.93,yes,ticket GOVPARTYNM-26-D snapshotMid 0.9305
2026-10-03,crosslayer,GOVERNOR-OR-2026,metaculus 0.88,0.88,yes,ticket GOVPARTYOR-26-D snapshotMid 0.765
2026-10-03,crosslayer,GOVERNOR-MI-2026,metaculus 0.85,0.85,yes,ticket GOVPARTYMI-26-D snapshotMid 0.92
2026-10-03,crosslayer,SENATE-AK-2026,metaculus 0.54,0.54,yes,ticket SENATEAK-26-D snapshotMid 0.685
2026-10-03,crosslayer,SENATE-MT-2026,metaculus 0.01,0.01,yes,ticket SENATEMT-26-D snapshotMid 0.006
2026-10-03,crosslayer,SENATE-CONTROL-2026,metaculus 0.575,0.575,yes,ticket CONTROLS-2026-D snapshotMid 0.625
2026-10-03,crosslayer,HOUSE-CONTROL-2026,metaculus 0.924,0.924,yes,ticket CONTROLH-2026-D snapshotMid 0.9165
2026-10-03,crosslayer,SENATE-RI-2026,metaculus 0.99,0.99,yes,ticket SENATERI-26-D snapshotMid 0.9905
2026-10-03,crosslayer,SENATE-OR-2026,metaculus 0.99,0.99,yes,ticket SENATEOR-26-D snapshotMid 0.985
2026-10-03,crosslayer,SENATE-CO-2026,metaculus 0.98,0.98,yes,ticket SENATECO-26-D snapshotMid 0.9865
2026-10-03,crosslayer,SENATE-MN-2026,metaculus 0.94,0.94,yes,ticket SENATEMN-26-D snapshotMid 0.895
2026-10-03,crosslayer,GOVERNOR-HI-2026,metaculus 0.98,0.98,yes,ticket GOVPARTYHI-26-D snapshotMid 0.9715
2026-10-03,crosslayer,GOVERNOR-NM-2026,metaculus 0.93,0.93,yes,ticket GOVPARTYNM-26-D snapshotMid 0.94
2026-10-03,crosslayer,GOVERNOR-OR-2026,metaculus 0.872,0.872,yes,ticket GOVPARTYOR-26-D snapshotMid 0.715
2026-10-03,crosslayer,GOVERNOR-MI-2026,metaculus 0.84,0.84,yes,ticket GOVPARTYMI-26-D snapshotMid 0.922
2026-10-03,crosslayer,SENATE-AK-2026,metaculus 0.54,0.54,yes,ticket SENATEAK-26-D snapshotMid 0.675
2026-10-03,crosslayer,SENATE-MT-2026,metaculus 0.01,0.01,yes,ticket SENATEMT-26-D snapshotMid 0.006
2026-10-03,crosslayer,SENATE-NE-2026,metaculus 0.001,0.001,yes,ticket SENATENE-26-D snapshotMid 0.004
2026-10-03,crosslayer,SENATE-CONTROL-2026,metaculus 0.581,0.581,no,ticket CONTROLS-2026-D snapshotMid 0.645
2026-10-03,crosslayer,HOUSE-CONTROL-2026,metaculus 0.918,0.918,no,ticket CONTROLH-2026-D snapshotMid 0.9205
2026-10-03,crosslayer,SENATE-OR-2026,metaculus 0.99,0.99,no,ticket SENATEOR-26-D snapshotMid 0.985
2026-10-03,crosslayer,SENATE-RI-2026,metaculus 0.99,0.99,no,ticket SENATERI-26-D snapshotMid 0.9905
2026-10-03,crosslayer,SENATE-CO-2026,metaculus 0.982,0.982,no,ticket SENATECO-26-D snapshotMid 0.9865
2026-10-03,crosslayer,SENATE-MN-2026,metaculus 0.94,0.94,no,ticket SENATEMN-26-D snapshotMid 0.875
2026-10-03,crosslayer,GOVERNOR-HI-2026,metaculus 0.98,0.98,no,ticket GOVPARTYHI-26-D snapshotMid 0.9735
2026-10-03,crosslayer,GOVERNOR-NM-2026,metaculus 0.93,0.93,no,ticket GOVPARTYNM-26-D snapshotMid 0.945
2026-10-03,crosslayer,GOVERNOR-OR-2026,metaculus 0.872,0.872,no,ticket GOVPARTYOR-26-D snapshotMid 0.735
2026-10-03,crosslayer,GOVERNOR-MI-2026,metaculus 0.85,0.85,no,ticket GOVPARTYMI-26-D snapshotMid 0.9275
2026-10-03,crosslayer,SENATE-AK-2026,metaculus 0.525,0.525,no,ticket SENATEAK-26-D snapshotMid 0.705
2026-10-03,crosslayer,SENATE-MT-2026,metaculus 0.01,0.01,no,ticket SENATEMT-26-D snapshotMid 0.007
2026-10-03,crosslayer,SENATE-NE-2026,metaculus 0.001,0.001,no,ticket SENATENE-26-D snapshotMid 0.004
2026-10-03,crosslayer,SENATE-CONTROL-2026,metaculus 0.576,0.576,no,ticket CONTROLS-2026-D snapshotMid 0.625
2026-10-03,crosslayer,HOUSE-CONTROL-2026,metaculus 0.919,0.919,no,ticket CONTROLH-2026-D snapshotMid 0.9195
2026-10-03,crosslayer,GOVERNOR-HI-2026,metaculus 0.98,0.98,no,ticket GOVPARTYHI-26-D snapshotMid 0.971
2026-10-03,crosslayer,GOVERNOR-NM-2026,metaculus 0.94,0.94,no,ticket GOVPARTYNM-26-D snapshotMid 0.9455
2026-10-03,crosslayer,GOVERNOR-OR-2026,metaculus 0.87,0.87,no,ticket GOVPARTYOR-26-D snapshotMid 0.735
2026-10-03,crosslayer,GOVERNOR-MI-2026,metaculus 0.85,0.85,no,ticket GOVPARTYMI-26-D snapshotMid 0.927
2026-10-03,crosslayer,SENATE-AK-2026,metaculus 0.525,0.525,no,ticket SENATEAK-26-D snapshotMid 0.73
2026-10-03,crosslayer,SENATE-MT-2026,metaculus 0.01,0.01,no,ticket SENATEMT-26-D snapshotMid 0.0085
2026-10-03,crosslayer,SENATE-NE-2026,metaculus 0.001,0.001,no,ticket SENATENE-26-D snapshotMid 0.004
2026-10-03,crosslayer,SENATE-CONTROL-2026,metaculus 0.584,0.584,no,ticket CONTROLS-2026-D snapshotMid 0.645
2026-10-03,crosslayer,HOUSE-CONTROL-2026,metaculus 0.929,0.929,no,ticket CONTROLH-2026-D snapshotMid 0.9165
2026-10-03,crosslayer,SENATE-OR-2026,metaculus 0.99,0.99,no,ticket SENATEOR-26-D snapshotMid 0.988
2026-10-03,crosslayer,SENATE-RI-2026,metaculus 0.99,0.99,no,ticket SENATERI-26-D snapshotMid 0.9905
2026-10-03,crosslayer,SENATE-CO-2026,metaculus 0.982,0.982,no,ticket SENATECO-26-D snapshotMid 0.9915
2026-10-03,crosslayer,SENATE-MN-2026,metaculus 0.925,0.925,no,ticket SENATEMN-26-D snapshotMid 0.865
2026-10-03,crosslayer,GOVERNOR-HI-2026,metaculus 0.98,0.98,no,ticket GOVPARTYHI-26-D snapshotMid 0.9735
2026-10-03,crosslayer,GOVERNOR-NM-2026,metaculus 0.94,0.94,no,ticket GOVPARTYNM-26-D snapshotMid 0.945
2026-10-03,crosslayer,GOVERNOR-OR-2026,metaculus 0.86,0.86,no,ticket GOVPARTYOR-26-D snapshotMid 0.755
2026-10-03,crosslayer,GOVERNOR-MI-2026,metaculus 0.85,0.85,no,ticket GOVPARTYMI-26-D snapshotMid 0.9305
2026-10-03,crosslayer,SENATE-AK-2026,metaculus 0.525,0.525,no,ticket SENATEAK-26-D snapshotMid 0.735
2026-10-03,crosslayer,SENATE-MT-2026,metaculus 0.01,0.01,no,ticket SENATEMT-26-D snapshotMid 0.021
2026-10-03,crosslayer,SENATE-NE-2026,metaculus 0.001,0.001,no,ticket SENATENE-26-D snapshotMid 0.0015
2026-10-03,crosslayer,SENATE-CONTROL-2026,metaculus 0.586,0.586,no,ticket CONTROLS-2026-D snapshotMid 0.645
2026-10-03,crosslayer,HOUSE-CONTROL-2026,metaculus 0.929,0.929,no,ticket CONTROLH-2026-D snapshotMid 0.9155
2026-10-03,crosslayer,SENATE-OR-2026,metaculus 0.99,0.99,no,ticket SENATEOR-26-D snapshotMid 0.9855
2026-10-03,crosslayer,SENATE-RI-2026,metaculus 0.99,0.99,no,ticket SENATERI-26-D snapshotMid 0.99
2026-10-03,crosslayer,SENATE-CO-2026,metaculus 0.982,0.982,no,ticket SENATECO-26-D snapshotMid 0.991
2026-10-03,crosslayer,SENATE-MN-2026,metaculus 0.925,0.925,no,ticket SENATEMN-26-D snapshotMid 0.865
2026-10-03,crosslayer,GOVERNOR-HI-2026,metaculus 0.98,0.98,no,ticket GOVPARTYHI-26-D snapshotMid 0.9735
2026-10-03,crosslayer,GOVERNOR-NM-2026,metaculus 0.94,0.94,no,ticket GOVPARTYNM-26-D snapshotMid 0.9465
2026-10-03,crosslayer,GOVERNOR-OR-2026,metaculus 0.86,0.86,no,ticket GOVPARTYOR-26-D snapshotMid 0.76
2026-10-03,crosslayer,GOVERNOR-MI-2026,metaculus 0.85,0.85,no,ticket GOVPARTYMI-26-D snapshotMid 0.937
2026-10-03,crosslayer,SENATE-AK-2026,metaculus 0.525,0.525,no,ticket SENATEAK-26-D snapshotMid 0.745
2026-10-03,crosslayer,SENATE-MT-2026,metaculus 0.009,0.009,no,ticket SENATEMT-26-D snapshotMid 0.009
2026-10-03,crosslayer,SENATE-NE-2026,metaculus 0.001,0.001,no,ticket SENATENE-26-D snapshotMid 0.0015
2026-10-03,crosslayer,SENATE-CONTROL-2026,metaculus 0.588,0.588,no,ticket CONTROLS-2026-D snapshotMid 0.635
2026-10-03,crosslayer,HOUSE-CONTROL-2026,metaculus 0.922,0.922,no,ticket CONTROLH-2026-D snapshotMid 0.895
2026-10-03,crosslayer,SENATE-RI-2026,metaculus 0.99,0.99,no,ticket SENATERI-26-D snapshotMid 0.989
2026-10-03,crosslayer,SENATE-OR-2026,metaculus 0.99,0.99,no,ticket SENATEOR-26-D snapshotMid 0.9855
2026-10-03,crosslayer,SENATE-CO-2026,metaculus 0.985,0.985,no,ticket SENATECO-26-D snapshotMid 0.991
2026-10-03,crosslayer,SENATE-NC-2026,metaculus 0.92,0.92,no,ticket SENATENC-26-D snapshotMid 0.968
2026-10-03,crosslayer,GOVERNOR-HI-2026,metaculus 0.98,0.98,no,ticket GOVPARTYHI-26-D snapshotMid 0.9775
2026-10-03,crosslayer,GOVERNOR-NM-2026,metaculus 0.94,0.94,no,ticket GOVPARTYNM-26-D snapshotMid 0.94
2026-10-03,crosslayer,GOVERNOR-OR-2026,metaculus 0.858,0.858,no,ticket GOVPARTYOR-26-D snapshotMid 0.775
2026-10-03,crosslayer,GOVERNOR-MI-2026,metaculus 0.85,0.85,no,ticket GOVPARTYMI-26-D snapshotMid 0.9225
2026-10-03,crosslayer,SENATE-AK-2026,metaculus 0.54,0.54,no,ticket SENATEAK-26-D snapshotMid 0.765
2026-10-03,crosslayer,SENATE-MT-2026,metaculus 0.009,0.009,no,ticket SENATEMT-26-D snapshotMid 0.008
2026-10-03,crosslayer,SENATE-NE-2026,metaculus 0.001,0.001,no,ticket SENATENE-26-D snapshotMid 0.0015
2026-10-03,crosslayer,SENATE-CONTROL-2026,metaculus 0.598,0.598,no,ticket CONTROLS-2026-D snapshotMid 0.615
2026-10-03,crosslayer,HOUSE-CONTROL-2026,metaculus 0.922,0.922,no,ticket CONTROLH-2026-D snapshotMid 0.9005
2026-10-03,crosslayer,SENATE-OR-2026,metaculus 0.99,0.99,no,ticket SENATEOR-26-D snapshotMid 0.983
2026-10-03,crosslayer,SENATE-RI-2026,metaculus 0.99,0.99,no,ticket SENATERI-26-D snapshotMid 0.9885
2026-10-03,crosslayer,SENATE-CO-2026,metaculus 0.985,0.985,no,ticket SENATECO-26-D snapshotMid 0.988
2026-10-03,crosslayer,SENATE-NC-2026,metaculus 0.92,0.92,no,ticket SENATENC-26-D snapshotMid 0.9685
2026-10-03,crosslayer,GOVERNOR-HI-2026,metaculus 0.98,0.98,no,ticket GOVPARTYHI-26-D snapshotMid 0.9795
2026-10-03,crosslayer,GOVERNOR-NM-2026,metaculus 0.94,0.94,no,ticket GOVPARTYNM-26-D snapshotMid 0.939
2026-10-03,crosslayer,GOVERNOR-OR-2026,metaculus 0.86,0.86,no,ticket GOVPARTYOR-26-D snapshotMid 0.755
2026-10-03,crosslayer,GOVERNOR-MI-2026,metaculus 0.85,0.85,no,ticket GOVPARTYMI-26-D snapshotMid 0.9205
2026-10-03,crosslayer,SENATE-AK-2026,metaculus 0.548,0.548,no,ticket SENATEAK-26-D snapshotMid 0.755
2026-10-03,crosslayer,SENATE-MT-2026,metaculus 0.009,0.009,no,ticket SENATEMT-26-D snapshotMid 0.0085
2026-10-03,crosslayer,SENATE-NE-2026,metaculus 0.001,0.001,no,ticket SENATENE-26-D snapshotMid 0.001
2026-10-03,crosslayer,SENATE-CONTROL-2026,metaculus 0.608,0.608,no,ticket CONTROLS-2026-D snapshotMid 0.605
2026-10-03,crosslayer,HOUSE-CONTROL-2026,metaculus 0.93,0.93,no,ticket CONTROLH-2026-D snapshotMid 0.895
2026-10-03,crosslayer,SENATE-OR-2026,metaculus 0.99,0.99,no,ticket SENATEOR-26-D snapshotMid 0.983
2026-10-03,crosslayer,SENATE-RI-2026,metaculus 0.99,0.99,no,ticket SENATERI-26-D snapshotMid 0.978
2026-10-03,crosslayer,SENATE-CO-2026,metaculus 0.985,0.985,no,ticket SENATECO-26-D snapshotMid 0.988
2026-10-03,crosslayer,SENATE-GA-2026,metaculus 0.93,0.93,no,ticket SENATEGA-26-D snapshotMid 0.9545
2026-10-03,crosslayer,SENATE-AK-2026,metaculus 0.54,0.54,no,ticket SENATEAK-26-D snapshotMid 0.735
2026-10-03,crosslayer,SENATE-MT-2026,metaculus 0.01,0.01,no,ticket SENATEMT-26-D snapshotMid 0.0085
2026-10-03,crosslayer,SENATE-NE-2026,metaculus 0.001,0.001,no,ticket SENATENE-26-D snapshotMid 0.0025
2026-10-04,poll,cnn-ssrs-2026-09-me-senate,U.S. Senate — Maine CNN Poll conducted by SSRS,0.6608,yes,margin 3pp -> logistic k=4.5; ticket SENATEME-26-D
2026-10-04,poll,cnn-ssrs-2026-09-mi-senate,U.S. Senate — Michigan (open seat) CNN Poll conducted by SSRS,0.6608,yes,margin 3pp -> logistic k=4.5; ticket SENATEMI-26-D
2026-10-04,poll,emerson-2026-09-mi-senate,U.S. Senate — Michigan (open seat) Emerson College Polling / Nexstar Media,0.6093,yes,margin 2pp -> logistic k=4.5; ticket SENATEMI-26-D
2026-10-04,poll,emerson-2026-09-tx-senate,U.S. Senate — Texas (open seat) Emerson College Polling / Nexstar Media,0.5553,yes,margin 1pp -> logistic k=4.5; ticket SENATETX-26-D
2026-10-04,poll,emerson-2026-09-ia-senate,U.S. Senate — Iowa (open seat) Emerson College Polling / Nexstar Media,0.2477,yes,margin -5pp -> logistic k=4.5; ticket SENATEIA-26-D
2026-10-04,poll,reconmr-siena-2026-09-tx-senate,U.S. Senate — Texas (open seat) Texas Poll — ReconMR fieldwork (released via Siena Research Institute),0.7914,yes,margin 6pp -> logistic k=4.5; ticket SENATETX-26-D
2026-10-04,poll,suffolk-2026-08-ia-senate,U.S. Senate — Iowa (open seat) Suffolk University Political Research Center (SUPRC),0.2913,yes,margin -4pp -> logistic k=4.5; ticket SENATEIA-26-D
2026-10-04,poll,npi-2026-08-az-governor,Governor — Arizona Noble Predictive Insights — Arizona Public Opinion Pulse (AZPOP),0.9473,yes,margin 13pp -> logistic k=4.5; ticket GOVPARTYAZ-26-D
2026-10-04,poll,fm-2026-08-pa-governor,Governor — Pennsylvania Franklin & Marshall College Poll,0.9961,yes,margin 25pp -> logistic k=4.5; ticket GOVPARTYPA-26-D
2026-10-04,poll,elon-2026-09-nc-senate,U.S. Senate — North Carolina Elon University Poll (fielded by YouGov),0.9202,yes,margin 11pp -> logistic k=4.5; ticket SENATENC-26-D
2026-10-04,poll,hpu-2026-04-nc-senate,U.S. Senate — North Carolina HPU Poll 120 — High Point University Survey Research Center (fielded by YouGov),0.8554,yes,margin 8pp -> logistic k=4.5; ticket SENATENC-26-D
2026-10-04,poll,hpu-2026-08-nc-senate,U.S. Senate — North Carolina HPU Poll 126 — High Point University Survey Research Center (fielded by YouGov),0.7523,yes,margin 5pp -> logistic k=4.5; ticket SENATENC-26-D
2026-10-04,poll,stetson-2026-04-fl-governor,Governor — Florida Stetson University Center for Public Opinion Research (CPOR) — Spring 2026 Survey,0.1743,yes,margin -7pp -> logistic k=4.5; ticket GOVPARTYFL-26-D
2026-10-04,poll,ppp-2026-07-nc-senate,U.S. Senate — North Carolina Public Policy Polling (PPP),0.7087,yes,margin 4pp -> logistic k=4.5; ticket SENATENC-26-D
2026-10-04,poll,unf-2026-07-fl-governor,Governor — Florida University of North Florida Public Opinion Research Lab,0.2477,yes,margin -5pp -> logistic k=4.5; ticket GOVPARTYFL-26-D
2026-10-04,poll,unf-2026-07-fl-senate,U.S. Senate — Florida (special) University of North Florida Public Opinion Research Lab,0.1446,yes,margin -8pp -> logistic k=4.5; ticket SENATEFLS-26-D
2026-10-04,poll,rasmussen-2026-09-ga-governor,Governor — Georgia Rasmussen Reports (field work by Pulse Opinion Research),0.3392,yes,margin -3pp -> logistic k=4.5; ticket GOVPARTYGA-26-D
2026-10-04,poll,rasmussen-2026-09-ga-senate,U.S. Senate — Georgia Rasmussen Reports (field work by Pulse Opinion Research),0.8808,yes,margin 9pp -> logistic k=4.5; ticket SENATEGA-26-D
2026-10-04,poll,rasmussen-2026-09-sc-senate,U.S. Senate — South Carolina (special) Rasmussen Reports (field work by Pulse Opinion Research),0.2477,yes,margin -5pp -> logistic k=4.5; ticket SENATESC-26-D
2026-10-04,rating,AK,Toss Up / Tilt R,0.25-0.65,yes,ticket SENATEAK-26-D
2026-10-04,rating,IA,Toss Up / Tilt R,0.25-0.65,yes,ticket SENATEIA-26-D
2026-10-04,rating,ME,Toss Up / Toss-up,0.35-0.65,yes,ticket SENATEME-26-D
2026-10-04,rating,MI,Toss Up / Toss-up,0.35-0.65,yes,ticket SENATEMI-26-D
2026-10-04,rating,NH,Toss Up / Toss-up,0.35-0.65,yes,ticket SENATENH-26-D
2026-10-04,rating,OH,Toss Up / Toss-up,0.35-0.65,yes,ticket SENATEOHS-26-D
2026-10-04,rating,TX,Toss Up / Lean R,0.2-0.65,yes,ticket SENATETX-26-D
2026-10-04,rating,GA,Lean D / Tilt D,0.55-0.8,yes,ticket SENATEGA-26-D
2026-10-04,rating,NC,Lean D / Tilt D,0.55-0.8,yes,ticket SENATENC-26-D
2026-10-04,rating,MN,Likely D / Likely D,0.75-0.92,yes,ticket SENATEMN-26-D
2026-10-04,rating,KS,Likely R / Likely R,0.08-0.25,yes,ticket SENATEKS-26-D
2026-10-04,rating,SC,Solid R / Likely R,0-0.25,yes,ticket SENATESC-26-D
2026-10-04,crosslayer,SENATE-CONTROL-2026,metaculus 0.517,0.517,yes,ticket CONTROLS-2026-D snapshotMid 0.595
2026-10-04,crosslayer,HOUSE-CONTROL-2026,metaculus 0.888,0.888,yes,ticket CONTROLH-2026-D snapshotMid 0.895
2026-10-04,crosslayer,HOUSE-CONTROL-2026,metaculus 0.888,0.888,yes,ticket CONTROLH-2026-D snapshotMid 0.9015
2026-10-04,crosslayer,GOVERNOR-HI-2026,metaculus 0.98,0.98,yes,ticket GOVPARTYHI-26-D snapshotMid 0.974
2026-10-04,crosslayer,GOVERNOR-NM-2026,metaculus 0.922,0.922,yes,ticket GOVPARTYNM-26-D snapshotMid 0.9255
2026-10-04,crosslayer,GOVERNOR-OR-2026,metaculus 0.88,0.88,yes,ticket GOVPARTYOR-26-D snapshotMid 0.845
2026-10-04,crosslayer,GOVERNOR-MI-2026,metaculus 0.85,0.85,yes,ticket GOVPARTYMI-26-D snapshotMid 0.915
2026-10-04,crosslayer,SENATE-MT-2026,metaculus 0.01,0.01,yes,ticket SENATEMT-26-D snapshotMid 0.0075
2026-10-04,crosslayer,SENATE-NE-2026,metaculus 0.001,0.001,yes,ticket SENATENE-26-D snapshotMid 0.0005
2026-10-04,crosslayer,SENATE-RI-2026,metaculus 0.99,0.99,yes,ticket SENATERI-26-D snapshotMid 0.979
2026-10-04,crosslayer,SENATE-OR-2026,metaculus 0.99,0.99,yes,ticket SENATEOR-26-D snapshotMid 0.977
2026-10-04,crosslayer,SENATE-CO-2026,metaculus 0.98,0.98,yes,ticket SENATECO-26-D snapshotMid 0.9725
2026-10-04,crosslayer,SENATE-MN-2026,metaculus 0.92,0.92,yes,ticket SENATEMN-26-D snapshotMid 0.9035
2026-10-04,crosslayer,SENATE-AK-2026,metaculus 0.54,0.54,yes,ticket SENATEAK-26-D snapshotMid 0.695
2026-10-04,crosslayer,SENATE-CONTROL-2026,metaculus 0.5,0.5,yes,ticket CONTROLS-2026-D snapshotMid 0.605
2026-10-04,crosslayer,HOUSE-CONTROL-2026,metaculus 0.9,0.9,yes,ticket CONTROLH-2026-D snapshotMid 0.9085
2026-10-04,crosslayer,SENATE-RI-2026,metaculus 0.99,0.99,yes,ticket SENATERI-26-D snapshotMid 0.982
2026-10-04,crosslayer,SENATE-OR-2026,metaculus 0.99,0.99,yes,ticket SENATEOR-26-D snapshotMid 0.977
2026-10-04,crosslayer,SENATE-CO-2026,metaculus 0.98,0.98,yes,ticket SENATECO-26-D snapshotMid 0.973
2026-10-04,crosslayer,SENATE-MN-2026,metaculus 0.93,0.93,yes,ticket SENATEMN-26-D snapshotMid 0.902
2026-10-04,crosslayer,GOVERNOR-HI-2026,metaculus 0.98,0.98,yes,ticket GOVPARTYHI-26-D snapshotMid 0.974
2026-10-04,crosslayer,GOVERNOR-NM-2026,metaculus 0.922,0.922,yes,ticket GOVPARTYNM-26-D snapshotMid 0.928
2026-10-04,crosslayer,GOVERNOR-OR-2026,metaculus 0.88,0.88,yes,ticket GOVPARTYOR-26-D snapshotMid 0.86
2026-10-04,crosslayer,GOVERNOR-MI-2026,metaculus 0.85,0.85,yes,ticket GOVPARTYMI-26-D snapshotMid 0.9165
2026-10-04,crosslayer,SENATE-AK-2026,metaculus 0.54,0.54,yes,ticket SENATEAK-26-D snapshotMid 0.705
2026-10-04,crosslayer,SENATE-MT-2026,metaculus 0.01,0.01,yes,ticket SENATEMT-26-D snapshotMid 0.01
2026-10-04,crosslayer,SENATE-NE-2026,metaculus 0.001,0.001,yes,ticket SENATENE-26-D snapshotMid 0.0025
2026-10-04,crosslayer,SENATE-CONTROL-2026,metaculus 0.512,0.512,yes,ticket CONTROLS-2026-D snapshotMid 0.605
2026-10-04,crosslayer,HOUSE-CONTROL-2026,metaculus 0.908,0.908,yes,ticket CONTROLH-2026-D snapshotMid 0.9065
2026-10-04,crosslayer,SENATE-RI-2026,metaculus 0.99,0.99,yes,ticket SENATERI-26-D snapshotMid 0.9825
2026-10-04,crosslayer,SENATE-OR-2026,metaculus 0.99,0.99,yes,ticket SENATEOR-26-D snapshotMid 0.977
2026-10-04,crosslayer,SENATE-CO-2026,metaculus 0.98,0.98,yes,ticket SENATECO-26-D snapshotMid 0.973
2026-10-04,crosslayer,SENATE-MN-2026,metaculus 0.93,0.93,yes,ticket SENATEMN-26-D snapshotMid 0.905
2026-10-04,crosslayer,GOVERNOR-HI-2026,metaculus 0.98,0.98,yes,ticket GOVPARTYHI-26-D snapshotMid 0.974
2026-10-04,crosslayer,GOVERNOR-NM-2026,metaculus 0.928,0.928,yes,ticket GOVPARTYNM-26-D snapshotMid 0.931
2026-10-04,crosslayer,GOVERNOR-OR-2026,metaculus 0.882,0.882,yes,ticket GOVPARTYOR-26-D snapshotMid 0.86
2026-10-04,crosslayer,GOVERNOR-MI-2026,metaculus 0.84,0.84,yes,ticket GOVPARTYMI-26-D snapshotMid 0.923
2026-10-04,crosslayer,SENATE-AK-2026,metaculus 0.54,0.54,yes,ticket SENATEAK-26-D snapshotMid 0.735
2026-10-04,crosslayer,SENATE-MT-2026,metaculus 0.01,0.01,yes,ticket SENATEMT-26-D snapshotMid 0.009
2026-10-04,crosslayer,SENATE-NE-2026,metaculus 0.001,0.001,yes,ticket SENATENE-26-D snapshotMid 0.002
2026-10-04,crosslayer,SENATE-GA-2026,metaculus 0.92,0.92,yes,ticket SENATEGA-26-D snapshotMid 0.9385
2026-10-04,crosslayer,SENATE-CONTROL-2026,metaculus 0.531,0.531,yes,ticket CONTROLS-2026-D snapshotMid 0.625
2026-10-04,crosslayer,HOUSE-CONTROL-2026,metaculus 0.906,0.906,yes,ticket CONTROLH-2026-D snapshotMid 0.9095
2026-10-04,crosslayer,SENATE-RI-2026,metaculus 0.99,0.99,yes,ticket SENATERI-26-D snapshotMid 0.9865
2026-10-04,crosslayer,SENATE-OR-2026,metaculus 0.99,0.99,yes,ticket SENATEOR-26-D snapshotMid 0.977
2026-10-04,crosslayer,SENATE-CO-2026,metaculus 0.98,0.98,yes,ticket SENATECO-26-D snapshotMid 0.9735
2026-10-04,crosslayer,SENATE-GA-2026,metaculus 0.92,0.92,yes,ticket SENATEGA-26-D snapshotMid 0.9385
2026-10-04,crosslayer,GOVERNOR-HI-2026,metaculus 0.98,0.98,yes,ticket GOVPARTYHI-26-D snapshotMid 0.973
2026-10-04,crosslayer,GOVERNOR-NM-2026,metaculus 0.928,0.928,yes,ticket GOVPARTYNM-26-D snapshotMid 0.931
2026-10-04,crosslayer,GOVERNOR-OR-2026,metaculus 0.882,0.882,yes,ticket GOVPARTYOR-26-D snapshotMid 0.855
2026-10-04,crosslayer,GOVERNOR-MI-2026,metaculus 0.84,0.84,yes,ticket GOVPARTYMI-26-D snapshotMid 0.9235
2026-10-04,crosslayer,SENATE-AK-2026,metaculus 0.54,0.54,yes,ticket SENATEAK-26-D snapshotMid 0.755
2026-10-04,crosslayer,SENATE-MT-2026,metaculus 0.01,0.01,yes,ticket SENATEMT-26-D snapshotMid 0.012
2026-10-04,crosslayer,SENATE-NE-2026,metaculus 0.002,0.002,yes,ticket SENATENE-26-D snapshotMid 0.0025
2026-10-04,crosslayer,SENATE-NC-2026,metaculus 0.92,0.92,yes,ticket SENATENC-26-D snapshotMid 0.9365
2026-10-04,crosslayer,SENATE-CONTROL-2026,metaculus 0.567,0.567,yes,ticket CONTROLS-2026-D snapshotMid 0.615
2026-10-04,crosslayer,HOUSE-CONTROL-2026,metaculus 0.91,0.91,yes,ticket CONTROLH-2026-D snapshotMid 0.9165
2026-10-04,crosslayer,SENATE-RI-2026,metaculus 0.996,0.996,yes,ticket SENATERI-26-D snapshotMid 0.99
2026-10-04,crosslayer,SENATE-OR-2026,metaculus 0.99,0.99,yes,ticket SENATEOR-26-D snapshotMid 0.9775
2026-10-04,crosslayer,SENATE-CO-2026,metaculus 0.98,0.98,yes,ticket SENATECO-26-D snapshotMid 0.9845
2026-10-04,crosslayer,SENATE-MN-2026,metaculus 0.94,0.94,yes,ticket SENATEMN-26-D snapshotMid 0.9055
2026-10-04,crosslayer,GOVERNOR-HI-2026,metaculus 0.98,0.98,yes,ticket GOVPARTYHI-26-D snapshotMid 0.9745
2026-10-04,crosslayer,GOVERNOR-NM-2026,metaculus 0.928,0.928,yes,ticket GOVPARTYNM-26-D snapshotMid 0.9295
2026-10-04,crosslayer,GOVERNOR-OR-2026,metaculus 0.88,0.88,yes,ticket GOVPARTYOR-26-D snapshotMid 0.84
2026-10-04,crosslayer,GOVERNOR-MI-2026,metaculus 0.85,0.85,yes,ticket GOVPARTYMI-26-D snapshotMid 0.927
2026-10-04,crosslayer,SENATE-AK-2026,metaculus 0.548,0.548,yes,ticket SENATEAK-26-D snapshotMid 0.705
2026-10-04,crosslayer,SENATE-MT-2026,metaculus 0.01,0.01,yes,ticket SENATEMT-26-D snapshotMid 0.0095
2026-10-04,crosslayer,SENATE-NE-2026,metaculus 0.001,0.001,yes,ticket SENATENE-26-D snapshotMid 0.002
2026-10-04,crosslayer,SENATE-CONTROL-2026,metaculus 0.582,0.582,yes,ticket CONTROLS-2026-D snapshotMid 0.605
2026-10-04,crosslayer,HOUSE-CONTROL-2026,metaculus 0.929,0.929,yes,ticket CONTROLH-2026-D snapshotMid 0.919
2026-10-04,crosslayer,SENATE-RI-2026,metaculus 0.996,0.996,yes,ticket SENATERI-26-D snapshotMid 0.99
2026-10-04,crosslayer,SENATE-OR-2026,metaculus 0.99,0.99,yes,ticket SENATEOR-26-D snapshotMid 0.9775
2026-10-04,crosslayer,SENATE-CO-2026,metaculus 0.98,0.98,yes,ticket SENATECO-26-D snapshotMid 0.9855
2026-10-04,crosslayer,SENATE-MN-2026,metaculus 0.94,0.94,yes,ticket SENATEMN-26-D snapshotMid 0.895
2026-10-04,crosslayer,GOVERNOR-HI-2026,metaculus 0.98,0.98,yes,ticket GOVPARTYHI-26-D snapshotMid 0.9745
2026-10-04,crosslayer,GOVERNOR-NM-2026,metaculus 0.93,0.93,yes,ticket GOVPARTYNM-26-D snapshotMid 0.928
2026-10-04,crosslayer,GOVERNOR-OR-2026,metaculus 0.88,0.88,yes,ticket GOVPARTYOR-26-D snapshotMid 0.85
2026-10-04,crosslayer,GOVERNOR-MI-2026,metaculus 0.85,0.85,yes,ticket GOVPARTYMI-26-D snapshotMid 0.925
2026-10-04,crosslayer,SENATE-AK-2026,metaculus 0.548,0.548,yes,ticket SENATEAK-26-D snapshotMid 0.705
2026-10-04,crosslayer,SENATE-MT-2026,metaculus 0.01,0.01,yes,ticket SENATEMT-26-D snapshotMid 0.011
2026-10-04,crosslayer,SENATE-NE-2026,metaculus 0.001,0.001,yes,ticket SENATENE-26-D snapshotMid 0.002
2026-10-04,crosslayer,SENATE-CONTROL-2026,metaculus 0.572,0.572,yes,ticket CONTROLS-2026-D snapshotMid 0.615
2026-10-04,crosslayer,HOUSE-CONTROL-2026,metaculus 0.929,0.929,yes,ticket CONTROLH-2026-D snapshotMid 0.919
2026-10-04,crosslayer,SENATE-RI-2026,metaculus 0.993,0.993,yes,ticket SENATERI-26-D snapshotMid 0.99
2026-10-04,crosslayer,SENATE-OR-2026,metaculus 0.99,0.99,yes,ticket SENATEOR-26-D snapshotMid 0.9775
2026-10-04,crosslayer,SENATE-CO-2026,metaculus 0.98,0.98,yes,ticket SENATECO-26-D snapshotMid 0.985
2026-10-04,crosslayer,SENATE-MN-2026,metaculus 0.94,0.94,yes,ticket SENATEMN-26-D snapshotMid 0.895
2026-10-04,crosslayer,GOVERNOR-HI-2026,metaculus 0.98,0.98,yes,ticket GOVPARTYHI-26-D snapshotMid 0.9745
2026-10-04,crosslayer,GOVERNOR-NM-2026,metaculus 0.928,0.928,yes,ticket GOVPARTYNM-26-D snapshotMid 0.9275
2026-10-04,crosslayer,GOVERNOR-OR-2026,metaculus 0.88,0.88,yes,ticket GOVPARTYOR-26-D snapshotMid 0.84
2026-10-04,crosslayer,GOVERNOR-MI-2026,metaculus 0.85,0.85,yes,ticket GOVPARTYMI-26-D snapshotMid 0.927
2026-10-04,crosslayer,SENATE-AK-2026,metaculus 0.548,0.548,yes,ticket SENATEAK-26-D snapshotMid 0.705
2026-10-04,crosslayer,SENATE-MT-2026,metaculus 0.01,0.01,yes,ticket SENATEMT-26-D snapshotMid 0.016
2026-10-04,crosslayer,SENATE-NE-2026,metaculus 0.001,0.001,yes,ticket SENATENE-26-D snapshotMid 0.0005
2026-10-04,crosslayer,SENATE-CONTROL-2026,metaculus 0.555,0.555,yes,ticket CONTROLS-2026-D snapshotMid 0.615
2026-10-04,crosslayer,HOUSE-CONTROL-2026,metaculus 0.919,0.919,yes,ticket CONTROLH-2026-D snapshotMid 0.9165
2026-10-04,crosslayer,SENATE-RI-2026,metaculus 0.993,0.993,yes,ticket SENATERI-26-D snapshotMid 0.9905
2026-10-04,crosslayer,SENATE-OR-2026,metaculus 0.99,0.99,yes,ticket SENATEOR-26-D snapshotMid 0.9775
2026-10-04,crosslayer,SENATE-CO-2026,metaculus 0.98,0.98,yes,ticket SENATECO-26-D snapshotMid 0.9855
2026-10-04,crosslayer,SENATE-MN-2026,metaculus 0.95,0.95,yes,ticket SENATEMN-26-D snapshotMid 0.895
2026-10-04,crosslayer,GOVERNOR-HI-2026,metaculus 0.98,0.98,yes,ticket GOVPARTYHI-26-D snapshotMid 0.9745
2026-10-04,crosslayer,GOVERNOR-NM-2026,metaculus 0.925,0.925,yes,ticket GOVPARTYNM-26-D snapshotMid 0.929
2026-10-04,crosslayer,GOVERNOR-OR-2026,metaculus 0.874,0.874,yes,ticket GOVPARTYOR-26-D snapshotMid 0.805
2026-10-04,crosslayer,GOVERNOR-MI-2026,metaculus 0.84,0.84,yes,ticket GOVPARTYMI-26-D snapshotMid 0.9235
2026-10-04,crosslayer,SENATE-AK-2026,metaculus 0.54,0.54,yes,ticket SENATEAK-26-D snapshotMid 0.705
2026-10-04,crosslayer,SENATE-MT-2026,metaculus 0.01,0.01,yes,ticket SENATEMT-26-D snapshotMid 0.0145
2026-10-04,crosslayer,SENATE-NE-2026,metaculus 0.001,0.001,yes,ticket SENATENE-26-D snapshotMid 0.0025
2026-10-04,crosslayer,SENATE-CONTROL-2026,metaculus 0.569,0.569,yes,ticket CONTROLS-2026-D snapshotMid 0.625
2026-10-04,crosslayer,HOUSE-CONTROL-2026,metaculus 0.925,0.925,yes,ticket CONTROLH-2026-D snapshotMid 0.9155
2026-10-04,crosslayer,SENATE-RI-2026,metaculus 0.991,0.991,yes,ticket SENATERI-26-D snapshotMid 0.9885
2026-10-04,crosslayer,SENATE-OR-2026,metaculus 0.99,0.99,yes,ticket SENATEOR-26-D snapshotMid 0.9775
2026-10-04,crosslayer,SENATE-CO-2026,metaculus 0.98,0.98,yes,ticket SENATECO-26-D snapshotMid 0.9855
2026-10-04,crosslayer,SENATE-MN-2026,metaculus 0.95,0.95,yes,ticket SENATEMN-26-D snapshotMid 0.895
2026-10-04,crosslayer,GOVERNOR-HI-2026,metaculus 0.98,0.98,yes,ticket GOVPARTYHI-26-D snapshotMid 0.9745
2026-10-04,crosslayer,GOVERNOR-NM-2026,metaculus 0.925,0.925,yes,ticket GOVPARTYNM-26-D snapshotMid 0.93
2026-10-04,crosslayer,GOVERNOR-OR-2026,metaculus 0.874,0.874,yes,ticket GOVPARTYOR-26-D snapshotMid 0.815
2026-10-04,crosslayer,GOVERNOR-MI-2026,metaculus 0.84,0.84,yes,ticket GOVPARTYMI-26-D snapshotMid 0.926
2026-10-04,crosslayer,SENATE-AK-2026,metaculus 0.54,0.54,yes,ticket SENATEAK-26-D snapshotMid 0.695
2026-10-04,crosslayer,SENATE-MT-2026,metaculus 0.01,0.01,yes,ticket SENATEMT-26-D snapshotMid 0.0145
2026-10-04,crosslayer,SENATE-NE-2026,metaculus 0.001,0.001,yes,ticket SENATENE-26-D snapshotMid 0.0025
2026-10-04,crosslayer,SENATE-CONTROL-2026,metaculus 0.562,0.562,yes,ticket CONTROLS-2026-D snapshotMid 0.625
2026-10-04,crosslayer,HOUSE-CONTROL-2026,metaculus 0.919,0.919,yes,ticket CONTROLH-2026-D snapshotMid 0.915
2026-10-04,crosslayer,SENATE-RI-2026,metaculus 0.99,0.99,yes,ticket SENATERI-26-D snapshotMid 0.9885
2026-10-04,crosslayer,SENATE-OR-2026,metaculus 0.99,0.99,yes,ticket SENATEOR-26-D snapshotMid 0.983
2026-10-04,crosslayer,SENATE-CO-2026,metaculus 0.98,0.98,yes,ticket SENATECO-26-D snapshotMid 0.9855
2026-10-04,crosslayer,SENATE-MN-2026,metaculus 0.95,0.95,yes,ticket SENATEMN-26-D snapshotMid 0.885
2026-10-04,crosslayer,GOVERNOR-HI-2026,metaculus 0.98,0.98,yes,ticket GOVPARTYHI-26-D snapshotMid 0.969
2026-10-04,crosslayer,GOVERNOR-NM-2026,metaculus 0.925,0.925,yes,ticket GOVPARTYNM-26-D snapshotMid 0.9295
2026-10-04,crosslayer,GOVERNOR-OR-2026,metaculus 0.874,0.874,yes,ticket GOVPARTYOR-26-D snapshotMid 0.795
2026-10-04,crosslayer,GOVERNOR-MI-2026,metaculus 0.84,0.84,yes,ticket GOVPARTYMI-26-D snapshotMid 0.9225
2026-10-04,crosslayer,SENATE-AK-2026,metaculus 0.54,0.54,yes,ticket SENATEAK-26-D snapshotMid 0.705
2026-10-04,crosslayer,SENATE-MT-2026,metaculus 0.01,0.01,yes,ticket SENATEMT-26-D snapshotMid 0.009
2026-10-04,crosslayer,SENATE-NE-2026,metaculus 0.001,0.001,yes,ticket SENATENE-26-D snapshotMid 0.002
2026-10-04,crosslayer,SENATE-CONTROL-2026,metaculus 0.565,0.565,yes,ticket CONTROLS-2026-D snapshotMid 0.625
2026-10-04,crosslayer,HOUSE-CONTROL-2026,metaculus 0.924,0.924,yes,ticket CONTROLH-2026-D snapshotMid 0.9155
2026-10-04,crosslayer,SENATE-RI-2026,metaculus 0.99,0.99,yes,ticket SENATERI-26-D snapshotMid 0.99
2026-10-04,crosslayer,SENATE-OR-2026,metaculus 0.99,0.99,yes,ticket SENATEOR-26-D snapshotMid 0.9785
2026-10-04,crosslayer,SENATE-CO-2026,metaculus 0.98,0.98,yes,ticket SENATECO-26-D snapshotMid 0.9865
2026-10-04,crosslayer,SENATE-MN-2026,metaculus 0.94,0.94,yes,ticket SENATEMN-26-D snapshotMid 0.875
2026-10-04,crosslayer,GOVERNOR-HI-2026,metaculus 0.98,0.98,yes,ticket GOVPARTYHI-26-D snapshotMid 0.9745
2026-10-04,crosslayer,GOVERNOR-NM-2026,metaculus 0.93,0.93,yes,ticket GOVPARTYNM-26-D snapshotMid 0.9305
2026-10-04,crosslayer,GOVERNOR-OR-2026,metaculus 0.88,0.88,yes,ticket GOVPARTYOR-26-D snapshotMid 0.765
2026-10-04,crosslayer,GOVERNOR-MI-2026,metaculus 0.85,0.85,yes,ticket GOVPARTYMI-26-D snapshotMid 0.92
2026-10-04,crosslayer,SENATE-AK-2026,metaculus 0.54,0.54,yes,ticket SENATEAK-26-D snapshotMid 0.685
2026-10-04,crosslayer,SENATE-MT-2026,metaculus 0.01,0.01,yes,ticket SENATEMT-26-D snapshotMid 0.006
2026-10-04,crosslayer,SENATE-CONTROL-2026,metaculus 0.575,0.575,yes,ticket CONTROLS-2026-D snapshotMid 0.625
2026-10-04,crosslayer,HOUSE-CONTROL-2026,metaculus 0.924,0.924,yes,ticket CONTROLH-2026-D snapshotMid 0.9165
2026-10-04,crosslayer,SENATE-RI-2026,metaculus 0.99,0.99,yes,ticket SENATERI-26-D snapshotMid 0.9905
2026-10-04,crosslayer,SENATE-OR-2026,metaculus 0.99,0.99,yes,ticket SENATEOR-26-D snapshotMid 0.985
2026-10-04,crosslayer,SENATE-CO-2026,metaculus 0.98,0.98,yes,ticket SENATECO-26-D snapshotMid 0.9865
2026-10-04,crosslayer,SENATE-MN-2026,metaculus 0.94,0.94,yes,ticket SENATEMN-26-D snapshotMid 0.895
2026-10-04,crosslayer,GOVERNOR-HI-2026,metaculus 0.98,0.98,yes,ticket GOVPARTYHI-26-D snapshotMid 0.9715
2026-10-04,crosslayer,GOVERNOR-NM-2026,metaculus 0.93,0.93,yes,ticket GOVPARTYNM-26-D snapshotMid 0.94
2026-10-04,crosslayer,GOVERNOR-OR-2026,metaculus 0.872,0.872,yes,ticket GOVPARTYOR-26-D snapshotMid 0.715
2026-10-04,crosslayer,GOVERNOR-MI-2026,metaculus 0.84,0.84,yes,ticket GOVPARTYMI-26-D snapshotMid 0.922
2026-10-04,crosslayer,SENATE-AK-2026,metaculus 0.54,0.54,yes,ticket SENATEAK-26-D snapshotMid 0.675
2026-10-04,crosslayer,SENATE-MT-2026,metaculus 0.01,0.01,yes,ticket SENATEMT-26-D snapshotMid 0.006
2026-10-04,crosslayer,SENATE-NE-2026,metaculus 0.001,0.001,yes,ticket SENATENE-26-D snapshotMid 0.004
2026-10-04,crosslayer,SENATE-CONTROL-2026,metaculus 0.581,0.581,yes,ticket CONTROLS-2026-D snapshotMid 0.645
2026-10-04,crosslayer,HOUSE-CONTROL-2026,metaculus 0.918,0.918,yes,ticket CONTROLH-2026-D snapshotMid 0.9205
2026-10-04,crosslayer,SENATE-OR-2026,metaculus 0.99,0.99,yes,ticket SENATEOR-26-D snapshotMid 0.985
2026-10-04,crosslayer,SENATE-RI-2026,metaculus 0.99,0.99,yes,ticket SENATERI-26-D snapshotMid 0.9905
2026-10-04,crosslayer,SENATE-CO-2026,metaculus 0.982,0.982,yes,ticket SENATECO-26-D snapshotMid 0.9865
2026-10-04,crosslayer,SENATE-MN-2026,metaculus 0.94,0.94,yes,ticket SENATEMN-26-D snapshotMid 0.875
2026-10-04,crosslayer,GOVERNOR-HI-2026,metaculus 0.98,0.98,yes,ticket GOVPARTYHI-26-D snapshotMid 0.9735
2026-10-04,crosslayer,GOVERNOR-NM-2026,metaculus 0.93,0.93,yes,ticket GOVPARTYNM-26-D snapshotMid 0.945
2026-10-04,crosslayer,GOVERNOR-OR-2026,metaculus 0.872,0.872,yes,ticket GOVPARTYOR-26-D snapshotMid 0.735
2026-10-04,crosslayer,GOVERNOR-MI-2026,metaculus 0.85,0.85,yes,ticket GOVPARTYMI-26-D snapshotMid 0.9275
2026-10-04,crosslayer,SENATE-AK-2026,metaculus 0.525,0.525,yes,ticket SENATEAK-26-D snapshotMid 0.705
2026-10-04,crosslayer,SENATE-MT-2026,metaculus 0.01,0.01,yes,ticket SENATEMT-26-D snapshotMid 0.007
2026-10-04,crosslayer,SENATE-NE-2026,metaculus 0.001,0.001,yes,ticket SENATENE-26-D snapshotMid 0.004
2026-10-04,crosslayer,SENATE-CONTROL-2026,metaculus 0.576,0.576,no,ticket CONTROLS-2026-D snapshotMid 0.625
2026-10-04,crosslayer,HOUSE-CONTROL-2026,metaculus 0.919,0.919,no,ticket CONTROLH-2026-D snapshotMid 0.9195
2026-10-04,crosslayer,GOVERNOR-HI-2026,metaculus 0.98,0.98,no,ticket GOVPARTYHI-26-D snapshotMid 0.971
2026-10-04,crosslayer,GOVERNOR-NM-2026,metaculus 0.94,0.94,no,ticket GOVPARTYNM-26-D snapshotMid 0.9455
2026-10-04,crosslayer,GOVERNOR-OR-2026,metaculus 0.87,0.87,no,ticket GOVPARTYOR-26-D snapshotMid 0.735
2026-10-04,crosslayer,GOVERNOR-MI-2026,metaculus 0.85,0.85,no,ticket GOVPARTYMI-26-D snapshotMid 0.927
2026-10-04,crosslayer,SENATE-AK-2026,metaculus 0.525,0.525,no,ticket SENATEAK-26-D snapshotMid 0.73
2026-10-04,crosslayer,SENATE-MT-2026,metaculus 0.01,0.01,no,ticket SENATEMT-26-D snapshotMid 0.0085
2026-10-04,crosslayer,SENATE-NE-2026,metaculus 0.001,0.001,no,ticket SENATENE-26-D snapshotMid 0.004
2026-10-04,crosslayer,SENATE-CONTROL-2026,metaculus 0.584,0.584,no,ticket CONTROLS-2026-D snapshotMid 0.645
2026-10-04,crosslayer,HOUSE-CONTROL-2026,metaculus 0.929,0.929,no,ticket CONTROLH-2026-D snapshotMid 0.9165
2026-10-04,crosslayer,SENATE-OR-2026,metaculus 0.99,0.99,no,ticket SENATEOR-26-D snapshotMid 0.988
2026-10-04,crosslayer,SENATE-RI-2026,metaculus 0.99,0.99,no,ticket SENATERI-26-D snapshotMid 0.9905
2026-10-04,crosslayer,SENATE-CO-2026,metaculus 0.982,0.982,no,ticket SENATECO-26-D snapshotMid 0.9915
2026-10-04,crosslayer,SENATE-MN-2026,metaculus 0.925,0.925,no,ticket SENATEMN-26-D snapshotMid 0.865
2026-10-04,crosslayer,GOVERNOR-HI-2026,metaculus 0.98,0.98,no,ticket GOVPARTYHI-26-D snapshotMid 0.9735
2026-10-04,crosslayer,GOVERNOR-NM-2026,metaculus 0.94,0.94,no,ticket GOVPARTYNM-26-D snapshotMid 0.945
2026-10-04,crosslayer,GOVERNOR-OR-2026,metaculus 0.86,0.86,no,ticket GOVPARTYOR-26-D snapshotMid 0.755
2026-10-04,crosslayer,GOVERNOR-MI-2026,metaculus 0.85,0.85,no,ticket GOVPARTYMI-26-D snapshotMid 0.9305
2026-10-04,crosslayer,SENATE-AK-2026,metaculus 0.525,0.525,no,ticket SENATEAK-26-D snapshotMid 0.735
2026-10-04,crosslayer,SENATE-MT-2026,metaculus 0.01,0.01,no,ticket SENATEMT-26-D snapshotMid 0.021
2026-10-04,crosslayer,SENATE-NE-2026,metaculus 0.001,0.001,no,ticket SENATENE-26-D snapshotMid 0.0015
2026-10-04,crosslayer,SENATE-CONTROL-2026,metaculus 0.586,0.586,no,ticket CONTROLS-2026-D snapshotMid 0.645
2026-10-04,crosslayer,HOUSE-CONTROL-2026,metaculus 0.929,0.929,no,ticket CONTROLH-2026-D snapshotMid 0.9155
2026-10-04,crosslayer,SENATE-OR-2026,metaculus 0.99,0.99,no,ticket SENATEOR-26-D snapshotMid 0.9855
2026-10-04,crosslayer,SENATE-RI-2026,metaculus 0.99,0.99,no,ticket SENATERI-26-D snapshotMid 0.99
2026-10-04,crosslayer,SENATE-CO-2026,metaculus 0.982,0.982,no,ticket SENATECO-26-D snapshotMid 0.991
2026-10-04,crosslayer,SENATE-MN-2026,metaculus 0.925,0.925,no,ticket SENATEMN-26-D snapshotMid 0.865
2026-10-04,crosslayer,GOVERNOR-HI-2026,metaculus 0.98,0.98,no,ticket GOVPARTYHI-26-D snapshotMid 0.9735
2026-10-04,crosslayer,GOVERNOR-NM-2026,metaculus 0.94,0.94,no,ticket GOVPARTYNM-26-D snapshotMid 0.9465
2026-10-04,crosslayer,GOVERNOR-OR-2026,metaculus 0.86,0.86,no,ticket GOVPARTYOR-26-D snapshotMid 0.76
2026-10-04,crosslayer,GOVERNOR-MI-2026,metaculus 0.85,0.85,no,ticket GOVPARTYMI-26-D snapshotMid 0.937
2026-10-04,crosslayer,SENATE-AK-2026,metaculus 0.525,0.525,no,ticket SENATEAK-26-D snapshotMid 0.745
2026-10-04,crosslayer,SENATE-MT-2026,metaculus 0.009,0.009,no,ticket SENATEMT-26-D snapshotMid 0.009
2026-10-04,crosslayer,SENATE-NE-2026,metaculus 0.001,0.001,no,ticket SENATENE-26-D snapshotMid 0.0015
2026-10-04,crosslayer,SENATE-CONTROL-2026,metaculus 0.588,0.588,no,ticket CONTROLS-2026-D snapshotMid 0.635
2026-10-04,crosslayer,HOUSE-CONTROL-2026,metaculus 0.922,0.922,no,ticket CONTROLH-2026-D snapshotMid 0.895
2026-10-04,crosslayer,SENATE-RI-2026,metaculus 0.99,0.99,no,ticket SENATERI-26-D snapshotMid 0.989
2026-10-04,crosslayer,SENATE-OR-2026,metaculus 0.99,0.99,no,ticket SENATEOR-26-D snapshotMid 0.9855
2026-10-04,crosslayer,SENATE-CO-2026,metaculus 0.985,0.985,no,ticket SENATECO-26-D snapshotMid 0.991
2026-10-04,crosslayer,SENATE-NC-2026,metaculus 0.92,0.92,no,ticket SENATENC-26-D snapshotMid 0.968
2026-10-04,crosslayer,GOVERNOR-HI-2026,metaculus 0.98,0.98,no,ticket GOVPARTYHI-26-D snapshotMid 0.9775
2026-10-04,crosslayer,GOVERNOR-NM-2026,metaculus 0.94,0.94,no,ticket GOVPARTYNM-26-D snapshotMid 0.94
2026-10-04,crosslayer,GOVERNOR-OR-2026,metaculus 0.858,0.858,no,ticket GOVPARTYOR-26-D snapshotMid 0.775
2026-10-04,crosslayer,GOVERNOR-MI-2026,metaculus 0.85,0.85,no,ticket GOVPARTYMI-26-D snapshotMid 0.9225
2026-10-04,crosslayer,SENATE-AK-2026,metaculus 0.54,0.54,no,ticket SENATEAK-26-D snapshotMid 0.765
2026-10-04,crosslayer,SENATE-MT-2026,metaculus 0.009,0.009,no,ticket SENATEMT-26-D snapshotMid 0.008
2026-10-04,crosslayer,SENATE-NE-2026,metaculus 0.001,0.001,no,ticket SENATENE-26-D snapshotMid 0.0015
2026-10-04,crosslayer,SENATE-CONTROL-2026,metaculus 0.598,0.598,no,ticket CONTROLS-2026-D snapshotMid 0.615
2026-10-04,crosslayer,HOUSE-CONTROL-2026,metaculus 0.922,0.922,no,ticket CONTROLH-2026-D snapshotMid 0.9005
2026-10-04,crosslayer,SENATE-OR-2026,metaculus 0.99,0.99,no,ticket SENATEOR-26-D snapshotMid 0.983
2026-10-04,crosslayer,SENATE-RI-2026,metaculus 0.99,0.99,no,ticket SENATERI-26-D snapshotMid 0.9885
2026-10-04,crosslayer,SENATE-CO-2026,metaculus 0.985,0.985,no,ticket SENATECO-26-D snapshotMid 0.988
2026-10-04,crosslayer,SENATE-NC-2026,metaculus 0.92,0.92,no,ticket SENATENC-26-D snapshotMid 0.9685
2026-10-04,crosslayer,GOVERNOR-HI-2026,metaculus 0.98,0.98,no,ticket GOVPARTYHI-26-D snapshotMid 0.9795
2026-10-04,crosslayer,GOVERNOR-NM-2026,metaculus 0.94,0.94,no,ticket GOVPARTYNM-26-D snapshotMid 0.939
2026-10-04,crosslayer,GOVERNOR-OR-2026,metaculus 0.86,0.86,no,ticket GOVPARTYOR-26-D snapshotMid 0.755
2026-10-04,crosslayer,GOVERNOR-MI-2026,metaculus 0.85,0.85,no,ticket GOVPARTYMI-26-D snapshotMid 0.9205
2026-10-04,crosslayer,SENATE-AK-2026,metaculus 0.548,0.548,no,ticket SENATEAK-26-D snapshotMid 0.755
2026-10-04,crosslayer,SENATE-MT-2026,metaculus 0.009,0.009,no,ticket SENATEMT-26-D snapshotMid 0.0085
2026-10-04,crosslayer,SENATE-NE-2026,metaculus 0.001,0.001,no,ticket SENATENE-26-D snapshotMid 0.001
2026-10-04,crosslayer,SENATE-CONTROL-2026,metaculus 0.608,0.608,no,ticket CONTROLS-2026-D snapshotMid 0.605
2026-10-04,crosslayer,HOUSE-CONTROL-2026,metaculus 0.93,0.93,no,ticket CONTROLH-2026-D snapshotMid 0.895
2026-10-04,crosslayer,SENATE-OR-2026,metaculus 0.99,0.99,no,ticket SENATEOR-26-D snapshotMid 0.983
2026-10-04,crosslayer,SENATE-RI-2026,metaculus 0.99,0.99,no,ticket SENATERI-26-D snapshotMid 0.978
2026-10-04,crosslayer,SENATE-CO-2026,metaculus 0.985,0.985,no,ticket SENATECO-26-D snapshotMid 0.988
2026-10-04,crosslayer,SENATE-GA-2026,metaculus 0.93,0.93,no,ticket SENATEGA-26-D snapshotMid 0.9545
2026-10-04,crosslayer,SENATE-AK-2026,metaculus 0.54,0.54,no,ticket SENATEAK-26-D snapshotMid 0.735
2026-10-04,crosslayer,SENATE-MT-2026,metaculus 0.01,0.01,no,ticket SENATEMT-26-D snapshotMid 0.0085
2026-10-04,crosslayer,SENATE-NE-2026,metaculus 0.001,0.001,no,ticket SENATENE-26-D snapshotMid 0.0025
2026-10-05,poll,cnn-ssrs-2026-09-me-senate,U.S. Senate — Maine CNN Poll conducted by SSRS,0.6608,yes,margin 3pp -> logistic k=4.5; ticket SENATEME-26-D
2026-10-05,poll,cnn-ssrs-2026-09-mi-senate,U.S. Senate — Michigan (open seat) CNN Poll conducted by SSRS,0.6608,yes,margin 3pp -> logistic k=4.5; ticket SENATEMI-26-D
2026-10-05,poll,emerson-2026-09-mi-senate,U.S. Senate — Michigan (open seat) Emerson College Polling / Nexstar Media,0.6093,yes,margin 2pp -> logistic k=4.5; ticket SENATEMI-26-D
2026-10-05,poll,emerson-2026-09-tx-senate,U.S. Senate — Texas (open seat) Emerson College Polling / Nexstar Media,0.5553,yes,margin 1pp -> logistic k=4.5; ticket SENATETX-26-D
2026-10-05,poll,emerson-2026-09-ia-senate,U.S. Senate — Iowa (open seat) Emerson College Polling / Nexstar Media,0.2477,yes,margin -5pp -> logistic k=4.5; ticket SENATEIA-26-D
2026-10-05,poll,reconmr-siena-2026-09-tx-senate,U.S. Senate — Texas (open seat) Texas Poll — ReconMR fieldwork (released via Siena Research Institute),0.7914,yes,margin 6pp -> logistic k=4.5; ticket SENATETX-26-D
2026-10-05,poll,suffolk-2026-08-ia-senate,U.S. Senate — Iowa (open seat) Suffolk University Political Research Center (SUPRC),0.2913,yes,margin -4pp -> logistic k=4.5; ticket SENATEIA-26-D
2026-10-05,poll,npi-2026-08-az-governor,Governor — Arizona Noble Predictive Insights — Arizona Public Opinion Pulse (AZPOP),0.9473,yes,margin 13pp -> logistic k=4.5; ticket GOVPARTYAZ-26-D
2026-10-05,poll,fm-2026-08-pa-governor,Governor — Pennsylvania Franklin & Marshall College Poll,0.9961,yes,margin 25pp -> logistic k=4.5; ticket GOVPARTYPA-26-D
2026-10-05,poll,elon-2026-09-nc-senate,U.S. Senate — North Carolina Elon University Poll (fielded by YouGov),0.9202,yes,margin 11pp -> logistic k=4.5; ticket SENATENC-26-D
2026-10-05,poll,hpu-2026-04-nc-senate,U.S. Senate — North Carolina HPU Poll 120 — High Point University Survey Research Center (fielded by YouGov),0.8554,yes,margin 8pp -> logistic k=4.5; ticket SENATENC-26-D
2026-10-05,poll,hpu-2026-08-nc-senate,U.S. Senate — North Carolina HPU Poll 126 — High Point University Survey Research Center (fielded by YouGov),0.7523,yes,margin 5pp -> logistic k=4.5; ticket SENATENC-26-D
2026-10-05,poll,stetson-2026-04-fl-governor,Governor — Florida Stetson University Center for Public Opinion Research (CPOR) — Spring 2026 Survey,0.1743,yes,margin -7pp -> logistic k=4.5; ticket GOVPARTYFL-26-D
2026-10-05,poll,ppp-2026-07-nc-senate,U.S. Senate — North Carolina Public Policy Polling (PPP),0.7087,yes,margin 4pp -> logistic k=4.5; ticket SENATENC-26-D
2026-10-05,poll,unf-2026-07-fl-governor,Governor — Florida University of North Florida Public Opinion Research Lab,0.2477,yes,margin -5pp -> logistic k=4.5; ticket GOVPARTYFL-26-D
2026-10-05,poll,unf-2026-07-fl-senate,U.S. Senate — Florida (special) University of North Florida Public Opinion Research Lab,0.1446,yes,margin -8pp -> logistic k=4.5; ticket SENATEFLS-26-D
2026-10-05,poll,rasmussen-2026-09-ga-governor,Governor — Georgia Rasmussen Reports (field work by Pulse Opinion Research),0.3392,yes,margin -3pp -> logistic k=4.5; ticket GOVPARTYGA-26-D
2026-10-05,poll,rasmussen-2026-09-ga-senate,U.S. Senate — Georgia Rasmussen Reports (field work by Pulse Opinion Research),0.8808,yes,margin 9pp -> logistic k=4.5; ticket SENATEGA-26-D
2026-10-05,poll,rasmussen-2026-09-sc-senate,U.S. Senate — South Carolina (special) Rasmussen Reports (field work by Pulse Opinion Research),0.2477,yes,margin -5pp -> logistic k=4.5; ticket SENATESC-26-D
2026-10-05,rating,AK,Toss Up / Tilt R,0.25-0.65,yes,ticket SENATEAK-26-D
2026-10-05,rating,IA,Toss Up / Tilt R,0.25-0.65,yes,ticket SENATEIA-26-D
2026-10-05,rating,ME,Toss Up / Toss-up,0.35-0.65,yes,ticket SENATEME-26-D
2026-10-05,rating,MI,Toss Up / Toss-up,0.35-0.65,yes,ticket SENATEMI-26-D
2026-10-05,rating,NH,Toss Up / Toss-up,0.35-0.65,yes,ticket SENATENH-26-D
2026-10-05,rating,OH,Toss Up / Toss-up,0.35-0.65,yes,ticket SENATEOHS-26-D
2026-10-05,rating,TX,Toss Up / Lean R,0.2-0.65,yes,ticket SENATETX-26-D
2026-10-05,rating,GA,Lean D / Tilt D,0.55-0.8,yes,ticket SENATEGA-26-D
2026-10-05,rating,NC,Lean D / Tilt D,0.55-0.8,yes,ticket SENATENC-26-D
2026-10-05,rating,MN,Likely D / Likely D,0.75-0.92,yes,ticket SENATEMN-26-D
2026-10-05,rating,KS,Likely R / Likely R,0.08-0.25,yes,ticket SENATEKS-26-D
2026-10-05,rating,SC,Solid R / Likely R,0-0.25,yes,ticket SENATESC-26-D
2026-10-05,crosslayer,SENATE-CONTROL-2026,metaculus 0.517,0.517,yes,ticket CONTROLS-2026-D snapshotMid 0.595
2026-10-05,crosslayer,HOUSE-CONTROL-2026,metaculus 0.888,0.888,yes,ticket CONTROLH-2026-D snapshotMid 0.895
2026-10-05,crosslayer,HOUSE-CONTROL-2026,metaculus 0.888,0.888,yes,ticket CONTROLH-2026-D snapshotMid 0.9015
2026-10-05,crosslayer,GOVERNOR-HI-2026,metaculus 0.98,0.98,yes,ticket GOVPARTYHI-26-D snapshotMid 0.974
2026-10-05,crosslayer,GOVERNOR-NM-2026,metaculus 0.922,0.922,yes,ticket GOVPARTYNM-26-D snapshotMid 0.9255
2026-10-05,crosslayer,GOVERNOR-OR-2026,metaculus 0.88,0.88,yes,ticket GOVPARTYOR-26-D snapshotMid 0.845
2026-10-05,crosslayer,GOVERNOR-MI-2026,metaculus 0.85,0.85,yes,ticket GOVPARTYMI-26-D snapshotMid 0.915
2026-10-05,crosslayer,SENATE-MT-2026,metaculus 0.01,0.01,yes,ticket SENATEMT-26-D snapshotMid 0.0075
2026-10-05,crosslayer,SENATE-NE-2026,metaculus 0.001,0.001,yes,ticket SENATENE-26-D snapshotMid 0.0005
2026-10-05,crosslayer,SENATE-RI-2026,metaculus 0.99,0.99,yes,ticket SENATERI-26-D snapshotMid 0.979
2026-10-05,crosslayer,SENATE-OR-2026,metaculus 0.99,0.99,yes,ticket SENATEOR-26-D snapshotMid 0.977
2026-10-05,crosslayer,SENATE-CO-2026,metaculus 0.98,0.98,yes,ticket SENATECO-26-D snapshotMid 0.9725
2026-10-05,crosslayer,SENATE-MN-2026,metaculus 0.92,0.92,yes,ticket SENATEMN-26-D snapshotMid 0.9035
2026-10-05,crosslayer,SENATE-AK-2026,metaculus 0.54,0.54,yes,ticket SENATEAK-26-D snapshotMid 0.695
2026-10-05,crosslayer,SENATE-CONTROL-2026,metaculus 0.5,0.5,yes,ticket CONTROLS-2026-D snapshotMid 0.605
2026-10-05,crosslayer,HOUSE-CONTROL-2026,metaculus 0.9,0.9,yes,ticket CONTROLH-2026-D snapshotMid 0.9085
2026-10-05,crosslayer,SENATE-RI-2026,metaculus 0.99,0.99,yes,ticket SENATERI-26-D snapshotMid 0.982
2026-10-05,crosslayer,SENATE-OR-2026,metaculus 0.99,0.99,yes,ticket SENATEOR-26-D snapshotMid 0.977
2026-10-05,crosslayer,SENATE-CO-2026,metaculus 0.98,0.98,yes,ticket SENATECO-26-D snapshotMid 0.973
2026-10-05,crosslayer,SENATE-MN-2026,metaculus 0.93,0.93,yes,ticket SENATEMN-26-D snapshotMid 0.902
2026-10-05,crosslayer,GOVERNOR-HI-2026,metaculus 0.98,0.98,yes,ticket GOVPARTYHI-26-D snapshotMid 0.974
2026-10-05,crosslayer,GOVERNOR-NM-2026,metaculus 0.922,0.922,yes,ticket GOVPARTYNM-26-D snapshotMid 0.928
2026-10-05,crosslayer,GOVERNOR-OR-2026,metaculus 0.88,0.88,yes,ticket GOVPARTYOR-26-D snapshotMid 0.86
2026-10-05,crosslayer,GOVERNOR-MI-2026,metaculus 0.85,0.85,yes,ticket GOVPARTYMI-26-D snapshotMid 0.9165
2026-10-05,crosslayer,SENATE-AK-2026,metaculus 0.54,0.54,yes,ticket SENATEAK-26-D snapshotMid 0.705
2026-10-05,crosslayer,SENATE-MT-2026,metaculus 0.01,0.01,yes,ticket SENATEMT-26-D snapshotMid 0.01
2026-10-05,crosslayer,SENATE-NE-2026,metaculus 0.001,0.001,yes,ticket SENATENE-26-D snapshotMid 0.0025
2026-10-05,crosslayer,SENATE-CONTROL-2026,metaculus 0.512,0.512,yes,ticket CONTROLS-2026-D snapshotMid 0.605
2026-10-05,crosslayer,HOUSE-CONTROL-2026,metaculus 0.908,0.908,yes,ticket CONTROLH-2026-D snapshotMid 0.9065
2026-10-05,crosslayer,SENATE-RI-2026,metaculus 0.99,0.99,yes,ticket SENATERI-26-D snapshotMid 0.9825
2026-10-05,crosslayer,SENATE-OR-2026,metaculus 0.99,0.99,yes,ticket SENATEOR-26-D snapshotMid 0.977
2026-10-05,crosslayer,SENATE-CO-2026,metaculus 0.98,0.98,yes,ticket SENATECO-26-D snapshotMid 0.973
2026-10-05,crosslayer,SENATE-MN-2026,metaculus 0.93,0.93,yes,ticket SENATEMN-26-D snapshotMid 0.905
2026-10-05,crosslayer,GOVERNOR-HI-2026,metaculus 0.98,0.98,yes,ticket GOVPARTYHI-26-D snapshotMid 0.974
2026-10-05,crosslayer,GOVERNOR-NM-2026,metaculus 0.928,0.928,yes,ticket GOVPARTYNM-26-D snapshotMid 0.931
2026-10-05,crosslayer,GOVERNOR-OR-2026,metaculus 0.882,0.882,yes,ticket GOVPARTYOR-26-D snapshotMid 0.86
2026-10-05,crosslayer,GOVERNOR-MI-2026,metaculus 0.84,0.84,yes,ticket GOVPARTYMI-26-D snapshotMid 0.923
2026-10-05,crosslayer,SENATE-AK-2026,metaculus 0.54,0.54,yes,ticket SENATEAK-26-D snapshotMid 0.735
2026-10-05,crosslayer,SENATE-MT-2026,metaculus 0.01,0.01,yes,ticket SENATEMT-26-D snapshotMid 0.009
2026-10-05,crosslayer,SENATE-NE-2026,metaculus 0.001,0.001,yes,ticket SENATENE-26-D snapshotMid 0.002
2026-10-05,crosslayer,SENATE-GA-2026,metaculus 0.92,0.92,yes,ticket SENATEGA-26-D snapshotMid 0.9385
2026-10-05,crosslayer,SENATE-CONTROL-2026,metaculus 0.531,0.531,yes,ticket CONTROLS-2026-D snapshotMid 0.625
2026-10-05,crosslayer,HOUSE-CONTROL-2026,metaculus 0.906,0.906,yes,ticket CONTROLH-2026-D snapshotMid 0.9095
2026-10-05,crosslayer,SENATE-RI-2026,metaculus 0.99,0.99,yes,ticket SENATERI-26-D snapshotMid 0.9865
2026-10-05,crosslayer,SENATE-OR-2026,metaculus 0.99,0.99,yes,ticket SENATEOR-26-D snapshotMid 0.977
2026-10-05,crosslayer,SENATE-CO-2026,metaculus 0.98,0.98,yes,ticket SENATECO-26-D snapshotMid 0.9735
2026-10-05,crosslayer,SENATE-GA-2026,metaculus 0.92,0.92,yes,ticket SENATEGA-26-D snapshotMid 0.9385
2026-10-05,crosslayer,GOVERNOR-HI-2026,metaculus 0.98,0.98,yes,ticket GOVPARTYHI-26-D snapshotMid 0.973
2026-10-05,crosslayer,GOVERNOR-NM-2026,metaculus 0.928,0.928,yes,ticket GOVPARTYNM-26-D snapshotMid 0.931
2026-10-05,crosslayer,GOVERNOR-OR-2026,metaculus 0.882,0.882,yes,ticket GOVPARTYOR-26-D snapshotMid 0.855
2026-10-05,crosslayer,GOVERNOR-MI-2026,metaculus 0.84,0.84,yes,ticket GOVPARTYMI-26-D snapshotMid 0.9235
2026-10-05,crosslayer,SENATE-AK-2026,metaculus 0.54,0.54,yes,ticket SENATEAK-26-D snapshotMid 0.755
2026-10-05,crosslayer,SENATE-MT-2026,metaculus 0.01,0.01,yes,ticket SENATEMT-26-D snapshotMid 0.012
2026-10-05,crosslayer,SENATE-NE-2026,metaculus 0.002,0.002,yes,ticket SENATENE-26-D snapshotMid 0.0025
2026-10-05,crosslayer,SENATE-NC-2026,metaculus 0.92,0.92,yes,ticket SENATENC-26-D snapshotMid 0.9365
2026-10-05,crosslayer,SENATE-CONTROL-2026,metaculus 0.567,0.567,yes,ticket CONTROLS-2026-D snapshotMid 0.615
2026-10-05,crosslayer,HOUSE-CONTROL-2026,metaculus 0.91,0.91,yes,ticket CONTROLH-2026-D snapshotMid 0.9165
2026-10-05,crosslayer,SENATE-RI-2026,metaculus 0.996,0.996,yes,ticket SENATERI-26-D snapshotMid 0.99
2026-10-05,crosslayer,SENATE-OR-2026,metaculus 0.99,0.99,yes,ticket SENATEOR-26-D snapshotMid 0.9775
2026-10-05,crosslayer,SENATE-CO-2026,metaculus 0.98,0.98,yes,ticket SENATECO-26-D snapshotMid 0.9845
2026-10-05,crosslayer,SENATE-MN-2026,metaculus 0.94,0.94,yes,ticket SENATEMN-26-D snapshotMid 0.9055
2026-10-05,crosslayer,GOVERNOR-HI-2026,metaculus 0.98,0.98,yes,ticket GOVPARTYHI-26-D snapshotMid 0.9745
2026-10-05,crosslayer,GOVERNOR-NM-2026,metaculus 0.928,0.928,yes,ticket GOVPARTYNM-26-D snapshotMid 0.9295
2026-10-05,crosslayer,GOVERNOR-OR-2026,metaculus 0.88,0.88,yes,ticket GOVPARTYOR-26-D snapshotMid 0.84
2026-10-05,crosslayer,GOVERNOR-MI-2026,metaculus 0.85,0.85,yes,ticket GOVPARTYMI-26-D snapshotMid 0.927
2026-10-05,crosslayer,SENATE-AK-2026,metaculus 0.548,0.548,yes,ticket SENATEAK-26-D snapshotMid 0.705
2026-10-05,crosslayer,SENATE-MT-2026,metaculus 0.01,0.01,yes,ticket SENATEMT-26-D snapshotMid 0.0095
2026-10-05,crosslayer,SENATE-NE-2026,metaculus 0.001,0.001,yes,ticket SENATENE-26-D snapshotMid 0.002
2026-10-05,crosslayer,SENATE-CONTROL-2026,metaculus 0.582,0.582,yes,ticket CONTROLS-2026-D snapshotMid 0.605
2026-10-05,crosslayer,HOUSE-CONTROL-2026,metaculus 0.929,0.929,yes,ticket CONTROLH-2026-D snapshotMid 0.919
2026-10-05,crosslayer,SENATE-RI-2026,metaculus 0.996,0.996,yes,ticket SENATERI-26-D snapshotMid 0.99
2026-10-05,crosslayer,SENATE-OR-2026,metaculus 0.99,0.99,yes,ticket SENATEOR-26-D snapshotMid 0.9775
2026-10-05,crosslayer,SENATE-CO-2026,metaculus 0.98,0.98,yes,ticket SENATECO-26-D snapshotMid 0.9855
2026-10-05,crosslayer,SENATE-MN-2026,metaculus 0.94,0.94,yes,ticket SENATEMN-26-D snapshotMid 0.895
2026-10-05,crosslayer,GOVERNOR-HI-2026,metaculus 0.98,0.98,yes,ticket GOVPARTYHI-26-D snapshotMid 0.9745
2026-10-05,crosslayer,GOVERNOR-NM-2026,metaculus 0.93,0.93,yes,ticket GOVPARTYNM-26-D snapshotMid 0.928
2026-10-05,crosslayer,GOVERNOR-OR-2026,metaculus 0.88,0.88,yes,ticket GOVPARTYOR-26-D snapshotMid 0.85
2026-10-05,crosslayer,GOVERNOR-MI-2026,metaculus 0.85,0.85,yes,ticket GOVPARTYMI-26-D snapshotMid 0.925
2026-10-05,crosslayer,SENATE-AK-2026,metaculus 0.548,0.548,yes,ticket SENATEAK-26-D snapshotMid 0.705
2026-10-05,crosslayer,SENATE-MT-2026,metaculus 0.01,0.01,yes,ticket SENATEMT-26-D snapshotMid 0.011
2026-10-05,crosslayer,SENATE-NE-2026,metaculus 0.001,0.001,yes,ticket SENATENE-26-D snapshotMid 0.002
2026-10-05,crosslayer,SENATE-CONTROL-2026,metaculus 0.572,0.572,yes,ticket CONTROLS-2026-D snapshotMid 0.615
2026-10-05,crosslayer,HOUSE-CONTROL-2026,metaculus 0.929,0.929,yes,ticket CONTROLH-2026-D snapshotMid 0.919
2026-10-05,crosslayer,SENATE-RI-2026,metaculus 0.993,0.993,yes,ticket SENATERI-26-D snapshotMid 0.99
2026-10-05,crosslayer,SENATE-OR-2026,metaculus 0.99,0.99,yes,ticket SENATEOR-26-D snapshotMid 0.9775
2026-10-05,crosslayer,SENATE-CO-2026,metaculus 0.98,0.98,yes,ticket SENATECO-26-D snapshotMid 0.985
2026-10-05,crosslayer,SENATE-MN-2026,metaculus 0.94,0.94,yes,ticket SENATEMN-26-D snapshotMid 0.895
2026-10-05,crosslayer,GOVERNOR-HI-2026,metaculus 0.98,0.98,yes,ticket GOVPARTYHI-26-D snapshotMid 0.9745
2026-10-05,crosslayer,GOVERNOR-NM-2026,metaculus 0.928,0.928,yes,ticket GOVPARTYNM-26-D snapshotMid 0.9275
2026-10-05,crosslayer,GOVERNOR-OR-2026,metaculus 0.88,0.88,yes,ticket GOVPARTYOR-26-D snapshotMid 0.84
2026-10-05,crosslayer,GOVERNOR-MI-2026,metaculus 0.85,0.85,yes,ticket GOVPARTYMI-26-D snapshotMid 0.927
2026-10-05,crosslayer,SENATE-AK-2026,metaculus 0.548,0.548,yes,ticket SENATEAK-26-D snapshotMid 0.705
2026-10-05,crosslayer,SENATE-MT-2026,metaculus 0.01,0.01,yes,ticket SENATEMT-26-D snapshotMid 0.016
2026-10-05,crosslayer,SENATE-NE-2026,metaculus 0.001,0.001,yes,ticket SENATENE-26-D snapshotMid 0.0005
2026-10-05,crosslayer,SENATE-CONTROL-2026,metaculus 0.555,0.555,yes,ticket CONTROLS-2026-D snapshotMid 0.615
2026-10-05,crosslayer,HOUSE-CONTROL-2026,metaculus 0.919,0.919,yes,ticket CONTROLH-2026-D snapshotMid 0.9165
2026-10-05,crosslayer,SENATE-RI-2026,metaculus 0.993,0.993,yes,ticket SENATERI-26-D snapshotMid 0.9905
2026-10-05,crosslayer,SENATE-OR-2026,metaculus 0.99,0.99,yes,ticket SENATEOR-26-D snapshotMid 0.9775
2026-10-05,crosslayer,SENATE-CO-2026,metaculus 0.98,0.98,yes,ticket SENATECO-26-D snapshotMid 0.9855
2026-10-05,crosslayer,SENATE-MN-2026,metaculus 0.95,0.95,yes,ticket SENATEMN-26-D snapshotMid 0.895
2026-10-05,crosslayer,GOVERNOR-HI-2026,metaculus 0.98,0.98,yes,ticket GOVPARTYHI-26-D snapshotMid 0.9745
2026-10-05,crosslayer,GOVERNOR-NM-2026,metaculus 0.925,0.925,yes,ticket GOVPARTYNM-26-D snapshotMid 0.929
2026-10-05,crosslayer,GOVERNOR-OR-2026,metaculus 0.874,0.874,yes,ticket GOVPARTYOR-26-D snapshotMid 0.805
2026-10-05,crosslayer,GOVERNOR-MI-2026,metaculus 0.84,0.84,yes,ticket GOVPARTYMI-26-D snapshotMid 0.9235
2026-10-05,crosslayer,SENATE-AK-2026,metaculus 0.54,0.54,yes,ticket SENATEAK-26-D snapshotMid 0.705
2026-10-05,crosslayer,SENATE-MT-2026,metaculus 0.01,0.01,yes,ticket SENATEMT-26-D snapshotMid 0.0145
2026-10-05,crosslayer,SENATE-NE-2026,metaculus 0.001,0.001,yes,ticket SENATENE-26-D snapshotMid 0.0025
2026-10-05,crosslayer,SENATE-CONTROL-2026,metaculus 0.569,0.569,yes,ticket CONTROLS-2026-D snapshotMid 0.625
2026-10-05,crosslayer,HOUSE-CONTROL-2026,metaculus 0.925,0.925,yes,ticket CONTROLH-2026-D snapshotMid 0.9155
2026-10-05,crosslayer,SENATE-RI-2026,metaculus 0.991,0.991,yes,ticket SENATERI-26-D snapshotMid 0.9885
2026-10-05,crosslayer,SENATE-OR-2026,metaculus 0.99,0.99,yes,ticket SENATEOR-26-D snapshotMid 0.9775
2026-10-05,crosslayer,SENATE-CO-2026,metaculus 0.98,0.98,yes,ticket SENATECO-26-D snapshotMid 0.9855
2026-10-05,crosslayer,SENATE-MN-2026,metaculus 0.95,0.95,yes,ticket SENATEMN-26-D snapshotMid 0.895
2026-10-05,crosslayer,GOVERNOR-HI-2026,metaculus 0.98,0.98,yes,ticket GOVPARTYHI-26-D snapshotMid 0.9745
2026-10-05,crosslayer,GOVERNOR-NM-2026,metaculus 0.925,0.925,yes,ticket GOVPARTYNM-26-D snapshotMid 0.93
2026-10-05,crosslayer,GOVERNOR-OR-2026,metaculus 0.874,0.874,yes,ticket GOVPARTYOR-26-D snapshotMid 0.815
2026-10-05,crosslayer,GOVERNOR-MI-2026,metaculus 0.84,0.84,yes,ticket GOVPARTYMI-26-D snapshotMid 0.926
2026-10-05,crosslayer,SENATE-AK-2026,metaculus 0.54,0.54,yes,ticket SENATEAK-26-D snapshotMid 0.695
2026-10-05,crosslayer,SENATE-MT-2026,metaculus 0.01,0.01,yes,ticket SENATEMT-26-D snapshotMid 0.0145
2026-10-05,crosslayer,SENATE-NE-2026,metaculus 0.001,0.001,yes,ticket SENATENE-26-D snapshotMid 0.0025
2026-10-05,crosslayer,SENATE-CONTROL-2026,metaculus 0.562,0.562,yes,ticket CONTROLS-2026-D snapshotMid 0.625
2026-10-05,crosslayer,HOUSE-CONTROL-2026,metaculus 0.919,0.919,yes,ticket CONTROLH-2026-D snapshotMid 0.915
2026-10-05,crosslayer,SENATE-RI-2026,metaculus 0.99,0.99,yes,ticket SENATERI-26-D snapshotMid 0.9885
2026-10-05,crosslayer,SENATE-OR-2026,metaculus 0.99,0.99,yes,ticket SENATEOR-26-D snapshotMid 0.983
2026-10-05,crosslayer,SENATE-CO-2026,metaculus 0.98,0.98,yes,ticket SENATECO-26-D snapshotMid 0.9855
2026-10-05,crosslayer,SENATE-MN-2026,metaculus 0.95,0.95,yes,ticket SENATEMN-26-D snapshotMid 0.885
2026-10-05,crosslayer,GOVERNOR-HI-2026,metaculus 0.98,0.98,yes,ticket GOVPARTYHI-26-D snapshotMid 0.969
2026-10-05,crosslayer,GOVERNOR-NM-2026,metaculus 0.925,0.925,yes,ticket GOVPARTYNM-26-D snapshotMid 0.9295
2026-10-05,crosslayer,GOVERNOR-OR-2026,metaculus 0.874,0.874,yes,ticket GOVPARTYOR-26-D snapshotMid 0.795
2026-10-05,crosslayer,GOVERNOR-MI-2026,metaculus 0.84,0.84,yes,ticket GOVPARTYMI-26-D snapshotMid 0.9225
2026-10-05,crosslayer,SENATE-AK-2026,metaculus 0.54,0.54,yes,ticket SENATEAK-26-D snapshotMid 0.705
2026-10-05,crosslayer,SENATE-MT-2026,metaculus 0.01,0.01,yes,ticket SENATEMT-26-D snapshotMid 0.009
2026-10-05,crosslayer,SENATE-NE-2026,metaculus 0.001,0.001,yes,ticket SENATENE-26-D snapshotMid 0.002
2026-10-05,crosslayer,SENATE-CONTROL-2026,metaculus 0.565,0.565,yes,ticket CONTROLS-2026-D snapshotMid 0.625
2026-10-05,crosslayer,HOUSE-CONTROL-2026,metaculus 0.924,0.924,yes,ticket CONTROLH-2026-D snapshotMid 0.9155
2026-10-05,crosslayer,SENATE-RI-2026,metaculus 0.99,0.99,yes,ticket SENATERI-26-D snapshotMid 0.99
2026-10-05,crosslayer,SENATE-OR-2026,metaculus 0.99,0.99,yes,ticket SENATEOR-26-D snapshotMid 0.9785
2026-10-05,crosslayer,SENATE-CO-2026,metaculus 0.98,0.98,yes,ticket SENATECO-26-D snapshotMid 0.9865
2026-10-05,crosslayer,SENATE-MN-2026,metaculus 0.94,0.94,yes,ticket SENATEMN-26-D snapshotMid 0.875
2026-10-05,crosslayer,GOVERNOR-HI-2026,metaculus 0.98,0.98,yes,ticket GOVPARTYHI-26-D snapshotMid 0.9745
2026-10-05,crosslayer,GOVERNOR-NM-2026,metaculus 0.93,0.93,yes,ticket GOVPARTYNM-26-D snapshotMid 0.9305
2026-10-05,crosslayer,GOVERNOR-OR-2026,metaculus 0.88,0.88,yes,ticket GOVPARTYOR-26-D snapshotMid 0.765
2026-10-05,crosslayer,GOVERNOR-MI-2026,metaculus 0.85,0.85,yes,ticket GOVPARTYMI-26-D snapshotMid 0.92
2026-10-05,crosslayer,SENATE-AK-2026,metaculus 0.54,0.54,yes,ticket SENATEAK-26-D snapshotMid 0.685
2026-10-05,crosslayer,SENATE-MT-2026,metaculus 0.01,0.01,yes,ticket SENATEMT-26-D snapshotMid 0.006
2026-10-05,crosslayer,SENATE-CONTROL-2026,metaculus 0.575,0.575,yes,ticket CONTROLS-2026-D snapshotMid 0.625
2026-10-05,crosslayer,HOUSE-CONTROL-2026,metaculus 0.924,0.924,yes,ticket CONTROLH-2026-D snapshotMid 0.9165
2026-10-05,crosslayer,SENATE-RI-2026,metaculus 0.99,0.99,yes,ticket SENATERI-26-D snapshotMid 0.9905
2026-10-05,crosslayer,SENATE-OR-2026,metaculus 0.99,0.99,yes,ticket SENATEOR-26-D snapshotMid 0.985
2026-10-05,crosslayer,SENATE-CO-2026,metaculus 0.98,0.98,yes,ticket SENATECO-26-D snapshotMid 0.9865
2026-10-05,crosslayer,SENATE-MN-2026,metaculus 0.94,0.94,yes,ticket SENATEMN-26-D snapshotMid 0.895
2026-10-05,crosslayer,GOVERNOR-HI-2026,metaculus 0.98,0.98,yes,ticket GOVPARTYHI-26-D snapshotMid 0.9715
2026-10-05,crosslayer,GOVERNOR-NM-2026,metaculus 0.93,0.93,yes,ticket GOVPARTYNM-26-D snapshotMid 0.94
2026-10-05,crosslayer,GOVERNOR-OR-2026,metaculus 0.872,0.872,yes,ticket GOVPARTYOR-26-D snapshotMid 0.715
2026-10-05,crosslayer,GOVERNOR-MI-2026,metaculus 0.84,0.84,yes,ticket GOVPARTYMI-26-D snapshotMid 0.922
2026-10-05,crosslayer,SENATE-AK-2026,metaculus 0.54,0.54,yes,ticket SENATEAK-26-D snapshotMid 0.675
2026-10-05,crosslayer,SENATE-MT-2026,metaculus 0.01,0.01,yes,ticket SENATEMT-26-D snapshotMid 0.006
2026-10-05,crosslayer,SENATE-NE-2026,metaculus 0.001,0.001,yes,ticket SENATENE-26-D snapshotMid 0.004
2026-10-05,crosslayer,SENATE-CONTROL-2026,metaculus 0.581,0.581,yes,ticket CONTROLS-2026-D snapshotMid 0.645
2026-10-05,crosslayer,HOUSE-CONTROL-2026,metaculus 0.918,0.918,yes,ticket CONTROLH-2026-D snapshotMid 0.9205
2026-10-05,crosslayer,SENATE-OR-2026,metaculus 0.99,0.99,yes,ticket SENATEOR-26-D snapshotMid 0.985
2026-10-05,crosslayer,SENATE-RI-2026,metaculus 0.99,0.99,yes,ticket SENATERI-26-D snapshotMid 0.9905
2026-10-05,crosslayer,SENATE-CO-2026,metaculus 0.982,0.982,yes,ticket SENATECO-26-D snapshotMid 0.9865
2026-10-05,crosslayer,SENATE-MN-2026,metaculus 0.94,0.94,yes,ticket SENATEMN-26-D snapshotMid 0.875
2026-10-05,crosslayer,GOVERNOR-HI-2026,metaculus 0.98,0.98,yes,ticket GOVPARTYHI-26-D snapshotMid 0.9735
2026-10-05,crosslayer,GOVERNOR-NM-2026,metaculus 0.93,0.93,yes,ticket GOVPARTYNM-26-D snapshotMid 0.945
2026-10-05,crosslayer,GOVERNOR-OR-2026,metaculus 0.872,0.872,yes,ticket GOVPARTYOR-26-D snapshotMid 0.735
2026-10-05,crosslayer,GOVERNOR-MI-2026,metaculus 0.85,0.85,yes,ticket GOVPARTYMI-26-D snapshotMid 0.9275
2026-10-05,crosslayer,SENATE-AK-2026,metaculus 0.525,0.525,yes,ticket SENATEAK-26-D snapshotMid 0.705
2026-10-05,crosslayer,SENATE-MT-2026,metaculus 0.01,0.01,yes,ticket SENATEMT-26-D snapshotMid 0.007
2026-10-05,crosslayer,SENATE-NE-2026,metaculus 0.001,0.001,yes,ticket SENATENE-26-D snapshotMid 0.004
2026-10-05,crosslayer,SENATE-CONTROL-2026,metaculus 0.576,0.576,yes,ticket CONTROLS-2026-D snapshotMid 0.625
2026-10-05,crosslayer,HOUSE-CONTROL-2026,metaculus 0.919,0.919,yes,ticket CONTROLH-2026-D snapshotMid 0.9195
2026-10-05,crosslayer,GOVERNOR-HI-2026,metaculus 0.98,0.98,yes,ticket GOVPARTYHI-26-D snapshotMid 0.971
2026-10-05,crosslayer,GOVERNOR-NM-2026,metaculus 0.94,0.94,yes,ticket GOVPARTYNM-26-D snapshotMid 0.9455
2026-10-05,crosslayer,GOVERNOR-OR-2026,metaculus 0.87,0.87,yes,ticket GOVPARTYOR-26-D snapshotMid 0.735
2026-10-05,crosslayer,GOVERNOR-MI-2026,metaculus 0.85,0.85,yes,ticket GOVPARTYMI-26-D snapshotMid 0.927
2026-10-05,crosslayer,SENATE-AK-2026,metaculus 0.525,0.525,yes,ticket SENATEAK-26-D snapshotMid 0.73
2026-10-05,crosslayer,SENATE-MT-2026,metaculus 0.01,0.01,yes,ticket SENATEMT-26-D snapshotMid 0.0085
2026-10-05,crosslayer,SENATE-NE-2026,metaculus 0.001,0.001,yes,ticket SENATENE-26-D snapshotMid 0.004
2026-10-05,crosslayer,SENATE-CONTROL-2026,metaculus 0.584,0.584,no,ticket CONTROLS-2026-D snapshotMid 0.645
2026-10-05,crosslayer,HOUSE-CONTROL-2026,metaculus 0.929,0.929,no,ticket CONTROLH-2026-D snapshotMid 0.9165
2026-10-05,crosslayer,SENATE-OR-2026,metaculus 0.99,0.99,no,ticket SENATEOR-26-D snapshotMid 0.988
2026-10-05,crosslayer,SENATE-RI-2026,metaculus 0.99,0.99,no,ticket SENATERI-26-D snapshotMid 0.9905
2026-10-05,crosslayer,SENATE-CO-2026,metaculus 0.982,0.982,no,ticket SENATECO-26-D snapshotMid 0.9915
2026-10-05,crosslayer,SENATE-MN-2026,metaculus 0.925,0.925,no,ticket SENATEMN-26-D snapshotMid 0.865
2026-10-05,crosslayer,GOVERNOR-HI-2026,metaculus 0.98,0.98,no,ticket GOVPARTYHI-26-D snapshotMid 0.9735
2026-10-05,crosslayer,GOVERNOR-NM-2026,metaculus 0.94,0.94,no,ticket GOVPARTYNM-26-D snapshotMid 0.945
2026-10-05,crosslayer,GOVERNOR-OR-2026,metaculus 0.86,0.86,no,ticket GOVPARTYOR-26-D snapshotMid 0.755
2026-10-05,crosslayer,GOVERNOR-MI-2026,metaculus 0.85,0.85,no,ticket GOVPARTYMI-26-D snapshotMid 0.9305
2026-10-05,crosslayer,SENATE-AK-2026,metaculus 0.525,0.525,no,ticket SENATEAK-26-D snapshotMid 0.735
2026-10-05,crosslayer,SENATE-MT-2026,metaculus 0.01,0.01,no,ticket SENATEMT-26-D snapshotMid 0.021
2026-10-05,crosslayer,SENATE-NE-2026,metaculus 0.001,0.001,no,ticket SENATENE-26-D snapshotMid 0.0015
2026-10-05,crosslayer,SENATE-CONTROL-2026,metaculus 0.586,0.586,no,ticket CONTROLS-2026-D snapshotMid 0.645
2026-10-05,crosslayer,HOUSE-CONTROL-2026,metaculus 0.929,0.929,no,ticket CONTROLH-2026-D snapshotMid 0.9155
2026-10-05,crosslayer,SENATE-OR-2026,metaculus 0.99,0.99,no,ticket SENATEOR-26-D snapshotMid 0.9855
2026-10-05,crosslayer,SENATE-RI-2026,metaculus 0.99,0.99,no,ticket SENATERI-26-D snapshotMid 0.99
2026-10-05,crosslayer,SENATE-CO-2026,metaculus 0.982,0.982,no,ticket SENATECO-26-D snapshotMid 0.991
2026-10-05,crosslayer,SENATE-MN-2026,metaculus 0.925,0.925,no,ticket SENATEMN-26-D snapshotMid 0.865
2026-10-05,crosslayer,GOVERNOR-HI-2026,metaculus 0.98,0.98,no,ticket GOVPARTYHI-26-D snapshotMid 0.9735
2026-10-05,crosslayer,GOVERNOR-NM-2026,metaculus 0.94,0.94,no,ticket GOVPARTYNM-26-D snapshotMid 0.9465
2026-10-05,crosslayer,GOVERNOR-OR-2026,metaculus 0.86,0.86,no,ticket GOVPARTYOR-26-D snapshotMid 0.76
2026-10-05,crosslayer,GOVERNOR-MI-2026,metaculus 0.85,0.85,no,ticket GOVPARTYMI-26-D snapshotMid 0.937
2026-10-05,crosslayer,SENATE-AK-2026,metaculus 0.525,0.525,no,ticket SENATEAK-26-D snapshotMid 0.745
2026-10-05,crosslayer,SENATE-MT-2026,metaculus 0.009,0.009,no,ticket SENATEMT-26-D snapshotMid 0.009
2026-10-05,crosslayer,SENATE-NE-2026,metaculus 0.001,0.001,no,ticket SENATENE-26-D snapshotMid 0.0015
2026-10-05,crosslayer,SENATE-CONTROL-2026,metaculus 0.588,0.588,no,ticket CONTROLS-2026-D snapshotMid 0.635
2026-10-05,crosslayer,HOUSE-CONTROL-2026,metaculus 0.922,0.922,no,ticket CONTROLH-2026-D snapshotMid 0.895
2026-10-05,crosslayer,SENATE-RI-2026,metaculus 0.99,0.99,no,ticket SENATERI-26-D snapshotMid 0.989
2026-10-05,crosslayer,SENATE-OR-2026,metaculus 0.99,0.99,no,ticket SENATEOR-26-D snapshotMid 0.9855
2026-10-05,crosslayer,SENATE-CO-2026,metaculus 0.985,0.985,no,ticket SENATECO-26-D snapshotMid 0.991
2026-10-05,crosslayer,SENATE-NC-2026,metaculus 0.92,0.92,no,ticket SENATENC-26-D snapshotMid 0.968
2026-10-05,crosslayer,GOVERNOR-HI-2026,metaculus 0.98,0.98,no,ticket GOVPARTYHI-26-D snapshotMid 0.9775
2026-10-05,crosslayer,GOVERNOR-NM-2026,metaculus 0.94,0.94,no,ticket GOVPARTYNM-26-D snapshotMid 0.94
2026-10-05,crosslayer,GOVERNOR-OR-2026,metaculus 0.858,0.858,no,ticket GOVPARTYOR-26-D snapshotMid 0.775
2026-10-05,crosslayer,GOVERNOR-MI-2026,metaculus 0.85,0.85,no,ticket GOVPARTYMI-26-D snapshotMid 0.9225
2026-10-05,crosslayer,SENATE-AK-2026,metaculus 0.54,0.54,no,ticket SENATEAK-26-D snapshotMid 0.765
2026-10-05,crosslayer,SENATE-MT-2026,metaculus 0.009,0.009,no,ticket SENATEMT-26-D snapshotMid 0.008
2026-10-05,crosslayer,SENATE-NE-2026,metaculus 0.001,0.001,no,ticket SENATENE-26-D snapshotMid 0.0015
2026-10-05,crosslayer,SENATE-CONTROL-2026,metaculus 0.598,0.598,no,ticket CONTROLS-2026-D snapshotMid 0.615
2026-10-05,crosslayer,HOUSE-CONTROL-2026,metaculus 0.922,0.922,no,ticket CONTROLH-2026-D snapshotMid 0.9005
2026-10-05,crosslayer,SENATE-OR-2026,metaculus 0.99,0.99,no,ticket SENATEOR-26-D snapshotMid 0.983
2026-10-05,crosslayer,SENATE-RI-2026,metaculus 0.99,0.99,no,ticket SENATERI-26-D snapshotMid 0.9885
2026-10-05,crosslayer,SENATE-CO-2026,metaculus 0.985,0.985,no,ticket SENATECO-26-D snapshotMid 0.988
2026-10-05,crosslayer,SENATE-NC-2026,metaculus 0.92,0.92,no,ticket SENATENC-26-D snapshotMid 0.9685
2026-10-05,crosslayer,GOVERNOR-HI-2026,metaculus 0.98,0.98,no,ticket GOVPARTYHI-26-D snapshotMid 0.9795
2026-10-05,crosslayer,GOVERNOR-NM-2026,metaculus 0.94,0.94,no,ticket GOVPARTYNM-26-D snapshotMid 0.939
2026-10-05,crosslayer,GOVERNOR-OR-2026,metaculus 0.86,0.86,no,ticket GOVPARTYOR-26-D snapshotMid 0.755
2026-10-05,crosslayer,GOVERNOR-MI-2026,metaculus 0.85,0.85,no,ticket GOVPARTYMI-26-D snapshotMid 0.9205
2026-10-05,crosslayer,SENATE-AK-2026,metaculus 0.548,0.548,no,ticket SENATEAK-26-D snapshotMid 0.755
2026-10-05,crosslayer,SENATE-MT-2026,metaculus 0.009,0.009,no,ticket SENATEMT-26-D snapshotMid 0.0085
2026-10-05,crosslayer,SENATE-NE-2026,metaculus 0.001,0.001,no,ticket SENATENE-26-D snapshotMid 0.001
2026-10-05,crosslayer,SENATE-CONTROL-2026,metaculus 0.608,0.608,no,ticket CONTROLS-2026-D snapshotMid 0.605
2026-10-05,crosslayer,HOUSE-CONTROL-2026,metaculus 0.93,0.93,no,ticket CONTROLH-2026-D snapshotMid 0.895
2026-10-05,crosslayer,SENATE-OR-2026,metaculus 0.99,0.99,no,ticket SENATEOR-26-D snapshotMid 0.983
2026-10-05,crosslayer,SENATE-RI-2026,metaculus 0.99,0.99,no,ticket SENATERI-26-D snapshotMid 0.978
2026-10-05,crosslayer,SENATE-CO-2026,metaculus 0.985,0.985,no,ticket SENATECO-26-D snapshotMid 0.988
2026-10-05,crosslayer,SENATE-GA-2026,metaculus 0.93,0.93,no,ticket SENATEGA-26-D snapshotMid 0.9545
2026-10-05,crosslayer,SENATE-AK-2026,metaculus 0.54,0.54,no,ticket SENATEAK-26-D snapshotMid 0.735
2026-10-05,crosslayer,SENATE-MT-2026,metaculus 0.01,0.01,no,ticket SENATEMT-26-D snapshotMid 0.0085
2026-10-05,crosslayer,SENATE-NE-2026,metaculus 0.001,0.001,no,ticket SENATENE-26-D snapshotMid 0.0025
2026-10-06,poll,cnn-ssrs-2026-09-me-senate,U.S. Senate — Maine CNN Poll conducted by SSRS,0.6608,yes,margin 3pp -> logistic k=4.5; ticket SENATEME-26-D
2026-10-06,poll,cnn-ssrs-2026-09-mi-senate,U.S. Senate — Michigan (open seat) CNN Poll conducted by SSRS,0.6608,yes,margin 3pp -> logistic k=4.5; ticket SENATEMI-26-D
2026-10-06,poll,emerson-2026-09-mi-senate,U.S. Senate — Michigan (open seat) Emerson College Polling / Nexstar Media,0.6093,yes,margin 2pp -> logistic k=4.5; ticket SENATEMI-26-D
2026-10-06,poll,emerson-2026-09-tx-senate,U.S. Senate — Texas (open seat) Emerson College Polling / Nexstar Media,0.5553,yes,margin 1pp -> logistic k=4.5; ticket SENATETX-26-D
2026-10-06,poll,emerson-2026-09-ia-senate,U.S. Senate — Iowa (open seat) Emerson College Polling / Nexstar Media,0.2477,yes,margin -5pp -> logistic k=4.5; ticket SENATEIA-26-D
2026-10-06,poll,reconmr-siena-2026-09-tx-senate,U.S. Senate — Texas (open seat) Texas Poll — ReconMR fieldwork (released via Siena Research Institute),0.7914,yes,margin 6pp -> logistic k=4.5; ticket SENATETX-26-D
2026-10-06,poll,suffolk-2026-08-ia-senate,U.S. Senate — Iowa (open seat) Suffolk University Political Research Center (SUPRC),0.2913,yes,margin -4pp -> logistic k=4.5; ticket SENATEIA-26-D
2026-10-06,poll,npi-2026-08-az-governor,Governor — Arizona Noble Predictive Insights — Arizona Public Opinion Pulse (AZPOP),0.9473,yes,margin 13pp -> logistic k=4.5; ticket GOVPARTYAZ-26-D
2026-10-06,poll,fm-2026-08-pa-governor,Governor — Pennsylvania Franklin & Marshall College Poll,0.9961,yes,margin 25pp -> logistic k=4.5; ticket GOVPARTYPA-26-D
2026-10-06,poll,elon-2026-09-nc-senate,U.S. Senate — North Carolina Elon University Poll (fielded by YouGov),0.9202,yes,margin 11pp -> logistic k=4.5; ticket SENATENC-26-D
2026-10-06,poll,hpu-2026-04-nc-senate,U.S. Senate — North Carolina HPU Poll 120 — High Point University Survey Research Center (fielded by YouGov),0.8554,yes,margin 8pp -> logistic k=4.5; ticket SENATENC-26-D
2026-10-06,poll,hpu-2026-08-nc-senate,U.S. Senate — North Carolina HPU Poll 126 — High Point University Survey Research Center (fielded by YouGov),0.7523,yes,margin 5pp -> logistic k=4.5; ticket SENATENC-26-D
2026-10-06,poll,stetson-2026-04-fl-governor,Governor — Florida Stetson University Center for Public Opinion Research (CPOR) — Spring 2026 Survey,0.1743,yes,margin -7pp -> logistic k=4.5; ticket GOVPARTYFL-26-D
2026-10-06,poll,ppp-2026-07-nc-senate,U.S. Senate — North Carolina Public Policy Polling (PPP),0.7087,yes,margin 4pp -> logistic k=4.5; ticket SENATENC-26-D
2026-10-06,poll,unf-2026-07-fl-governor,Governor — Florida University of North Florida Public Opinion Research Lab,0.2477,yes,margin -5pp -> logistic k=4.5; ticket GOVPARTYFL-26-D
2026-10-06,poll,unf-2026-07-fl-senate,U.S. Senate — Florida (special) University of North Florida Public Opinion Research Lab,0.1446,yes,margin -8pp -> logistic k=4.5; ticket SENATEFLS-26-D
2026-10-06,poll,rasmussen-2026-09-ga-governor,Governor — Georgia Rasmussen Reports (field work by Pulse Opinion Research),0.3392,yes,margin -3pp -> logistic k=4.5; ticket GOVPARTYGA-26-D
2026-10-06,poll,rasmussen-2026-09-ga-senate,U.S. Senate — Georgia Rasmussen Reports (field work by Pulse Opinion Research),0.8808,yes,margin 9pp -> logistic k=4.5; ticket SENATEGA-26-D
2026-10-06,poll,rasmussen-2026-09-sc-senate,U.S. Senate — South Carolina (special) Rasmussen Reports (field work by Pulse Opinion Research),0.2477,yes,margin -5pp -> logistic k=4.5; ticket SENATESC-26-D
2026-10-06,rating,AK,Toss Up / Tilt R,0.25-0.65,yes,ticket SENATEAK-26-D
2026-10-06,rating,IA,Toss Up / Tilt R,0.25-0.65,yes,ticket SENATEIA-26-D
2026-10-06,rating,ME,Toss Up / Toss-up,0.35-0.65,yes,ticket SENATEME-26-D
2026-10-06,rating,MI,Toss Up / Toss-up,0.35-0.65,yes,ticket SENATEMI-26-D
2026-10-06,rating,NH,Toss Up / Toss-up,0.35-0.65,yes,ticket SENATENH-26-D
2026-10-06,rating,OH,Toss Up / Toss-up,0.35-0.65,yes,ticket SENATEOHS-26-D
2026-10-06,rating,TX,Toss Up / Lean R,0.2-0.65,yes,ticket SENATETX-26-D
2026-10-06,rating,GA,Lean D / Tilt D,0.55-0.8,yes,ticket SENATEGA-26-D
2026-10-06,rating,NC,Lean D / Tilt D,0.55-0.8,yes,ticket SENATENC-26-D
2026-10-06,rating,MN,Likely D / Likely D,0.75-0.92,yes,ticket SENATEMN-26-D
2026-10-06,rating,KS,Likely R / Likely R,0.08-0.25,yes,ticket SENATEKS-26-D
2026-10-06,rating,SC,Solid R / Likely R,0-0.25,yes,ticket SENATESC-26-D
2026-10-06,crosslayer,SENATE-CONTROL-2026,metaculus 0.517,0.517,yes,ticket CONTROLS-2026-D snapshotMid 0.595
2026-10-06,crosslayer,HOUSE-CONTROL-2026,metaculus 0.888,0.888,yes,ticket CONTROLH-2026-D snapshotMid 0.895
2026-10-06,crosslayer,HOUSE-CONTROL-2026,metaculus 0.888,0.888,yes,ticket CONTROLH-2026-D snapshotMid 0.9015
2026-10-06,crosslayer,GOVERNOR-HI-2026,metaculus 0.98,0.98,yes,ticket GOVPARTYHI-26-D snapshotMid 0.974
2026-10-06,crosslayer,GOVERNOR-NM-2026,metaculus 0.922,0.922,yes,ticket GOVPARTYNM-26-D snapshotMid 0.9255
2026-10-06,crosslayer,GOVERNOR-OR-2026,metaculus 0.88,0.88,yes,ticket GOVPARTYOR-26-D snapshotMid 0.845
2026-10-06,crosslayer,GOVERNOR-MI-2026,metaculus 0.85,0.85,yes,ticket GOVPARTYMI-26-D snapshotMid 0.915
2026-10-06,crosslayer,SENATE-MT-2026,metaculus 0.01,0.01,yes,ticket SENATEMT-26-D snapshotMid 0.0075
2026-10-06,crosslayer,SENATE-NE-2026,metaculus 0.001,0.001,yes,ticket SENATENE-26-D snapshotMid 0.0005
2026-10-06,crosslayer,SENATE-RI-2026,metaculus 0.99,0.99,yes,ticket SENATERI-26-D snapshotMid 0.979
2026-10-06,crosslayer,SENATE-OR-2026,metaculus 0.99,0.99,yes,ticket SENATEOR-26-D snapshotMid 0.977
2026-10-06,crosslayer,SENATE-CO-2026,metaculus 0.98,0.98,yes,ticket SENATECO-26-D snapshotMid 0.9725
2026-10-06,crosslayer,SENATE-MN-2026,metaculus 0.92,0.92,yes,ticket SENATEMN-26-D snapshotMid 0.9035
2026-10-06,crosslayer,SENATE-AK-2026,metaculus 0.54,0.54,yes,ticket SENATEAK-26-D snapshotMid 0.695
2026-10-06,crosslayer,SENATE-CONTROL-2026,metaculus 0.5,0.5,yes,ticket CONTROLS-2026-D snapshotMid 0.605
2026-10-06,crosslayer,HOUSE-CONTROL-2026,metaculus 0.9,0.9,yes,ticket CONTROLH-2026-D snapshotMid 0.9085
2026-10-06,crosslayer,SENATE-RI-2026,metaculus 0.99,0.99,yes,ticket SENATERI-26-D snapshotMid 0.982
2026-10-06,crosslayer,SENATE-OR-2026,metaculus 0.99,0.99,yes,ticket SENATEOR-26-D snapshotMid 0.977
2026-10-06,crosslayer,SENATE-CO-2026,metaculus 0.98,0.98,yes,ticket SENATECO-26-D snapshotMid 0.973
2026-10-06,crosslayer,SENATE-MN-2026,metaculus 0.93,0.93,yes,ticket SENATEMN-26-D snapshotMid 0.902
2026-10-06,crosslayer,GOVERNOR-HI-2026,metaculus 0.98,0.98,yes,ticket GOVPARTYHI-26-D snapshotMid 0.974
2026-10-06,crosslayer,GOVERNOR-NM-2026,metaculus 0.922,0.922,yes,ticket GOVPARTYNM-26-D snapshotMid 0.928
2026-10-06,crosslayer,GOVERNOR-OR-2026,metaculus 0.88,0.88,yes,ticket GOVPARTYOR-26-D snapshotMid 0.86
2026-10-06,crosslayer,GOVERNOR-MI-2026,metaculus 0.85,0.85,yes,ticket GOVPARTYMI-26-D snapshotMid 0.9165
2026-10-06,crosslayer,SENATE-AK-2026,metaculus 0.54,0.54,yes,ticket SENATEAK-26-D snapshotMid 0.705
2026-10-06,crosslayer,SENATE-MT-2026,metaculus 0.01,0.01,yes,ticket SENATEMT-26-D snapshotMid 0.01
2026-10-06,crosslayer,SENATE-NE-2026,metaculus 0.001,0.001,yes,ticket SENATENE-26-D snapshotMid 0.0025
2026-10-06,crosslayer,SENATE-CONTROL-2026,metaculus 0.512,0.512,yes,ticket CONTROLS-2026-D snapshotMid 0.605
2026-10-06,crosslayer,HOUSE-CONTROL-2026,metaculus 0.908,0.908,yes,ticket CONTROLH-2026-D snapshotMid 0.9065
2026-10-06,crosslayer,SENATE-RI-2026,metaculus 0.99,0.99,yes,ticket SENATERI-26-D snapshotMid 0.9825
2026-10-06,crosslayer,SENATE-OR-2026,metaculus 0.99,0.99,yes,ticket SENATEOR-26-D snapshotMid 0.977
2026-10-06,crosslayer,SENATE-CO-2026,metaculus 0.98,0.98,yes,ticket SENATECO-26-D snapshotMid 0.973
2026-10-06,crosslayer,SENATE-MN-2026,metaculus 0.93,0.93,yes,ticket SENATEMN-26-D snapshotMid 0.905
2026-10-06,crosslayer,GOVERNOR-HI-2026,metaculus 0.98,0.98,yes,ticket GOVPARTYHI-26-D snapshotMid 0.974
2026-10-06,crosslayer,GOVERNOR-NM-2026,metaculus 0.928,0.928,yes,ticket GOVPARTYNM-26-D snapshotMid 0.931
2026-10-06,crosslayer,GOVERNOR-OR-2026,metaculus 0.882,0.882,yes,ticket GOVPARTYOR-26-D snapshotMid 0.86
2026-10-06,crosslayer,GOVERNOR-MI-2026,metaculus 0.84,0.84,yes,ticket GOVPARTYMI-26-D snapshotMid 0.923
2026-10-06,crosslayer,SENATE-AK-2026,metaculus 0.54,0.54,yes,ticket SENATEAK-26-D snapshotMid 0.735
2026-10-06,crosslayer,SENATE-MT-2026,metaculus 0.01,0.01,yes,ticket SENATEMT-26-D snapshotMid 0.009
2026-10-06,crosslayer,SENATE-NE-2026,metaculus 0.001,0.001,yes,ticket SENATENE-26-D snapshotMid 0.002
2026-10-06,crosslayer,SENATE-GA-2026,metaculus 0.92,0.92,yes,ticket SENATEGA-26-D snapshotMid 0.9385
2026-10-06,crosslayer,SENATE-CONTROL-2026,metaculus 0.531,0.531,yes,ticket CONTROLS-2026-D snapshotMid 0.625
2026-10-06,crosslayer,HOUSE-CONTROL-2026,metaculus 0.906,0.906,yes,ticket CONTROLH-2026-D snapshotMid 0.9095
2026-10-06,crosslayer,SENATE-RI-2026,metaculus 0.99,0.99,yes,ticket SENATERI-26-D snapshotMid 0.9865
2026-10-06,crosslayer,SENATE-OR-2026,metaculus 0.99,0.99,yes,ticket SENATEOR-26-D snapshotMid 0.977
2026-10-06,crosslayer,SENATE-CO-2026,metaculus 0.98,0.98,yes,ticket SENATECO-26-D snapshotMid 0.9735
2026-10-06,crosslayer,SENATE-GA-2026,metaculus 0.92,0.92,yes,ticket SENATEGA-26-D snapshotMid 0.9385
2026-10-06,crosslayer,GOVERNOR-HI-2026,metaculus 0.98,0.98,yes,ticket GOVPARTYHI-26-D snapshotMid 0.973
2026-10-06,crosslayer,GOVERNOR-NM-2026,metaculus 0.928,0.928,yes,ticket GOVPARTYNM-26-D snapshotMid 0.931
2026-10-06,crosslayer,GOVERNOR-OR-2026,metaculus 0.882,0.882,yes,ticket GOVPARTYOR-26-D snapshotMid 0.855
2026-10-06,crosslayer,GOVERNOR-MI-2026,metaculus 0.84,0.84,yes,ticket GOVPARTYMI-26-D snapshotMid 0.9235
2026-10-06,crosslayer,SENATE-AK-2026,metaculus 0.54,0.54,yes,ticket SENATEAK-26-D snapshotMid 0.755
2026-10-06,crosslayer,SENATE-MT-2026,metaculus 0.01,0.01,yes,ticket SENATEMT-26-D snapshotMid 0.012
2026-10-06,crosslayer,SENATE-NE-2026,metaculus 0.002,0.002,yes,ticket SENATENE-26-D snapshotMid 0.0025
2026-10-06,crosslayer,SENATE-NC-2026,metaculus 0.92,0.92,yes,ticket SENATENC-26-D snapshotMid 0.9365
2026-10-06,crosslayer,SENATE-CONTROL-2026,metaculus 0.567,0.567,yes,ticket CONTROLS-2026-D snapshotMid 0.615
2026-10-06,crosslayer,HOUSE-CONTROL-2026,metaculus 0.91,0.91,yes,ticket CONTROLH-2026-D snapshotMid 0.9165
2026-10-06,crosslayer,SENATE-RI-2026,metaculus 0.996,0.996,yes,ticket SENATERI-26-D snapshotMid 0.99
2026-10-06,crosslayer,SENATE-OR-2026,metaculus 0.99,0.99,yes,ticket SENATEOR-26-D snapshotMid 0.9775
2026-10-06,crosslayer,SENATE-CO-2026,metaculus 0.98,0.98,yes,ticket SENATECO-26-D snapshotMid 0.9845
2026-10-06,crosslayer,SENATE-MN-2026,metaculus 0.94,0.94,yes,ticket SENATEMN-26-D snapshotMid 0.9055
2026-10-06,crosslayer,GOVERNOR-HI-2026,metaculus 0.98,0.98,yes,ticket GOVPARTYHI-26-D snapshotMid 0.9745
2026-10-06,crosslayer,GOVERNOR-NM-2026,metaculus 0.928,0.928,yes,ticket GOVPARTYNM-26-D snapshotMid 0.9295
2026-10-06,crosslayer,GOVERNOR-OR-2026,metaculus 0.88,0.88,yes,ticket GOVPARTYOR-26-D snapshotMid 0.84
2026-10-06,crosslayer,GOVERNOR-MI-2026,metaculus 0.85,0.85,yes,ticket GOVPARTYMI-26-D snapshotMid 0.927
2026-10-06,crosslayer,SENATE-AK-2026,metaculus 0.548,0.548,yes,ticket SENATEAK-26-D snapshotMid 0.705
2026-10-06,crosslayer,SENATE-MT-2026,metaculus 0.01,0.01,yes,ticket SENATEMT-26-D snapshotMid 0.0095
2026-10-06,crosslayer,SENATE-NE-2026,metaculus 0.001,0.001,yes,ticket SENATENE-26-D snapshotMid 0.002
2026-10-06,crosslayer,SENATE-CONTROL-2026,metaculus 0.582,0.582,yes,ticket CONTROLS-2026-D snapshotMid 0.605
2026-10-06,crosslayer,HOUSE-CONTROL-2026,metaculus 0.929,0.929,yes,ticket CONTROLH-2026-D snapshotMid 0.919
2026-10-06,crosslayer,SENATE-RI-2026,metaculus 0.996,0.996,yes,ticket SENATERI-26-D snapshotMid 0.99
2026-10-06,crosslayer,SENATE-OR-2026,metaculus 0.99,0.99,yes,ticket SENATEOR-26-D snapshotMid 0.9775
2026-10-06,crosslayer,SENATE-CO-2026,metaculus 0.98,0.98,yes,ticket SENATECO-26-D snapshotMid 0.9855
2026-10-06,crosslayer,SENATE-MN-2026,metaculus 0.94,0.94,yes,ticket SENATEMN-26-D snapshotMid 0.895
2026-10-06,crosslayer,GOVERNOR-HI-2026,metaculus 0.98,0.98,yes,ticket GOVPARTYHI-26-D snapshotMid 0.9745
2026-10-06,crosslayer,GOVERNOR-NM-2026,metaculus 0.93,0.93,yes,ticket GOVPARTYNM-26-D snapshotMid 0.928
2026-10-06,crosslayer,GOVERNOR-OR-2026,metaculus 0.88,0.88,yes,ticket GOVPARTYOR-26-D snapshotMid 0.85
2026-10-06,crosslayer,GOVERNOR-MI-2026,metaculus 0.85,0.85,yes,ticket GOVPARTYMI-26-D snapshotMid 0.925
2026-10-06,crosslayer,SENATE-AK-2026,metaculus 0.548,0.548,yes,ticket SENATEAK-26-D snapshotMid 0.705
2026-10-06,crosslayer,SENATE-MT-2026,metaculus 0.01,0.01,yes,ticket SENATEMT-26-D snapshotMid 0.011
2026-10-06,crosslayer,SENATE-NE-2026,metaculus 0.001,0.001,yes,ticket SENATENE-26-D snapshotMid 0.002
2026-10-06,crosslayer,SENATE-CONTROL-2026,metaculus 0.572,0.572,yes,ticket CONTROLS-2026-D snapshotMid 0.615
2026-10-06,crosslayer,HOUSE-CONTROL-2026,metaculus 0.929,0.929,yes,ticket CONTROLH-2026-D snapshotMid 0.919
2026-10-06,crosslayer,SENATE-RI-2026,metaculus 0.993,0.993,yes,ticket SENATERI-26-D snapshotMid 0.99
2026-10-06,crosslayer,SENATE-OR-2026,metaculus 0.99,0.99,yes,ticket SENATEOR-26-D snapshotMid 0.9775
2026-10-06,crosslayer,SENATE-CO-2026,metaculus 0.98,0.98,yes,ticket SENATECO-26-D snapshotMid 0.985
2026-10-06,crosslayer,SENATE-MN-2026,metaculus 0.94,0.94,yes,ticket SENATEMN-26-D snapshotMid 0.895
2026-10-06,crosslayer,GOVERNOR-HI-2026,metaculus 0.98,0.98,yes,ticket GOVPARTYHI-26-D snapshotMid 0.9745
2026-10-06,crosslayer,GOVERNOR-NM-2026,metaculus 0.928,0.928,yes,ticket GOVPARTYNM-26-D snapshotMid 0.9275
2026-10-06,crosslayer,GOVERNOR-OR-2026,metaculus 0.88,0.88,yes,ticket GOVPARTYOR-26-D snapshotMid 0.84
2026-10-06,crosslayer,GOVERNOR-MI-2026,metaculus 0.85,0.85,yes,ticket GOVPARTYMI-26-D snapshotMid 0.927
2026-10-06,crosslayer,SENATE-AK-2026,metaculus 0.548,0.548,yes,ticket SENATEAK-26-D snapshotMid 0.705
2026-10-06,crosslayer,SENATE-MT-2026,metaculus 0.01,0.01,yes,ticket SENATEMT-26-D snapshotMid 0.016
2026-10-06,crosslayer,SENATE-NE-2026,metaculus 0.001,0.001,yes,ticket SENATENE-26-D snapshotMid 0.0005
2026-10-06,crosslayer,SENATE-CONTROL-2026,metaculus 0.555,0.555,yes,ticket CONTROLS-2026-D snapshotMid 0.615
2026-10-06,crosslayer,HOUSE-CONTROL-2026,metaculus 0.919,0.919,yes,ticket CONTROLH-2026-D snapshotMid 0.9165
2026-10-06,crosslayer,SENATE-RI-2026,metaculus 0.993,0.993,yes,ticket SENATERI-26-D snapshotMid 0.9905
2026-10-06,crosslayer,SENATE-OR-2026,metaculus 0.99,0.99,yes,ticket SENATEOR-26-D snapshotMid 0.9775
2026-10-06,crosslayer,SENATE-CO-2026,metaculus 0.98,0.98,yes,ticket SENATECO-26-D snapshotMid 0.9855
2026-10-06,crosslayer,SENATE-MN-2026,metaculus 0.95,0.95,yes,ticket SENATEMN-26-D snapshotMid 0.895
2026-10-06,crosslayer,GOVERNOR-HI-2026,metaculus 0.98,0.98,yes,ticket GOVPARTYHI-26-D snapshotMid 0.9745
2026-10-06,crosslayer,GOVERNOR-NM-2026,metaculus 0.925,0.925,yes,ticket GOVPARTYNM-26-D snapshotMid 0.929
2026-10-06,crosslayer,GOVERNOR-OR-2026,metaculus 0.874,0.874,yes,ticket GOVPARTYOR-26-D snapshotMid 0.805
2026-10-06,crosslayer,GOVERNOR-MI-2026,metaculus 0.84,0.84,yes,ticket GOVPARTYMI-26-D snapshotMid 0.9235
2026-10-06,crosslayer,SENATE-AK-2026,metaculus 0.54,0.54,yes,ticket SENATEAK-26-D snapshotMid 0.705
2026-10-06,crosslayer,SENATE-MT-2026,metaculus 0.01,0.01,yes,ticket SENATEMT-26-D snapshotMid 0.0145
2026-10-06,crosslayer,SENATE-NE-2026,metaculus 0.001,0.001,yes,ticket SENATENE-26-D snapshotMid 0.0025
2026-10-06,crosslayer,SENATE-CONTROL-2026,metaculus 0.569,0.569,yes,ticket CONTROLS-2026-D snapshotMid 0.625
2026-10-06,crosslayer,HOUSE-CONTROL-2026,metaculus 0.925,0.925,yes,ticket CONTROLH-2026-D snapshotMid 0.9155
2026-10-06,crosslayer,SENATE-RI-2026,metaculus 0.991,0.991,yes,ticket SENATERI-26-D snapshotMid 0.9885
2026-10-06,crosslayer,SENATE-OR-2026,metaculus 0.99,0.99,yes,ticket SENATEOR-26-D snapshotMid 0.9775
2026-10-06,crosslayer,SENATE-CO-2026,metaculus 0.98,0.98,yes,ticket SENATECO-26-D snapshotMid 0.9855
2026-10-06,crosslayer,SENATE-MN-2026,metaculus 0.95,0.95,yes,ticket SENATEMN-26-D snapshotMid 0.895
2026-10-06,crosslayer,GOVERNOR-HI-2026,metaculus 0.98,0.98,yes,ticket GOVPARTYHI-26-D snapshotMid 0.9745
2026-10-06,crosslayer,GOVERNOR-NM-2026,metaculus 0.925,0.925,yes,ticket GOVPARTYNM-26-D snapshotMid 0.93
2026-10-06,crosslayer,GOVERNOR-OR-2026,metaculus 0.874,0.874,yes,ticket GOVPARTYOR-26-D snapshotMid 0.815
2026-10-06,crosslayer,GOVERNOR-MI-2026,metaculus 0.84,0.84,yes,ticket GOVPARTYMI-26-D snapshotMid 0.926
2026-10-06,crosslayer,SENATE-AK-2026,metaculus 0.54,0.54,yes,ticket SENATEAK-26-D snapshotMid 0.695
2026-10-06,crosslayer,SENATE-MT-2026,metaculus 0.01,0.01,yes,ticket SENATEMT-26-D snapshotMid 0.0145
2026-10-06,crosslayer,SENATE-NE-2026,metaculus 0.001,0.001,yes,ticket SENATENE-26-D snapshotMid 0.0025
2026-10-06,crosslayer,SENATE-CONTROL-2026,metaculus 0.562,0.562,yes,ticket CONTROLS-2026-D snapshotMid 0.625
2026-10-06,crosslayer,HOUSE-CONTROL-2026,metaculus 0.919,0.919,yes,ticket CONTROLH-2026-D snapshotMid 0.915
2026-10-06,crosslayer,SENATE-RI-2026,metaculus 0.99,0.99,yes,ticket SENATERI-26-D snapshotMid 0.9885
2026-10-06,crosslayer,SENATE-OR-2026,metaculus 0.99,0.99,yes,ticket SENATEOR-26-D snapshotMid 0.983
2026-10-06,crosslayer,SENATE-CO-2026,metaculus 0.98,0.98,yes,ticket SENATECO-26-D snapshotMid 0.9855
2026-10-06,crosslayer,SENATE-MN-2026,metaculus 0.95,0.95,yes,ticket SENATEMN-26-D snapshotMid 0.885
2026-10-06,crosslayer,GOVERNOR-HI-2026,metaculus 0.98,0.98,yes,ticket GOVPARTYHI-26-D snapshotMid 0.969
2026-10-06,crosslayer,GOVERNOR-NM-2026,metaculus 0.925,0.925,yes,ticket GOVPARTYNM-26-D snapshotMid 0.9295
2026-10-06,crosslayer,GOVERNOR-OR-2026,metaculus 0.874,0.874,yes,ticket GOVPARTYOR-26-D snapshotMid 0.795
2026-10-06,crosslayer,GOVERNOR-MI-2026,metaculus 0.84,0.84,yes,ticket GOVPARTYMI-26-D snapshotMid 0.9225
2026-10-06,crosslayer,SENATE-AK-2026,metaculus 0.54,0.54,yes,ticket SENATEAK-26-D snapshotMid 0.705
2026-10-06,crosslayer,SENATE-MT-2026,metaculus 0.01,0.01,yes,ticket SENATEMT-26-D snapshotMid 0.009
2026-10-06,crosslayer,SENATE-NE-2026,metaculus 0.001,0.001,yes,ticket SENATENE-26-D snapshotMid 0.002
2026-10-06,crosslayer,SENATE-CONTROL-2026,metaculus 0.565,0.565,yes,ticket CONTROLS-2026-D snapshotMid 0.625
2026-10-06,crosslayer,HOUSE-CONTROL-2026,metaculus 0.924,0.924,yes,ticket CONTROLH-2026-D snapshotMid 0.9155
2026-10-06,crosslayer,SENATE-RI-2026,metaculus 0.99,0.99,yes,ticket SENATERI-26-D snapshotMid 0.99
2026-10-06,crosslayer,SENATE-OR-2026,metaculus 0.99,0.99,yes,ticket SENATEOR-26-D snapshotMid 0.9785
2026-10-06,crosslayer,SENATE-CO-2026,metaculus 0.98,0.98,yes,ticket SENATECO-26-D snapshotMid 0.9865
2026-10-06,crosslayer,SENATE-MN-2026,metaculus 0.94,0.94,yes,ticket SENATEMN-26-D snapshotMid 0.875
2026-10-06,crosslayer,GOVERNOR-HI-2026,metaculus 0.98,0.98,yes,ticket GOVPARTYHI-26-D snapshotMid 0.9745
2026-10-06,crosslayer,GOVERNOR-NM-2026,metaculus 0.93,0.93,yes,ticket GOVPARTYNM-26-D snapshotMid 0.9305
2026-10-06,crosslayer,GOVERNOR-OR-2026,metaculus 0.88,0.88,yes,ticket GOVPARTYOR-26-D snapshotMid 0.765
2026-10-06,crosslayer,GOVERNOR-MI-2026,metaculus 0.85,0.85,yes,ticket GOVPARTYMI-26-D snapshotMid 0.92
2026-10-06,crosslayer,SENATE-AK-2026,metaculus 0.54,0.54,yes,ticket SENATEAK-26-D snapshotMid 0.685
2026-10-06,crosslayer,SENATE-MT-2026,metaculus 0.01,0.01,yes,ticket SENATEMT-26-D snapshotMid 0.006
2026-10-06,crosslayer,SENATE-CONTROL-2026,metaculus 0.575,0.575,yes,ticket CONTROLS-2026-D snapshotMid 0.625
2026-10-06,crosslayer,HOUSE-CONTROL-2026,metaculus 0.924,0.924,yes,ticket CONTROLH-2026-D snapshotMid 0.9165
2026-10-06,crosslayer,SENATE-RI-2026,metaculus 0.99,0.99,yes,ticket SENATERI-26-D snapshotMid 0.9905
2026-10-06,crosslayer,SENATE-OR-2026,metaculus 0.99,0.99,yes,ticket SENATEOR-26-D snapshotMid 0.985
2026-10-06,crosslayer,SENATE-CO-2026,metaculus 0.98,0.98,yes,ticket SENATECO-26-D snapshotMid 0.9865
2026-10-06,crosslayer,SENATE-MN-2026,metaculus 0.94,0.94,yes,ticket SENATEMN-26-D snapshotMid 0.895
2026-10-06,crosslayer,GOVERNOR-HI-2026,metaculus 0.98,0.98,yes,ticket GOVPARTYHI-26-D snapshotMid 0.9715
2026-10-06,crosslayer,GOVERNOR-NM-2026,metaculus 0.93,0.93,yes,ticket GOVPARTYNM-26-D snapshotMid 0.94
2026-10-06,crosslayer,GOVERNOR-OR-2026,metaculus 0.872,0.872,yes,ticket GOVPARTYOR-26-D snapshotMid 0.715
2026-10-06,crosslayer,GOVERNOR-MI-2026,metaculus 0.84,0.84,yes,ticket GOVPARTYMI-26-D snapshotMid 0.922
2026-10-06,crosslayer,SENATE-AK-2026,metaculus 0.54,0.54,yes,ticket SENATEAK-26-D snapshotMid 0.675
2026-10-06,crosslayer,SENATE-MT-2026,metaculus 0.01,0.01,yes,ticket SENATEMT-26-D snapshotMid 0.006
2026-10-06,crosslayer,SENATE-NE-2026,metaculus 0.001,0.001,yes,ticket SENATENE-26-D snapshotMid 0.004
2026-10-06,crosslayer,SENATE-CONTROL-2026,metaculus 0.581,0.581,yes,ticket CONTROLS-2026-D snapshotMid 0.645
2026-10-06,crosslayer,HOUSE-CONTROL-2026,metaculus 0.918,0.918,yes,ticket CONTROLH-2026-D snapshotMid 0.9205
2026-10-06,crosslayer,SENATE-OR-2026,metaculus 0.99,0.99,yes,ticket SENATEOR-26-D snapshotMid 0.985
2026-10-06,crosslayer,SENATE-RI-2026,metaculus 0.99,0.99,yes,ticket SENATERI-26-D snapshotMid 0.9905
2026-10-06,crosslayer,SENATE-CO-2026,metaculus 0.982,0.982,yes,ticket SENATECO-26-D snapshotMid 0.9865
2026-10-06,crosslayer,SENATE-MN-2026,metaculus 0.94,0.94,yes,ticket SENATEMN-26-D snapshotMid 0.875
2026-10-06,crosslayer,GOVERNOR-HI-2026,metaculus 0.98,0.98,yes,ticket GOVPARTYHI-26-D snapshotMid 0.9735
2026-10-06,crosslayer,GOVERNOR-NM-2026,metaculus 0.93,0.93,yes,ticket GOVPARTYNM-26-D snapshotMid 0.945
2026-10-06,crosslayer,GOVERNOR-OR-2026,metaculus 0.872,0.872,yes,ticket GOVPARTYOR-26-D snapshotMid 0.735
2026-10-06,crosslayer,GOVERNOR-MI-2026,metaculus 0.85,0.85,yes,ticket GOVPARTYMI-26-D snapshotMid 0.9275
2026-10-06,crosslayer,SENATE-AK-2026,metaculus 0.525,0.525,yes,ticket SENATEAK-26-D snapshotMid 0.705
2026-10-06,crosslayer,SENATE-MT-2026,metaculus 0.01,0.01,yes,ticket SENATEMT-26-D snapshotMid 0.007
2026-10-06,crosslayer,SENATE-NE-2026,metaculus 0.001,0.001,yes,ticket SENATENE-26-D snapshotMid 0.004
2026-10-06,crosslayer,SENATE-CONTROL-2026,metaculus 0.576,0.576,yes,ticket CONTROLS-2026-D snapshotMid 0.625
2026-10-06,crosslayer,HOUSE-CONTROL-2026,metaculus 0.919,0.919,yes,ticket CONTROLH-2026-D snapshotMid 0.9195
2026-10-06,crosslayer,GOVERNOR-HI-2026,metaculus 0.98,0.98,yes,ticket GOVPARTYHI-26-D snapshotMid 0.971
2026-10-06,crosslayer,GOVERNOR-NM-2026,metaculus 0.94,0.94,yes,ticket GOVPARTYNM-26-D snapshotMid 0.9455
2026-10-06,crosslayer,GOVERNOR-OR-2026,metaculus 0.87,0.87,yes,ticket GOVPARTYOR-26-D snapshotMid 0.735
2026-10-06,crosslayer,GOVERNOR-MI-2026,metaculus 0.85,0.85,yes,ticket GOVPARTYMI-26-D snapshotMid 0.927
2026-10-06,crosslayer,SENATE-AK-2026,metaculus 0.525,0.525,yes,ticket SENATEAK-26-D snapshotMid 0.73
2026-10-06,crosslayer,SENATE-MT-2026,metaculus 0.01,0.01,yes,ticket SENATEMT-26-D snapshotMid 0.0085
2026-10-06,crosslayer,SENATE-NE-2026,metaculus 0.001,0.001,yes,ticket SENATENE-26-D snapshotMid 0.004
2026-10-06,crosslayer,SENATE-CONTROL-2026,metaculus 0.584,0.584,yes,ticket CONTROLS-2026-D snapshotMid 0.645
2026-10-06,crosslayer,HOUSE-CONTROL-2026,metaculus 0.929,0.929,yes,ticket CONTROLH-2026-D snapshotMid 0.9165
2026-10-06,crosslayer,SENATE-OR-2026,metaculus 0.99,0.99,yes,ticket SENATEOR-26-D snapshotMid 0.988
2026-10-06,crosslayer,SENATE-RI-2026,metaculus 0.99,0.99,yes,ticket SENATERI-26-D snapshotMid 0.9905
2026-10-06,crosslayer,SENATE-CO-2026,metaculus 0.982,0.982,yes,ticket SENATECO-26-D snapshotMid 0.9915
2026-10-06,crosslayer,SENATE-MN-2026,metaculus 0.925,0.925,yes,ticket SENATEMN-26-D snapshotMid 0.865
2026-10-06,crosslayer,GOVERNOR-HI-2026,metaculus 0.98,0.98,yes,ticket GOVPARTYHI-26-D snapshotMid 0.9735
2026-10-06,crosslayer,GOVERNOR-NM-2026,metaculus 0.94,0.94,yes,ticket GOVPARTYNM-26-D snapshotMid 0.945
2026-10-06,crosslayer,GOVERNOR-OR-2026,metaculus 0.86,0.86,yes,ticket GOVPARTYOR-26-D snapshotMid 0.755
2026-10-06,crosslayer,GOVERNOR-MI-2026,metaculus 0.85,0.85,yes,ticket GOVPARTYMI-26-D snapshotMid 0.9305
2026-10-06,crosslayer,SENATE-AK-2026,metaculus 0.525,0.525,yes,ticket SENATEAK-26-D snapshotMid 0.735
2026-10-06,crosslayer,SENATE-MT-2026,metaculus 0.01,0.01,yes,ticket SENATEMT-26-D snapshotMid 0.021
2026-10-06,crosslayer,SENATE-NE-2026,metaculus 0.001,0.001,yes,ticket SENATENE-26-D snapshotMid 0.0015
2026-10-06,crosslayer,SENATE-CONTROL-2026,metaculus 0.586,0.586,no,ticket CONTROLS-2026-D snapshotMid 0.645
2026-10-06,crosslayer,HOUSE-CONTROL-2026,metaculus 0.929,0.929,no,ticket CONTROLH-2026-D snapshotMid 0.9155
2026-10-06,crosslayer,SENATE-OR-2026,metaculus 0.99,0.99,no,ticket SENATEOR-26-D snapshotMid 0.9855
2026-10-06,crosslayer,SENATE-RI-2026,metaculus 0.99,0.99,no,ticket SENATERI-26-D snapshotMid 0.99
2026-10-06,crosslayer,SENATE-CO-2026,metaculus 0.982,0.982,no,ticket SENATECO-26-D snapshotMid 0.991
2026-10-06,crosslayer,SENATE-MN-2026,metaculus 0.925,0.925,no,ticket SENATEMN-26-D snapshotMid 0.865
2026-10-06,crosslayer,GOVERNOR-HI-2026,metaculus 0.98,0.98,no,ticket GOVPARTYHI-26-D snapshotMid 0.9735
2026-10-06,crosslayer,GOVERNOR-NM-2026,metaculus 0.94,0.94,no,ticket GOVPARTYNM-26-D snapshotMid 0.9465
2026-10-06,crosslayer,GOVERNOR-OR-2026,metaculus 0.86,0.86,no,ticket GOVPARTYOR-26-D snapshotMid 0.76
2026-10-06,crosslayer,GOVERNOR-MI-2026,metaculus 0.85,0.85,no,ticket GOVPARTYMI-26-D snapshotMid 0.937
2026-10-06,crosslayer,SENATE-AK-2026,metaculus 0.525,0.525,no,ticket SENATEAK-26-D snapshotMid 0.745
2026-10-06,crosslayer,SENATE-MT-2026,metaculus 0.009,0.009,no,ticket SENATEMT-26-D snapshotMid 0.009
2026-10-06,crosslayer,SENATE-NE-2026,metaculus 0.001,0.001,no,ticket SENATENE-26-D snapshotMid 0.0015
2026-10-06,crosslayer,SENATE-CONTROL-2026,metaculus 0.588,0.588,no,ticket CONTROLS-2026-D snapshotMid 0.635
2026-10-06,crosslayer,HOUSE-CONTROL-2026,metaculus 0.922,0.922,no,ticket CONTROLH-2026-D snapshotMid 0.895
2026-10-06,crosslayer,SENATE-RI-2026,metaculus 0.99,0.99,no,ticket SENATERI-26-D snapshotMid 0.989
2026-10-06,crosslayer,SENATE-OR-2026,metaculus 0.99,0.99,no,ticket SENATEOR-26-D snapshotMid 0.9855
2026-10-06,crosslayer,SENATE-CO-2026,metaculus 0.985,0.985,no,ticket SENATECO-26-D snapshotMid 0.991
2026-10-06,crosslayer,SENATE-NC-2026,metaculus 0.92,0.92,no,ticket SENATENC-26-D snapshotMid 0.968
2026-10-06,crosslayer,GOVERNOR-HI-2026,metaculus 0.98,0.98,no,ticket GOVPARTYHI-26-D snapshotMid 0.9775
2026-10-06,crosslayer,GOVERNOR-NM-2026,metaculus 0.94,0.94,no,ticket GOVPARTYNM-26-D snapshotMid 0.94
2026-10-06,crosslayer,GOVERNOR-OR-2026,metaculus 0.858,0.858,no,ticket GOVPARTYOR-26-D snapshotMid 0.775
2026-10-06,crosslayer,GOVERNOR-MI-2026,metaculus 0.85,0.85,no,ticket GOVPARTYMI-26-D snapshotMid 0.9225
2026-10-06,crosslayer,SENATE-AK-2026,metaculus 0.54,0.54,no,ticket SENATEAK-26-D snapshotMid 0.765
2026-10-06,crosslayer,SENATE-MT-2026,metaculus 0.009,0.009,no,ticket SENATEMT-26-D snapshotMid 0.008
2026-10-06,crosslayer,SENATE-NE-2026,metaculus 0.001,0.001,no,ticket SENATENE-26-D snapshotMid 0.0015
2026-10-06,crosslayer,SENATE-CONTROL-2026,metaculus 0.598,0.598,no,ticket CONTROLS-2026-D snapshotMid 0.615
2026-10-06,crosslayer,HOUSE-CONTROL-2026,metaculus 0.922,0.922,no,ticket CONTROLH-2026-D snapshotMid 0.9005
2026-10-06,crosslayer,SENATE-OR-2026,metaculus 0.99,0.99,no,ticket SENATEOR-26-D snapshotMid 0.983
2026-10-06,crosslayer,SENATE-RI-2026,metaculus 0.99,0.99,no,ticket SENATERI-26-D snapshotMid 0.9885
2026-10-06,crosslayer,SENATE-CO-2026,metaculus 0.985,0.985,no,ticket SENATECO-26-D snapshotMid 0.988
2026-10-06,crosslayer,SENATE-NC-2026,metaculus 0.92,0.92,no,ticket SENATENC-26-D snapshotMid 0.9685
2026-10-06,crosslayer,GOVERNOR-HI-2026,metaculus 0.98,0.98,no,ticket GOVPARTYHI-26-D snapshotMid 0.9795
2026-10-06,crosslayer,GOVERNOR-NM-2026,metaculus 0.94,0.94,no,ticket GOVPARTYNM-26-D snapshotMid 0.939
2026-10-06,crosslayer,GOVERNOR-OR-2026,metaculus 0.86,0.86,no,ticket GOVPARTYOR-26-D snapshotMid 0.755
2026-10-06,crosslayer,GOVERNOR-MI-2026,metaculus 0.85,0.85,no,ticket GOVPARTYMI-26-D snapshotMid 0.9205
2026-10-06,crosslayer,SENATE-AK-2026,metaculus 0.548,0.548,no,ticket SENATEAK-26-D snapshotMid 0.755
2026-10-06,crosslayer,SENATE-MT-2026,metaculus 0.009,0.009,no,ticket SENATEMT-26-D snapshotMid 0.0085
2026-10-06,crosslayer,SENATE-NE-2026,metaculus 0.001,0.001,no,ticket SENATENE-26-D snapshotMid 0.001
2026-10-06,crosslayer,SENATE-CONTROL-2026,metaculus 0.608,0.608,no,ticket CONTROLS-2026-D snapshotMid 0.605
2026-10-06,crosslayer,HOUSE-CONTROL-2026,metaculus 0.93,0.93,no,ticket CONTROLH-2026-D snapshotMid 0.895
2026-10-06,crosslayer,SENATE-OR-2026,metaculus 0.99,0.99,no,ticket SENATEOR-26-D snapshotMid 0.983
2026-10-06,crosslayer,SENATE-RI-2026,metaculus 0.99,0.99,no,ticket SENATERI-26-D snapshotMid 0.978
2026-10-06,crosslayer,SENATE-CO-2026,metaculus 0.985,0.985,no,ticket SENATECO-26-D snapshotMid 0.988
2026-10-06,crosslayer,SENATE-GA-2026,metaculus 0.93,0.93,no,ticket SENATEGA-26-D snapshotMid 0.9545
2026-10-06,crosslayer,SENATE-AK-2026,metaculus 0.54,0.54,no,ticket SENATEAK-26-D snapshotMid 0.735
2026-10-06,crosslayer,SENATE-MT-2026,metaculus 0.01,0.01,no,ticket SENATEMT-26-D snapshotMid 0.0085
2026-10-06,crosslayer,SENATE-NE-2026,metaculus 0.001,0.001,no,ticket SENATENE-26-D snapshotMid 0.0025
2026-10-07,poll,cnn-ssrs-2026-09-me-senate,U.S. Senate — Maine CNN Poll conducted by SSRS,0.6608,yes,margin 3pp -> logistic k=4.5; ticket SENATEME-26-D
2026-10-07,poll,cnn-ssrs-2026-09-mi-senate,U.S. Senate — Michigan (open seat) CNN Poll conducted by SSRS,0.6608,yes,margin 3pp -> logistic k=4.5; ticket SENATEMI-26-D
2026-10-07,poll,emerson-2026-09-mi-senate,U.S. Senate — Michigan (open seat) Emerson College Polling / Nexstar Media,0.6093,yes,margin 2pp -> logistic k=4.5; ticket SENATEMI-26-D
2026-10-07,poll,emerson-2026-09-tx-senate,U.S. Senate — Texas (open seat) Emerson College Polling / Nexstar Media,0.5553,yes,margin 1pp -> logistic k=4.5; ticket SENATETX-26-D
2026-10-07,poll,emerson-2026-09-ia-senate,U.S. Senate — Iowa (open seat) Emerson College Polling / Nexstar Media,0.2477,yes,margin -5pp -> logistic k=4.5; ticket SENATEIA-26-D
2026-10-07,poll,reconmr-siena-2026-09-tx-senate,U.S. Senate — Texas (open seat) Texas Poll — ReconMR fieldwork (released via Siena Research Institute),0.7914,yes,margin 6pp -> logistic k=4.5; ticket SENATETX-26-D
2026-10-07,poll,suffolk-2026-08-ia-senate,U.S. Senate — Iowa (open seat) Suffolk University Political Research Center (SUPRC),0.2913,yes,margin -4pp -> logistic k=4.5; ticket SENATEIA-26-D
2026-10-07,poll,npi-2026-08-az-governor,Governor — Arizona Noble Predictive Insights — Arizona Public Opinion Pulse (AZPOP),0.9473,yes,margin 13pp -> logistic k=4.5; ticket GOVPARTYAZ-26-D
2026-10-07,poll,fm-2026-08-pa-governor,Governor — Pennsylvania Franklin & Marshall College Poll,0.9961,yes,margin 25pp -> logistic k=4.5; ticket GOVPARTYPA-26-D
2026-10-07,poll,elon-2026-09-nc-senate,U.S. Senate — North Carolina Elon University Poll (fielded by YouGov),0.9202,yes,margin 11pp -> logistic k=4.5; ticket SENATENC-26-D
2026-10-07,poll,hpu-2026-04-nc-senate,U.S. Senate — North Carolina HPU Poll 120 — High Point University Survey Research Center (fielded by YouGov),0.8554,yes,margin 8pp -> logistic k=4.5; ticket SENATENC-26-D
2026-10-07,poll,hpu-2026-08-nc-senate,U.S. Senate — North Carolina HPU Poll 126 — High Point University Survey Research Center (fielded by YouGov),0.7523,yes,margin 5pp -> logistic k=4.5; ticket SENATENC-26-D
2026-10-07,poll,stetson-2026-04-fl-governor,Governor — Florida Stetson University Center for Public Opinion Research (CPOR) — Spring 2026 Survey,0.1743,yes,margin -7pp -> logistic k=4.5; ticket GOVPARTYFL-26-D
2026-10-07,poll,ppp-2026-07-nc-senate,U.S. Senate — North Carolina Public Policy Polling (PPP),0.7087,yes,margin 4pp -> logistic k=4.5; ticket SENATENC-26-D
2026-10-07,poll,unf-2026-07-fl-governor,Governor — Florida University of North Florida Public Opinion Research Lab,0.2477,yes,margin -5pp -> logistic k=4.5; ticket GOVPARTYFL-26-D
2026-10-07,poll,unf-2026-07-fl-senate,U.S. Senate — Florida (special) University of North Florida Public Opinion Research Lab,0.1446,yes,margin -8pp -> logistic k=4.5; ticket SENATEFLS-26-D
2026-10-07,poll,rasmussen-2026-09-ga-governor,Governor — Georgia Rasmussen Reports (field work by Pulse Opinion Research),0.3392,yes,margin -3pp -> logistic k=4.5; ticket GOVPARTYGA-26-D
2026-10-07,poll,rasmussen-2026-09-ga-senate,U.S. Senate — Georgia Rasmussen Reports (field work by Pulse Opinion Research),0.8808,yes,margin 9pp -> logistic k=4.5; ticket SENATEGA-26-D
2026-10-07,poll,rasmussen-2026-09-sc-senate,U.S. Senate — South Carolina (special) Rasmussen Reports (field work by Pulse Opinion Research),0.2477,yes,margin -5pp -> logistic k=4.5; ticket SENATESC-26-D
2026-10-07,rating,AK,Toss Up / Tilt R,0.25-0.65,yes,ticket SENATEAK-26-D
2026-10-07,rating,IA,Toss Up / Tilt R,0.25-0.65,yes,ticket SENATEIA-26-D
2026-10-07,rating,ME,Toss Up / Toss-up,0.35-0.65,yes,ticket SENATEME-26-D
2026-10-07,rating,MI,Toss Up / Toss-up,0.35-0.65,yes,ticket SENATEMI-26-D
2026-10-07,rating,NH,Toss Up / Toss-up,0.35-0.65,yes,ticket SENATENH-26-D
2026-10-07,rating,OH,Toss Up / Toss-up,0.35-0.65,yes,ticket SENATEOHS-26-D
2026-10-07,rating,TX,Toss Up / Lean R,0.2-0.65,yes,ticket SENATETX-26-D
2026-10-07,rating,GA,Lean D / Tilt D,0.55-0.8,yes,ticket SENATEGA-26-D
2026-10-07,rating,NC,Lean D / Tilt D,0.55-0.8,yes,ticket SENATENC-26-D
2026-10-07,rating,MN,Likely D / Likely D,0.75-0.92,yes,ticket SENATEMN-26-D
2026-10-07,rating,KS,Likely R / Likely R,0.08-0.25,yes,ticket SENATEKS-26-D
2026-10-07,rating,SC,Solid R / Likely R,0-0.25,yes,ticket SENATESC-26-D
2026-10-07,crosslayer,SENATE-CONTROL-2026,metaculus 0.517,0.517,yes,ticket CONTROLS-2026-D snapshotMid 0.595
2026-10-07,crosslayer,HOUSE-CONTROL-2026,metaculus 0.888,0.888,yes,ticket CONTROLH-2026-D snapshotMid 0.895
2026-10-07,crosslayer,HOUSE-CONTROL-2026,metaculus 0.888,0.888,yes,ticket CONTROLH-2026-D snapshotMid 0.9015
2026-10-07,crosslayer,GOVERNOR-HI-2026,metaculus 0.98,0.98,yes,ticket GOVPARTYHI-26-D snapshotMid 0.974
2026-10-07,crosslayer,GOVERNOR-NM-2026,metaculus 0.922,0.922,yes,ticket GOVPARTYNM-26-D snapshotMid 0.9255
2026-10-07,crosslayer,GOVERNOR-OR-2026,metaculus 0.88,0.88,yes,ticket GOVPARTYOR-26-D snapshotMid 0.845
2026-10-07,crosslayer,GOVERNOR-MI-2026,metaculus 0.85,0.85,yes,ticket GOVPARTYMI-26-D snapshotMid 0.915
2026-10-07,crosslayer,SENATE-MT-2026,metaculus 0.01,0.01,yes,ticket SENATEMT-26-D snapshotMid 0.0075
2026-10-07,crosslayer,SENATE-NE-2026,metaculus 0.001,0.001,yes,ticket SENATENE-26-D snapshotMid 0.0005
2026-10-07,crosslayer,SENATE-RI-2026,metaculus 0.99,0.99,yes,ticket SENATERI-26-D snapshotMid 0.979
2026-10-07,crosslayer,SENATE-OR-2026,metaculus 0.99,0.99,yes,ticket SENATEOR-26-D snapshotMid 0.977
2026-10-07,crosslayer,SENATE-CO-2026,metaculus 0.98,0.98,yes,ticket SENATECO-26-D snapshotMid 0.9725
2026-10-07,crosslayer,SENATE-MN-2026,metaculus 0.92,0.92,yes,ticket SENATEMN-26-D snapshotMid 0.9035
2026-10-07,crosslayer,SENATE-AK-2026,metaculus 0.54,0.54,yes,ticket SENATEAK-26-D snapshotMid 0.695
2026-10-07,crosslayer,SENATE-CONTROL-2026,metaculus 0.5,0.5,yes,ticket CONTROLS-2026-D snapshotMid 0.605
2026-10-07,crosslayer,HOUSE-CONTROL-2026,metaculus 0.9,0.9,yes,ticket CONTROLH-2026-D snapshotMid 0.9085
2026-10-07,crosslayer,SENATE-RI-2026,metaculus 0.99,0.99,yes,ticket SENATERI-26-D snapshotMid 0.982
2026-10-07,crosslayer,SENATE-OR-2026,metaculus 0.99,0.99,yes,ticket SENATEOR-26-D snapshotMid 0.977
2026-10-07,crosslayer,SENATE-CO-2026,metaculus 0.98,0.98,yes,ticket SENATECO-26-D snapshotMid 0.973
2026-10-07,crosslayer,SENATE-MN-2026,metaculus 0.93,0.93,yes,ticket SENATEMN-26-D snapshotMid 0.902
2026-10-07,crosslayer,GOVERNOR-HI-2026,metaculus 0.98,0.98,yes,ticket GOVPARTYHI-26-D snapshotMid 0.974
2026-10-07,crosslayer,GOVERNOR-NM-2026,metaculus 0.922,0.922,yes,ticket GOVPARTYNM-26-D snapshotMid 0.928
2026-10-07,crosslayer,GOVERNOR-OR-2026,metaculus 0.88,0.88,yes,ticket GOVPARTYOR-26-D snapshotMid 0.86
2026-10-07,crosslayer,GOVERNOR-MI-2026,metaculus 0.85,0.85,yes,ticket GOVPARTYMI-26-D snapshotMid 0.9165
2026-10-07,crosslayer,SENATE-AK-2026,metaculus 0.54,0.54,yes,ticket SENATEAK-26-D snapshotMid 0.705
2026-10-07,crosslayer,SENATE-MT-2026,metaculus 0.01,0.01,yes,ticket SENATEMT-26-D snapshotMid 0.01
2026-10-07,crosslayer,SENATE-NE-2026,metaculus 0.001,0.001,yes,ticket SENATENE-26-D snapshotMid 0.0025
2026-10-07,crosslayer,SENATE-CONTROL-2026,metaculus 0.512,0.512,yes,ticket CONTROLS-2026-D snapshotMid 0.605
2026-10-07,crosslayer,HOUSE-CONTROL-2026,metaculus 0.908,0.908,yes,ticket CONTROLH-2026-D snapshotMid 0.9065
2026-10-07,crosslayer,SENATE-RI-2026,metaculus 0.99,0.99,yes,ticket SENATERI-26-D snapshotMid 0.9825
2026-10-07,crosslayer,SENATE-OR-2026,metaculus 0.99,0.99,yes,ticket SENATEOR-26-D snapshotMid 0.977
2026-10-07,crosslayer,SENATE-CO-2026,metaculus 0.98,0.98,yes,ticket SENATECO-26-D snapshotMid 0.973
2026-10-07,crosslayer,SENATE-MN-2026,metaculus 0.93,0.93,yes,ticket SENATEMN-26-D snapshotMid 0.905
2026-10-07,crosslayer,GOVERNOR-HI-2026,metaculus 0.98,0.98,yes,ticket GOVPARTYHI-26-D snapshotMid 0.974
2026-10-07,crosslayer,GOVERNOR-NM-2026,metaculus 0.928,0.928,yes,ticket GOVPARTYNM-26-D snapshotMid 0.931
2026-10-07,crosslayer,GOVERNOR-OR-2026,metaculus 0.882,0.882,yes,ticket GOVPARTYOR-26-D snapshotMid 0.86
2026-10-07,crosslayer,GOVERNOR-MI-2026,metaculus 0.84,0.84,yes,ticket GOVPARTYMI-26-D snapshotMid 0.923
2026-10-07,crosslayer,SENATE-AK-2026,metaculus 0.54,0.54,yes,ticket SENATEAK-26-D snapshotMid 0.735
2026-10-07,crosslayer,SENATE-MT-2026,metaculus 0.01,0.01,yes,ticket SENATEMT-26-D snapshotMid 0.009
2026-10-07,crosslayer,SENATE-NE-2026,metaculus 0.001,0.001,yes,ticket SENATENE-26-D snapshotMid 0.002
2026-10-07,crosslayer,SENATE-GA-2026,metaculus 0.92,0.92,yes,ticket SENATEGA-26-D snapshotMid 0.9385
2026-10-07,crosslayer,SENATE-CONTROL-2026,metaculus 0.531,0.531,yes,ticket CONTROLS-2026-D snapshotMid 0.625
2026-10-07,crosslayer,HOUSE-CONTROL-2026,metaculus 0.906,0.906,yes,ticket CONTROLH-2026-D snapshotMid 0.9095
2026-10-07,crosslayer,SENATE-RI-2026,metaculus 0.99,0.99,yes,ticket SENATERI-26-D snapshotMid 0.9865
2026-10-07,crosslayer,SENATE-OR-2026,metaculus 0.99,0.99,yes,ticket SENATEOR-26-D snapshotMid 0.977
2026-10-07,crosslayer,SENATE-CO-2026,metaculus 0.98,0.98,yes,ticket SENATECO-26-D snapshotMid 0.9735
2026-10-07,crosslayer,SENATE-GA-2026,metaculus 0.92,0.92,yes,ticket SENATEGA-26-D snapshotMid 0.9385
2026-10-07,crosslayer,GOVERNOR-HI-2026,metaculus 0.98,0.98,yes,ticket GOVPARTYHI-26-D snapshotMid 0.973
2026-10-07,crosslayer,GOVERNOR-NM-2026,metaculus 0.928,0.928,yes,ticket GOVPARTYNM-26-D snapshotMid 0.931
2026-10-07,crosslayer,GOVERNOR-OR-2026,metaculus 0.882,0.882,yes,ticket GOVPARTYOR-26-D snapshotMid 0.855
2026-10-07,crosslayer,GOVERNOR-MI-2026,metaculus 0.84,0.84,yes,ticket GOVPARTYMI-26-D snapshotMid 0.9235
2026-10-07,crosslayer,SENATE-AK-2026,metaculus 0.54,0.54,yes,ticket SENATEAK-26-D snapshotMid 0.755
2026-10-07,crosslayer,SENATE-MT-2026,metaculus 0.01,0.01,yes,ticket SENATEMT-26-D snapshotMid 0.012
2026-10-07,crosslayer,SENATE-NE-2026,metaculus 0.002,0.002,yes,ticket SENATENE-26-D snapshotMid 0.0025
2026-10-07,crosslayer,SENATE-NC-2026,metaculus 0.92,0.92,yes,ticket SENATENC-26-D snapshotMid 0.9365
2026-10-07,crosslayer,SENATE-CONTROL-2026,metaculus 0.567,0.567,yes,ticket CONTROLS-2026-D snapshotMid 0.615
2026-10-07,crosslayer,HOUSE-CONTROL-2026,metaculus 0.91,0.91,yes,ticket CONTROLH-2026-D snapshotMid 0.9165
2026-10-07,crosslayer,SENATE-RI-2026,metaculus 0.996,0.996,yes,ticket SENATERI-26-D snapshotMid 0.99
2026-10-07,crosslayer,SENATE-OR-2026,metaculus 0.99,0.99,yes,ticket SENATEOR-26-D snapshotMid 0.9775
2026-10-07,crosslayer,SENATE-CO-2026,metaculus 0.98,0.98,yes,ticket SENATECO-26-D snapshotMid 0.9845
2026-10-07,crosslayer,SENATE-MN-2026,metaculus 0.94,0.94,yes,ticket SENATEMN-26-D snapshotMid 0.9055
2026-10-07,crosslayer,GOVERNOR-HI-2026,metaculus 0.98,0.98,yes,ticket GOVPARTYHI-26-D snapshotMid 0.9745
2026-10-07,crosslayer,GOVERNOR-NM-2026,metaculus 0.928,0.928,yes,ticket GOVPARTYNM-26-D snapshotMid 0.9295
2026-10-07,crosslayer,GOVERNOR-OR-2026,metaculus 0.88,0.88,yes,ticket GOVPARTYOR-26-D snapshotMid 0.84
2026-10-07,crosslayer,GOVERNOR-MI-2026,metaculus 0.85,0.85,yes,ticket GOVPARTYMI-26-D snapshotMid 0.927
2026-10-07,crosslayer,SENATE-AK-2026,metaculus 0.548,0.548,yes,ticket SENATEAK-26-D snapshotMid 0.705
2026-10-07,crosslayer,SENATE-MT-2026,metaculus 0.01,0.01,yes,ticket SENATEMT-26-D snapshotMid 0.0095
2026-10-07,crosslayer,SENATE-NE-2026,metaculus 0.001,0.001,yes,ticket SENATENE-26-D snapshotMid 0.002
2026-10-07,crosslayer,SENATE-CONTROL-2026,metaculus 0.582,0.582,yes,ticket CONTROLS-2026-D snapshotMid 0.605
2026-10-07,crosslayer,HOUSE-CONTROL-2026,metaculus 0.929,0.929,yes,ticket CONTROLH-2026-D snapshotMid 0.919
2026-10-07,crosslayer,SENATE-RI-2026,metaculus 0.996,0.996,yes,ticket SENATERI-26-D snapshotMid 0.99
2026-10-07,crosslayer,SENATE-OR-2026,metaculus 0.99,0.99,yes,ticket SENATEOR-26-D snapshotMid 0.9775
2026-10-07,crosslayer,SENATE-CO-2026,metaculus 0.98,0.98,yes,ticket SENATECO-26-D snapshotMid 0.9855
2026-10-07,crosslayer,SENATE-MN-2026,metaculus 0.94,0.94,yes,ticket SENATEMN-26-D snapshotMid 0.895
2026-10-07,crosslayer,GOVERNOR-HI-2026,metaculus 0.98,0.98,yes,ticket GOVPARTYHI-26-D snapshotMid 0.9745
2026-10-07,crosslayer,GOVERNOR-NM-2026,metaculus 0.93,0.93,yes,ticket GOVPARTYNM-26-D snapshotMid 0.928
2026-10-07,crosslayer,GOVERNOR-OR-2026,metaculus 0.88,0.88,yes,ticket GOVPARTYOR-26-D snapshotMid 0.85
2026-10-07,crosslayer,GOVERNOR-MI-2026,metaculus 0.85,0.85,yes,ticket GOVPARTYMI-26-D snapshotMid 0.925
2026-10-07,crosslayer,SENATE-AK-2026,metaculus 0.548,0.548,yes,ticket SENATEAK-26-D snapshotMid 0.705
2026-10-07,crosslayer,SENATE-MT-2026,metaculus 0.01,0.01,yes,ticket SENATEMT-26-D snapshotMid 0.011
2026-10-07,crosslayer,SENATE-NE-2026,metaculus 0.001,0.001,yes,ticket SENATENE-26-D snapshotMid 0.002
2026-10-07,crosslayer,SENATE-CONTROL-2026,metaculus 0.572,0.572,yes,ticket CONTROLS-2026-D snapshotMid 0.615
2026-10-07,crosslayer,HOUSE-CONTROL-2026,metaculus 0.929,0.929,yes,ticket CONTROLH-2026-D snapshotMid 0.919
2026-10-07,crosslayer,SENATE-RI-2026,metaculus 0.993,0.993,yes,ticket SENATERI-26-D snapshotMid 0.99
2026-10-07,crosslayer,SENATE-OR-2026,metaculus 0.99,0.99,yes,ticket SENATEOR-26-D snapshotMid 0.9775
2026-10-07,crosslayer,SENATE-CO-2026,metaculus 0.98,0.98,yes,ticket SENATECO-26-D snapshotMid 0.985
2026-10-07,crosslayer,SENATE-MN-2026,metaculus 0.94,0.94,yes,ticket SENATEMN-26-D snapshotMid 0.895
2026-10-07,crosslayer,GOVERNOR-HI-2026,metaculus 0.98,0.98,yes,ticket GOVPARTYHI-26-D snapshotMid 0.9745
2026-10-07,crosslayer,GOVERNOR-NM-2026,metaculus 0.928,0.928,yes,ticket GOVPARTYNM-26-D snapshotMid 0.9275
2026-10-07,crosslayer,GOVERNOR-OR-2026,metaculus 0.88,0.88,yes,ticket GOVPARTYOR-26-D snapshotMid 0.84
2026-10-07,crosslayer,GOVERNOR-MI-2026,metaculus 0.85,0.85,yes,ticket GOVPARTYMI-26-D snapshotMid 0.927
2026-10-07,crosslayer,SENATE-AK-2026,metaculus 0.548,0.548,yes,ticket SENATEAK-26-D snapshotMid 0.705
2026-10-07,crosslayer,SENATE-MT-2026,metaculus 0.01,0.01,yes,ticket SENATEMT-26-D snapshotMid 0.016
2026-10-07,crosslayer,SENATE-NE-2026,metaculus 0.001,0.001,yes,ticket SENATENE-26-D snapshotMid 0.0005
2026-10-07,crosslayer,SENATE-CONTROL-2026,metaculus 0.555,0.555,yes,ticket CONTROLS-2026-D snapshotMid 0.615
2026-10-07,crosslayer,HOUSE-CONTROL-2026,metaculus 0.919,0.919,yes,ticket CONTROLH-2026-D snapshotMid 0.9165
2026-10-07,crosslayer,SENATE-RI-2026,metaculus 0.993,0.993,yes,ticket SENATERI-26-D snapshotMid 0.9905
2026-10-07,crosslayer,SENATE-OR-2026,metaculus 0.99,0.99,yes,ticket SENATEOR-26-D snapshotMid 0.9775
2026-10-07,crosslayer,SENATE-CO-2026,metaculus 0.98,0.98,yes,ticket SENATECO-26-D snapshotMid 0.9855
2026-10-07,crosslayer,SENATE-MN-2026,metaculus 0.95,0.95,yes,ticket SENATEMN-26-D snapshotMid 0.895
2026-10-07,crosslayer,GOVERNOR-HI-2026,metaculus 0.98,0.98,yes,ticket GOVPARTYHI-26-D snapshotMid 0.9745
2026-10-07,crosslayer,GOVERNOR-NM-2026,metaculus 0.925,0.925,yes,ticket GOVPARTYNM-26-D snapshotMid 0.929
2026-10-07,crosslayer,GOVERNOR-OR-2026,metaculus 0.874,0.874,yes,ticket GOVPARTYOR-26-D snapshotMid 0.805
2026-10-07,crosslayer,GOVERNOR-MI-2026,metaculus 0.84,0.84,yes,ticket GOVPARTYMI-26-D snapshotMid 0.9235
2026-10-07,crosslayer,SENATE-AK-2026,metaculus 0.54,0.54,yes,ticket SENATEAK-26-D snapshotMid 0.705
2026-10-07,crosslayer,SENATE-MT-2026,metaculus 0.01,0.01,yes,ticket SENATEMT-26-D snapshotMid 0.0145
2026-10-07,crosslayer,SENATE-NE-2026,metaculus 0.001,0.001,yes,ticket SENATENE-26-D snapshotMid 0.0025
2026-10-07,crosslayer,SENATE-CONTROL-2026,metaculus 0.569,0.569,yes,ticket CONTROLS-2026-D snapshotMid 0.625
2026-10-07,crosslayer,HOUSE-CONTROL-2026,metaculus 0.925,0.925,yes,ticket CONTROLH-2026-D snapshotMid 0.9155
2026-10-07,crosslayer,SENATE-RI-2026,metaculus 0.991,0.991,yes,ticket SENATERI-26-D snapshotMid 0.9885
2026-10-07,crosslayer,SENATE-OR-2026,metaculus 0.99,0.99,yes,ticket SENATEOR-26-D snapshotMid 0.9775
2026-10-07,crosslayer,SENATE-CO-2026,metaculus 0.98,0.98,yes,ticket SENATECO-26-D snapshotMid 0.9855
2026-10-07,crosslayer,SENATE-MN-2026,metaculus 0.95,0.95,yes,ticket SENATEMN-26-D snapshotMid 0.895
2026-10-07,crosslayer,GOVERNOR-HI-2026,metaculus 0.98,0.98,yes,ticket GOVPARTYHI-26-D snapshotMid 0.9745
2026-10-07,crosslayer,GOVERNOR-NM-2026,metaculus 0.925,0.925,yes,ticket GOVPARTYNM-26-D snapshotMid 0.93
2026-10-07,crosslayer,GOVERNOR-OR-2026,metaculus 0.874,0.874,yes,ticket GOVPARTYOR-26-D snapshotMid 0.815
2026-10-07,crosslayer,GOVERNOR-MI-2026,metaculus 0.84,0.84,yes,ticket GOVPARTYMI-26-D snapshotMid 0.926
2026-10-07,crosslayer,SENATE-AK-2026,metaculus 0.54,0.54,yes,ticket SENATEAK-26-D snapshotMid 0.695
2026-10-07,crosslayer,SENATE-MT-2026,metaculus 0.01,0.01,yes,ticket SENATEMT-26-D snapshotMid 0.0145
2026-10-07,crosslayer,SENATE-NE-2026,metaculus 0.001,0.001,yes,ticket SENATENE-26-D snapshotMid 0.0025
2026-10-07,crosslayer,SENATE-CONTROL-2026,metaculus 0.562,0.562,yes,ticket CONTROLS-2026-D snapshotMid 0.625
2026-10-07,crosslayer,HOUSE-CONTROL-2026,metaculus 0.919,0.919,yes,ticket CONTROLH-2026-D snapshotMid 0.915
2026-10-07,crosslayer,SENATE-RI-2026,metaculus 0.99,0.99,yes,ticket SENATERI-26-D snapshotMid 0.9885
2026-10-07,crosslayer,SENATE-OR-2026,metaculus 0.99,0.99,yes,ticket SENATEOR-26-D snapshotMid 0.983
2026-10-07,crosslayer,SENATE-CO-2026,metaculus 0.98,0.98,yes,ticket SENATECO-26-D snapshotMid 0.9855
2026-10-07,crosslayer,SENATE-MN-2026,metaculus 0.95,0.95,yes,ticket SENATEMN-26-D snapshotMid 0.885
2026-10-07,crosslayer,GOVERNOR-HI-2026,metaculus 0.98,0.98,yes,ticket GOVPARTYHI-26-D snapshotMid 0.969
2026-10-07,crosslayer,GOVERNOR-NM-2026,metaculus 0.925,0.925,yes,ticket GOVPARTYNM-26-D snapshotMid 0.9295
2026-10-07,crosslayer,GOVERNOR-OR-2026,metaculus 0.874,0.874,yes,ticket GOVPARTYOR-26-D snapshotMid 0.795
2026-10-07,crosslayer,GOVERNOR-MI-2026,metaculus 0.84,0.84,yes,ticket GOVPARTYMI-26-D snapshotMid 0.9225
2026-10-07,crosslayer,SENATE-AK-2026,metaculus 0.54,0.54,yes,ticket SENATEAK-26-D snapshotMid 0.705
2026-10-07,crosslayer,SENATE-MT-2026,metaculus 0.01,0.01,yes,ticket SENATEMT-26-D snapshotMid 0.009
2026-10-07,crosslayer,SENATE-NE-2026,metaculus 0.001,0.001,yes,ticket SENATENE-26-D snapshotMid 0.002
2026-10-07,crosslayer,SENATE-CONTROL-2026,metaculus 0.565,0.565,yes,ticket CONTROLS-2026-D snapshotMid 0.625
2026-10-07,crosslayer,HOUSE-CONTROL-2026,metaculus 0.924,0.924,yes,ticket CONTROLH-2026-D snapshotMid 0.9155
2026-10-07,crosslayer,SENATE-RI-2026,metaculus 0.99,0.99,yes,ticket SENATERI-26-D snapshotMid 0.99
2026-10-07,crosslayer,SENATE-OR-2026,metaculus 0.99,0.99,yes,ticket SENATEOR-26-D snapshotMid 0.9785
2026-10-07,crosslayer,SENATE-CO-2026,metaculus 0.98,0.98,yes,ticket SENATECO-26-D snapshotMid 0.9865
2026-10-07,crosslayer,SENATE-MN-2026,metaculus 0.94,0.94,yes,ticket SENATEMN-26-D snapshotMid 0.875
2026-10-07,crosslayer,GOVERNOR-HI-2026,metaculus 0.98,0.98,yes,ticket GOVPARTYHI-26-D snapshotMid 0.9745
2026-10-07,crosslayer,GOVERNOR-NM-2026,metaculus 0.93,0.93,yes,ticket GOVPARTYNM-26-D snapshotMid 0.9305
2026-10-07,crosslayer,GOVERNOR-OR-2026,metaculus 0.88,0.88,yes,ticket GOVPARTYOR-26-D snapshotMid 0.765
2026-10-07,crosslayer,GOVERNOR-MI-2026,metaculus 0.85,0.85,yes,ticket GOVPARTYMI-26-D snapshotMid 0.92
2026-10-07,crosslayer,SENATE-AK-2026,metaculus 0.54,0.54,yes,ticket SENATEAK-26-D snapshotMid 0.685
2026-10-07,crosslayer,SENATE-MT-2026,metaculus 0.01,0.01,yes,ticket SENATEMT-26-D snapshotMid 0.006
2026-10-07,crosslayer,SENATE-CONTROL-2026,metaculus 0.575,0.575,yes,ticket CONTROLS-2026-D snapshotMid 0.625
2026-10-07,crosslayer,HOUSE-CONTROL-2026,metaculus 0.924,0.924,yes,ticket CONTROLH-2026-D snapshotMid 0.9165
2026-10-07,crosslayer,SENATE-RI-2026,metaculus 0.99,0.99,yes,ticket SENATERI-26-D snapshotMid 0.9905
2026-10-07,crosslayer,SENATE-OR-2026,metaculus 0.99,0.99,yes,ticket SENATEOR-26-D snapshotMid 0.985
2026-10-07,crosslayer,SENATE-CO-2026,metaculus 0.98,0.98,yes,ticket SENATECO-26-D snapshotMid 0.9865
2026-10-07,crosslayer,SENATE-MN-2026,metaculus 0.94,0.94,yes,ticket SENATEMN-26-D snapshotMid 0.895
2026-10-07,crosslayer,GOVERNOR-HI-2026,metaculus 0.98,0.98,yes,ticket GOVPARTYHI-26-D snapshotMid 0.9715
2026-10-07,crosslayer,GOVERNOR-NM-2026,metaculus 0.93,0.93,yes,ticket GOVPARTYNM-26-D snapshotMid 0.94
2026-10-07,crosslayer,GOVERNOR-OR-2026,metaculus 0.872,0.872,yes,ticket GOVPARTYOR-26-D snapshotMid 0.715
2026-10-07,crosslayer,GOVERNOR-MI-2026,metaculus 0.84,0.84,yes,ticket GOVPARTYMI-26-D snapshotMid 0.922
2026-10-07,crosslayer,SENATE-AK-2026,metaculus 0.54,0.54,yes,ticket SENATEAK-26-D snapshotMid 0.675
2026-10-07,crosslayer,SENATE-MT-2026,metaculus 0.01,0.01,yes,ticket SENATEMT-26-D snapshotMid 0.006
2026-10-07,crosslayer,SENATE-NE-2026,metaculus 0.001,0.001,yes,ticket SENATENE-26-D snapshotMid 0.004
2026-10-07,crosslayer,SENATE-CONTROL-2026,metaculus 0.581,0.581,yes,ticket CONTROLS-2026-D snapshotMid 0.645
2026-10-07,crosslayer,HOUSE-CONTROL-2026,metaculus 0.918,0.918,yes,ticket CONTROLH-2026-D snapshotMid 0.9205
2026-10-07,crosslayer,SENATE-OR-2026,metaculus 0.99,0.99,yes,ticket SENATEOR-26-D snapshotMid 0.985
2026-10-07,crosslayer,SENATE-RI-2026,metaculus 0.99,0.99,yes,ticket SENATERI-26-D snapshotMid 0.9905
2026-10-07,crosslayer,SENATE-CO-2026,metaculus 0.982,0.982,yes,ticket SENATECO-26-D snapshotMid 0.9865
2026-10-07,crosslayer,SENATE-MN-2026,metaculus 0.94,0.94,yes,ticket SENATEMN-26-D snapshotMid 0.875
2026-10-07,crosslayer,GOVERNOR-HI-2026,metaculus 0.98,0.98,yes,ticket GOVPARTYHI-26-D snapshotMid 0.9735
2026-10-07,crosslayer,GOVERNOR-NM-2026,metaculus 0.93,0.93,yes,ticket GOVPARTYNM-26-D snapshotMid 0.945
2026-10-07,crosslayer,GOVERNOR-OR-2026,metaculus 0.872,0.872,yes,ticket GOVPARTYOR-26-D snapshotMid 0.735
2026-10-07,crosslayer,GOVERNOR-MI-2026,metaculus 0.85,0.85,yes,ticket GOVPARTYMI-26-D snapshotMid 0.9275
2026-10-07,crosslayer,SENATE-AK-2026,metaculus 0.525,0.525,yes,ticket SENATEAK-26-D snapshotMid 0.705
2026-10-07,crosslayer,SENATE-MT-2026,metaculus 0.01,0.01,yes,ticket SENATEMT-26-D snapshotMid 0.007
2026-10-07,crosslayer,SENATE-NE-2026,metaculus 0.001,0.001,yes,ticket SENATENE-26-D snapshotMid 0.004
2026-10-07,crosslayer,SENATE-CONTROL-2026,metaculus 0.576,0.576,yes,ticket CONTROLS-2026-D snapshotMid 0.625
2026-10-07,crosslayer,HOUSE-CONTROL-2026,metaculus 0.919,0.919,yes,ticket CONTROLH-2026-D snapshotMid 0.9195
2026-10-07,crosslayer,GOVERNOR-HI-2026,metaculus 0.98,0.98,yes,ticket GOVPARTYHI-26-D snapshotMid 0.971
2026-10-07,crosslayer,GOVERNOR-NM-2026,metaculus 0.94,0.94,yes,ticket GOVPARTYNM-26-D snapshotMid 0.9455
2026-10-07,crosslayer,GOVERNOR-OR-2026,metaculus 0.87,0.87,yes,ticket GOVPARTYOR-26-D snapshotMid 0.735
2026-10-07,crosslayer,GOVERNOR-MI-2026,metaculus 0.85,0.85,yes,ticket GOVPARTYMI-26-D snapshotMid 0.927
2026-10-07,crosslayer,SENATE-AK-2026,metaculus 0.525,0.525,yes,ticket SENATEAK-26-D snapshotMid 0.73
2026-10-07,crosslayer,SENATE-MT-2026,metaculus 0.01,0.01,yes,ticket SENATEMT-26-D snapshotMid 0.0085
2026-10-07,crosslayer,SENATE-NE-2026,metaculus 0.001,0.001,yes,ticket SENATENE-26-D snapshotMid 0.004
2026-10-07,crosslayer,SENATE-CONTROL-2026,metaculus 0.584,0.584,yes,ticket CONTROLS-2026-D snapshotMid 0.645
2026-10-07,crosslayer,HOUSE-CONTROL-2026,metaculus 0.929,0.929,yes,ticket CONTROLH-2026-D snapshotMid 0.9165
2026-10-07,crosslayer,SENATE-OR-2026,metaculus 0.99,0.99,yes,ticket SENATEOR-26-D snapshotMid 0.988
2026-10-07,crosslayer,SENATE-RI-2026,metaculus 0.99,0.99,yes,ticket SENATERI-26-D snapshotMid 0.9905
2026-10-07,crosslayer,SENATE-CO-2026,metaculus 0.982,0.982,yes,ticket SENATECO-26-D snapshotMid 0.9915
2026-10-07,crosslayer,SENATE-MN-2026,metaculus 0.925,0.925,yes,ticket SENATEMN-26-D snapshotMid 0.865
2026-10-07,crosslayer,GOVERNOR-HI-2026,metaculus 0.98,0.98,yes,ticket GOVPARTYHI-26-D snapshotMid 0.9735
2026-10-07,crosslayer,GOVERNOR-NM-2026,metaculus 0.94,0.94,yes,ticket GOVPARTYNM-26-D snapshotMid 0.945
2026-10-07,crosslayer,GOVERNOR-OR-2026,metaculus 0.86,0.86,yes,ticket GOVPARTYOR-26-D snapshotMid 0.755
2026-10-07,crosslayer,GOVERNOR-MI-2026,metaculus 0.85,0.85,yes,ticket GOVPARTYMI-26-D snapshotMid 0.9305
2026-10-07,crosslayer,SENATE-AK-2026,metaculus 0.525,0.525,yes,ticket SENATEAK-26-D snapshotMid 0.735
2026-10-07,crosslayer,SENATE-MT-2026,metaculus 0.01,0.01,yes,ticket SENATEMT-26-D snapshotMid 0.021
2026-10-07,crosslayer,SENATE-NE-2026,metaculus 0.001,0.001,yes,ticket SENATENE-26-D snapshotMid 0.0015
2026-10-07,crosslayer,SENATE-CONTROL-2026,metaculus 0.586,0.586,yes,ticket CONTROLS-2026-D snapshotMid 0.645
2026-10-07,crosslayer,HOUSE-CONTROL-2026,metaculus 0.929,0.929,yes,ticket CONTROLH-2026-D snapshotMid 0.9155
2026-10-07,crosslayer,SENATE-OR-2026,metaculus 0.99,0.99,yes,ticket SENATEOR-26-D snapshotMid 0.9855
2026-10-07,crosslayer,SENATE-RI-2026,metaculus 0.99,0.99,yes,ticket SENATERI-26-D snapshotMid 0.99
2026-10-07,crosslayer,SENATE-CO-2026,metaculus 0.982,0.982,yes,ticket SENATECO-26-D snapshotMid 0.991
2026-10-07,crosslayer,SENATE-MN-2026,metaculus 0.925,0.925,yes,ticket SENATEMN-26-D snapshotMid 0.865
2026-10-07,crosslayer,GOVERNOR-HI-2026,metaculus 0.98,0.98,yes,ticket GOVPARTYHI-26-D snapshotMid 0.9735
2026-10-07,crosslayer,GOVERNOR-NM-2026,metaculus 0.94,0.94,yes,ticket GOVPARTYNM-26-D snapshotMid 0.9465
2026-10-07,crosslayer,GOVERNOR-OR-2026,metaculus 0.86,0.86,yes,ticket GOVPARTYOR-26-D snapshotMid 0.76
2026-10-07,crosslayer,GOVERNOR-MI-2026,metaculus 0.85,0.85,yes,ticket GOVPARTYMI-26-D snapshotMid 0.937
2026-10-07,crosslayer,SENATE-AK-2026,metaculus 0.525,0.525,yes,ticket SENATEAK-26-D snapshotMid 0.745
2026-10-07,crosslayer,SENATE-MT-2026,metaculus 0.009,0.009,yes,ticket SENATEMT-26-D snapshotMid 0.009
2026-10-07,crosslayer,SENATE-NE-2026,metaculus 0.001,0.001,yes,ticket SENATENE-26-D snapshotMid 0.0015
2026-10-07,crosslayer,SENATE-CONTROL-2026,metaculus 0.588,0.588,no,ticket CONTROLS-2026-D snapshotMid 0.635
2026-10-07,crosslayer,HOUSE-CONTROL-2026,metaculus 0.922,0.922,no,ticket CONTROLH-2026-D snapshotMid 0.895
2026-10-07,crosslayer,SENATE-RI-2026,metaculus 0.99,0.99,no,ticket SENATERI-26-D snapshotMid 0.989
2026-10-07,crosslayer,SENATE-OR-2026,metaculus 0.99,0.99,no,ticket SENATEOR-26-D snapshotMid 0.9855
2026-10-07,crosslayer,SENATE-CO-2026,metaculus 0.985,0.985,no,ticket SENATECO-26-D snapshotMid 0.991
2026-10-07,crosslayer,SENATE-NC-2026,metaculus 0.92,0.92,no,ticket SENATENC-26-D snapshotMid 0.968
2026-10-07,crosslayer,GOVERNOR-HI-2026,metaculus 0.98,0.98,no,ticket GOVPARTYHI-26-D snapshotMid 0.9775
2026-10-07,crosslayer,GOVERNOR-NM-2026,metaculus 0.94,0.94,no,ticket GOVPARTYNM-26-D snapshotMid 0.94
2026-10-07,crosslayer,GOVERNOR-OR-2026,metaculus 0.858,0.858,no,ticket GOVPARTYOR-26-D snapshotMid 0.775
2026-10-07,crosslayer,GOVERNOR-MI-2026,metaculus 0.85,0.85,no,ticket GOVPARTYMI-26-D snapshotMid 0.9225
2026-10-07,crosslayer,SENATE-AK-2026,metaculus 0.54,0.54,no,ticket SENATEAK-26-D snapshotMid 0.765
2026-10-07,crosslayer,SENATE-MT-2026,metaculus 0.009,0.009,no,ticket SENATEMT-26-D snapshotMid 0.008
2026-10-07,crosslayer,SENATE-NE-2026,metaculus 0.001,0.001,no,ticket SENATENE-26-D snapshotMid 0.0015
2026-10-07,crosslayer,SENATE-CONTROL-2026,metaculus 0.598,0.598,no,ticket CONTROLS-2026-D snapshotMid 0.615
2026-10-07,crosslayer,HOUSE-CONTROL-2026,metaculus 0.922,0.922,no,ticket CONTROLH-2026-D snapshotMid 0.9005
2026-10-07,crosslayer,SENATE-OR-2026,metaculus 0.99,0.99,no,ticket SENATEOR-26-D snapshotMid 0.983
2026-10-07,crosslayer,SENATE-RI-2026,metaculus 0.99,0.99,no,ticket SENATERI-26-D snapshotMid 0.9885
2026-10-07,crosslayer,SENATE-CO-2026,metaculus 0.985,0.985,no,ticket SENATECO-26-D snapshotMid 0.988
2026-10-07,crosslayer,SENATE-NC-2026,metaculus 0.92,0.92,no,ticket SENATENC-26-D snapshotMid 0.9685
2026-10-07,crosslayer,GOVERNOR-HI-2026,metaculus 0.98,0.98,no,ticket GOVPARTYHI-26-D snapshotMid 0.9795
2026-10-07,crosslayer,GOVERNOR-NM-2026,metaculus 0.94,0.94,no,ticket GOVPARTYNM-26-D snapshotMid 0.939
2026-10-07,crosslayer,GOVERNOR-OR-2026,metaculus 0.86,0.86,no,ticket GOVPARTYOR-26-D snapshotMid 0.755
2026-10-07,crosslayer,GOVERNOR-MI-2026,metaculus 0.85,0.85,no,ticket GOVPARTYMI-26-D snapshotMid 0.9205
2026-10-07,crosslayer,SENATE-AK-2026,metaculus 0.548,0.548,no,ticket SENATEAK-26-D snapshotMid 0.755
2026-10-07,crosslayer,SENATE-MT-2026,metaculus 0.009,0.009,no,ticket SENATEMT-26-D snapshotMid 0.0085
2026-10-07,crosslayer,SENATE-NE-2026,metaculus 0.001,0.001,no,ticket SENATENE-26-D snapshotMid 0.001
2026-10-07,crosslayer,SENATE-CONTROL-2026,metaculus 0.608,0.608,no,ticket CONTROLS-2026-D snapshotMid 0.605
2026-10-07,crosslayer,HOUSE-CONTROL-2026,metaculus 0.93,0.93,no,ticket CONTROLH-2026-D snapshotMid 0.895
2026-10-07,crosslayer,SENATE-OR-2026,metaculus 0.99,0.99,no,ticket SENATEOR-26-D snapshotMid 0.983
2026-10-07,crosslayer,SENATE-RI-2026,metaculus 0.99,0.99,no,ticket SENATERI-26-D snapshotMid 0.978
2026-10-07,crosslayer,SENATE-CO-2026,metaculus 0.985,0.985,no,ticket SENATECO-26-D snapshotMid 0.988
2026-10-07,crosslayer,SENATE-GA-2026,metaculus 0.93,0.93,no,ticket SENATEGA-26-D snapshotMid 0.9545
2026-10-07,crosslayer,SENATE-AK-2026,metaculus 0.54,0.54,no,ticket SENATEAK-26-D snapshotMid 0.735
2026-10-07,crosslayer,SENATE-MT-2026,metaculus 0.01,0.01,no,ticket SENATEMT-26-D snapshotMid 0.0085
2026-10-07,crosslayer,SENATE-NE-2026,metaculus 0.001,0.001,no,ticket SENATENE-26-D snapshotMid 0.0025
2026-10-08,poll,cnn-ssrs-2026-09-me-senate,U.S. Senate — Maine CNN Poll conducted by SSRS,0.6608,yes,margin 3pp -> logistic k=4.5; ticket SENATEME-26-D
2026-10-08,poll,cnn-ssrs-2026-09-mi-senate,U.S. Senate — Michigan (open seat) CNN Poll conducted by SSRS,0.6608,yes,margin 3pp -> logistic k=4.5; ticket SENATEMI-26-D
2026-10-08,poll,emerson-2026-09-mi-senate,U.S. Senate — Michigan (open seat) Emerson College Polling / Nexstar Media,0.6093,yes,margin 2pp -> logistic k=4.5; ticket SENATEMI-26-D
2026-10-08,poll,emerson-2026-09-tx-senate,U.S. Senate — Texas (open seat) Emerson College Polling / Nexstar Media,0.5553,yes,margin 1pp -> logistic k=4.5; ticket SENATETX-26-D
2026-10-08,poll,emerson-2026-09-ia-senate,U.S. Senate — Iowa (open seat) Emerson College Polling / Nexstar Media,0.2477,yes,margin -5pp -> logistic k=4.5; ticket SENATEIA-26-D
2026-10-08,poll,reconmr-siena-2026-09-tx-senate,U.S. Senate — Texas (open seat) Texas Poll — ReconMR fieldwork (released via Siena Research Institute),0.7914,yes,margin 6pp -> logistic k=4.5; ticket SENATETX-26-D
2026-10-08,poll,suffolk-2026-08-ia-senate,U.S. Senate — Iowa (open seat) Suffolk University Political Research Center (SUPRC),0.2913,yes,margin -4pp -> logistic k=4.5; ticket SENATEIA-26-D
2026-10-08,poll,npi-2026-08-az-governor,Governor — Arizona Noble Predictive Insights — Arizona Public Opinion Pulse (AZPOP),0.9473,yes,margin 13pp -> logistic k=4.5; ticket GOVPARTYAZ-26-D
2026-10-08,poll,fm-2026-08-pa-governor,Governor — Pennsylvania Franklin & Marshall College Poll,0.9961,yes,margin 25pp -> logistic k=4.5; ticket GOVPARTYPA-26-D
2026-10-08,poll,elon-2026-09-nc-senate,U.S. Senate — North Carolina Elon University Poll (fielded by YouGov),0.9202,yes,margin 11pp -> logistic k=4.5; ticket SENATENC-26-D
2026-10-08,poll,hpu-2026-04-nc-senate,U.S. Senate — North Carolina HPU Poll 120 — High Point University Survey Research Center (fielded by YouGov),0.8554,yes,margin 8pp -> logistic k=4.5; ticket SENATENC-26-D
2026-10-08,poll,hpu-2026-08-nc-senate,U.S. Senate — North Carolina HPU Poll 126 — High Point University Survey Research Center (fielded by YouGov),0.7523,yes,margin 5pp -> logistic k=4.5; ticket SENATENC-26-D
2026-10-08,poll,stetson-2026-04-fl-governor,Governor — Florida Stetson University Center for Public Opinion Research (CPOR) — Spring 2026 Survey,0.1743,yes,margin -7pp -> logistic k=4.5; ticket GOVPARTYFL-26-D
2026-10-08,poll,ppp-2026-07-nc-senate,U.S. Senate — North Carolina Public Policy Polling (PPP),0.7087,yes,margin 4pp -> logistic k=4.5; ticket SENATENC-26-D
2026-10-08,poll,unf-2026-07-fl-governor,Governor — Florida University of North Florida Public Opinion Research Lab,0.2477,yes,margin -5pp -> logistic k=4.5; ticket GOVPARTYFL-26-D
2026-10-08,poll,unf-2026-07-fl-senate,U.S. Senate — Florida (special) University of North Florida Public Opinion Research Lab,0.1446,yes,margin -8pp -> logistic k=4.5; ticket SENATEFLS-26-D
2026-10-08,poll,rasmussen-2026-09-ga-governor,Governor — Georgia Rasmussen Reports (field work by Pulse Opinion Research),0.3392,yes,margin -3pp -> logistic k=4.5; ticket GOVPARTYGA-26-D
2026-10-08,poll,rasmussen-2026-09-ga-senate,U.S. Senate — Georgia Rasmussen Reports (field work by Pulse Opinion Research),0.8808,yes,margin 9pp -> logistic k=4.5; ticket SENATEGA-26-D
2026-10-08,poll,rasmussen-2026-09-sc-senate,U.S. Senate — South Carolina (special) Rasmussen Reports (field work by Pulse Opinion Research),0.2477,yes,margin -5pp -> logistic k=4.5; ticket SENATESC-26-D
2026-10-08,rating,AK,Toss Up / Tilt R,0.25-0.65,yes,ticket SENATEAK-26-D
2026-10-08,rating,IA,Toss Up / Tilt R,0.25-0.65,yes,ticket SENATEIA-26-D
2026-10-08,rating,ME,Toss Up / Toss-up,0.35-0.65,yes,ticket SENATEME-26-D
2026-10-08,rating,MI,Toss Up / Toss-up,0.35-0.65,yes,ticket SENATEMI-26-D
2026-10-08,rating,NH,Toss Up / Toss-up,0.35-0.65,yes,ticket SENATENH-26-D
2026-10-08,rating,OH,Toss Up / Toss-up,0.35-0.65,yes,ticket SENATEOHS-26-D
2026-10-08,rating,TX,Toss Up / Lean R,0.2-0.65,yes,ticket SENATETX-26-D
2026-10-08,rating,GA,Lean D / Tilt D,0.55-0.8,yes,ticket SENATEGA-26-D
2026-10-08,rating,NC,Lean D / Tilt D,0.55-0.8,yes,ticket SENATENC-26-D
2026-10-08,rating,MN,Likely D / Likely D,0.75-0.92,yes,ticket SENATEMN-26-D
2026-10-08,rating,KS,Likely R / Likely R,0.08-0.25,yes,ticket SENATEKS-26-D
2026-10-08,rating,SC,Solid R / Likely R,0-0.25,yes,ticket SENATESC-26-D
2026-10-08,crosslayer,SENATE-CONTROL-2026,metaculus 0.517,0.517,yes,ticket CONTROLS-2026-D snapshotMid 0.595
2026-10-08,crosslayer,HOUSE-CONTROL-2026,metaculus 0.888,0.888,yes,ticket CONTROLH-2026-D snapshotMid 0.895
2026-10-08,crosslayer,HOUSE-CONTROL-2026,metaculus 0.888,0.888,yes,ticket CONTROLH-2026-D snapshotMid 0.9015
2026-10-08,crosslayer,GOVERNOR-HI-2026,metaculus 0.98,0.98,yes,ticket GOVPARTYHI-26-D snapshotMid 0.974
2026-10-08,crosslayer,GOVERNOR-NM-2026,metaculus 0.922,0.922,yes,ticket GOVPARTYNM-26-D snapshotMid 0.9255
2026-10-08,crosslayer,GOVERNOR-OR-2026,metaculus 0.88,0.88,yes,ticket GOVPARTYOR-26-D snapshotMid 0.845
2026-10-08,crosslayer,GOVERNOR-MI-2026,metaculus 0.85,0.85,yes,ticket GOVPARTYMI-26-D snapshotMid 0.915
2026-10-08,crosslayer,SENATE-MT-2026,metaculus 0.01,0.01,yes,ticket SENATEMT-26-D snapshotMid 0.0075
2026-10-08,crosslayer,SENATE-NE-2026,metaculus 0.001,0.001,yes,ticket SENATENE-26-D snapshotMid 0.0005
2026-10-08,crosslayer,SENATE-RI-2026,metaculus 0.99,0.99,yes,ticket SENATERI-26-D snapshotMid 0.979
2026-10-08,crosslayer,SENATE-OR-2026,metaculus 0.99,0.99,yes,ticket SENATEOR-26-D snapshotMid 0.977
2026-10-08,crosslayer,SENATE-CO-2026,metaculus 0.98,0.98,yes,ticket SENATECO-26-D snapshotMid 0.9725
2026-10-08,crosslayer,SENATE-MN-2026,metaculus 0.92,0.92,yes,ticket SENATEMN-26-D snapshotMid 0.9035
2026-10-08,crosslayer,SENATE-AK-2026,metaculus 0.54,0.54,yes,ticket SENATEAK-26-D snapshotMid 0.695
2026-10-08,crosslayer,SENATE-CONTROL-2026,metaculus 0.5,0.5,yes,ticket CONTROLS-2026-D snapshotMid 0.605
2026-10-08,crosslayer,HOUSE-CONTROL-2026,metaculus 0.9,0.9,yes,ticket CONTROLH-2026-D snapshotMid 0.9085
2026-10-08,crosslayer,SENATE-RI-2026,metaculus 0.99,0.99,yes,ticket SENATERI-26-D snapshotMid 0.982
2026-10-08,crosslayer,SENATE-OR-2026,metaculus 0.99,0.99,yes,ticket SENATEOR-26-D snapshotMid 0.977
2026-10-08,crosslayer,SENATE-CO-2026,metaculus 0.98,0.98,yes,ticket SENATECO-26-D snapshotMid 0.973
2026-10-08,crosslayer,SENATE-MN-2026,metaculus 0.93,0.93,yes,ticket SENATEMN-26-D snapshotMid 0.902
2026-10-08,crosslayer,GOVERNOR-HI-2026,metaculus 0.98,0.98,yes,ticket GOVPARTYHI-26-D snapshotMid 0.974
2026-10-08,crosslayer,GOVERNOR-NM-2026,metaculus 0.922,0.922,yes,ticket GOVPARTYNM-26-D snapshotMid 0.928
2026-10-08,crosslayer,GOVERNOR-OR-2026,metaculus 0.88,0.88,yes,ticket GOVPARTYOR-26-D snapshotMid 0.86
2026-10-08,crosslayer,GOVERNOR-MI-2026,metaculus 0.85,0.85,yes,ticket GOVPARTYMI-26-D snapshotMid 0.9165
2026-10-08,crosslayer,SENATE-AK-2026,metaculus 0.54,0.54,yes,ticket SENATEAK-26-D snapshotMid 0.705
2026-10-08,crosslayer,SENATE-MT-2026,metaculus 0.01,0.01,yes,ticket SENATEMT-26-D snapshotMid 0.01
2026-10-08,crosslayer,SENATE-NE-2026,metaculus 0.001,0.001,yes,ticket SENATENE-26-D snapshotMid 0.0025
2026-10-08,crosslayer,SENATE-CONTROL-2026,metaculus 0.512,0.512,yes,ticket CONTROLS-2026-D snapshotMid 0.605
2026-10-08,crosslayer,HOUSE-CONTROL-2026,metaculus 0.908,0.908,yes,ticket CONTROLH-2026-D snapshotMid 0.9065
2026-10-08,crosslayer,SENATE-RI-2026,metaculus 0.99,0.99,yes,ticket SENATERI-26-D snapshotMid 0.9825
2026-10-08,crosslayer,SENATE-OR-2026,metaculus 0.99,0.99,yes,ticket SENATEOR-26-D snapshotMid 0.977
2026-10-08,crosslayer,SENATE-CO-2026,metaculus 0.98,0.98,yes,ticket SENATECO-26-D snapshotMid 0.973
2026-10-08,crosslayer,SENATE-MN-2026,metaculus 0.93,0.93,yes,ticket SENATEMN-26-D snapshotMid 0.905
2026-10-08,crosslayer,GOVERNOR-HI-2026,metaculus 0.98,0.98,yes,ticket GOVPARTYHI-26-D snapshotMid 0.974
2026-10-08,crosslayer,GOVERNOR-NM-2026,metaculus 0.928,0.928,yes,ticket GOVPARTYNM-26-D snapshotMid 0.931
2026-10-08,crosslayer,GOVERNOR-OR-2026,metaculus 0.882,0.882,yes,ticket GOVPARTYOR-26-D snapshotMid 0.86
2026-10-08,crosslayer,GOVERNOR-MI-2026,metaculus 0.84,0.84,yes,ticket GOVPARTYMI-26-D snapshotMid 0.923
2026-10-08,crosslayer,SENATE-AK-2026,metaculus 0.54,0.54,yes,ticket SENATEAK-26-D snapshotMid 0.735
2026-10-08,crosslayer,SENATE-MT-2026,metaculus 0.01,0.01,yes,ticket SENATEMT-26-D snapshotMid 0.009
2026-10-08,crosslayer,SENATE-NE-2026,metaculus 0.001,0.001,yes,ticket SENATENE-26-D snapshotMid 0.002
2026-10-08,crosslayer,SENATE-GA-2026,metaculus 0.92,0.92,yes,ticket SENATEGA-26-D snapshotMid 0.9385
2026-10-08,crosslayer,SENATE-CONTROL-2026,metaculus 0.531,0.531,yes,ticket CONTROLS-2026-D snapshotMid 0.625
2026-10-08,crosslayer,HOUSE-CONTROL-2026,metaculus 0.906,0.906,yes,ticket CONTROLH-2026-D snapshotMid 0.9095
2026-10-08,crosslayer,SENATE-RI-2026,metaculus 0.99,0.99,yes,ticket SENATERI-26-D snapshotMid 0.9865
2026-10-08,crosslayer,SENATE-OR-2026,metaculus 0.99,0.99,yes,ticket SENATEOR-26-D snapshotMid 0.977
2026-10-08,crosslayer,SENATE-CO-2026,metaculus 0.98,0.98,yes,ticket SENATECO-26-D snapshotMid 0.9735
2026-10-08,crosslayer,SENATE-GA-2026,metaculus 0.92,0.92,yes,ticket SENATEGA-26-D snapshotMid 0.9385
2026-10-08,crosslayer,GOVERNOR-HI-2026,metaculus 0.98,0.98,yes,ticket GOVPARTYHI-26-D snapshotMid 0.973
2026-10-08,crosslayer,GOVERNOR-NM-2026,metaculus 0.928,0.928,yes,ticket GOVPARTYNM-26-D snapshotMid 0.931
2026-10-08,crosslayer,GOVERNOR-OR-2026,metaculus 0.882,0.882,yes,ticket GOVPARTYOR-26-D snapshotMid 0.855
2026-10-08,crosslayer,GOVERNOR-MI-2026,metaculus 0.84,0.84,yes,ticket GOVPARTYMI-26-D snapshotMid 0.9235
2026-10-08,crosslayer,SENATE-AK-2026,metaculus 0.54,0.54,yes,ticket SENATEAK-26-D snapshotMid 0.755
2026-10-08,crosslayer,SENATE-MT-2026,metaculus 0.01,0.01,yes,ticket SENATEMT-26-D snapshotMid 0.012
2026-10-08,crosslayer,SENATE-NE-2026,metaculus 0.002,0.002,yes,ticket SENATENE-26-D snapshotMid 0.0025
2026-10-08,crosslayer,SENATE-NC-2026,metaculus 0.92,0.92,yes,ticket SENATENC-26-D snapshotMid 0.9365
2026-10-08,crosslayer,SENATE-CONTROL-2026,metaculus 0.567,0.567,yes,ticket CONTROLS-2026-D snapshotMid 0.615
2026-10-08,crosslayer,HOUSE-CONTROL-2026,metaculus 0.91,0.91,yes,ticket CONTROLH-2026-D snapshotMid 0.9165
2026-10-08,crosslayer,SENATE-RI-2026,metaculus 0.996,0.996,yes,ticket SENATERI-26-D snapshotMid 0.99
2026-10-08,crosslayer,SENATE-OR-2026,metaculus 0.99,0.99,yes,ticket SENATEOR-26-D snapshotMid 0.9775
2026-10-08,crosslayer,SENATE-CO-2026,metaculus 0.98,0.98,yes,ticket SENATECO-26-D snapshotMid 0.9845
2026-10-08,crosslayer,SENATE-MN-2026,metaculus 0.94,0.94,yes,ticket SENATEMN-26-D snapshotMid 0.9055
2026-10-08,crosslayer,GOVERNOR-HI-2026,metaculus 0.98,0.98,yes,ticket GOVPARTYHI-26-D snapshotMid 0.9745
2026-10-08,crosslayer,GOVERNOR-NM-2026,metaculus 0.928,0.928,yes,ticket GOVPARTYNM-26-D snapshotMid 0.9295
2026-10-08,crosslayer,GOVERNOR-OR-2026,metaculus 0.88,0.88,yes,ticket GOVPARTYOR-26-D snapshotMid 0.84
2026-10-08,crosslayer,GOVERNOR-MI-2026,metaculus 0.85,0.85,yes,ticket GOVPARTYMI-26-D snapshotMid 0.927
2026-10-08,crosslayer,SENATE-AK-2026,metaculus 0.548,0.548,yes,ticket SENATEAK-26-D snapshotMid 0.705
2026-10-08,crosslayer,SENATE-MT-2026,metaculus 0.01,0.01,yes,ticket SENATEMT-26-D snapshotMid 0.0095
2026-10-08,crosslayer,SENATE-NE-2026,metaculus 0.001,0.001,yes,ticket SENATENE-26-D snapshotMid 0.002
2026-10-08,crosslayer,SENATE-CONTROL-2026,metaculus 0.582,0.582,yes,ticket CONTROLS-2026-D snapshotMid 0.605
2026-10-08,crosslayer,HOUSE-CONTROL-2026,metaculus 0.929,0.929,yes,ticket CONTROLH-2026-D snapshotMid 0.919
2026-10-08,crosslayer,SENATE-RI-2026,metaculus 0.996,0.996,yes,ticket SENATERI-26-D snapshotMid 0.99
2026-10-08,crosslayer,SENATE-OR-2026,metaculus 0.99,0.99,yes,ticket SENATEOR-26-D snapshotMid 0.9775
2026-10-08,crosslayer,SENATE-CO-2026,metaculus 0.98,0.98,yes,ticket SENATECO-26-D snapshotMid 0.9855
2026-10-08,crosslayer,SENATE-MN-2026,metaculus 0.94,0.94,yes,ticket SENATEMN-26-D snapshotMid 0.895
2026-10-08,crosslayer,GOVERNOR-HI-2026,metaculus 0.98,0.98,yes,ticket GOVPARTYHI-26-D snapshotMid 0.9745
2026-10-08,crosslayer,GOVERNOR-NM-2026,metaculus 0.93,0.93,yes,ticket GOVPARTYNM-26-D snapshotMid 0.928
2026-10-08,crosslayer,GOVERNOR-OR-2026,metaculus 0.88,0.88,yes,ticket GOVPARTYOR-26-D snapshotMid 0.85
2026-10-08,crosslayer,GOVERNOR-MI-2026,metaculus 0.85,0.85,yes,ticket GOVPARTYMI-26-D snapshotMid 0.925
2026-10-08,crosslayer,SENATE-AK-2026,metaculus 0.548,0.548,yes,ticket SENATEAK-26-D snapshotMid 0.705
2026-10-08,crosslayer,SENATE-MT-2026,metaculus 0.01,0.01,yes,ticket SENATEMT-26-D snapshotMid 0.011
2026-10-08,crosslayer,SENATE-NE-2026,metaculus 0.001,0.001,yes,ticket SENATENE-26-D snapshotMid 0.002
2026-10-08,crosslayer,SENATE-CONTROL-2026,metaculus 0.572,0.572,yes,ticket CONTROLS-2026-D snapshotMid 0.615
2026-10-08,crosslayer,HOUSE-CONTROL-2026,metaculus 0.929,0.929,yes,ticket CONTROLH-2026-D snapshotMid 0.919
2026-10-08,crosslayer,SENATE-RI-2026,metaculus 0.993,0.993,yes,ticket SENATERI-26-D snapshotMid 0.99
2026-10-08,crosslayer,SENATE-OR-2026,metaculus 0.99,0.99,yes,ticket SENATEOR-26-D snapshotMid 0.9775
2026-10-08,crosslayer,SENATE-CO-2026,metaculus 0.98,0.98,yes,ticket SENATECO-26-D snapshotMid 0.985
2026-10-08,crosslayer,SENATE-MN-2026,metaculus 0.94,0.94,yes,ticket SENATEMN-26-D snapshotMid 0.895
2026-10-08,crosslayer,GOVERNOR-HI-2026,metaculus 0.98,0.98,yes,ticket GOVPARTYHI-26-D snapshotMid 0.9745
2026-10-08,crosslayer,GOVERNOR-NM-2026,metaculus 0.928,0.928,yes,ticket GOVPARTYNM-26-D snapshotMid 0.9275
2026-10-08,crosslayer,GOVERNOR-OR-2026,metaculus 0.88,0.88,yes,ticket GOVPARTYOR-26-D snapshotMid 0.84
2026-10-08,crosslayer,GOVERNOR-MI-2026,metaculus 0.85,0.85,yes,ticket GOVPARTYMI-26-D snapshotMid 0.927
2026-10-08,crosslayer,SENATE-AK-2026,metaculus 0.548,0.548,yes,ticket SENATEAK-26-D snapshotMid 0.705
2026-10-08,crosslayer,SENATE-MT-2026,metaculus 0.01,0.01,yes,ticket SENATEMT-26-D snapshotMid 0.016
2026-10-08,crosslayer,SENATE-NE-2026,metaculus 0.001,0.001,yes,ticket SENATENE-26-D snapshotMid 0.0005
2026-10-08,crosslayer,SENATE-CONTROL-2026,metaculus 0.555,0.555,yes,ticket CONTROLS-2026-D snapshotMid 0.615
2026-10-08,crosslayer,HOUSE-CONTROL-2026,metaculus 0.919,0.919,yes,ticket CONTROLH-2026-D snapshotMid 0.9165
2026-10-08,crosslayer,SENATE-RI-2026,metaculus 0.993,0.993,yes,ticket SENATERI-26-D snapshotMid 0.9905
2026-10-08,crosslayer,SENATE-OR-2026,metaculus 0.99,0.99,yes,ticket SENATEOR-26-D snapshotMid 0.9775
2026-10-08,crosslayer,SENATE-CO-2026,metaculus 0.98,0.98,yes,ticket SENATECO-26-D snapshotMid 0.9855
2026-10-08,crosslayer,SENATE-MN-2026,metaculus 0.95,0.95,yes,ticket SENATEMN-26-D snapshotMid 0.895
2026-10-08,crosslayer,GOVERNOR-HI-2026,metaculus 0.98,0.98,yes,ticket GOVPARTYHI-26-D snapshotMid 0.9745
2026-10-08,crosslayer,GOVERNOR-NM-2026,metaculus 0.925,0.925,yes,ticket GOVPARTYNM-26-D snapshotMid 0.929
2026-10-08,crosslayer,GOVERNOR-OR-2026,metaculus 0.874,0.874,yes,ticket GOVPARTYOR-26-D snapshotMid 0.805
2026-10-08,crosslayer,GOVERNOR-MI-2026,metaculus 0.84,0.84,yes,ticket GOVPARTYMI-26-D snapshotMid 0.9235
2026-10-08,crosslayer,SENATE-AK-2026,metaculus 0.54,0.54,yes,ticket SENATEAK-26-D snapshotMid 0.705
2026-10-08,crosslayer,SENATE-MT-2026,metaculus 0.01,0.01,yes,ticket SENATEMT-26-D snapshotMid 0.0145
2026-10-08,crosslayer,SENATE-NE-2026,metaculus 0.001,0.001,yes,ticket SENATENE-26-D snapshotMid 0.0025
2026-10-08,crosslayer,SENATE-CONTROL-2026,metaculus 0.569,0.569,yes,ticket CONTROLS-2026-D snapshotMid 0.625
2026-10-08,crosslayer,HOUSE-CONTROL-2026,metaculus 0.925,0.925,yes,ticket CONTROLH-2026-D snapshotMid 0.9155
2026-10-08,crosslayer,SENATE-RI-2026,metaculus 0.991,0.991,yes,ticket SENATERI-26-D snapshotMid 0.9885
2026-10-08,crosslayer,SENATE-OR-2026,metaculus 0.99,0.99,yes,ticket SENATEOR-26-D snapshotMid 0.9775
2026-10-08,crosslayer,SENATE-CO-2026,metaculus 0.98,0.98,yes,ticket SENATECO-26-D snapshotMid 0.9855
2026-10-08,crosslayer,SENATE-MN-2026,metaculus 0.95,0.95,yes,ticket SENATEMN-26-D snapshotMid 0.895
2026-10-08,crosslayer,GOVERNOR-HI-2026,metaculus 0.98,0.98,yes,ticket GOVPARTYHI-26-D snapshotMid 0.9745
2026-10-08,crosslayer,GOVERNOR-NM-2026,metaculus 0.925,0.925,yes,ticket GOVPARTYNM-26-D snapshotMid 0.93
2026-10-08,crosslayer,GOVERNOR-OR-2026,metaculus 0.874,0.874,yes,ticket GOVPARTYOR-26-D snapshotMid 0.815
2026-10-08,crosslayer,GOVERNOR-MI-2026,metaculus 0.84,0.84,yes,ticket GOVPARTYMI-26-D snapshotMid 0.926
2026-10-08,crosslayer,SENATE-AK-2026,metaculus 0.54,0.54,yes,ticket SENATEAK-26-D snapshotMid 0.695
2026-10-08,crosslayer,SENATE-MT-2026,metaculus 0.01,0.01,yes,ticket SENATEMT-26-D snapshotMid 0.0145
2026-10-08,crosslayer,SENATE-NE-2026,metaculus 0.001,0.001,yes,ticket SENATENE-26-D snapshotMid 0.0025
2026-10-08,crosslayer,SENATE-CONTROL-2026,metaculus 0.562,0.562,yes,ticket CONTROLS-2026-D snapshotMid 0.625
2026-10-08,crosslayer,HOUSE-CONTROL-2026,metaculus 0.919,0.919,yes,ticket CONTROLH-2026-D snapshotMid 0.915
2026-10-08,crosslayer,SENATE-RI-2026,metaculus 0.99,0.99,yes,ticket SENATERI-26-D snapshotMid 0.9885
2026-10-08,crosslayer,SENATE-OR-2026,metaculus 0.99,0.99,yes,ticket SENATEOR-26-D snapshotMid 0.983
2026-10-08,crosslayer,SENATE-CO-2026,metaculus 0.98,0.98,yes,ticket SENATECO-26-D snapshotMid 0.9855
2026-10-08,crosslayer,SENATE-MN-2026,metaculus 0.95,0.95,yes,ticket SENATEMN-26-D snapshotMid 0.885
2026-10-08,crosslayer,GOVERNOR-HI-2026,metaculus 0.98,0.98,yes,ticket GOVPARTYHI-26-D snapshotMid 0.969
2026-10-08,crosslayer,GOVERNOR-NM-2026,metaculus 0.925,0.925,yes,ticket GOVPARTYNM-26-D snapshotMid 0.9295
2026-10-08,crosslayer,GOVERNOR-OR-2026,metaculus 0.874,0.874,yes,ticket GOVPARTYOR-26-D snapshotMid 0.795
2026-10-08,crosslayer,GOVERNOR-MI-2026,metaculus 0.84,0.84,yes,ticket GOVPARTYMI-26-D snapshotMid 0.9225
2026-10-08,crosslayer,SENATE-AK-2026,metaculus 0.54,0.54,yes,ticket SENATEAK-26-D snapshotMid 0.705
2026-10-08,crosslayer,SENATE-MT-2026,metaculus 0.01,0.01,yes,ticket SENATEMT-26-D snapshotMid 0.009
2026-10-08,crosslayer,SENATE-NE-2026,metaculus 0.001,0.001,yes,ticket SENATENE-26-D snapshotMid 0.002
2026-10-08,crosslayer,SENATE-CONTROL-2026,metaculus 0.565,0.565,yes,ticket CONTROLS-2026-D snapshotMid 0.625
2026-10-08,crosslayer,HOUSE-CONTROL-2026,metaculus 0.924,0.924,yes,ticket CONTROLH-2026-D snapshotMid 0.9155
2026-10-08,crosslayer,SENATE-RI-2026,metaculus 0.99,0.99,yes,ticket SENATERI-26-D snapshotMid 0.99
2026-10-08,crosslayer,SENATE-OR-2026,metaculus 0.99,0.99,yes,ticket SENATEOR-26-D snapshotMid 0.9785
2026-10-08,crosslayer,SENATE-CO-2026,metaculus 0.98,0.98,yes,ticket SENATECO-26-D snapshotMid 0.9865
2026-10-08,crosslayer,SENATE-MN-2026,metaculus 0.94,0.94,yes,ticket SENATEMN-26-D snapshotMid 0.875
2026-10-08,crosslayer,GOVERNOR-HI-2026,metaculus 0.98,0.98,yes,ticket GOVPARTYHI-26-D snapshotMid 0.9745
2026-10-08,crosslayer,GOVERNOR-NM-2026,metaculus 0.93,0.93,yes,ticket GOVPARTYNM-26-D snapshotMid 0.9305
2026-10-08,crosslayer,GOVERNOR-OR-2026,metaculus 0.88,0.88,yes,ticket GOVPARTYOR-26-D snapshotMid 0.765
2026-10-08,crosslayer,GOVERNOR-MI-2026,metaculus 0.85,0.85,yes,ticket GOVPARTYMI-26-D snapshotMid 0.92
2026-10-08,crosslayer,SENATE-AK-2026,metaculus 0.54,0.54,yes,ticket SENATEAK-26-D snapshotMid 0.685
2026-10-08,crosslayer,SENATE-MT-2026,metaculus 0.01,0.01,yes,ticket SENATEMT-26-D snapshotMid 0.006
2026-10-08,crosslayer,SENATE-CONTROL-2026,metaculus 0.575,0.575,yes,ticket CONTROLS-2026-D snapshotMid 0.625
2026-10-08,crosslayer,HOUSE-CONTROL-2026,metaculus 0.924,0.924,yes,ticket CONTROLH-2026-D snapshotMid 0.9165
2026-10-08,crosslayer,SENATE-RI-2026,metaculus 0.99,0.99,yes,ticket SENATERI-26-D snapshotMid 0.9905
2026-10-08,crosslayer,SENATE-OR-2026,metaculus 0.99,0.99,yes,ticket SENATEOR-26-D snapshotMid 0.985
2026-10-08,crosslayer,SENATE-CO-2026,metaculus 0.98,0.98,yes,ticket SENATECO-26-D snapshotMid 0.9865
2026-10-08,crosslayer,SENATE-MN-2026,metaculus 0.94,0.94,yes,ticket SENATEMN-26-D snapshotMid 0.895
2026-10-08,crosslayer,GOVERNOR-HI-2026,metaculus 0.98,0.98,yes,ticket GOVPARTYHI-26-D snapshotMid 0.9715
2026-10-08,crosslayer,GOVERNOR-NM-2026,metaculus 0.93,0.93,yes,ticket GOVPARTYNM-26-D snapshotMid 0.94
2026-10-08,crosslayer,GOVERNOR-OR-2026,metaculus 0.872,0.872,yes,ticket GOVPARTYOR-26-D snapshotMid 0.715
2026-10-08,crosslayer,GOVERNOR-MI-2026,metaculus 0.84,0.84,yes,ticket GOVPARTYMI-26-D snapshotMid 0.922
2026-10-08,crosslayer,SENATE-AK-2026,metaculus 0.54,0.54,yes,ticket SENATEAK-26-D snapshotMid 0.675
2026-10-08,crosslayer,SENATE-MT-2026,metaculus 0.01,0.01,yes,ticket SENATEMT-26-D snapshotMid 0.006
2026-10-08,crosslayer,SENATE-NE-2026,metaculus 0.001,0.001,yes,ticket SENATENE-26-D snapshotMid 0.004
2026-10-08,crosslayer,SENATE-CONTROL-2026,metaculus 0.581,0.581,yes,ticket CONTROLS-2026-D snapshotMid 0.645
2026-10-08,crosslayer,HOUSE-CONTROL-2026,metaculus 0.918,0.918,yes,ticket CONTROLH-2026-D snapshotMid 0.9205
2026-10-08,crosslayer,SENATE-OR-2026,metaculus 0.99,0.99,yes,ticket SENATEOR-26-D snapshotMid 0.985
2026-10-08,crosslayer,SENATE-RI-2026,metaculus 0.99,0.99,yes,ticket SENATERI-26-D snapshotMid 0.9905
2026-10-08,crosslayer,SENATE-CO-2026,metaculus 0.982,0.982,yes,ticket SENATECO-26-D snapshotMid 0.9865
2026-10-08,crosslayer,SENATE-MN-2026,metaculus 0.94,0.94,yes,ticket SENATEMN-26-D snapshotMid 0.875
2026-10-08,crosslayer,GOVERNOR-HI-2026,metaculus 0.98,0.98,yes,ticket GOVPARTYHI-26-D snapshotMid 0.9735
2026-10-08,crosslayer,GOVERNOR-NM-2026,metaculus 0.93,0.93,yes,ticket GOVPARTYNM-26-D snapshotMid 0.945
2026-10-08,crosslayer,GOVERNOR-OR-2026,metaculus 0.872,0.872,yes,ticket GOVPARTYOR-26-D snapshotMid 0.735
2026-10-08,crosslayer,GOVERNOR-MI-2026,metaculus 0.85,0.85,yes,ticket GOVPARTYMI-26-D snapshotMid 0.9275
2026-10-08,crosslayer,SENATE-AK-2026,metaculus 0.525,0.525,yes,ticket SENATEAK-26-D snapshotMid 0.705
2026-10-08,crosslayer,SENATE-MT-2026,metaculus 0.01,0.01,yes,ticket SENATEMT-26-D snapshotMid 0.007
2026-10-08,crosslayer,SENATE-NE-2026,metaculus 0.001,0.001,yes,ticket SENATENE-26-D snapshotMid 0.004
2026-10-08,crosslayer,SENATE-CONTROL-2026,metaculus 0.576,0.576,yes,ticket CONTROLS-2026-D snapshotMid 0.625
2026-10-08,crosslayer,HOUSE-CONTROL-2026,metaculus 0.919,0.919,yes,ticket CONTROLH-2026-D snapshotMid 0.9195
2026-10-08,crosslayer,GOVERNOR-HI-2026,metaculus 0.98,0.98,yes,ticket GOVPARTYHI-26-D snapshotMid 0.971
2026-10-08,crosslayer,GOVERNOR-NM-2026,metaculus 0.94,0.94,yes,ticket GOVPARTYNM-26-D snapshotMid 0.9455
2026-10-08,crosslayer,GOVERNOR-OR-2026,metaculus 0.87,0.87,yes,ticket GOVPARTYOR-26-D snapshotMid 0.735
2026-10-08,crosslayer,GOVERNOR-MI-2026,metaculus 0.85,0.85,yes,ticket GOVPARTYMI-26-D snapshotMid 0.927
2026-10-08,crosslayer,SENATE-AK-2026,metaculus 0.525,0.525,yes,ticket SENATEAK-26-D snapshotMid 0.73
2026-10-08,crosslayer,SENATE-MT-2026,metaculus 0.01,0.01,yes,ticket SENATEMT-26-D snapshotMid 0.0085
2026-10-08,crosslayer,SENATE-NE-2026,metaculus 0.001,0.001,yes,ticket SENATENE-26-D snapshotMid 0.004
2026-10-08,crosslayer,SENATE-CONTROL-2026,metaculus 0.584,0.584,yes,ticket CONTROLS-2026-D snapshotMid 0.645
2026-10-08,crosslayer,HOUSE-CONTROL-2026,metaculus 0.929,0.929,yes,ticket CONTROLH-2026-D snapshotMid 0.9165
2026-10-08,crosslayer,SENATE-OR-2026,metaculus 0.99,0.99,yes,ticket SENATEOR-26-D snapshotMid 0.988
2026-10-08,crosslayer,SENATE-RI-2026,metaculus 0.99,0.99,yes,ticket SENATERI-26-D snapshotMid 0.9905
2026-10-08,crosslayer,SENATE-CO-2026,metaculus 0.982,0.982,yes,ticket SENATECO-26-D snapshotMid 0.9915
2026-10-08,crosslayer,SENATE-MN-2026,metaculus 0.925,0.925,yes,ticket SENATEMN-26-D snapshotMid 0.865
2026-10-08,crosslayer,GOVERNOR-HI-2026,metaculus 0.98,0.98,yes,ticket GOVPARTYHI-26-D snapshotMid 0.9735
2026-10-08,crosslayer,GOVERNOR-NM-2026,metaculus 0.94,0.94,yes,ticket GOVPARTYNM-26-D snapshotMid 0.945
2026-10-08,crosslayer,GOVERNOR-OR-2026,metaculus 0.86,0.86,yes,ticket GOVPARTYOR-26-D snapshotMid 0.755
2026-10-08,crosslayer,GOVERNOR-MI-2026,metaculus 0.85,0.85,yes,ticket GOVPARTYMI-26-D snapshotMid 0.9305
2026-10-08,crosslayer,SENATE-AK-2026,metaculus 0.525,0.525,yes,ticket SENATEAK-26-D snapshotMid 0.735
2026-10-08,crosslayer,SENATE-MT-2026,metaculus 0.01,0.01,yes,ticket SENATEMT-26-D snapshotMid 0.021
2026-10-08,crosslayer,SENATE-NE-2026,metaculus 0.001,0.001,yes,ticket SENATENE-26-D snapshotMid 0.0015
2026-10-08,crosslayer,SENATE-CONTROL-2026,metaculus 0.586,0.586,yes,ticket CONTROLS-2026-D snapshotMid 0.645
2026-10-08,crosslayer,HOUSE-CONTROL-2026,metaculus 0.929,0.929,yes,ticket CONTROLH-2026-D snapshotMid 0.9155
2026-10-08,crosslayer,SENATE-OR-2026,metaculus 0.99,0.99,yes,ticket SENATEOR-26-D snapshotMid 0.9855
2026-10-08,crosslayer,SENATE-RI-2026,metaculus 0.99,0.99,yes,ticket SENATERI-26-D snapshotMid 0.99
2026-10-08,crosslayer,SENATE-CO-2026,metaculus 0.982,0.982,yes,ticket SENATECO-26-D snapshotMid 0.991
2026-10-08,crosslayer,SENATE-MN-2026,metaculus 0.925,0.925,yes,ticket SENATEMN-26-D snapshotMid 0.865
2026-10-08,crosslayer,GOVERNOR-HI-2026,metaculus 0.98,0.98,yes,ticket GOVPARTYHI-26-D snapshotMid 0.9735
2026-10-08,crosslayer,GOVERNOR-NM-2026,metaculus 0.94,0.94,yes,ticket GOVPARTYNM-26-D snapshotMid 0.9465
2026-10-08,crosslayer,GOVERNOR-OR-2026,metaculus 0.86,0.86,yes,ticket GOVPARTYOR-26-D snapshotMid 0.76
2026-10-08,crosslayer,GOVERNOR-MI-2026,metaculus 0.85,0.85,yes,ticket GOVPARTYMI-26-D snapshotMid 0.937
2026-10-08,crosslayer,SENATE-AK-2026,metaculus 0.525,0.525,yes,ticket SENATEAK-26-D snapshotMid 0.745
2026-10-08,crosslayer,SENATE-MT-2026,metaculus 0.009,0.009,yes,ticket SENATEMT-26-D snapshotMid 0.009
2026-10-08,crosslayer,SENATE-NE-2026,metaculus 0.001,0.001,yes,ticket SENATENE-26-D snapshotMid 0.0015
2026-10-08,crosslayer,SENATE-CONTROL-2026,metaculus 0.588,0.588,yes,ticket CONTROLS-2026-D snapshotMid 0.635
2026-10-08,crosslayer,HOUSE-CONTROL-2026,metaculus 0.922,0.922,yes,ticket CONTROLH-2026-D snapshotMid 0.895
2026-10-08,crosslayer,SENATE-RI-2026,metaculus 0.99,0.99,yes,ticket SENATERI-26-D snapshotMid 0.989
2026-10-08,crosslayer,SENATE-OR-2026,metaculus 0.99,0.99,yes,ticket SENATEOR-26-D snapshotMid 0.9855
2026-10-08,crosslayer,SENATE-CO-2026,metaculus 0.985,0.985,yes,ticket SENATECO-26-D snapshotMid 0.991
2026-10-08,crosslayer,SENATE-NC-2026,metaculus 0.92,0.92,yes,ticket SENATENC-26-D snapshotMid 0.968
2026-10-08,crosslayer,GOVERNOR-HI-2026,metaculus 0.98,0.98,yes,ticket GOVPARTYHI-26-D snapshotMid 0.9775
2026-10-08,crosslayer,GOVERNOR-NM-2026,metaculus 0.94,0.94,yes,ticket GOVPARTYNM-26-D snapshotMid 0.94
2026-10-08,crosslayer,GOVERNOR-OR-2026,metaculus 0.858,0.858,yes,ticket GOVPARTYOR-26-D snapshotMid 0.775
2026-10-08,crosslayer,GOVERNOR-MI-2026,metaculus 0.85,0.85,yes,ticket GOVPARTYMI-26-D snapshotMid 0.9225
2026-10-08,crosslayer,SENATE-AK-2026,metaculus 0.54,0.54,yes,ticket SENATEAK-26-D snapshotMid 0.765
2026-10-08,crosslayer,SENATE-MT-2026,metaculus 0.009,0.009,yes,ticket SENATEMT-26-D snapshotMid 0.008
2026-10-08,crosslayer,SENATE-NE-2026,metaculus 0.001,0.001,yes,ticket SENATENE-26-D snapshotMid 0.0015
2026-10-08,crosslayer,SENATE-CONTROL-2026,metaculus 0.598,0.598,no,ticket CONTROLS-2026-D snapshotMid 0.615
2026-10-08,crosslayer,HOUSE-CONTROL-2026,metaculus 0.922,0.922,no,ticket CONTROLH-2026-D snapshotMid 0.9005
2026-10-08,crosslayer,SENATE-OR-2026,metaculus 0.99,0.99,no,ticket SENATEOR-26-D snapshotMid 0.983
2026-10-08,crosslayer,SENATE-RI-2026,metaculus 0.99,0.99,no,ticket SENATERI-26-D snapshotMid 0.9885
2026-10-08,crosslayer,SENATE-CO-2026,metaculus 0.985,0.985,no,ticket SENATECO-26-D snapshotMid 0.988
2026-10-08,crosslayer,SENATE-NC-2026,metaculus 0.92,0.92,no,ticket SENATENC-26-D snapshotMid 0.9685
2026-10-08,crosslayer,GOVERNOR-HI-2026,metaculus 0.98,0.98,no,ticket GOVPARTYHI-26-D snapshotMid 0.9795
2026-10-08,crosslayer,GOVERNOR-NM-2026,metaculus 0.94,0.94,no,ticket GOVPARTYNM-26-D snapshotMid 0.939
2026-10-08,crosslayer,GOVERNOR-OR-2026,metaculus 0.86,0.86,no,ticket GOVPARTYOR-26-D snapshotMid 0.755
2026-10-08,crosslayer,GOVERNOR-MI-2026,metaculus 0.85,0.85,no,ticket GOVPARTYMI-26-D snapshotMid 0.9205
2026-10-08,crosslayer,SENATE-AK-2026,metaculus 0.548,0.548,no,ticket SENATEAK-26-D snapshotMid 0.755
2026-10-08,crosslayer,SENATE-MT-2026,metaculus 0.009,0.009,no,ticket SENATEMT-26-D snapshotMid 0.0085
2026-10-08,crosslayer,SENATE-NE-2026,metaculus 0.001,0.001,no,ticket SENATENE-26-D snapshotMid 0.001
2026-10-08,crosslayer,SENATE-CONTROL-2026,metaculus 0.608,0.608,no,ticket CONTROLS-2026-D snapshotMid 0.605
2026-10-08,crosslayer,HOUSE-CONTROL-2026,metaculus 0.93,0.93,no,ticket CONTROLH-2026-D snapshotMid 0.895
2026-10-08,crosslayer,SENATE-OR-2026,metaculus 0.99,0.99,no,ticket SENATEOR-26-D snapshotMid 0.983
2026-10-08,crosslayer,SENATE-RI-2026,metaculus 0.99,0.99,no,ticket SENATERI-26-D snapshotMid 0.978
2026-10-08,crosslayer,SENATE-CO-2026,metaculus 0.985,0.985,no,ticket SENATECO-26-D snapshotMid 0.988
2026-10-08,crosslayer,SENATE-GA-2026,metaculus 0.93,0.93,no,ticket SENATEGA-26-D snapshotMid 0.9545
2026-10-08,crosslayer,SENATE-AK-2026,metaculus 0.54,0.54,no,ticket SENATEAK-26-D snapshotMid 0.735
2026-10-08,crosslayer,SENATE-MT-2026,metaculus 0.01,0.01,no,ticket SENATEMT-26-D snapshotMid 0.0085
2026-10-08,crosslayer,SENATE-NE-2026,metaculus 0.001,0.001,no,ticket SENATENE-26-D snapshotMid 0.0025
2026-10-09,poll,cnn-ssrs-2026-09-me-senate,U.S. Senate — Maine CNN Poll conducted by SSRS,0.6608,yes,margin 3pp -> logistic k=4.5; ticket SENATEME-26-D
2026-10-09,poll,cnn-ssrs-2026-09-mi-senate,U.S. Senate — Michigan (open seat) CNN Poll conducted by SSRS,0.6608,yes,margin 3pp -> logistic k=4.5; ticket SENATEMI-26-D
2026-10-09,poll,emerson-2026-09-mi-senate,U.S. Senate — Michigan (open seat) Emerson College Polling / Nexstar Media,0.6093,yes,margin 2pp -> logistic k=4.5; ticket SENATEMI-26-D
2026-10-09,poll,emerson-2026-09-tx-senate,U.S. Senate — Texas (open seat) Emerson College Polling / Nexstar Media,0.5553,yes,margin 1pp -> logistic k=4.5; ticket SENATETX-26-D
2026-10-09,poll,emerson-2026-09-ia-senate,U.S. Senate — Iowa (open seat) Emerson College Polling / Nexstar Media,0.2477,yes,margin -5pp -> logistic k=4.5; ticket SENATEIA-26-D
2026-10-09,poll,reconmr-siena-2026-09-tx-senate,U.S. Senate — Texas (open seat) Texas Poll — ReconMR fieldwork (released via Siena Research Institute),0.7914,yes,margin 6pp -> logistic k=4.5; ticket SENATETX-26-D
2026-10-09,poll,suffolk-2026-08-ia-senate,U.S. Senate — Iowa (open seat) Suffolk University Political Research Center (SUPRC),0.2913,yes,margin -4pp -> logistic k=4.5; ticket SENATEIA-26-D
2026-10-09,poll,npi-2026-08-az-governor,Governor — Arizona Noble Predictive Insights — Arizona Public Opinion Pulse (AZPOP),0.9473,yes,margin 13pp -> logistic k=4.5; ticket GOVPARTYAZ-26-D
2026-10-09,poll,fm-2026-08-pa-governor,Governor — Pennsylvania Franklin & Marshall College Poll,0.9961,yes,margin 25pp -> logistic k=4.5; ticket GOVPARTYPA-26-D
2026-10-09,poll,elon-2026-09-nc-senate,U.S. Senate — North Carolina Elon University Poll (fielded by YouGov),0.9202,yes,margin 11pp -> logistic k=4.5; ticket SENATENC-26-D
2026-10-09,poll,hpu-2026-04-nc-senate,U.S. Senate — North Carolina HPU Poll 120 — High Point University Survey Research Center (fielded by YouGov),0.8554,yes,margin 8pp -> logistic k=4.5; ticket SENATENC-26-D
2026-10-09,poll,hpu-2026-08-nc-senate,U.S. Senate — North Carolina HPU Poll 126 — High Point University Survey Research Center (fielded by YouGov),0.7523,yes,margin 5pp -> logistic k=4.5; ticket SENATENC-26-D
2026-10-09,poll,stetson-2026-04-fl-governor,Governor — Florida Stetson University Center for Public Opinion Research (CPOR) — Spring 2026 Survey,0.1743,yes,margin -7pp -> logistic k=4.5; ticket GOVPARTYFL-26-D
2026-10-09,poll,ppp-2026-07-nc-senate,U.S. Senate — North Carolina Public Policy Polling (PPP),0.7087,yes,margin 4pp -> logistic k=4.5; ticket SENATENC-26-D
2026-10-09,poll,unf-2026-07-fl-governor,Governor — Florida University of North Florida Public Opinion Research Lab,0.2477,yes,margin -5pp -> logistic k=4.5; ticket GOVPARTYFL-26-D
2026-10-09,poll,unf-2026-07-fl-senate,U.S. Senate — Florida (special) University of North Florida Public Opinion Research Lab,0.1446,yes,margin -8pp -> logistic k=4.5; ticket SENATEFLS-26-D
2026-10-09,poll,rasmussen-2026-09-ga-governor,Governor — Georgia Rasmussen Reports (field work by Pulse Opinion Research),0.3392,yes,margin -3pp -> logistic k=4.5; ticket GOVPARTYGA-26-D
2026-10-09,poll,rasmussen-2026-09-ga-senate,U.S. Senate — Georgia Rasmussen Reports (field work by Pulse Opinion Research),0.8808,yes,margin 9pp -> logistic k=4.5; ticket SENATEGA-26-D
2026-10-09,poll,rasmussen-2026-09-sc-senate,U.S. Senate — South Carolina (special) Rasmussen Reports (field work by Pulse Opinion Research),0.2477,yes,margin -5pp -> logistic k=4.5; ticket SENATESC-26-D
2026-10-09,rating,AK,Toss Up / Tilt R,0.25-0.65,yes,ticket SENATEAK-26-D
2026-10-09,rating,IA,Toss Up / Tilt R,0.25-0.65,yes,ticket SENATEIA-26-D
2026-10-09,rating,ME,Toss Up / Toss-up,0.35-0.65,yes,ticket SENATEME-26-D
2026-10-09,rating,MI,Toss Up / Toss-up,0.35-0.65,yes,ticket SENATEMI-26-D
2026-10-09,rating,NH,Toss Up / Toss-up,0.35-0.65,yes,ticket SENATENH-26-D
2026-10-09,rating,OH,Toss Up / Toss-up,0.35-0.65,yes,ticket SENATEOHS-26-D
2026-10-09,rating,TX,Toss Up / Lean R,0.2-0.65,yes,ticket SENATETX-26-D
2026-10-09,rating,GA,Lean D / Tilt D,0.55-0.8,yes,ticket SENATEGA-26-D
2026-10-09,rating,NC,Lean D / Tilt D,0.55-0.8,yes,ticket SENATENC-26-D
2026-10-09,rating,MN,Likely D / Likely D,0.75-0.92,yes,ticket SENATEMN-26-D
2026-10-09,rating,KS,Likely R / Likely R,0.08-0.25,yes,ticket SENATEKS-26-D
2026-10-09,rating,SC,Solid R / Likely R,0-0.25,yes,ticket SENATESC-26-D
2026-10-09,crosslayer,SENATE-CONTROL-2026,metaculus 0.517,0.517,yes,ticket CONTROLS-2026-D snapshotMid 0.595
2026-10-09,crosslayer,HOUSE-CONTROL-2026,metaculus 0.888,0.888,yes,ticket CONTROLH-2026-D snapshotMid 0.895
2026-10-09,crosslayer,HOUSE-CONTROL-2026,metaculus 0.888,0.888,yes,ticket CONTROLH-2026-D snapshotMid 0.9015
2026-10-09,crosslayer,GOVERNOR-HI-2026,metaculus 0.98,0.98,yes,ticket GOVPARTYHI-26-D snapshotMid 0.974
2026-10-09,crosslayer,GOVERNOR-NM-2026,metaculus 0.922,0.922,yes,ticket GOVPARTYNM-26-D snapshotMid 0.9255
2026-10-09,crosslayer,GOVERNOR-OR-2026,metaculus 0.88,0.88,yes,ticket GOVPARTYOR-26-D snapshotMid 0.845
2026-10-09,crosslayer,GOVERNOR-MI-2026,metaculus 0.85,0.85,yes,ticket GOVPARTYMI-26-D snapshotMid 0.915
2026-10-09,crosslayer,SENATE-MT-2026,metaculus 0.01,0.01,yes,ticket SENATEMT-26-D snapshotMid 0.0075
2026-10-09,crosslayer,SENATE-NE-2026,metaculus 0.001,0.001,yes,ticket SENATENE-26-D snapshotMid 0.0005
2026-10-09,crosslayer,SENATE-RI-2026,metaculus 0.99,0.99,yes,ticket SENATERI-26-D snapshotMid 0.979
2026-10-09,crosslayer,SENATE-OR-2026,metaculus 0.99,0.99,yes,ticket SENATEOR-26-D snapshotMid 0.977
2026-10-09,crosslayer,SENATE-CO-2026,metaculus 0.98,0.98,yes,ticket SENATECO-26-D snapshotMid 0.9725
2026-10-09,crosslayer,SENATE-MN-2026,metaculus 0.92,0.92,yes,ticket SENATEMN-26-D snapshotMid 0.9035
2026-10-09,crosslayer,SENATE-AK-2026,metaculus 0.54,0.54,yes,ticket SENATEAK-26-D snapshotMid 0.695
2026-10-09,crosslayer,SENATE-CONTROL-2026,metaculus 0.5,0.5,yes,ticket CONTROLS-2026-D snapshotMid 0.605
2026-10-09,crosslayer,HOUSE-CONTROL-2026,metaculus 0.9,0.9,yes,ticket CONTROLH-2026-D snapshotMid 0.9085
2026-10-09,crosslayer,SENATE-RI-2026,metaculus 0.99,0.99,yes,ticket SENATERI-26-D snapshotMid 0.982
2026-10-09,crosslayer,SENATE-OR-2026,metaculus 0.99,0.99,yes,ticket SENATEOR-26-D snapshotMid 0.977
2026-10-09,crosslayer,SENATE-CO-2026,metaculus 0.98,0.98,yes,ticket SENATECO-26-D snapshotMid 0.973
2026-10-09,crosslayer,SENATE-MN-2026,metaculus 0.93,0.93,yes,ticket SENATEMN-26-D snapshotMid 0.902
2026-10-09,crosslayer,GOVERNOR-HI-2026,metaculus 0.98,0.98,yes,ticket GOVPARTYHI-26-D snapshotMid 0.974
2026-10-09,crosslayer,GOVERNOR-NM-2026,metaculus 0.922,0.922,yes,ticket GOVPARTYNM-26-D snapshotMid 0.928
2026-10-09,crosslayer,GOVERNOR-OR-2026,metaculus 0.88,0.88,yes,ticket GOVPARTYOR-26-D snapshotMid 0.86
2026-10-09,crosslayer,GOVERNOR-MI-2026,metaculus 0.85,0.85,yes,ticket GOVPARTYMI-26-D snapshotMid 0.9165
2026-10-09,crosslayer,SENATE-AK-2026,metaculus 0.54,0.54,yes,ticket SENATEAK-26-D snapshotMid 0.705
2026-10-09,crosslayer,SENATE-MT-2026,metaculus 0.01,0.01,yes,ticket SENATEMT-26-D snapshotMid 0.01
2026-10-09,crosslayer,SENATE-NE-2026,metaculus 0.001,0.001,yes,ticket SENATENE-26-D snapshotMid 0.0025
2026-10-09,crosslayer,SENATE-CONTROL-2026,metaculus 0.512,0.512,yes,ticket CONTROLS-2026-D snapshotMid 0.605
2026-10-09,crosslayer,HOUSE-CONTROL-2026,metaculus 0.908,0.908,yes,ticket CONTROLH-2026-D snapshotMid 0.9065
2026-10-09,crosslayer,SENATE-RI-2026,metaculus 0.99,0.99,yes,ticket SENATERI-26-D snapshotMid 0.9825
2026-10-09,crosslayer,SENATE-OR-2026,metaculus 0.99,0.99,yes,ticket SENATEOR-26-D snapshotMid 0.977
2026-10-09,crosslayer,SENATE-CO-2026,metaculus 0.98,0.98,yes,ticket SENATECO-26-D snapshotMid 0.973
2026-10-09,crosslayer,SENATE-MN-2026,metaculus 0.93,0.93,yes,ticket SENATEMN-26-D snapshotMid 0.905
2026-10-09,crosslayer,GOVERNOR-HI-2026,metaculus 0.98,0.98,yes,ticket GOVPARTYHI-26-D snapshotMid 0.974
2026-10-09,crosslayer,GOVERNOR-NM-2026,metaculus 0.928,0.928,yes,ticket GOVPARTYNM-26-D snapshotMid 0.931
2026-10-09,crosslayer,GOVERNOR-OR-2026,metaculus 0.882,0.882,yes,ticket GOVPARTYOR-26-D snapshotMid 0.86
2026-10-09,crosslayer,GOVERNOR-MI-2026,metaculus 0.84,0.84,yes,ticket GOVPARTYMI-26-D snapshotMid 0.923
2026-10-09,crosslayer,SENATE-AK-2026,metaculus 0.54,0.54,yes,ticket SENATEAK-26-D snapshotMid 0.735
2026-10-09,crosslayer,SENATE-MT-2026,metaculus 0.01,0.01,yes,ticket SENATEMT-26-D snapshotMid 0.009
2026-10-09,crosslayer,SENATE-NE-2026,metaculus 0.001,0.001,yes,ticket SENATENE-26-D snapshotMid 0.002
2026-10-09,crosslayer,SENATE-GA-2026,metaculus 0.92,0.92,yes,ticket SENATEGA-26-D snapshotMid 0.9385
2026-10-09,crosslayer,SENATE-CONTROL-2026,metaculus 0.531,0.531,yes,ticket CONTROLS-2026-D snapshotMid 0.625
2026-10-09,crosslayer,HOUSE-CONTROL-2026,metaculus 0.906,0.906,yes,ticket CONTROLH-2026-D snapshotMid 0.9095
2026-10-09,crosslayer,SENATE-RI-2026,metaculus 0.99,0.99,yes,ticket SENATERI-26-D snapshotMid 0.9865
2026-10-09,crosslayer,SENATE-OR-2026,metaculus 0.99,0.99,yes,ticket SENATEOR-26-D snapshotMid 0.977
2026-10-09,crosslayer,SENATE-CO-2026,metaculus 0.98,0.98,yes,ticket SENATECO-26-D snapshotMid 0.9735
2026-10-09,crosslayer,SENATE-GA-2026,metaculus 0.92,0.92,yes,ticket SENATEGA-26-D snapshotMid 0.9385
2026-10-09,crosslayer,GOVERNOR-HI-2026,metaculus 0.98,0.98,yes,ticket GOVPARTYHI-26-D snapshotMid 0.973
2026-10-09,crosslayer,GOVERNOR-NM-2026,metaculus 0.928,0.928,yes,ticket GOVPARTYNM-26-D snapshotMid 0.931
2026-10-09,crosslayer,GOVERNOR-OR-2026,metaculus 0.882,0.882,yes,ticket GOVPARTYOR-26-D snapshotMid 0.855
2026-10-09,crosslayer,GOVERNOR-MI-2026,metaculus 0.84,0.84,yes,ticket GOVPARTYMI-26-D snapshotMid 0.9235
2026-10-09,crosslayer,SENATE-AK-2026,metaculus 0.54,0.54,yes,ticket SENATEAK-26-D snapshotMid 0.755
2026-10-09,crosslayer,SENATE-MT-2026,metaculus 0.01,0.01,yes,ticket SENATEMT-26-D snapshotMid 0.012
2026-10-09,crosslayer,SENATE-NE-2026,metaculus 0.002,0.002,yes,ticket SENATENE-26-D snapshotMid 0.0025
2026-10-09,crosslayer,SENATE-NC-2026,metaculus 0.92,0.92,yes,ticket SENATENC-26-D snapshotMid 0.9365
2026-10-09,crosslayer,SENATE-CONTROL-2026,metaculus 0.567,0.567,yes,ticket CONTROLS-2026-D snapshotMid 0.615
2026-10-09,crosslayer,HOUSE-CONTROL-2026,metaculus 0.91,0.91,yes,ticket CONTROLH-2026-D snapshotMid 0.9165
2026-10-09,crosslayer,SENATE-RI-2026,metaculus 0.996,0.996,yes,ticket SENATERI-26-D snapshotMid 0.99
2026-10-09,crosslayer,SENATE-OR-2026,metaculus 0.99,0.99,yes,ticket SENATEOR-26-D snapshotMid 0.9775
2026-10-09,crosslayer,SENATE-CO-2026,metaculus 0.98,0.98,yes,ticket SENATECO-26-D snapshotMid 0.9845
2026-10-09,crosslayer,SENATE-MN-2026,metaculus 0.94,0.94,yes,ticket SENATEMN-26-D snapshotMid 0.9055
2026-10-09,crosslayer,GOVERNOR-HI-2026,metaculus 0.98,0.98,yes,ticket GOVPARTYHI-26-D snapshotMid 0.9745
2026-10-09,crosslayer,GOVERNOR-NM-2026,metaculus 0.928,0.928,yes,ticket GOVPARTYNM-26-D snapshotMid 0.9295
2026-10-09,crosslayer,GOVERNOR-OR-2026,metaculus 0.88,0.88,yes,ticket GOVPARTYOR-26-D snapshotMid 0.84
2026-10-09,crosslayer,GOVERNOR-MI-2026,metaculus 0.85,0.85,yes,ticket GOVPARTYMI-26-D snapshotMid 0.927
2026-10-09,crosslayer,SENATE-AK-2026,metaculus 0.548,0.548,yes,ticket SENATEAK-26-D snapshotMid 0.705
2026-10-09,crosslayer,SENATE-MT-2026,metaculus 0.01,0.01,yes,ticket SENATEMT-26-D snapshotMid 0.0095
2026-10-09,crosslayer,SENATE-NE-2026,metaculus 0.001,0.001,yes,ticket SENATENE-26-D snapshotMid 0.002
2026-10-09,crosslayer,SENATE-CONTROL-2026,metaculus 0.582,0.582,yes,ticket CONTROLS-2026-D snapshotMid 0.605
2026-10-09,crosslayer,HOUSE-CONTROL-2026,metaculus 0.929,0.929,yes,ticket CONTROLH-2026-D snapshotMid 0.919
2026-10-09,crosslayer,SENATE-RI-2026,metaculus 0.996,0.996,yes,ticket SENATERI-26-D snapshotMid 0.99
2026-10-09,crosslayer,SENATE-OR-2026,metaculus 0.99,0.99,yes,ticket SENATEOR-26-D snapshotMid 0.9775
2026-10-09,crosslayer,SENATE-CO-2026,metaculus 0.98,0.98,yes,ticket SENATECO-26-D snapshotMid 0.9855
2026-10-09,crosslayer,SENATE-MN-2026,metaculus 0.94,0.94,yes,ticket SENATEMN-26-D snapshotMid 0.895
2026-10-09,crosslayer,GOVERNOR-HI-2026,metaculus 0.98,0.98,yes,ticket GOVPARTYHI-26-D snapshotMid 0.9745
2026-10-09,crosslayer,GOVERNOR-NM-2026,metaculus 0.93,0.93,yes,ticket GOVPARTYNM-26-D snapshotMid 0.928
2026-10-09,crosslayer,GOVERNOR-OR-2026,metaculus 0.88,0.88,yes,ticket GOVPARTYOR-26-D snapshotMid 0.85
2026-10-09,crosslayer,GOVERNOR-MI-2026,metaculus 0.85,0.85,yes,ticket GOVPARTYMI-26-D snapshotMid 0.925
2026-10-09,crosslayer,SENATE-AK-2026,metaculus 0.548,0.548,yes,ticket SENATEAK-26-D snapshotMid 0.705
2026-10-09,crosslayer,SENATE-MT-2026,metaculus 0.01,0.01,yes,ticket SENATEMT-26-D snapshotMid 0.011
2026-10-09,crosslayer,SENATE-NE-2026,metaculus 0.001,0.001,yes,ticket SENATENE-26-D snapshotMid 0.002
2026-10-09,crosslayer,SENATE-CONTROL-2026,metaculus 0.572,0.572,yes,ticket CONTROLS-2026-D snapshotMid 0.615
2026-10-09,crosslayer,HOUSE-CONTROL-2026,metaculus 0.929,0.929,yes,ticket CONTROLH-2026-D snapshotMid 0.919
2026-10-09,crosslayer,SENATE-RI-2026,metaculus 0.993,0.993,yes,ticket SENATERI-26-D snapshotMid 0.99
2026-10-09,crosslayer,SENATE-OR-2026,metaculus 0.99,0.99,yes,ticket SENATEOR-26-D snapshotMid 0.9775
2026-10-09,crosslayer,SENATE-CO-2026,metaculus 0.98,0.98,yes,ticket SENATECO-26-D snapshotMid 0.985
2026-10-09,crosslayer,SENATE-MN-2026,metaculus 0.94,0.94,yes,ticket SENATEMN-26-D snapshotMid 0.895
2026-10-09,crosslayer,GOVERNOR-HI-2026,metaculus 0.98,0.98,yes,ticket GOVPARTYHI-26-D snapshotMid 0.9745
2026-10-09,crosslayer,GOVERNOR-NM-2026,metaculus 0.928,0.928,yes,ticket GOVPARTYNM-26-D snapshotMid 0.9275
2026-10-09,crosslayer,GOVERNOR-OR-2026,metaculus 0.88,0.88,yes,ticket GOVPARTYOR-26-D snapshotMid 0.84
2026-10-09,crosslayer,GOVERNOR-MI-2026,metaculus 0.85,0.85,yes,ticket GOVPARTYMI-26-D snapshotMid 0.927
2026-10-09,crosslayer,SENATE-AK-2026,metaculus 0.548,0.548,yes,ticket SENATEAK-26-D snapshotMid 0.705
2026-10-09,crosslayer,SENATE-MT-2026,metaculus 0.01,0.01,yes,ticket SENATEMT-26-D snapshotMid 0.016
2026-10-09,crosslayer,SENATE-NE-2026,metaculus 0.001,0.001,yes,ticket SENATENE-26-D snapshotMid 0.0005
2026-10-09,crosslayer,SENATE-CONTROL-2026,metaculus 0.555,0.555,yes,ticket CONTROLS-2026-D snapshotMid 0.615
2026-10-09,crosslayer,HOUSE-CONTROL-2026,metaculus 0.919,0.919,yes,ticket CONTROLH-2026-D snapshotMid 0.9165
2026-10-09,crosslayer,SENATE-RI-2026,metaculus 0.993,0.993,yes,ticket SENATERI-26-D snapshotMid 0.9905
2026-10-09,crosslayer,SENATE-OR-2026,metaculus 0.99,0.99,yes,ticket SENATEOR-26-D snapshotMid 0.9775
2026-10-09,crosslayer,SENATE-CO-2026,metaculus 0.98,0.98,yes,ticket SENATECO-26-D snapshotMid 0.9855
2026-10-09,crosslayer,SENATE-MN-2026,metaculus 0.95,0.95,yes,ticket SENATEMN-26-D snapshotMid 0.895
2026-10-09,crosslayer,GOVERNOR-HI-2026,metaculus 0.98,0.98,yes,ticket GOVPARTYHI-26-D snapshotMid 0.9745
2026-10-09,crosslayer,GOVERNOR-NM-2026,metaculus 0.925,0.925,yes,ticket GOVPARTYNM-26-D snapshotMid 0.929
2026-10-09,crosslayer,GOVERNOR-OR-2026,metaculus 0.874,0.874,yes,ticket GOVPARTYOR-26-D snapshotMid 0.805
2026-10-09,crosslayer,GOVERNOR-MI-2026,metaculus 0.84,0.84,yes,ticket GOVPARTYMI-26-D snapshotMid 0.9235
2026-10-09,crosslayer,SENATE-AK-2026,metaculus 0.54,0.54,yes,ticket SENATEAK-26-D snapshotMid 0.705
2026-10-09,crosslayer,SENATE-MT-2026,metaculus 0.01,0.01,yes,ticket SENATEMT-26-D snapshotMid 0.0145
2026-10-09,crosslayer,SENATE-NE-2026,metaculus 0.001,0.001,yes,ticket SENATENE-26-D snapshotMid 0.0025
2026-10-09,crosslayer,SENATE-CONTROL-2026,metaculus 0.569,0.569,yes,ticket CONTROLS-2026-D snapshotMid 0.625
2026-10-09,crosslayer,HOUSE-CONTROL-2026,metaculus 0.925,0.925,yes,ticket CONTROLH-2026-D snapshotMid 0.9155
2026-10-09,crosslayer,SENATE-RI-2026,metaculus 0.991,0.991,yes,ticket SENATERI-26-D snapshotMid 0.9885
2026-10-09,crosslayer,SENATE-OR-2026,metaculus 0.99,0.99,yes,ticket SENATEOR-26-D snapshotMid 0.9775
2026-10-09,crosslayer,SENATE-CO-2026,metaculus 0.98,0.98,yes,ticket SENATECO-26-D snapshotMid 0.9855
2026-10-09,crosslayer,SENATE-MN-2026,metaculus 0.95,0.95,yes,ticket SENATEMN-26-D snapshotMid 0.895
2026-10-09,crosslayer,GOVERNOR-HI-2026,metaculus 0.98,0.98,yes,ticket GOVPARTYHI-26-D snapshotMid 0.9745
2026-10-09,crosslayer,GOVERNOR-NM-2026,metaculus 0.925,0.925,yes,ticket GOVPARTYNM-26-D snapshotMid 0.93
2026-10-09,crosslayer,GOVERNOR-OR-2026,metaculus 0.874,0.874,yes,ticket GOVPARTYOR-26-D snapshotMid 0.815
2026-10-09,crosslayer,GOVERNOR-MI-2026,metaculus 0.84,0.84,yes,ticket GOVPARTYMI-26-D snapshotMid 0.926
2026-10-09,crosslayer,SENATE-AK-2026,metaculus 0.54,0.54,yes,ticket SENATEAK-26-D snapshotMid 0.695
2026-10-09,crosslayer,SENATE-MT-2026,metaculus 0.01,0.01,yes,ticket SENATEMT-26-D snapshotMid 0.0145
2026-10-09,crosslayer,SENATE-NE-2026,metaculus 0.001,0.001,yes,ticket SENATENE-26-D snapshotMid 0.0025
2026-10-09,crosslayer,SENATE-CONTROL-2026,metaculus 0.562,0.562,yes,ticket CONTROLS-2026-D snapshotMid 0.625
2026-10-09,crosslayer,HOUSE-CONTROL-2026,metaculus 0.919,0.919,yes,ticket CONTROLH-2026-D snapshotMid 0.915
2026-10-09,crosslayer,SENATE-RI-2026,metaculus 0.99,0.99,yes,ticket SENATERI-26-D snapshotMid 0.9885
2026-10-09,crosslayer,SENATE-OR-2026,metaculus 0.99,0.99,yes,ticket SENATEOR-26-D snapshotMid 0.983
2026-10-09,crosslayer,SENATE-CO-2026,metaculus 0.98,0.98,yes,ticket SENATECO-26-D snapshotMid 0.9855
2026-10-09,crosslayer,SENATE-MN-2026,metaculus 0.95,0.95,yes,ticket SENATEMN-26-D snapshotMid 0.885
2026-10-09,crosslayer,GOVERNOR-HI-2026,metaculus 0.98,0.98,yes,ticket GOVPARTYHI-26-D snapshotMid 0.969
2026-10-09,crosslayer,GOVERNOR-NM-2026,metaculus 0.925,0.925,yes,ticket GOVPARTYNM-26-D snapshotMid 0.9295
2026-10-09,crosslayer,GOVERNOR-OR-2026,metaculus 0.874,0.874,yes,ticket GOVPARTYOR-26-D snapshotMid 0.795
2026-10-09,crosslayer,GOVERNOR-MI-2026,metaculus 0.84,0.84,yes,ticket GOVPARTYMI-26-D snapshotMid 0.9225
2026-10-09,crosslayer,SENATE-AK-2026,metaculus 0.54,0.54,yes,ticket SENATEAK-26-D snapshotMid 0.705
2026-10-09,crosslayer,SENATE-MT-2026,metaculus 0.01,0.01,yes,ticket SENATEMT-26-D snapshotMid 0.009
2026-10-09,crosslayer,SENATE-NE-2026,metaculus 0.001,0.001,yes,ticket SENATENE-26-D snapshotMid 0.002
2026-10-09,crosslayer,SENATE-CONTROL-2026,metaculus 0.565,0.565,yes,ticket CONTROLS-2026-D snapshotMid 0.625
2026-10-09,crosslayer,HOUSE-CONTROL-2026,metaculus 0.924,0.924,yes,ticket CONTROLH-2026-D snapshotMid 0.9155
2026-10-09,crosslayer,SENATE-RI-2026,metaculus 0.99,0.99,yes,ticket SENATERI-26-D snapshotMid 0.99
2026-10-09,crosslayer,SENATE-OR-2026,metaculus 0.99,0.99,yes,ticket SENATEOR-26-D snapshotMid 0.9785
2026-10-09,crosslayer,SENATE-CO-2026,metaculus 0.98,0.98,yes,ticket SENATECO-26-D snapshotMid 0.9865
2026-10-09,crosslayer,SENATE-MN-2026,metaculus 0.94,0.94,yes,ticket SENATEMN-26-D snapshotMid 0.875
2026-10-09,crosslayer,GOVERNOR-HI-2026,metaculus 0.98,0.98,yes,ticket GOVPARTYHI-26-D snapshotMid 0.9745
2026-10-09,crosslayer,GOVERNOR-NM-2026,metaculus 0.93,0.93,yes,ticket GOVPARTYNM-26-D snapshotMid 0.9305
2026-10-09,crosslayer,GOVERNOR-OR-2026,metaculus 0.88,0.88,yes,ticket GOVPARTYOR-26-D snapshotMid 0.765
2026-10-09,crosslayer,GOVERNOR-MI-2026,metaculus 0.85,0.85,yes,ticket GOVPARTYMI-26-D snapshotMid 0.92
2026-10-09,crosslayer,SENATE-AK-2026,metaculus 0.54,0.54,yes,ticket SENATEAK-26-D snapshotMid 0.685
2026-10-09,crosslayer,SENATE-MT-2026,metaculus 0.01,0.01,yes,ticket SENATEMT-26-D snapshotMid 0.006
2026-10-09,crosslayer,SENATE-CONTROL-2026,metaculus 0.575,0.575,yes,ticket CONTROLS-2026-D snapshotMid 0.625
2026-10-09,crosslayer,HOUSE-CONTROL-2026,metaculus 0.924,0.924,yes,ticket CONTROLH-2026-D snapshotMid 0.9165
2026-10-09,crosslayer,SENATE-RI-2026,metaculus 0.99,0.99,yes,ticket SENATERI-26-D snapshotMid 0.9905
2026-10-09,crosslayer,SENATE-OR-2026,metaculus 0.99,0.99,yes,ticket SENATEOR-26-D snapshotMid 0.985
2026-10-09,crosslayer,SENATE-CO-2026,metaculus 0.98,0.98,yes,ticket SENATECO-26-D snapshotMid 0.9865
2026-10-09,crosslayer,SENATE-MN-2026,metaculus 0.94,0.94,yes,ticket SENATEMN-26-D snapshotMid 0.895
2026-10-09,crosslayer,GOVERNOR-HI-2026,metaculus 0.98,0.98,yes,ticket GOVPARTYHI-26-D snapshotMid 0.9715
2026-10-09,crosslayer,GOVERNOR-NM-2026,metaculus 0.93,0.93,yes,ticket GOVPARTYNM-26-D snapshotMid 0.94
2026-10-09,crosslayer,GOVERNOR-OR-2026,metaculus 0.872,0.872,yes,ticket GOVPARTYOR-26-D snapshotMid 0.715
2026-10-09,crosslayer,GOVERNOR-MI-2026,metaculus 0.84,0.84,yes,ticket GOVPARTYMI-26-D snapshotMid 0.922
2026-10-09,crosslayer,SENATE-AK-2026,metaculus 0.54,0.54,yes,ticket SENATEAK-26-D snapshotMid 0.675
2026-10-09,crosslayer,SENATE-MT-2026,metaculus 0.01,0.01,yes,ticket SENATEMT-26-D snapshotMid 0.006
2026-10-09,crosslayer,SENATE-NE-2026,metaculus 0.001,0.001,yes,ticket SENATENE-26-D snapshotMid 0.004
2026-10-09,crosslayer,SENATE-CONTROL-2026,metaculus 0.581,0.581,yes,ticket CONTROLS-2026-D snapshotMid 0.645
2026-10-09,crosslayer,HOUSE-CONTROL-2026,metaculus 0.918,0.918,yes,ticket CONTROLH-2026-D snapshotMid 0.9205
2026-10-09,crosslayer,SENATE-OR-2026,metaculus 0.99,0.99,yes,ticket SENATEOR-26-D snapshotMid 0.985
2026-10-09,crosslayer,SENATE-RI-2026,metaculus 0.99,0.99,yes,ticket SENATERI-26-D snapshotMid 0.9905
2026-10-09,crosslayer,SENATE-CO-2026,metaculus 0.982,0.982,yes,ticket SENATECO-26-D snapshotMid 0.9865
2026-10-09,crosslayer,SENATE-MN-2026,metaculus 0.94,0.94,yes,ticket SENATEMN-26-D snapshotMid 0.875
2026-10-09,crosslayer,GOVERNOR-HI-2026,metaculus 0.98,0.98,yes,ticket GOVPARTYHI-26-D snapshotMid 0.9735
2026-10-09,crosslayer,GOVERNOR-NM-2026,metaculus 0.93,0.93,yes,ticket GOVPARTYNM-26-D snapshotMid 0.945
2026-10-09,crosslayer,GOVERNOR-OR-2026,metaculus 0.872,0.872,yes,ticket GOVPARTYOR-26-D snapshotMid 0.735
2026-10-09,crosslayer,GOVERNOR-MI-2026,metaculus 0.85,0.85,yes,ticket GOVPARTYMI-26-D snapshotMid 0.9275
2026-10-09,crosslayer,SENATE-AK-2026,metaculus 0.525,0.525,yes,ticket SENATEAK-26-D snapshotMid 0.705
2026-10-09,crosslayer,SENATE-MT-2026,metaculus 0.01,0.01,yes,ticket SENATEMT-26-D snapshotMid 0.007
2026-10-09,crosslayer,SENATE-NE-2026,metaculus 0.001,0.001,yes,ticket SENATENE-26-D snapshotMid 0.004
2026-10-09,crosslayer,SENATE-CONTROL-2026,metaculus 0.576,0.576,yes,ticket CONTROLS-2026-D snapshotMid 0.625
2026-10-09,crosslayer,HOUSE-CONTROL-2026,metaculus 0.919,0.919,yes,ticket CONTROLH-2026-D snapshotMid 0.9195
2026-10-09,crosslayer,GOVERNOR-HI-2026,metaculus 0.98,0.98,yes,ticket GOVPARTYHI-26-D snapshotMid 0.971
2026-10-09,crosslayer,GOVERNOR-NM-2026,metaculus 0.94,0.94,yes,ticket GOVPARTYNM-26-D snapshotMid 0.9455
2026-10-09,crosslayer,GOVERNOR-OR-2026,metaculus 0.87,0.87,yes,ticket GOVPARTYOR-26-D snapshotMid 0.735
2026-10-09,crosslayer,GOVERNOR-MI-2026,metaculus 0.85,0.85,yes,ticket GOVPARTYMI-26-D snapshotMid 0.927
2026-10-09,crosslayer,SENATE-AK-2026,metaculus 0.525,0.525,yes,ticket SENATEAK-26-D snapshotMid 0.73
2026-10-09,crosslayer,SENATE-MT-2026,metaculus 0.01,0.01,yes,ticket SENATEMT-26-D snapshotMid 0.0085
2026-10-09,crosslayer,SENATE-NE-2026,metaculus 0.001,0.001,yes,ticket SENATENE-26-D snapshotMid 0.004
2026-10-09,crosslayer,SENATE-CONTROL-2026,metaculus 0.584,0.584,yes,ticket CONTROLS-2026-D snapshotMid 0.645
2026-10-09,crosslayer,HOUSE-CONTROL-2026,metaculus 0.929,0.929,yes,ticket CONTROLH-2026-D snapshotMid 0.9165
2026-10-09,crosslayer,SENATE-OR-2026,metaculus 0.99,0.99,yes,ticket SENATEOR-26-D snapshotMid 0.988
2026-10-09,crosslayer,SENATE-RI-2026,metaculus 0.99,0.99,yes,ticket SENATERI-26-D snapshotMid 0.9905
2026-10-09,crosslayer,SENATE-CO-2026,metaculus 0.982,0.982,yes,ticket SENATECO-26-D snapshotMid 0.9915
2026-10-09,crosslayer,SENATE-MN-2026,metaculus 0.925,0.925,yes,ticket SENATEMN-26-D snapshotMid 0.865
2026-10-09,crosslayer,GOVERNOR-HI-2026,metaculus 0.98,0.98,yes,ticket GOVPARTYHI-26-D snapshotMid 0.9735
2026-10-09,crosslayer,GOVERNOR-NM-2026,metaculus 0.94,0.94,yes,ticket GOVPARTYNM-26-D snapshotMid 0.945
2026-10-09,crosslayer,GOVERNOR-OR-2026,metaculus 0.86,0.86,yes,ticket GOVPARTYOR-26-D snapshotMid 0.755
2026-10-09,crosslayer,GOVERNOR-MI-2026,metaculus 0.85,0.85,yes,ticket GOVPARTYMI-26-D snapshotMid 0.9305
2026-10-09,crosslayer,SENATE-AK-2026,metaculus 0.525,0.525,yes,ticket SENATEAK-26-D snapshotMid 0.735
2026-10-09,crosslayer,SENATE-MT-2026,metaculus 0.01,0.01,yes,ticket SENATEMT-26-D snapshotMid 0.021
2026-10-09,crosslayer,SENATE-NE-2026,metaculus 0.001,0.001,yes,ticket SENATENE-26-D snapshotMid 0.0015
2026-10-09,crosslayer,SENATE-CONTROL-2026,metaculus 0.586,0.586,yes,ticket CONTROLS-2026-D snapshotMid 0.645
2026-10-09,crosslayer,HOUSE-CONTROL-2026,metaculus 0.929,0.929,yes,ticket CONTROLH-2026-D snapshotMid 0.9155
2026-10-09,crosslayer,SENATE-OR-2026,metaculus 0.99,0.99,yes,ticket SENATEOR-26-D snapshotMid 0.9855
2026-10-09,crosslayer,SENATE-RI-2026,metaculus 0.99,0.99,yes,ticket SENATERI-26-D snapshotMid 0.99
2026-10-09,crosslayer,SENATE-CO-2026,metaculus 0.982,0.982,yes,ticket SENATECO-26-D snapshotMid 0.991
2026-10-09,crosslayer,SENATE-MN-2026,metaculus 0.925,0.925,yes,ticket SENATEMN-26-D snapshotMid 0.865
2026-10-09,crosslayer,GOVERNOR-HI-2026,metaculus 0.98,0.98,yes,ticket GOVPARTYHI-26-D snapshotMid 0.9735
2026-10-09,crosslayer,GOVERNOR-NM-2026,metaculus 0.94,0.94,yes,ticket GOVPARTYNM-26-D snapshotMid 0.9465
2026-10-09,crosslayer,GOVERNOR-OR-2026,metaculus 0.86,0.86,yes,ticket GOVPARTYOR-26-D snapshotMid 0.76
2026-10-09,crosslayer,GOVERNOR-MI-2026,metaculus 0.85,0.85,yes,ticket GOVPARTYMI-26-D snapshotMid 0.937
2026-10-09,crosslayer,SENATE-AK-2026,metaculus 0.525,0.525,yes,ticket SENATEAK-26-D snapshotMid 0.745
2026-10-09,crosslayer,SENATE-MT-2026,metaculus 0.009,0.009,yes,ticket SENATEMT-26-D snapshotMid 0.009
2026-10-09,crosslayer,SENATE-NE-2026,metaculus 0.001,0.001,yes,ticket SENATENE-26-D snapshotMid 0.0015
2026-10-09,crosslayer,SENATE-CONTROL-2026,metaculus 0.588,0.588,yes,ticket CONTROLS-2026-D snapshotMid 0.635
2026-10-09,crosslayer,HOUSE-CONTROL-2026,metaculus 0.922,0.922,yes,ticket CONTROLH-2026-D snapshotMid 0.895
2026-10-09,crosslayer,SENATE-RI-2026,metaculus 0.99,0.99,yes,ticket SENATERI-26-D snapshotMid 0.989
2026-10-09,crosslayer,SENATE-OR-2026,metaculus 0.99,0.99,yes,ticket SENATEOR-26-D snapshotMid 0.9855
2026-10-09,crosslayer,SENATE-CO-2026,metaculus 0.985,0.985,yes,ticket SENATECO-26-D snapshotMid 0.991
2026-10-09,crosslayer,SENATE-NC-2026,metaculus 0.92,0.92,yes,ticket SENATENC-26-D snapshotMid 0.968
2026-10-09,crosslayer,GOVERNOR-HI-2026,metaculus 0.98,0.98,yes,ticket GOVPARTYHI-26-D snapshotMid 0.9775
2026-10-09,crosslayer,GOVERNOR-NM-2026,metaculus 0.94,0.94,yes,ticket GOVPARTYNM-26-D snapshotMid 0.94
2026-10-09,crosslayer,GOVERNOR-OR-2026,metaculus 0.858,0.858,yes,ticket GOVPARTYOR-26-D snapshotMid 0.775
2026-10-09,crosslayer,GOVERNOR-MI-2026,metaculus 0.85,0.85,yes,ticket GOVPARTYMI-26-D snapshotMid 0.9225
2026-10-09,crosslayer,SENATE-AK-2026,metaculus 0.54,0.54,yes,ticket SENATEAK-26-D snapshotMid 0.765
2026-10-09,crosslayer,SENATE-MT-2026,metaculus 0.009,0.009,yes,ticket SENATEMT-26-D snapshotMid 0.008
2026-10-09,crosslayer,SENATE-NE-2026,metaculus 0.001,0.001,yes,ticket SENATENE-26-D snapshotMid 0.0015
2026-10-09,crosslayer,SENATE-CONTROL-2026,metaculus 0.598,0.598,yes,ticket CONTROLS-2026-D snapshotMid 0.615
2026-10-09,crosslayer,HOUSE-CONTROL-2026,metaculus 0.922,0.922,yes,ticket CONTROLH-2026-D snapshotMid 0.9005
2026-10-09,crosslayer,SENATE-OR-2026,metaculus 0.99,0.99,yes,ticket SENATEOR-26-D snapshotMid 0.983
2026-10-09,crosslayer,SENATE-RI-2026,metaculus 0.99,0.99,yes,ticket SENATERI-26-D snapshotMid 0.9885
2026-10-09,crosslayer,SENATE-CO-2026,metaculus 0.985,0.985,yes,ticket SENATECO-26-D snapshotMid 0.988
2026-10-09,crosslayer,SENATE-NC-2026,metaculus 0.92,0.92,yes,ticket SENATENC-26-D snapshotMid 0.9685
2026-10-09,crosslayer,GOVERNOR-HI-2026,metaculus 0.98,0.98,yes,ticket GOVPARTYHI-26-D snapshotMid 0.9795
2026-10-09,crosslayer,GOVERNOR-NM-2026,metaculus 0.94,0.94,yes,ticket GOVPARTYNM-26-D snapshotMid 0.939
2026-10-09,crosslayer,GOVERNOR-OR-2026,metaculus 0.86,0.86,yes,ticket GOVPARTYOR-26-D snapshotMid 0.755
2026-10-09,crosslayer,GOVERNOR-MI-2026,metaculus 0.85,0.85,yes,ticket GOVPARTYMI-26-D snapshotMid 0.9205
2026-10-09,crosslayer,SENATE-AK-2026,metaculus 0.548,0.548,yes,ticket SENATEAK-26-D snapshotMid 0.755
2026-10-09,crosslayer,SENATE-MT-2026,metaculus 0.009,0.009,yes,ticket SENATEMT-26-D snapshotMid 0.0085
2026-10-09,crosslayer,SENATE-NE-2026,metaculus 0.001,0.001,yes,ticket SENATENE-26-D snapshotMid 0.001
2026-10-09,crosslayer,SENATE-CONTROL-2026,metaculus 0.608,0.608,no,ticket CONTROLS-2026-D snapshotMid 0.605
2026-10-09,crosslayer,HOUSE-CONTROL-2026,metaculus 0.93,0.93,no,ticket CONTROLH-2026-D snapshotMid 0.895
2026-10-09,crosslayer,SENATE-OR-2026,metaculus 0.99,0.99,no,ticket SENATEOR-26-D snapshotMid 0.983
2026-10-09,crosslayer,SENATE-RI-2026,metaculus 0.99,0.99,no,ticket SENATERI-26-D snapshotMid 0.978
2026-10-09,crosslayer,SENATE-CO-2026,metaculus 0.985,0.985,no,ticket SENATECO-26-D snapshotMid 0.988
2026-10-09,crosslayer,SENATE-GA-2026,metaculus 0.93,0.93,no,ticket SENATEGA-26-D snapshotMid 0.9545
2026-10-09,crosslayer,SENATE-AK-2026,metaculus 0.54,0.54,no,ticket SENATEAK-26-D snapshotMid 0.735
2026-10-09,crosslayer,SENATE-MT-2026,metaculus 0.01,0.01,no,ticket SENATEMT-26-D snapshotMid 0.0085
2026-10-09,crosslayer,SENATE-NE-2026,metaculus 0.001,0.001,no,ticket SENATENE-26-D snapshotMid 0.0025
2026-10-10,poll,cnn-ssrs-2026-09-me-senate,U.S. Senate — Maine CNN Poll conducted by SSRS,0.6608,yes,margin 3pp -> logistic k=4.5; ticket SENATEME-26-D
2026-10-10,poll,cnn-ssrs-2026-09-mi-senate,U.S. Senate — Michigan (open seat) CNN Poll conducted by SSRS,0.6608,yes,margin 3pp -> logistic k=4.5; ticket SENATEMI-26-D
2026-10-10,poll,emerson-2026-09-mi-senate,U.S. Senate — Michigan (open seat) Emerson College Polling / Nexstar Media,0.6093,yes,margin 2pp -> logistic k=4.5; ticket SENATEMI-26-D
2026-10-10,poll,emerson-2026-09-tx-senate,U.S. Senate — Texas (open seat) Emerson College Polling / Nexstar Media,0.5553,yes,margin 1pp -> logistic k=4.5; ticket SENATETX-26-D
2026-10-10,poll,emerson-2026-09-ia-senate,U.S. Senate — Iowa (open seat) Emerson College Polling / Nexstar Media,0.2477,yes,margin -5pp -> logistic k=4.5; ticket SENATEIA-26-D
2026-10-10,poll,reconmr-siena-2026-09-tx-senate,U.S. Senate — Texas (open seat) Texas Poll — ReconMR fieldwork (released via Siena Research Institute),0.7914,yes,margin 6pp -> logistic k=4.5; ticket SENATETX-26-D
2026-10-10,poll,suffolk-2026-08-ia-senate,U.S. Senate — Iowa (open seat) Suffolk University Political Research Center (SUPRC),0.2913,yes,margin -4pp -> logistic k=4.5; ticket SENATEIA-26-D
2026-10-10,poll,npi-2026-08-az-governor,Governor — Arizona Noble Predictive Insights — Arizona Public Opinion Pulse (AZPOP),0.9473,yes,margin 13pp -> logistic k=4.5; ticket GOVPARTYAZ-26-D
2026-10-10,poll,fm-2026-08-pa-governor,Governor — Pennsylvania Franklin & Marshall College Poll,0.9961,yes,margin 25pp -> logistic k=4.5; ticket GOVPARTYPA-26-D
2026-10-10,poll,elon-2026-09-nc-senate,U.S. Senate — North Carolina Elon University Poll (fielded by YouGov),0.9202,yes,margin 11pp -> logistic k=4.5; ticket SENATENC-26-D
2026-10-10,poll,hpu-2026-04-nc-senate,U.S. Senate — North Carolina HPU Poll 120 — High Point University Survey Research Center (fielded by YouGov),0.8554,yes,margin 8pp -> logistic k=4.5; ticket SENATENC-26-D
2026-10-10,poll,hpu-2026-08-nc-senate,U.S. Senate — North Carolina HPU Poll 126 — High Point University Survey Research Center (fielded by YouGov),0.7523,yes,margin 5pp -> logistic k=4.5; ticket SENATENC-26-D
2026-10-10,poll,stetson-2026-04-fl-governor,Governor — Florida Stetson University Center for Public Opinion Research (CPOR) — Spring 2026 Survey,0.1743,yes,margin -7pp -> logistic k=4.5; ticket GOVPARTYFL-26-D
2026-10-10,poll,ppp-2026-07-nc-senate,U.S. Senate — North Carolina Public Policy Polling (PPP),0.7087,yes,margin 4pp -> logistic k=4.5; ticket SENATENC-26-D
2026-10-10,poll,unf-2026-07-fl-governor,Governor — Florida University of North Florida Public Opinion Research Lab,0.2477,yes,margin -5pp -> logistic k=4.5; ticket GOVPARTYFL-26-D
2026-10-10,poll,unf-2026-07-fl-senate,U.S. Senate — Florida (special) University of North Florida Public Opinion Research Lab,0.1446,yes,margin -8pp -> logistic k=4.5; ticket SENATEFLS-26-D
2026-10-10,poll,rasmussen-2026-09-ga-governor,Governor — Georgia Rasmussen Reports (field work by Pulse Opinion Research),0.3392,yes,margin -3pp -> logistic k=4.5; ticket GOVPARTYGA-26-D
2026-10-10,poll,rasmussen-2026-09-ga-senate,U.S. Senate — Georgia Rasmussen Reports (field work by Pulse Opinion Research),0.8808,yes,margin 9pp -> logistic k=4.5; ticket SENATEGA-26-D
2026-10-10,poll,rasmussen-2026-09-sc-senate,U.S. Senate — South Carolina (special) Rasmussen Reports (field work by Pulse Opinion Research),0.2477,yes,margin -5pp -> logistic k=4.5; ticket SENATESC-26-D
2026-10-10,rating,AK,Toss Up / Tilt R,0.25-0.65,yes,ticket SENATEAK-26-D
2026-10-10,rating,IA,Toss Up / Tilt R,0.25-0.65,yes,ticket SENATEIA-26-D
2026-10-10,rating,ME,Toss Up / Toss-up,0.35-0.65,yes,ticket SENATEME-26-D
2026-10-10,rating,MI,Toss Up / Toss-up,0.35-0.65,yes,ticket SENATEMI-26-D
2026-10-10,rating,NH,Toss Up / Toss-up,0.35-0.65,yes,ticket SENATENH-26-D
2026-10-10,rating,OH,Toss Up / Toss-up,0.35-0.65,yes,ticket SENATEOHS-26-D
2026-10-10,rating,TX,Toss Up / Lean R,0.2-0.65,yes,ticket SENATETX-26-D
2026-10-10,rating,GA,Lean D / Tilt D,0.55-0.8,yes,ticket SENATEGA-26-D
2026-10-10,rating,NC,Lean D / Tilt D,0.55-0.8,yes,ticket SENATENC-26-D
2026-10-10,rating,MN,Likely D / Likely D,0.75-0.92,yes,ticket SENATEMN-26-D
2026-10-10,rating,KS,Likely R / Likely R,0.08-0.25,yes,ticket SENATEKS-26-D
2026-10-10,rating,SC,Solid R / Likely R,0-0.25,yes,ticket SENATESC-26-D
2026-10-10,crosslayer,SENATE-CONTROL-2026,metaculus 0.517,0.517,yes,ticket CONTROLS-2026-D snapshotMid 0.595
2026-10-10,crosslayer,HOUSE-CONTROL-2026,metaculus 0.888,0.888,yes,ticket CONTROLH-2026-D snapshotMid 0.895
2026-10-10,crosslayer,HOUSE-CONTROL-2026,metaculus 0.888,0.888,yes,ticket CONTROLH-2026-D snapshotMid 0.9015
2026-10-10,crosslayer,GOVERNOR-HI-2026,metaculus 0.98,0.98,yes,ticket GOVPARTYHI-26-D snapshotMid 0.974
2026-10-10,crosslayer,GOVERNOR-NM-2026,metaculus 0.922,0.922,yes,ticket GOVPARTYNM-26-D snapshotMid 0.9255
2026-10-10,crosslayer,GOVERNOR-OR-2026,metaculus 0.88,0.88,yes,ticket GOVPARTYOR-26-D snapshotMid 0.845
2026-10-10,crosslayer,GOVERNOR-MI-2026,metaculus 0.85,0.85,yes,ticket GOVPARTYMI-26-D snapshotMid 0.915
2026-10-10,crosslayer,SENATE-MT-2026,metaculus 0.01,0.01,yes,ticket SENATEMT-26-D snapshotMid 0.0075
2026-10-10,crosslayer,SENATE-NE-2026,metaculus 0.001,0.001,yes,ticket SENATENE-26-D snapshotMid 0.0005
2026-10-10,crosslayer,SENATE-RI-2026,metaculus 0.99,0.99,yes,ticket SENATERI-26-D snapshotMid 0.979
2026-10-10,crosslayer,SENATE-OR-2026,metaculus 0.99,0.99,yes,ticket SENATEOR-26-D snapshotMid 0.977
2026-10-10,crosslayer,SENATE-CO-2026,metaculus 0.98,0.98,yes,ticket SENATECO-26-D snapshotMid 0.9725
2026-10-10,crosslayer,SENATE-MN-2026,metaculus 0.92,0.92,yes,ticket SENATEMN-26-D snapshotMid 0.9035
2026-10-10,crosslayer,SENATE-AK-2026,metaculus 0.54,0.54,yes,ticket SENATEAK-26-D snapshotMid 0.695
2026-10-10,crosslayer,SENATE-CONTROL-2026,metaculus 0.5,0.5,yes,ticket CONTROLS-2026-D snapshotMid 0.605
2026-10-10,crosslayer,HOUSE-CONTROL-2026,metaculus 0.9,0.9,yes,ticket CONTROLH-2026-D snapshotMid 0.9085
2026-10-10,crosslayer,SENATE-RI-2026,metaculus 0.99,0.99,yes,ticket SENATERI-26-D snapshotMid 0.982
2026-10-10,crosslayer,SENATE-OR-2026,metaculus 0.99,0.99,yes,ticket SENATEOR-26-D snapshotMid 0.977
2026-10-10,crosslayer,SENATE-CO-2026,metaculus 0.98,0.98,yes,ticket SENATECO-26-D snapshotMid 0.973
2026-10-10,crosslayer,SENATE-MN-2026,metaculus 0.93,0.93,yes,ticket SENATEMN-26-D snapshotMid 0.902
2026-10-10,crosslayer,GOVERNOR-HI-2026,metaculus 0.98,0.98,yes,ticket GOVPARTYHI-26-D snapshotMid 0.974
2026-10-10,crosslayer,GOVERNOR-NM-2026,metaculus 0.922,0.922,yes,ticket GOVPARTYNM-26-D snapshotMid 0.928
2026-10-10,crosslayer,GOVERNOR-OR-2026,metaculus 0.88,0.88,yes,ticket GOVPARTYOR-26-D snapshotMid 0.86
2026-10-10,crosslayer,GOVERNOR-MI-2026,metaculus 0.85,0.85,yes,ticket GOVPARTYMI-26-D snapshotMid 0.9165
2026-10-10,crosslayer,SENATE-AK-2026,metaculus 0.54,0.54,yes,ticket SENATEAK-26-D snapshotMid 0.705
2026-10-10,crosslayer,SENATE-MT-2026,metaculus 0.01,0.01,yes,ticket SENATEMT-26-D snapshotMid 0.01
2026-10-10,crosslayer,SENATE-NE-2026,metaculus 0.001,0.001,yes,ticket SENATENE-26-D snapshotMid 0.0025
2026-10-10,crosslayer,SENATE-CONTROL-2026,metaculus 0.512,0.512,yes,ticket CONTROLS-2026-D snapshotMid 0.605
2026-10-10,crosslayer,HOUSE-CONTROL-2026,metaculus 0.908,0.908,yes,ticket CONTROLH-2026-D snapshotMid 0.9065
2026-10-10,crosslayer,SENATE-RI-2026,metaculus 0.99,0.99,yes,ticket SENATERI-26-D snapshotMid 0.9825
2026-10-10,crosslayer,SENATE-OR-2026,metaculus 0.99,0.99,yes,ticket SENATEOR-26-D snapshotMid 0.977
2026-10-10,crosslayer,SENATE-CO-2026,metaculus 0.98,0.98,yes,ticket SENATECO-26-D snapshotMid 0.973
2026-10-10,crosslayer,SENATE-MN-2026,metaculus 0.93,0.93,yes,ticket SENATEMN-26-D snapshotMid 0.905
2026-10-10,crosslayer,GOVERNOR-HI-2026,metaculus 0.98,0.98,yes,ticket GOVPARTYHI-26-D snapshotMid 0.974
2026-10-10,crosslayer,GOVERNOR-NM-2026,metaculus 0.928,0.928,yes,ticket GOVPARTYNM-26-D snapshotMid 0.931
2026-10-10,crosslayer,GOVERNOR-OR-2026,metaculus 0.882,0.882,yes,ticket GOVPARTYOR-26-D snapshotMid 0.86
2026-10-10,crosslayer,GOVERNOR-MI-2026,metaculus 0.84,0.84,yes,ticket GOVPARTYMI-26-D snapshotMid 0.923
2026-10-10,crosslayer,SENATE-AK-2026,metaculus 0.54,0.54,yes,ticket SENATEAK-26-D snapshotMid 0.735
2026-10-10,crosslayer,SENATE-MT-2026,metaculus 0.01,0.01,yes,ticket SENATEMT-26-D snapshotMid 0.009
2026-10-10,crosslayer,SENATE-NE-2026,metaculus 0.001,0.001,yes,ticket SENATENE-26-D snapshotMid 0.002
2026-10-10,crosslayer,SENATE-GA-2026,metaculus 0.92,0.92,yes,ticket SENATEGA-26-D snapshotMid 0.9385
2026-10-10,crosslayer,SENATE-CONTROL-2026,metaculus 0.531,0.531,yes,ticket CONTROLS-2026-D snapshotMid 0.625
2026-10-10,crosslayer,HOUSE-CONTROL-2026,metaculus 0.906,0.906,yes,ticket CONTROLH-2026-D snapshotMid 0.9095
2026-10-10,crosslayer,SENATE-RI-2026,metaculus 0.99,0.99,yes,ticket SENATERI-26-D snapshotMid 0.9865
2026-10-10,crosslayer,SENATE-OR-2026,metaculus 0.99,0.99,yes,ticket SENATEOR-26-D snapshotMid 0.977
2026-10-10,crosslayer,SENATE-CO-2026,metaculus 0.98,0.98,yes,ticket SENATECO-26-D snapshotMid 0.9735
2026-10-10,crosslayer,SENATE-GA-2026,metaculus 0.92,0.92,yes,ticket SENATEGA-26-D snapshotMid 0.9385
2026-10-10,crosslayer,GOVERNOR-HI-2026,metaculus 0.98,0.98,yes,ticket GOVPARTYHI-26-D snapshotMid 0.973
2026-10-10,crosslayer,GOVERNOR-NM-2026,metaculus 0.928,0.928,yes,ticket GOVPARTYNM-26-D snapshotMid 0.931
2026-10-10,crosslayer,GOVERNOR-OR-2026,metaculus 0.882,0.882,yes,ticket GOVPARTYOR-26-D snapshotMid 0.855
2026-10-10,crosslayer,GOVERNOR-MI-2026,metaculus 0.84,0.84,yes,ticket GOVPARTYMI-26-D snapshotMid 0.9235
2026-10-10,crosslayer,SENATE-AK-2026,metaculus 0.54,0.54,yes,ticket SENATEAK-26-D snapshotMid 0.755
2026-10-10,crosslayer,SENATE-MT-2026,metaculus 0.01,0.01,yes,ticket SENATEMT-26-D snapshotMid 0.012
2026-10-10,crosslayer,SENATE-NE-2026,metaculus 0.002,0.002,yes,ticket SENATENE-26-D snapshotMid 0.0025
2026-10-10,crosslayer,SENATE-NC-2026,metaculus 0.92,0.92,yes,ticket SENATENC-26-D snapshotMid 0.9365
2026-10-10,crosslayer,SENATE-CONTROL-2026,metaculus 0.567,0.567,yes,ticket CONTROLS-2026-D snapshotMid 0.615
2026-10-10,crosslayer,HOUSE-CONTROL-2026,metaculus 0.91,0.91,yes,ticket CONTROLH-2026-D snapshotMid 0.9165
2026-10-10,crosslayer,SENATE-RI-2026,metaculus 0.996,0.996,yes,ticket SENATERI-26-D snapshotMid 0.99
2026-10-10,crosslayer,SENATE-OR-2026,metaculus 0.99,0.99,yes,ticket SENATEOR-26-D snapshotMid 0.9775
2026-10-10,crosslayer,SENATE-CO-2026,metaculus 0.98,0.98,yes,ticket SENATECO-26-D snapshotMid 0.9845
2026-10-10,crosslayer,SENATE-MN-2026,metaculus 0.94,0.94,yes,ticket SENATEMN-26-D snapshotMid 0.9055
2026-10-10,crosslayer,GOVERNOR-HI-2026,metaculus 0.98,0.98,yes,ticket GOVPARTYHI-26-D snapshotMid 0.9745
2026-10-10,crosslayer,GOVERNOR-NM-2026,metaculus 0.928,0.928,yes,ticket GOVPARTYNM-26-D snapshotMid 0.9295
2026-10-10,crosslayer,GOVERNOR-OR-2026,metaculus 0.88,0.88,yes,ticket GOVPARTYOR-26-D snapshotMid 0.84
2026-10-10,crosslayer,GOVERNOR-MI-2026,metaculus 0.85,0.85,yes,ticket GOVPARTYMI-26-D snapshotMid 0.927
2026-10-10,crosslayer,SENATE-AK-2026,metaculus 0.548,0.548,yes,ticket SENATEAK-26-D snapshotMid 0.705
2026-10-10,crosslayer,SENATE-MT-2026,metaculus 0.01,0.01,yes,ticket SENATEMT-26-D snapshotMid 0.0095
2026-10-10,crosslayer,SENATE-NE-2026,metaculus 0.001,0.001,yes,ticket SENATENE-26-D snapshotMid 0.002
2026-10-10,crosslayer,SENATE-CONTROL-2026,metaculus 0.582,0.582,yes,ticket CONTROLS-2026-D snapshotMid 0.605
2026-10-10,crosslayer,HOUSE-CONTROL-2026,metaculus 0.929,0.929,yes,ticket CONTROLH-2026-D snapshotMid 0.919
2026-10-10,crosslayer,SENATE-RI-2026,metaculus 0.996,0.996,yes,ticket SENATERI-26-D snapshotMid 0.99
2026-10-10,crosslayer,SENATE-OR-2026,metaculus 0.99,0.99,yes,ticket SENATEOR-26-D snapshotMid 0.9775
2026-10-10,crosslayer,SENATE-CO-2026,metaculus 0.98,0.98,yes,ticket SENATECO-26-D snapshotMid 0.9855
2026-10-10,crosslayer,SENATE-MN-2026,metaculus 0.94,0.94,yes,ticket SENATEMN-26-D snapshotMid 0.895
2026-10-10,crosslayer,GOVERNOR-HI-2026,metaculus 0.98,0.98,yes,ticket GOVPARTYHI-26-D snapshotMid 0.9745
2026-10-10,crosslayer,GOVERNOR-NM-2026,metaculus 0.93,0.93,yes,ticket GOVPARTYNM-26-D snapshotMid 0.928
2026-10-10,crosslayer,GOVERNOR-OR-2026,metaculus 0.88,0.88,yes,ticket GOVPARTYOR-26-D snapshotMid 0.85
2026-10-10,crosslayer,GOVERNOR-MI-2026,metaculus 0.85,0.85,yes,ticket GOVPARTYMI-26-D snapshotMid 0.925
2026-10-10,crosslayer,SENATE-AK-2026,metaculus 0.548,0.548,yes,ticket SENATEAK-26-D snapshotMid 0.705
2026-10-10,crosslayer,SENATE-MT-2026,metaculus 0.01,0.01,yes,ticket SENATEMT-26-D snapshotMid 0.011
2026-10-10,crosslayer,SENATE-NE-2026,metaculus 0.001,0.001,yes,ticket SENATENE-26-D snapshotMid 0.002
2026-10-10,crosslayer,SENATE-CONTROL-2026,metaculus 0.572,0.572,yes,ticket CONTROLS-2026-D snapshotMid 0.615
2026-10-10,crosslayer,HOUSE-CONTROL-2026,metaculus 0.929,0.929,yes,ticket CONTROLH-2026-D snapshotMid 0.919
2026-10-10,crosslayer,SENATE-RI-2026,metaculus 0.993,0.993,yes,ticket SENATERI-26-D snapshotMid 0.99
2026-10-10,crosslayer,SENATE-OR-2026,metaculus 0.99,0.99,yes,ticket SENATEOR-26-D snapshotMid 0.9775
2026-10-10,crosslayer,SENATE-CO-2026,metaculus 0.98,0.98,yes,ticket SENATECO-26-D snapshotMid 0.985
2026-10-10,crosslayer,SENATE-MN-2026,metaculus 0.94,0.94,yes,ticket SENATEMN-26-D snapshotMid 0.895
2026-10-10,crosslayer,GOVERNOR-HI-2026,metaculus 0.98,0.98,yes,ticket GOVPARTYHI-26-D snapshotMid 0.9745
2026-10-10,crosslayer,GOVERNOR-NM-2026,metaculus 0.928,0.928,yes,ticket GOVPARTYNM-26-D snapshotMid 0.9275
2026-10-10,crosslayer,GOVERNOR-OR-2026,metaculus 0.88,0.88,yes,ticket GOVPARTYOR-26-D snapshotMid 0.84
2026-10-10,crosslayer,GOVERNOR-MI-2026,metaculus 0.85,0.85,yes,ticket GOVPARTYMI-26-D snapshotMid 0.927
2026-10-10,crosslayer,SENATE-AK-2026,metaculus 0.548,0.548,yes,ticket SENATEAK-26-D snapshotMid 0.705
2026-10-10,crosslayer,SENATE-MT-2026,metaculus 0.01,0.01,yes,ticket SENATEMT-26-D snapshotMid 0.016
2026-10-10,crosslayer,SENATE-NE-2026,metaculus 0.001,0.001,yes,ticket SENATENE-26-D snapshotMid 0.0005
2026-10-10,crosslayer,SENATE-CONTROL-2026,metaculus 0.555,0.555,yes,ticket CONTROLS-2026-D snapshotMid 0.615
2026-10-10,crosslayer,HOUSE-CONTROL-2026,metaculus 0.919,0.919,yes,ticket CONTROLH-2026-D snapshotMid 0.9165
2026-10-10,crosslayer,SENATE-RI-2026,metaculus 0.993,0.993,yes,ticket SENATERI-26-D snapshotMid 0.9905
2026-10-10,crosslayer,SENATE-OR-2026,metaculus 0.99,0.99,yes,ticket SENATEOR-26-D snapshotMid 0.9775
2026-10-10,crosslayer,SENATE-CO-2026,metaculus 0.98,0.98,yes,ticket SENATECO-26-D snapshotMid 0.9855
2026-10-10,crosslayer,SENATE-MN-2026,metaculus 0.95,0.95,yes,ticket SENATEMN-26-D snapshotMid 0.895
2026-10-10,crosslayer,GOVERNOR-HI-2026,metaculus 0.98,0.98,yes,ticket GOVPARTYHI-26-D snapshotMid 0.9745
2026-10-10,crosslayer,GOVERNOR-NM-2026,metaculus 0.925,0.925,yes,ticket GOVPARTYNM-26-D snapshotMid 0.929
2026-10-10,crosslayer,GOVERNOR-OR-2026,metaculus 0.874,0.874,yes,ticket GOVPARTYOR-26-D snapshotMid 0.805
2026-10-10,crosslayer,GOVERNOR-MI-2026,metaculus 0.84,0.84,yes,ticket GOVPARTYMI-26-D snapshotMid 0.9235
2026-10-10,crosslayer,SENATE-AK-2026,metaculus 0.54,0.54,yes,ticket SENATEAK-26-D snapshotMid 0.705
2026-10-10,crosslayer,SENATE-MT-2026,metaculus 0.01,0.01,yes,ticket SENATEMT-26-D snapshotMid 0.0145
2026-10-10,crosslayer,SENATE-NE-2026,metaculus 0.001,0.001,yes,ticket SENATENE-26-D snapshotMid 0.0025
2026-10-10,crosslayer,SENATE-CONTROL-2026,metaculus 0.569,0.569,yes,ticket CONTROLS-2026-D snapshotMid 0.625
2026-10-10,crosslayer,HOUSE-CONTROL-2026,metaculus 0.925,0.925,yes,ticket CONTROLH-2026-D snapshotMid 0.9155
2026-10-10,crosslayer,SENATE-RI-2026,metaculus 0.991,0.991,yes,ticket SENATERI-26-D snapshotMid 0.9885
2026-10-10,crosslayer,SENATE-OR-2026,metaculus 0.99,0.99,yes,ticket SENATEOR-26-D snapshotMid 0.9775
2026-10-10,crosslayer,SENATE-CO-2026,metaculus 0.98,0.98,yes,ticket SENATECO-26-D snapshotMid 0.9855
2026-10-10,crosslayer,SENATE-MN-2026,metaculus 0.95,0.95,yes,ticket SENATEMN-26-D snapshotMid 0.895
2026-10-10,crosslayer,GOVERNOR-HI-2026,metaculus 0.98,0.98,yes,ticket GOVPARTYHI-26-D snapshotMid 0.9745
2026-10-10,crosslayer,GOVERNOR-NM-2026,metaculus 0.925,0.925,yes,ticket GOVPARTYNM-26-D snapshotMid 0.93
2026-10-10,crosslayer,GOVERNOR-OR-2026,metaculus 0.874,0.874,yes,ticket GOVPARTYOR-26-D snapshotMid 0.815
2026-10-10,crosslayer,GOVERNOR-MI-2026,metaculus 0.84,0.84,yes,ticket GOVPARTYMI-26-D snapshotMid 0.926
2026-10-10,crosslayer,SENATE-AK-2026,metaculus 0.54,0.54,yes,ticket SENATEAK-26-D snapshotMid 0.695
2026-10-10,crosslayer,SENATE-MT-2026,metaculus 0.01,0.01,yes,ticket SENATEMT-26-D snapshotMid 0.0145
2026-10-10,crosslayer,SENATE-NE-2026,metaculus 0.001,0.001,yes,ticket SENATENE-26-D snapshotMid 0.0025
2026-10-10,crosslayer,SENATE-CONTROL-2026,metaculus 0.562,0.562,yes,ticket CONTROLS-2026-D snapshotMid 0.625
2026-10-10,crosslayer,HOUSE-CONTROL-2026,metaculus 0.919,0.919,yes,ticket CONTROLH-2026-D snapshotMid 0.915
2026-10-10,crosslayer,SENATE-RI-2026,metaculus 0.99,0.99,yes,ticket SENATERI-26-D snapshotMid 0.9885
2026-10-10,crosslayer,SENATE-OR-2026,metaculus 0.99,0.99,yes,ticket SENATEOR-26-D snapshotMid 0.983
2026-10-10,crosslayer,SENATE-CO-2026,metaculus 0.98,0.98,yes,ticket SENATECO-26-D snapshotMid 0.9855
2026-10-10,crosslayer,SENATE-MN-2026,metaculus 0.95,0.95,yes,ticket SENATEMN-26-D snapshotMid 0.885
2026-10-10,crosslayer,GOVERNOR-HI-2026,metaculus 0.98,0.98,yes,ticket GOVPARTYHI-26-D snapshotMid 0.969
2026-10-10,crosslayer,GOVERNOR-NM-2026,metaculus 0.925,0.925,yes,ticket GOVPARTYNM-26-D snapshotMid 0.9295
2026-10-10,crosslayer,GOVERNOR-OR-2026,metaculus 0.874,0.874,yes,ticket GOVPARTYOR-26-D snapshotMid 0.795
2026-10-10,crosslayer,GOVERNOR-MI-2026,metaculus 0.84,0.84,yes,ticket GOVPARTYMI-26-D snapshotMid 0.9225
2026-10-10,crosslayer,SENATE-AK-2026,metaculus 0.54,0.54,yes,ticket SENATEAK-26-D snapshotMid 0.705
2026-10-10,crosslayer,SENATE-MT-2026,metaculus 0.01,0.01,yes,ticket SENATEMT-26-D snapshotMid 0.009
2026-10-10,crosslayer,SENATE-NE-2026,metaculus 0.001,0.001,yes,ticket SENATENE-26-D snapshotMid 0.002
2026-10-10,crosslayer,SENATE-CONTROL-2026,metaculus 0.565,0.565,yes,ticket CONTROLS-2026-D snapshotMid 0.625
2026-10-10,crosslayer,HOUSE-CONTROL-2026,metaculus 0.924,0.924,yes,ticket CONTROLH-2026-D snapshotMid 0.9155
2026-10-10,crosslayer,SENATE-RI-2026,metaculus 0.99,0.99,yes,ticket SENATERI-26-D snapshotMid 0.99
2026-10-10,crosslayer,SENATE-OR-2026,metaculus 0.99,0.99,yes,ticket SENATEOR-26-D snapshotMid 0.9785
2026-10-10,crosslayer,SENATE-CO-2026,metaculus 0.98,0.98,yes,ticket SENATECO-26-D snapshotMid 0.9865
2026-10-10,crosslayer,SENATE-MN-2026,metaculus 0.94,0.94,yes,ticket SENATEMN-26-D snapshotMid 0.875
2026-10-10,crosslayer,GOVERNOR-HI-2026,metaculus 0.98,0.98,yes,ticket GOVPARTYHI-26-D snapshotMid 0.9745
2026-10-10,crosslayer,GOVERNOR-NM-2026,metaculus 0.93,0.93,yes,ticket GOVPARTYNM-26-D snapshotMid 0.9305
2026-10-10,crosslayer,GOVERNOR-OR-2026,metaculus 0.88,0.88,yes,ticket GOVPARTYOR-26-D snapshotMid 0.765
2026-10-10,crosslayer,GOVERNOR-MI-2026,metaculus 0.85,0.85,yes,ticket GOVPARTYMI-26-D snapshotMid 0.92
2026-10-10,crosslayer,SENATE-AK-2026,metaculus 0.54,0.54,yes,ticket SENATEAK-26-D snapshotMid 0.685
2026-10-10,crosslayer,SENATE-MT-2026,metaculus 0.01,0.01,yes,ticket SENATEMT-26-D snapshotMid 0.006
2026-10-10,crosslayer,SENATE-CONTROL-2026,metaculus 0.575,0.575,yes,ticket CONTROLS-2026-D snapshotMid 0.625
2026-10-10,crosslayer,HOUSE-CONTROL-2026,metaculus 0.924,0.924,yes,ticket CONTROLH-2026-D snapshotMid 0.9165
2026-10-10,crosslayer,SENATE-RI-2026,metaculus 0.99,0.99,yes,ticket SENATERI-26-D snapshotMid 0.9905
2026-10-10,crosslayer,SENATE-OR-2026,metaculus 0.99,0.99,yes,ticket SENATEOR-26-D snapshotMid 0.985
2026-10-10,crosslayer,SENATE-CO-2026,metaculus 0.98,0.98,yes,ticket SENATECO-26-D snapshotMid 0.9865
2026-10-10,crosslayer,SENATE-MN-2026,metaculus 0.94,0.94,yes,ticket SENATEMN-26-D snapshotMid 0.895
2026-10-10,crosslayer,GOVERNOR-HI-2026,metaculus 0.98,0.98,yes,ticket GOVPARTYHI-26-D snapshotMid 0.9715
2026-10-10,crosslayer,GOVERNOR-NM-2026,metaculus 0.93,0.93,yes,ticket GOVPARTYNM-26-D snapshotMid 0.94
2026-10-10,crosslayer,GOVERNOR-OR-2026,metaculus 0.872,0.872,yes,ticket GOVPARTYOR-26-D snapshotMid 0.715
2026-10-10,crosslayer,GOVERNOR-MI-2026,metaculus 0.84,0.84,yes,ticket GOVPARTYMI-26-D snapshotMid 0.922
2026-10-10,crosslayer,SENATE-AK-2026,metaculus 0.54,0.54,yes,ticket SENATEAK-26-D snapshotMid 0.675
2026-10-10,crosslayer,SENATE-MT-2026,metaculus 0.01,0.01,yes,ticket SENATEMT-26-D snapshotMid 0.006
2026-10-10,crosslayer,SENATE-NE-2026,metaculus 0.001,0.001,yes,ticket SENATENE-26-D snapshotMid 0.004
2026-10-10,crosslayer,SENATE-CONTROL-2026,metaculus 0.581,0.581,yes,ticket CONTROLS-2026-D snapshotMid 0.645
2026-10-10,crosslayer,HOUSE-CONTROL-2026,metaculus 0.918,0.918,yes,ticket CONTROLH-2026-D snapshotMid 0.9205
2026-10-10,crosslayer,SENATE-OR-2026,metaculus 0.99,0.99,yes,ticket SENATEOR-26-D snapshotMid 0.985
2026-10-10,crosslayer,SENATE-RI-2026,metaculus 0.99,0.99,yes,ticket SENATERI-26-D snapshotMid 0.9905
2026-10-10,crosslayer,SENATE-CO-2026,metaculus 0.982,0.982,yes,ticket SENATECO-26-D snapshotMid 0.9865
2026-10-10,crosslayer,SENATE-MN-2026,metaculus 0.94,0.94,yes,ticket SENATEMN-26-D snapshotMid 0.875
2026-10-10,crosslayer,GOVERNOR-HI-2026,metaculus 0.98,0.98,yes,ticket GOVPARTYHI-26-D snapshotMid 0.9735
2026-10-10,crosslayer,GOVERNOR-NM-2026,metaculus 0.93,0.93,yes,ticket GOVPARTYNM-26-D snapshotMid 0.945
2026-10-10,crosslayer,GOVERNOR-OR-2026,metaculus 0.872,0.872,yes,ticket GOVPARTYOR-26-D snapshotMid 0.735
2026-10-10,crosslayer,GOVERNOR-MI-2026,metaculus 0.85,0.85,yes,ticket GOVPARTYMI-26-D snapshotMid 0.9275
2026-10-10,crosslayer,SENATE-AK-2026,metaculus 0.525,0.525,yes,ticket SENATEAK-26-D snapshotMid 0.705
2026-10-10,crosslayer,SENATE-MT-2026,metaculus 0.01,0.01,yes,ticket SENATEMT-26-D snapshotMid 0.007
2026-10-10,crosslayer,SENATE-NE-2026,metaculus 0.001,0.001,yes,ticket SENATENE-26-D snapshotMid 0.004
2026-10-10,crosslayer,SENATE-CONTROL-2026,metaculus 0.576,0.576,yes,ticket CONTROLS-2026-D snapshotMid 0.625
2026-10-10,crosslayer,HOUSE-CONTROL-2026,metaculus 0.919,0.919,yes,ticket CONTROLH-2026-D snapshotMid 0.9195
2026-10-10,crosslayer,GOVERNOR-HI-2026,metaculus 0.98,0.98,yes,ticket GOVPARTYHI-26-D snapshotMid 0.971
2026-10-10,crosslayer,GOVERNOR-NM-2026,metaculus 0.94,0.94,yes,ticket GOVPARTYNM-26-D snapshotMid 0.9455
2026-10-10,crosslayer,GOVERNOR-OR-2026,metaculus 0.87,0.87,yes,ticket GOVPARTYOR-26-D snapshotMid 0.735
2026-10-10,crosslayer,GOVERNOR-MI-2026,metaculus 0.85,0.85,yes,ticket GOVPARTYMI-26-D snapshotMid 0.927
2026-10-10,crosslayer,SENATE-AK-2026,metaculus 0.525,0.525,yes,ticket SENATEAK-26-D snapshotMid 0.73
2026-10-10,crosslayer,SENATE-MT-2026,metaculus 0.01,0.01,yes,ticket SENATEMT-26-D snapshotMid 0.0085
2026-10-10,crosslayer,SENATE-NE-2026,metaculus 0.001,0.001,yes,ticket SENATENE-26-D snapshotMid 0.004
2026-10-10,crosslayer,SENATE-CONTROL-2026,metaculus 0.584,0.584,yes,ticket CONTROLS-2026-D snapshotMid 0.645
2026-10-10,crosslayer,HOUSE-CONTROL-2026,metaculus 0.929,0.929,yes,ticket CONTROLH-2026-D snapshotMid 0.9165
2026-10-10,crosslayer,SENATE-OR-2026,metaculus 0.99,0.99,yes,ticket SENATEOR-26-D snapshotMid 0.988
2026-10-10,crosslayer,SENATE-RI-2026,metaculus 0.99,0.99,yes,ticket SENATERI-26-D snapshotMid 0.9905
2026-10-10,crosslayer,SENATE-CO-2026,metaculus 0.982,0.982,yes,ticket SENATECO-26-D snapshotMid 0.9915
2026-10-10,crosslayer,SENATE-MN-2026,metaculus 0.925,0.925,yes,ticket SENATEMN-26-D snapshotMid 0.865
2026-10-10,crosslayer,GOVERNOR-HI-2026,metaculus 0.98,0.98,yes,ticket GOVPARTYHI-26-D snapshotMid 0.9735
2026-10-10,crosslayer,GOVERNOR-NM-2026,metaculus 0.94,0.94,yes,ticket GOVPARTYNM-26-D snapshotMid 0.945
2026-10-10,crosslayer,GOVERNOR-OR-2026,metaculus 0.86,0.86,yes,ticket GOVPARTYOR-26-D snapshotMid 0.755
2026-10-10,crosslayer,GOVERNOR-MI-2026,metaculus 0.85,0.85,yes,ticket GOVPARTYMI-26-D snapshotMid 0.9305
2026-10-10,crosslayer,SENATE-AK-2026,metaculus 0.525,0.525,yes,ticket SENATEAK-26-D snapshotMid 0.735
2026-10-10,crosslayer,SENATE-MT-2026,metaculus 0.01,0.01,yes,ticket SENATEMT-26-D snapshotMid 0.021
2026-10-10,crosslayer,SENATE-NE-2026,metaculus 0.001,0.001,yes,ticket SENATENE-26-D snapshotMid 0.0015
2026-10-10,crosslayer,SENATE-CONTROL-2026,metaculus 0.586,0.586,yes,ticket CONTROLS-2026-D snapshotMid 0.645
2026-10-10,crosslayer,HOUSE-CONTROL-2026,metaculus 0.929,0.929,yes,ticket CONTROLH-2026-D snapshotMid 0.9155
2026-10-10,crosslayer,SENATE-OR-2026,metaculus 0.99,0.99,yes,ticket SENATEOR-26-D snapshotMid 0.9855
2026-10-10,crosslayer,SENATE-RI-2026,metaculus 0.99,0.99,yes,ticket SENATERI-26-D snapshotMid 0.99
2026-10-10,crosslayer,SENATE-CO-2026,metaculus 0.982,0.982,yes,ticket SENATECO-26-D snapshotMid 0.991
2026-10-10,crosslayer,SENATE-MN-2026,metaculus 0.925,0.925,yes,ticket SENATEMN-26-D snapshotMid 0.865
2026-10-10,crosslayer,GOVERNOR-HI-2026,metaculus 0.98,0.98,yes,ticket GOVPARTYHI-26-D snapshotMid 0.9735
2026-10-10,crosslayer,GOVERNOR-NM-2026,metaculus 0.94,0.94,yes,ticket GOVPARTYNM-26-D snapshotMid 0.9465
2026-10-10,crosslayer,GOVERNOR-OR-2026,metaculus 0.86,0.86,yes,ticket GOVPARTYOR-26-D snapshotMid 0.76
2026-10-10,crosslayer,GOVERNOR-MI-2026,metaculus 0.85,0.85,yes,ticket GOVPARTYMI-26-D snapshotMid 0.937
2026-10-10,crosslayer,SENATE-AK-2026,metaculus 0.525,0.525,yes,ticket SENATEAK-26-D snapshotMid 0.745
2026-10-10,crosslayer,SENATE-MT-2026,metaculus 0.009,0.009,yes,ticket SENATEMT-26-D snapshotMid 0.009
2026-10-10,crosslayer,SENATE-NE-2026,metaculus 0.001,0.001,yes,ticket SENATENE-26-D snapshotMid 0.0015
2026-10-10,crosslayer,SENATE-CONTROL-2026,metaculus 0.588,0.588,yes,ticket CONTROLS-2026-D snapshotMid 0.635
2026-10-10,crosslayer,HOUSE-CONTROL-2026,metaculus 0.922,0.922,yes,ticket CONTROLH-2026-D snapshotMid 0.895
2026-10-10,crosslayer,SENATE-RI-2026,metaculus 0.99,0.99,yes,ticket SENATERI-26-D snapshotMid 0.989
2026-10-10,crosslayer,SENATE-OR-2026,metaculus 0.99,0.99,yes,ticket SENATEOR-26-D snapshotMid 0.9855
2026-10-10,crosslayer,SENATE-CO-2026,metaculus 0.985,0.985,yes,ticket SENATECO-26-D snapshotMid 0.991
2026-10-10,crosslayer,SENATE-NC-2026,metaculus 0.92,0.92,yes,ticket SENATENC-26-D snapshotMid 0.968
2026-10-10,crosslayer,GOVERNOR-HI-2026,metaculus 0.98,0.98,yes,ticket GOVPARTYHI-26-D snapshotMid 0.9775
2026-10-10,crosslayer,GOVERNOR-NM-2026,metaculus 0.94,0.94,yes,ticket GOVPARTYNM-26-D snapshotMid 0.94
2026-10-10,crosslayer,GOVERNOR-OR-2026,metaculus 0.858,0.858,yes,ticket GOVPARTYOR-26-D snapshotMid 0.775
2026-10-10,crosslayer,GOVERNOR-MI-2026,metaculus 0.85,0.85,yes,ticket GOVPARTYMI-26-D snapshotMid 0.9225
2026-10-10,crosslayer,SENATE-AK-2026,metaculus 0.54,0.54,yes,ticket SENATEAK-26-D snapshotMid 0.765
2026-10-10,crosslayer,SENATE-MT-2026,metaculus 0.009,0.009,yes,ticket SENATEMT-26-D snapshotMid 0.008
2026-10-10,crosslayer,SENATE-NE-2026,metaculus 0.001,0.001,yes,ticket SENATENE-26-D snapshotMid 0.0015
2026-10-10,crosslayer,SENATE-CONTROL-2026,metaculus 0.598,0.598,yes,ticket CONTROLS-2026-D snapshotMid 0.615
2026-10-10,crosslayer,HOUSE-CONTROL-2026,metaculus 0.922,0.922,yes,ticket CONTROLH-2026-D snapshotMid 0.9005
2026-10-10,crosslayer,SENATE-OR-2026,metaculus 0.99,0.99,yes,ticket SENATEOR-26-D snapshotMid 0.983
2026-10-10,crosslayer,SENATE-RI-2026,metaculus 0.99,0.99,yes,ticket SENATERI-26-D snapshotMid 0.9885
2026-10-10,crosslayer,SENATE-CO-2026,metaculus 0.985,0.985,yes,ticket SENATECO-26-D snapshotMid 0.988
2026-10-10,crosslayer,SENATE-NC-2026,metaculus 0.92,0.92,yes,ticket SENATENC-26-D snapshotMid 0.9685
2026-10-10,crosslayer,GOVERNOR-HI-2026,metaculus 0.98,0.98,yes,ticket GOVPARTYHI-26-D snapshotMid 0.9795
2026-10-10,crosslayer,GOVERNOR-NM-2026,metaculus 0.94,0.94,yes,ticket GOVPARTYNM-26-D snapshotMid 0.939
2026-10-10,crosslayer,GOVERNOR-OR-2026,metaculus 0.86,0.86,yes,ticket GOVPARTYOR-26-D snapshotMid 0.755
2026-10-10,crosslayer,GOVERNOR-MI-2026,metaculus 0.85,0.85,yes,ticket GOVPARTYMI-26-D snapshotMid 0.9205
2026-10-10,crosslayer,SENATE-AK-2026,metaculus 0.548,0.548,yes,ticket SENATEAK-26-D snapshotMid 0.755
2026-10-10,crosslayer,SENATE-MT-2026,metaculus 0.009,0.009,yes,ticket SENATEMT-26-D snapshotMid 0.0085
2026-10-10,crosslayer,SENATE-NE-2026,metaculus 0.001,0.001,yes,ticket SENATENE-26-D snapshotMid 0.001
2026-10-10,crosslayer,SENATE-CONTROL-2026,metaculus 0.608,0.608,no,ticket CONTROLS-2026-D snapshotMid 0.605
2026-10-10,crosslayer,HOUSE-CONTROL-2026,metaculus 0.93,0.93,no,ticket CONTROLH-2026-D snapshotMid 0.895
2026-10-10,crosslayer,SENATE-OR-2026,metaculus 0.99,0.99,no,ticket SENATEOR-26-D snapshotMid 0.983
2026-10-10,crosslayer,SENATE-RI-2026,metaculus 0.99,0.99,no,ticket SENATERI-26-D snapshotMid 0.978
2026-10-10,crosslayer,SENATE-CO-2026,metaculus 0.985,0.985,no,ticket SENATECO-26-D snapshotMid 0.988
2026-10-10,crosslayer,SENATE-GA-2026,metaculus 0.93,0.93,no,ticket SENATEGA-26-D snapshotMid 0.9545
2026-10-10,crosslayer,SENATE-AK-2026,metaculus 0.54,0.54,no,ticket SENATEAK-26-D snapshotMid 0.735
2026-10-10,crosslayer,SENATE-MT-2026,metaculus 0.01,0.01,no,ticket SENATEMT-26-D snapshotMid 0.0085
2026-10-10,crosslayer,SENATE-NE-2026,metaculus 0.001,0.001,no,ticket SENATENE-26-D snapshotMid 0.0025
